country,ISO_Code,year,,gdp_k,gdp_b,gdp,edu,pop,tem,pre,tem_era,pre_era
Afghanistan,AFG,1990,AFG1990,,,1341.6,1.445444444,24.823,10.93263672,0.4410933,9.154013291,0.477234789
Afghanistan,AFG,1991,AFG1991,,,1254.2,1.541666667,26.598,10.2400867,0.540531801,8.053526019,0.628492675
Afghanistan,AFG,1992,AFG1992,,,1106.5,1.541666667,28.971,9.959341311,0.504499012,7.923169842,0.582047329
Afghanistan,AFG,1993,AFG1993,,,1022.4,1.638,31.635,10.39821098,0.399551756,8.514915094,0.437066823
Afghanistan,AFG,1994,AFG1994,,,911.7,1.734333333,34.152,10.42368211,0.439935764,8.512255897,0.504706708
Afghanistan,AFG,1995,AFG1995,,,883.3,1.830777778,36.222,10.32193566,0.403399787,8.437853411,0.450694342
Afghanistan,AFG,1996,AFG1996,,,868.4,1.830777778,37.706,10.17631221,0.421811865,8.46141217,0.452973528
Afghanistan,AFG,1997,AFG1997,,,886.1,1.927,38.714,9.976777758,0.430270024,8.288374745,0.528251184
Afghanistan,AFG,1998,AFG1998,,,867.2,1.927,39.476,10.63586454,0.481017243,9.556251362,0.502570319
Afghanistan,AFG,1999,AFG1999,,,910.2,2.023444444,40.342,11.44774729,0.402991448,9.438237138,0.437269026
Afghanistan,AFG,2000,AFG2000,,,987.1,2.119777778,41.56,11.10591394,0.315559318,9.519865214,0.290527391
Afghanistan,AFG,2001,AFG2001,,,1039.5,2.119777778,43.214,11.30936477,0.296996934,10.15528912,0.290699446
Afghanistan,AFG,2002,AFG2002,,,1088,2.216222222,45.202,11.14264282,0.396333657,9.779479561,0.398083136
Afghanistan,AFG,2003,AFG2003,,0.0407527,1126.4,2.312444444,47.362,10.6096164,0.448398085,9.123090644,0.45417019
Afghanistan,AFG,2004,AFG2004,,-0.0278005,1090.2,2.408888889,49.454,11.47176835,0.398666065,10.04295371,0.40340002
Afghanistan,AFG,2005,AFG2005,,0.0714752,1167.4,2.505333333,51.308,10.65733176,0.480637863,8.552603679,0.4651751
Afghanistan,AFG,2006,AFG2006,,0.0235347,1193.9,2.601555556,52.866,11.35348028,0.481214095,9.952957153,0.466616083
Afghanistan,AFG,2007,AFG2007,,0.1011208,1321.5,2.794222222,54.201,11.09196956,0.412130441,9.409178965,0.430899552
Afghanistan,AFG,2008,AFG2008,,0.0098878,1335.6,2.890777778,55.444,11.20242125,0.388680259,9.501291477,0.374493529
Afghanistan,AFG,2009,AFG2009,,0.1660917,1576,2.987,56.79,11.15926484,0.511107371,8.855466165,0.526095012
Afghanistan,AFG,2010,AFG2010,,0.0563808,1662.8,3.083444444,58.372,11.42706204,0.40585099,10.24725913,0.458796838
Afghanistan,AFG,2011,AFG2011,,0.0347265,1712.6,3.148888889,60.234,11.05827391,0.416509979,9.685039409,0.439658356
Afghanistan,AFG,2012,AFG2012,,0.1104296,1899.3,3.216111111,62.321,10.42945013,0.503107127,7.951634016,0.499398797
Afghanistan,AFG,2013,AFG2013,,0.0173779,1876.2,3.284888889,64.539,11.36619575,0.509456145,9.264135754,0.448787018
Afghanistan,AFG,2014,AFG2014,,,1844,3.261777778,66.741,10.85868056,0.395398614,8.695078052,0.45457764
Afghanistan,AFG,2015,AFG2015,,,1820.3,3.333333333,68.828,11.10723721,0.566925646,9.421982438,0.521285019
Afghanistan,AFG,2016,AFG2016,,,,3.333333333,70.766,11.66227245,0.507213739,10.46547583,0.418184452
Afghanistan,AFG,2017,AFG2017,,,,3.518555556,72.593,11.32968161,0.384692127,9.838570461,0.416159773
Afghanistan,AFG,2018,AFG2018,,,,3.611111111,74.343,11.77580853,0.355222293,10.13191688,0.380472782
Afghanistan,AFG,2019,AFG2019,,,,3.611111111,76.084,11.02205615,0.490039704,8.976446701,0.538425913
Albania,ALB,1990,ALB1990,,-0.1186473,51277,7.661615385,6.573,12.54970238,0.939208929,12.35155042,0.968495675
Albania,ALB,1991,ALB1991,,-0.3447925,36570.6,7.661615385,6.534,11.49667659,1.033643452,10.97915958,1.172278982
Albania,ALB,1992,ALB1992,,-0.0686592,34388.8,7.661615385,6.494,12.10029762,0.917448214,11.71539695,1.008293784
Albania,ALB,1993,ALB1993,,0.0977688,38192,7.661615385,6.454,12.01592262,1.003886905,11.75225404,1.109192826
Albania,ALB,1994,ALB1994,,0.0858738,41894.2,7.661615385,6.416,13.00287699,1.073141667,12.78767889,0.935247476
Albania,ALB,1995,ALB1995,,0.131046,48027.7,7.858384615,6.374,11.85709325,1.284500595,11.27483252,1.243169342
Albania,ALB,1996,ALB1996,,0.0933098,52928.7,8.054692308,6.335,11.60431548,1.340410714,11.36243368,1.521320861
Albania,ALB,1997,ALB1997,,-0.1013309,47560.4,8.152769231,6.297,11.83035714,0.962452976,11.57271937,0.981690394
Albania,ALB,1998,ALB1998,,0.1258526,52101.7,8.349230769,6.258,12.45843254,1.115247619,11.86417936,1.282440841
Albania,ALB,1999,ALB1999,,0.1025524,59243,8.447538462,6.217,12.6906746,1.257820238,12.21451727,1.327698587
Albania,ALB,2000,ALB2000,,0.076832,63107.5,8.644,6.178,13.01944445,0.885879167,12.22017577,0.991332567
Albania,ALB,2001,ALB2001,,0.0757573,68070.8,8.545769231,6.12,12.70109127,0.924576191,12.18533562,1.187898957
Albania,ALB,2002,ALB2002,,0.0327356,70315.9,8.840384615,6.102,12.83035714,1.200464881,12.23544234,1.280720097
Albania,ALB,2003,ALB2003,,0.0612746,73715.3,8.840384615,6.081,12.64047619,1.114394048,12.34464748,1.193459346
Albania,ALB,2004,ALB2004,,0.0636344,77283,8.938692308,6.054,12.37752976,1.179239286,11.9539008,1.527504213
Albania,ALB,2005,ALB2005,,0.0608169,81169,8.938692308,6.022,11.89821429,1.202719048,11.28081014,1.51354626
Albania,ALB,2006,ALB2006,,0.0570764,85205.6,9.001923077,5.985,12.34756944,1.146607738,11.63609443,1.118310391
Albania,ALB,2007,ALB2007,,0.066514,90055.2,8.967230769,5.939,13.01230159,1.171178572,12.68003378,1.093353767
Albania,ALB,2008,ALB2008,,0.0838562,96766.6,8.931846154,5.8933,13.13268849,1.122605952,12.52553028,1.130972201
Albania,ALB,2009,ALB2009,,0.042216,99950.9,8.994076923,5.8548,12.94196429,1.476338691,12.41240665,1.53301998
Albania,ALB,2010,ALB2010,,0.044027,104172.1,8.989153846,5.8253,12.84910714,1.487258929,12.33440305,1.936197215
Albania,ALB,2011,ALB2011,0.00341173,0.0391741,107131,9.661384615,5.8091,12.66374008,0.864047024,12.3199559,0.880849785
Albania,ALB,2012,ALB2012,0.059671958,0.0227389,108821.5,9.656538462,5.8002,13.15649802,1.133879762,12.79253097,1.39231253
Albania,ALB,2013,ALB2013,-0.057207386,0.022983,110161.9,9.653,5.7903,13.15481151,1.180576786,12.77269704,1.405267719
Albania,ALB,2014,ALB2014,0.050468723,,112480.9,9.649153846,5.7782,13.20257937,1.484219643,12.6234132,1.415595229
Albania,ALB,2015,ALB2015,,,115538.7,9.645538462,5.7611,13.12599206,1.144746429,12.79953906,1.176188335
Albania,ALB,2016,ALB2016,,,,9.641846154,5.7531,13.19375,1.244376191,12.77104636,1.571743099
Albania,ALB,2017,ALB2017,,,,9.735384615,5.7463,13.01185516,1.125654762,12.6742229,1.185432744
Albania,ALB,2018,ALB2018,,,,9.735384615,5.731,13.68268849,1.034798214,13.300078,1.565261042
Albania,ALB,2019,ALB2019,,,,9.735384615,5.7083,13.59186508,1.331594643,13.17546842,1.27243968
Algeria,DZA,1990,DZA1990,,-0.0176279,10238.9,3.440625,51.518,18.17842836,0.427043563,17.77161197,0.368669943
Algeria,DZA,1991,DZA1991,,-0.0366894,9871.5,3.63175,52.799,17.1339481,0.388102168,16.45683664,0.365585286
Algeria,DZA,1992,DZA1992,,-0.0057328,9817.5,3.823,54.056,17.21973025,0.429549388,16.41209892,0.371197786
Algeria,DZA,1993,DZA1993,,-0.0435761,9402,4.109625,55.272,17.4715846,0.296776267,17.06475071,0.263455703
Algeria,DZA,1994,DZA1994,,-0.0299582,9128.2,4.300875,56.427,18.40892993,0.342616808,17.90982187,0.283015755
Algeria,DZA,1995,DZA1995,,0.017914,9297.3,4.492,57.515,18.17043339,0.368852202,17.47544464,0.252605654
Algeria,DZA,1996,DZA1996,,0.0222726,9511.4,4.778625,58.532,17.6078431,0.478148787,16.89256152,0.411232915
Algeria,DZA,1997,DZA1997,,-0.0056829,9463,4.853428571,59.484,18.40669741,0.417935963,17.71532982,0.336736774
Algeria,DZA,1998,DZA1998,,0.0342113,9798.3,5.161125,60.387,17.86300548,0.332979772,17.4271677,0.301065356
Algeria,DZA,1999,DZA1999,,0.0168162,9970.7,5.44775,61.246,18.32389872,0.442490024,18.02862256,0.344962769
Algeria,DZA,2000,DZA2000,,0.0076919,10211.1,5.638875,62.085,18.26935168,0.252978116,17.69462358,0.208630624
Algeria,DZA,2001,DZA2001,,0.0316045,10382,5.829875,62.903,18.49893433,0.331496143,18.27894109,0.268969103
Algeria,DZA,2002,DZA2002,,0.0414238,10826.3,6.02125,63.709,18.23015787,0.346755031,17.82619537,0.287656548
Algeria,DZA,2003,DZA2003,,0.0563972,11460.9,6.224625,64.528,18.50943084,0.511499325,17.817053,0.45526727
Algeria,DZA,2004,DZA2004,,0.0283221,11799.9,6.4285,65.383,18.00919871,0.45704588,17.20379929,0.40648433
Algeria,DZA,2005,DZA2005,,0.042506,12326.8,6.632375,66.299,17.73154418,0.34510884,17.25364617,0.296958797
Algeria,DZA,2006,DZA2006,,0.0008987,12357.5,6.740125,67.282,18.5508132,0.416755742,17.95849267,0.339158576
Algeria,DZA,2007,DZA2007,,0.0164863,12586.5,6.94425,68.333,18.0935706,0.430302816,17.39386451,0.377823959
Algeria,DZA,2008,DZA2008,,0.0020582,12685.3,6.472375,69.462,18.08376669,0.381036785,17.31447776,0.360327654
Algeria,DZA,2009,DZA2009,,-0.0023755,12673.2,6.67575,70.668,18.32226376,0.456578015,17.49916377,0.396650647
Algeria,DZA,2010,DZA2010,,0.0168644,12898.3,6.879125,71.955,18.31164843,0.444219291,17.9188436,0.36900478
Algeria,DZA,2011,DZA2011,,0.0089009,13026.2,7.18025,73.323,18.31386317,0.470211554,17.45936606,0.417167628
Algeria,DZA,2012,DZA2012,,0.013613,13209.2,7.384125,74.77,18.31702367,0.399844469,17.80245833,0.352843438
Algeria,DZA,2013,DZA2013,,0.0079384,13313.6,7.58825,76.28,17.88395813,0.47017414,17.31966037,0.404043243
Algeria,DZA,2014,DZA2014,,,13553.9,7.681625,77.848,18.69707839,0.350648792,18.08502537,0.368129176
Algeria,DZA,2015,DZA2015,,,13822.6,7.67825,79.458,18.53863537,0.3558352,17.85103987,0.313374115
Algeria,DZA,2016,DZA2016,,,,7.67475,81.102,18.75042748,0.327544289,18.33767746,0.316341549
Algeria,DZA,2017,DZA2017,,,,7.768875,82.778,18.65481189,0.334535372,18.26432006,0.27407769
Algeria,DZA,2018,DZA2018,,,,7.765875,84.457,18.13769738,0.454460648,17.54524009,0.446484193
Algeria,DZA,2019,DZA2019,,,,7.762875,86.108,18.33350143,0.379427849,18.00611887,0.36305826
Andorra,AND,1990,AND1990,,,15679.2,,,8.539285714,0.915171428,5.181435317,0.903472424
Andorra,AND,1991,AND1991,,,15867.8,,,7.710714286,0.996142857,4.307850558,0.842360258
Andorra,AND,1992,AND1992,,,15959.5,,,7.783333333,1.235071429,4.334642042,1.111629248
Andorra,AND,1993,AND1993,,,15873.9,,,7.570238095,1.101671429,4.458860858,0.843972921
Andorra,AND,1994,AND1994,,,16270.8,,,8.8,0.831842857,5.562679967,0.844232798
Andorra,AND,1995,AND1995,,,16653.5,,,8.647619048,0.811571429,4.790914142,0.863669634
Andorra,AND,1996,AND1996,,,16939.8,,,8.025,1.442914286,3.979475492,1.216500282
Andorra,AND,1997,AND1997,,,16181.1,,,9.14047619,1.124942857,5.687813908,0.884824753
Andorra,AND,1998,AND1998,,,15820,,,8.394047619,0.817114286,4.883442592,0.904331923
Andorra,AND,1999,AND1999,,,16254,,,8.603571429,1.060285714,4.338105367,0.912316322
Andorra,AND,2000,AND2000,,,17880.9,9.9,0.0654,8.811904762,0.986771429,5.032222583,0.848284006
Andorra,AND,2001,AND2001,,,21098.1,9.9,0.0673,8.491666667,0.821628571,4.610737542,0.793853283
Andorra,AND,2002,AND2002,,,24135.2,9.9,0.07,8.697619048,1.214357143,4.830205108,1.100848913
Andorra,AND,2003,AND2003,,,25221.5,10.1,0.0732,8.982142857,1.147371428,5.146838983,1.128540039
Andorra,AND,2004,AND2004,,,22586.4,10.5,0.0762,8.417857143,1.073028571,4.4826082,0.877539635
Andorra,AND,2005,AND2005,,,36514.7,9.9,0.0789,7.977380952,0.864057143,4.158838308,0.931982994
Andorra,AND,2006,AND2006,,,40200.7,10.2,0.081,9.026190476,0.7952,5.782585825,0.761370182
Andorra,AND,2007,AND2007,,,39996.8,10.3,0.0827,8.414285714,0.837757143,5.162808558,0.804576635
Andorra,AND,2008,AND2008,,,42255.4,10.3,0.0839,8.29047619,1.071157143,4.574853542,1.138060093
Andorra,AND,2009,AND2009,,,43949.4,10.3,0.0845,8.804761905,0.816814286,5.158211858,0.994831324
Andorra,AND,2010,AND2010,,,40712,10.4,0.0844,7.698809524,0.980271429,3.702830675,0.977531433
Andorra,AND,2011,AND2011,,,35008.9,10.4,0.0837,9.157142857,0.986114286,5.867022451,0.882734537
Andorra,AND,2012,AND2012,,,34871.1,10.4,0.0824,8.54047619,0.787085714,4.938898129,0.876650333
Andorra,AND,2013,AND2013,,,34670.8,10.5,0.0808,8.204761905,1.152371429,4.067800564,1.236516714
Andorra,AND,2014,AND2014,,,35097.1,10.5,0.0792,9.39047619,1.184885714,5.174027167,1.093718767
Andorra,AND,2015,AND2015,,,35599.7,10.6,0.078,9.153571429,0.844,5.788222673,0.887783051
Andorra,AND,2016,AND2016,,,,10.6,0.0773,9.035714286,0.890942857,5.415933651,0.915348053
Andorra,AND,2017,AND2017,,,,10.5,0.077,8.955952381,0.8913,5.719764964,0.929698944
Andorra,AND,2018,AND2018,,,,10.5,0.077,9.357142857,1.383971429,5.183867815,1.262814522
Andorra,AND,2019,AND2019,,,,10.5,0.0771,9.242857143,1.054628572,5.762715912,0.950470924
Angola,AGO,1990,AGO1990,,-0.0307435,4806.4,,,22.01391417,1.018870369,22.63308267,1.135690026
Angola,AGO,1991,AGO1991,,-0.0424642,4606.2,,,21.90360214,1.053311138,22.46262378,1.069796667
Angola,AGO,1992,AGO1992,,-0.1038261,4152,,,21.88975119,0.912385419,22.23303186,1.077772095
Angola,AGO,1993,AGO1993,,-0.316712,3024.9,,,21.90241896,0.989075518,22.42941701,1.12657963
Angola,AGO,1994,AGO1994,,0.0022752,3031.4,,,21.89212869,1.006995382,22.42336847,1.112129315
Angola,AGO,1995,AGO1995,,0.0686194,3245.5,,,22.13486958,0.978956383,22.6894017,0.988539445
Angola,AGO,1996,AGO1996,,0.077898,3506.2,,,21.91842761,0.982494897,22.59808645,0.993591496
Angola,AGO,1997,AGO1997,,0.0491394,3679.9,,,22.05304023,1.05433395,22.57824912,1.063657979
Angola,AGO,1998,AGO1998,,0.0391305,3823.4,,,22.42004448,1.038868019,23.17518537,1.152732629
Angola,AGO,1999,AGO1999,,0.0038824,3835.3,3.147473684,31.7316,21.92047826,1.070666488,22.37691869,1.250490154
Angola,AGO,2000,AGO2000,,-0.000529,3831,3.147473684,32.7895,21.95373921,1.025237741,22.34067953,1.032038852
Angola,AGO,2001,AGO2001,,0.0088182,3863.4,3.147473684,33.8905,22.15072956,1.012769354,22.37406923,1.08203789
Angola,AGO,2002,AGO2002,,0.0952098,3473.2,3.147473684,35.0367,22.22889732,1.050242784,22.49330639,1.23930109
Angola,AGO,2003,AGO2003,,0.0158698,3528,3.147473684,36.2439,22.26179886,1.026840327,22.67332553,1.148085814
Angola,AGO,2004,AGO2004,,0.0678763,3775.2,3.147473684,37.516,22.11079106,1.049423594,22.40094989,1.125566835
Angola,AGO,2005,AGO2005,,0.1328146,4310.8,3.147473684,38.868,22.33920713,0.999910329,22.7284751,1.15486748
Angola,AGO,2006,AGO2006,,0.1540862,5028.2,3.219157895,40.3,22.0232014,1.088223604,22.31282745,1.176574075
Angola,AGO,2007,AGO2007,,0.1697998,5957.8,3.219157895,41.81,21.99607743,1.049599202,22.56230726,1.153435231
Angola,AGO,2008,AGO2008,,0.0960216,6556,3.290736842,43.39,21.9463647,1.072661463,22.44930514,1.077887711
Angola,AGO,2009,AGO2009,,-0.0090385,6492.4,3.362210526,45.027,22.07750634,1.071090278,22.72087047,1.123659067
Angola,AGO,2010,AGO2010,,0.0011492,6492.2,3.362210526,46.713,22.25007639,1.036166424,22.84521421,1.116419059
Angola,AGO,2011,AGO2011,,0.0066516,6524.5,3.362210526,48.442,21.86001379,1.021212012,22.33819203,1.172195523
Angola,AGO,2012,AGO2012,,0.0193623,6636,3.539473684,50.215,21.91796191,1.058867475,22.6285043,0.991302032
Angola,AGO,2013,AGO2013,,0.0089993,6857.7,3.723210526,52.032,21.99971675,0.976692133,22.77281596,1.0337576
Angola,AGO,2014,AGO2014,,,6956,3.835578947,53.884,21.99677729,1.006649485,22.68606646,1.079478657
Angola,AGO,2015,AGO2015,,,6937,4.030789474,55.771,22.07352052,0.957243892,22.89199871,1.153885403
Angola,AGO,2016,AGO2016,,,,4.232894737,57.683,22.36001018,0.982356261,23.14740969,1.213504102
Angola,AGO,2017,AGO2017,,,,4.232894737,59.635,22.16306604,0.989372242,23.00769762,1.003428666
Angola,AGO,2018,AGO2018,,,,4.316,61.62,22.15122384,1.028828016,22.94101418,1.151375261
Angola,AGO,2019,AGO2019,,,,4.316,63.651,22.17775702,1.053226841,23.37031218,1.134892163
Antigua and Barbuda,ATG,1990,ATG1990,,0.0261174,17153.7,,,26.48055556,1.295,25.99044189,0.911585212
Antigua and Barbuda,ATG,1991,ATG1991,,0.0120194,17361.1,,,26.54583333,1.151566667,25.92594555,0.674466014
Antigua and Barbuda,ATG,1992,ATG1992,,-0.0077964,17226.3,,,26.45555556,1.513816667,26.03143208,0.799407125
Antigua and Barbuda,ATG,1993,ATG1993,,0.0301441,17753.5,,,26.68611111,1.125683333,26.04152324,0.799318075
Antigua and Barbuda,ATG,1994,ATG1994,,0.0357558,18399.8,,,26.5,1.003533333,25.91260428,0.617495656
Antigua and Barbuda,ATG,1995,ATG1995,,-0.069339,17167.2,,,26.67638889,1.178333333,26.33306528,1.067957878
Antigua and Barbuda,ATG,1996,ATG1996,,0.0378595,17829.6,,,26.41527778,1.329716667,25.89743194,1.03238368
Antigua and Barbuda,ATG,1997,ATG1997,,0.0198084,18186.3,,,26.56388889,1.166966667,26.2777598,0.737605214
Antigua and Barbuda,ATG,1998,ATG1998,,0.0161711,18482.8,,,26.98055556,1.482116667,26.59705758,1.187241793
Antigua and Barbuda,ATG,1999,ATG1999,,0.0159617,18780.1,,,26.48333333,1.275883333,26.09405163,1.109618068
Antigua and Barbuda,ATG,2000,ATG2000,,0.028828,19318.7,,,26.30138889,1.014933333,25.95281371,0.718366385
Antigua and Barbuda,ATG,2001,ATG2001,,-0.0486049,18388.1,,,26.67361111,1.2356,26.28117269,0.677775383
Antigua and Barbuda,ATG,2002,ATG2002,,0.0152309,18675.6,,,26.79722222,1.2501,26.34053192,0.716205716
Antigua and Barbuda,ATG,2003,ATG2003,,0.0529036,19566.3,,,26.72361111,1.261783333,26.40458578,0.875631809
Antigua and Barbuda,ATG,2004,ATG2004,,0.0379464,20395.5,,,26.45277778,1.529116667,26.09501291,1.414389014
Antigua and Barbuda,ATG,2005,ATG2005,,0.0490406,21414.2,9.1,0.0815,26.85416667,1.583116667,26.53891143,1.242121696
Antigua and Barbuda,ATG,2006,ATG2006,,0.1161014,24016.3,9.2,0.0827,26.66388889,1.536283333,26.37662405,1.011734009
Antigua and Barbuda,ATG,2007,ATG2007,,0.0741458,26007.8,9.2,0.084,26.6375,1.223633333,26.39981996,0.925071955
Antigua and Barbuda,ATG,2008,ATG2008,,-0.0106211,25735.7,9.3,0.0854,26.32916667,1.583233333,25.95165914,0.945134997
Antigua and Barbuda,ATG,2009,ATG2009,,-0.1392662,22389,9.3,0.0867,26.76666667,1.0456,26.18123272,0.870545745
Antigua and Barbuda,ATG,2010,ATG2010,,-0.0852257,20567.4,9.2,0.088,27.0375,1.476,26.78804932,1.276666284
Antigua and Barbuda,ATG,2011,ATG2011,,-0.0307421,19987.9,9,0.0893,26.61805556,1.379083333,26.22167613,1.344342947
Antigua and Barbuda,ATG,2012,ATG2012,,0.022237,20577.3,9,0.0904,26.78055556,1.173066667,26.28728892,1.043184638
Antigua and Barbuda,ATG,2013,ATG2013,,-0.0037684,20297.3,9.1,0.0915,26.82361111,1.20455,26.19992981,0.943168998
Antigua and Barbuda,ATG,2014,ATG2014,,,21061.9,9.1,0.0926,26.84861111,1.254733333,26.16899007,0.87900877
Antigua and Barbuda,ATG,2015,ATG2015,,,21615.3,9.2,0.0936,27.02916667,0.782066667,26.434493,0.677644014
Antigua and Barbuda,ATG,2016,ATG2016,,,,9.2,0.0945,27.01388889,1.294416667,26.50444946,1.014667749
Antigua and Barbuda,ATG,2017,ATG2017,,,,9.3,0.0954,26.87638889,1.363633333,26.36251984,1.051141024
Antigua and Barbuda,ATG,2018,ATG2018,,,,9.3,0.0963,26.54583333,1.184483333,26.14814657,0.740592718
Antigua and Barbuda,ATG,2019,ATG2019,,,,9.3,0.0971,26.94583333,1.2132,26.45856883,0.720187664
Argenti,ARG,1990,ARG1990,,-0.03831,163162,7.90725,65.237,16.75479434,0.825398709,16.3228426,1.10153035
Argenti,ARG,1991,ARG1991,,0.1055819,182114.4,8.00725,66.158,16.96083968,0.801573847,16.20395969,1.158078419
Argenti,ARG,1992,ARG1992,0.12447834,0.0994171,200336.9,8.00725,67.058,16.50083579,0.875562145,15.67057586,1.133094813
Argenti,ARG,1993,ARG1993,0.182433128,0.0443159,211811.4,8.107333333,67.941,16.81357284,0.715128649,16.06540735,1.005729048
Argenti,ARG,1994,ARG1994,0.086018721,0.0439257,223397.3,8.207833333,68.806,17.53018611,0.71424779,16.78027959,0.978062557
Argenti,ARG,1995,ARG1995,0.004335668,-0.0413973,220127.8,8.307666667,69.656,16.88449331,0.590235472,16.58735091,0.68048402
Argenti,ARG,1996,ARG1996,0.016231378,0.0414992,231428.8,8.50825,70.491,16.79242634,0.780856352,16.51665124,1.008058183
Argenti,ARG,1997,ARG1997,0.054341984,0.065961,245559.2,8.608,71.314,17.38060811,0.766148862,16.97773572,1.044145358
Argenti,ARG,1998,ARG1998,0.010658789,0.0261198,246772.5,8.807666667,72.127,16.70661882,0.78665542,16.22450712,1.046988743
Argenti,ARG,1999,ARG1999,-0.036622477,-0.0456003,242477.7,8.908583333,72.932,16.5156138,0.746566238,16.16621672,0.985002649
Argenti,ARG,2000,ARG2000,0.012457275,-0.0185049,252173.6,9.108083333,73.743,16.35411074,0.864856477,15.80207134,1.14758954
Argenti,ARG,2001,ARG2001,-0.065553466,-0.0550741,240658.3,9.108083333,74.552,17.03565062,0.848636229,16.51901683,1.091543785
Argenti,ARG,2002,ARG2002,-0.830468893,-0.1248064,248148.3,9.208916667,75.363,16.81690367,0.914969788,16.46618356,1.12529398
Argenti,ARG,2003,ARG2003,0.19932584,0.0756107,265303.4,9.308833333,76.178,17.10554086,0.72413696,16.91600979,0.908189586
Argenti,ARG,2004,ARG2004,0.16064974,0.0775771,290647.5,9.208916667,76.983,16.9778405,0.676265011,16.73374949,0.824519594
Argenti,ARG,2005,ARG2005,0.160025056,0.0791849,324626.9,9.108083333,77.785,16.77228395,0.674402808,16.52143525,0.862652107
Argenti,ARG,2006,ARG2006,0.126008097,0.0715387,358581.6,10.31025,78.58,17.35950294,0.700984503,17.24085715,0.871758588
Argenti,ARG,2007,ARG2007,0.170004402,,393014.7,10.31025,79.37,16.29645045,0.720991183,16.05875091,0.944743179
Argenti,ARG,2008,ARG2008,0.174717108,,408440.6,10.31025,80.159,17.08150996,0.623918931,16.94424271,0.773245649
Argenti,ARG,2009,ARG2009,-0.060597817,,407157,10.31025,80.965,17.24935536,0.644237964,17.19270588,0.796476873
Argenti,ARG,2010,ARG2010,0.141634421,,446054.8,10.31025,81.576,16.72102026,0.670577119,16.36232222,0.831192818
Argenti,ARG,2011,ARG2011,0.175213814,,487941.7,10.31025,82.523,16.94041741,0.681349387,16.57907977,0.79755229
Argenti,ARG,2012,ARG2012,0.065515865,,495102.3,10.41075,83.467,17.49114286,0.74022359,17.26028265,0.888979863
Argenti,ARG,2013,ARG2013,0.019899654,,510847.2,10.41075,84.406,17.17486938,0.613959147,17.05869189,0.711706577
Argenti,ARG,2014,ARG2014,,,514912,10.41075,85.342,17.30207724,0.84466773,16.92925953,1.010249894
Argenti,ARG,2015,ARG2015,,,500184.2,10.41075,86.264,17.39312094,0.795580608,17.02181512,0.978197742
Argenti,ARG,2016,ARG2016,,,,10.50933333,87.18,16.70903503,0.805538871,16.40401086,0.956381253
Argenti,ARG,2017,ARG2017,,,,10.60958333,88.089,17.43096912,0.753468517,17.10045173,0.945988262
Argenti,ARG,2018,ARG2018,,,,10.60958333,88.989,17.07761442,0.716273495,16.95387789,0.862498163
Argenti,ARG,2019,ARG2019,,,,10.91058333,89.876,17.04436212,0.737290338,16.9256991,0.843403473
Armenia,ARM,1990,ARM1990,,,3735.5,9.819833333,7.0774,7.423926767,0.434126515,6.487899991,0.749840951
Armenia,ARM,1991,ARM1991,,-0.1151386,3329.3,9.916916667,7.0107,7.446780303,0.481390152,6.428413727,0.760161638
Armenia,ARM,1992,ARM1992,,-0.5233527,1972.7,9.916916667,6.8866,5.829734848,0.526471212,4.330794088,0.771567899
Armenia,ARM,1993,ARM1993,,-0.0687026,1841.7,10.01416667,6.726,6.178093434,0.476817424,5.0493766,0.784532014
Armenia,ARM,1994,ARM1994,,0.0765379,1988.2,10.11191667,6.5675,7.288699495,0.534131818,6.338319501,0.822779869
Armenia,ARM,1995,ARM1995,,0.0872276,2169.4,10.11191667,6.4353,7.859217172,0.43710303,6.73840993,0.661045335
Armenia,ARM,1996,ARM1996,,0.0725531,2332.7,10.20908333,6.3363,8.011868687,0.435840909,6.885716235,0.702189608
Armenia,ARM,1997,ARM1997,,0.0440079,2437.6,10.30658333,6.2667,7.315467172,0.473399242,6.068010841,0.734061724
Armenia,ARM,1998,ARM1998,,0.0783598,2636.3,10.40491667,6.2172,8.413888889,0.429273485,7.446104552,0.673395335
Armenia,ARM,1999,ARM1999,,0.038634,2740.2,10.40491667,6.1778,8.534785354,0.437059091,7.392821435,0.769939554
Armenia,ARM,2000,ARM2000,,0.0630697,2918.6,10.50008333,6.1394,8.061237374,0.381184849,6.912565247,0.600540952
Armenia,ARM,2001,ARM2001,,0.0965316,3214.3,10.39616667,6.1012,8.697664142,0.44362803,7.490763177,0.70928989
Armenia,ARM,2002,ARM2002,,0.1281086,3653.4,10.48566667,6.068,7.604671717,0.607980303,6.502327973,0.892774356
Armenia,ARM,2003,ARM2003,,0.1349928,4181.2,10.47716667,6.0358,7.661742424,0.648370455,6.156808538,0.845905459
Armenia,ARM,2004,ARM2004,,0.1029791,4634.8,10.47041667,6.0026,7.817108586,0.547998485,6.300693202,0.760551384
Armenia,ARM,2005,ARM2005,,0.1334039,5296.8,10.55966667,5.9634,7.871527778,0.581856061,6.650902628,0.843024083
Armenia,ARM,2006,ARM2006,,0.1279585,6021.4,10.55208333,5.9141,8.156881313,0.522546212,7.230836597,0.746504505
Armenia,ARM,2007,ARM2007,,0.1331741,6881.4,10.64041667,5.8677,7.454482324,0.650565152,6.280031413,0.871859471
Armenia,ARM,2008,ARM2008,,0.0708776,7388.6,10.634,5.8153,7.783712121,0.443232576,6.73602563,0.699222341
Armenia,ARM,2009,ARM2009,,-0.1494287,6362.2,10.72333333,5.7761,7.937878788,0.613096212,6.45347406,0.905785979
Armenia,ARM,2010,ARM2010,,0.0233321,6507.9,10.71608333,5.755,9.732323232,0.614399242,8.687125429,0.835392105
Armenia,ARM,2011,ARM2011,,0.0457184,6803.5,10.82,5.7549,7.272916666,0.59677197,6.087920118,0.83997869
Armenia,ARM,2012,ARM2012,,0.0678538,7268,10.92666667,5.768,8.386174242,0.458525758,7.05611931,0.769850973
Armenia,ARM,2013,ARM2013,,0.0318836,7473.1,11.0325,5.7951,7.930808081,0.476155303,6.885336714,0.755747252
Armenia,ARM,2014,ARM2014,,,7698.7,11.1375,5.8244,8.785353536,0.469064394,7.652954597,0.741199134
Armenia,ARM,2015,ARM2015,,,7899.3,11.34166667,5.8516,8.578409091,0.546986364,7.62301024,0.831364143
Armenia,ARM,2016,ARM2016,,,,11.1575,5.8717,8.025631313,0.595623485,6.798905682,0.904241928
Armenia,ARM,2017,ARM2017,,,,10.96333333,5.8899,8.222159091,0.410665909,7.221175209,0.639299377
Armenia,ARM,2018,ARM2018,,,,10.96333333,5.904,9.522979798,0.505838636,8.706527057,0.834753548
Armenia,ARM,2019,ARM2019,,,,10.96333333,5.9161,8.80044192,0.366884848,7.798786895,0.664448942
Australia,AUS,1990,AUS1990,0.160111904,0.0258572,245793.6,11.71444444,34.128,18.16818175,0.623757874,18.0964374,0.616440536
Australia,AUS,1991,AUS1991,0.024973631,-0.0139803,240659.8,11.81555556,34.569,18.1891426,0.639650649,18.0947723,0.635884507
Australia,AUS,1992,AUS1992,-0.051386595,-0.0089626,236838.4,11.81555556,34.989,17.57003968,0.714887119,17.2650759,0.653870851
Australia,AUS,1993,AUS1993,-0.038653135,0.0307393,242128.7,11.81555556,35.334,18.02530483,0.676128486,17.81673673,0.641384781
Australia,AUS,1994,AUS1994,0.105984807,0.0290002,249188.8,11.81555556,35.71,17.82454383,0.48862194,17.72122924,0.482492034
Australia,AUS,1995,AUS1995,0.059033751,0.0245668,254898.8,11.81555556,36.143,17.61647947,0.690946951,17.34523738,0.552469865
Australia,AUS,1996,AUS1996,0.106946349,0.025553,259471.9,11.81555556,36.621,17.75437805,0.681720745,17.5464101,0.634983575
Australia,AUS,1997,AUS1997,-0.013529301,0.0275038,266375.4,11.81555556,37.032,17.93714539,0.58603138,17.92989695,0.564628791
Australia,AUS,1998,AUS1998,-0.120461941,0.0329399,274415.8,11.81555556,37.424,18.2573978,0.687667205,18.12531958,0.660217732
Australia,AUS,1999,AUS1999,0.07018733,0.0373939,284432.3,11.91444444,37.853,18.07454123,0.680883109,17.74450607,0.610977238
Australia,AUS,2000,AUS2000,-0.05676949,0.0261105,293100.6,11.91444444,38.305,17.86645943,0.734806014,17.47592971,0.690441507
Australia,AUS,2001,AUS2001,-0.060260653,0.0055772,295889.9,11.91444444,38.826,17.87495918,0.648629819,17.64241714,0.586739336
Australia,AUS,2002,AUS2002,0.116004348,0.0257508,304480.1,11.81555556,39.302,18.2499664,0.471706442,18.33334534,0.444237823
Australia,AUS,2003,AUS2003,0.236166596,0.0179836,309833.3,11.81555556,39.79,18.18083125,0.625664503,18.14171967,0.577140685
Australia,AUS,2004,AUS2004,0.187525153,0.0291463,318797.7,11.81555556,40.255,18.05012282,0.62088248,18.04105572,0.558809164
Australia,AUS,2005,AUS2005,0.089805722,0.018474,324308.6,11.21222222,40.788,18.49266252,0.608718887,18.5924563,0.540860999
Australia,AUS,2006,AUS2006,0.056640387,0.0146502,330681.5,11.31333333,41.395,18.00920645,0.481295909,18.1578914,0.460322335
Australia,AUS,2007,AUS2007,0.180144668,0.0307506,342644.6,11.41333333,41.656,18.32501113,0.596361801,18.42885296,0.603566277
Australia,AUS,2008,AUS2008,0.064949512,0.0162688,351967.4,12.41333333,42.498,17.80210437,0.557925472,17.90864883,0.543359769
Australia,AUS,2009,AUS2009,-0.021813631,-0.0033332,350837.5,12.51333333,43.383,18.34229472,0.609563465,18.55653743,0.549983728
Australia,AUS,2010,AUS2010,0.180556297,0.0038804,352666.8,12.61444444,44.064,17.73434751,0.812281372,17.70936278,0.779855379
Australia,AUS,2011,AUS2011,0.181232929,0.0082539,356076.1,12.71444444,44.681,17.76998438,0.714464094,17.56244323,0.748108792
Australia,AUS,2012,AUS2012,0.036683321,0.018472,362707.7,12.81333333,45.465,17.95426361,0.603741245,17.8311168,0.590691204
Australia,AUS,2013,AUS2013,-0.056006908,0.0085019,365304.6,12.21333333,46.258,18.84261086,0.602004853,18.77071682,0.54823848
Australia,AUS,2014,AUS2014,-0.042803407,,368903.4,12.31222222,46.953,18.78241975,0.57546563,18.67003084,0.561513882
Australia,AUS,2015,AUS2015,,,372202.9,12.51333333,47.632,18.40114737,0.584005115,18.39166576,0.533976223
Australia,AUS,2016,AUS2016,,,,12.61444444,48.381,18.66292625,0.68486333,18.4283394,0.724477061
Australia,AUS,2017,AUS2017,,,,12.71444444,49.204,18.70615237,0.566605414,18.57702644,0.554947242
Australia,AUS,2018,AUS2018,,,,12.71444444,49.965,18.74275236,0.540946424,18.76070755,0.499594126
Australia,AUS,2019,AUS2019,,,,12.71444444,50.728,18.89105926,0.461431612,19.08713869,0.400529565
Austria,AUT,1990,AUT1990,,0.0349187,270367.9,8.5639,15.355,7.624351118,1.069030758,6.337481725,1.147316171
Austria,AUT,1991,AUT1991,,0.0238531,277248.1,8.6635,15.51,6.707929159,1.033857116,5.392516439,1.182892323
Austria,AUT,1992,AUT1992,,0.0097136,279779.7,8.6635,15.682,7.869789094,1.022531552,6.630693857,1.128343427
Austria,AUT,1993,AUT1993,,-0.002992,279617.9,8.763,15.811,7.247234715,1.009480661,5.874725786,1.1455947
Austria,AUT,1994,AUT1994,,0.0198885,286202.8,8.763,15.872,8.491283069,1.002317548,7.307689084,1.123926201
Austria,AUT,1995,AUT1995,,0.0247991,294094,8.8628,15.897,7.25617284,1.105989321,5.844981089,1.198674418
Austria,AUT,1996,AUT1996,,0.0230169,300618.6,8.8628,15.918,6.297364786,1.129441005,4.789559158,1.28926583
Austria,AUT,1997,AUT1997,,0.0216934,306870.9,8.8628,15.937,7.416798942,1.013403757,5.998522754,1.215639398
Austria,AUT,1998,AUT1998,,0.0360592,316804.4,8.9622,15.952,7.564656819,1.063519286,6.046059032,1.258930819
Austria,AUT,1999,AUT1999,,0.0328338,327688.7,8.9622,15.985,7.572062022,1.144473016,6.108182311,1.362673697
Austria,AUT,2000,AUT2000,,0.0336147,337411.2,8.9622,16.023,8.413543503,1.124398333,6.97047555,1.270130578
Austria,AUT,2001,AUT2001,0.001968278,0.0047095,341051.5,9.1662,16.084,7.441341123,1.016980864,6.175549719,1.244808433
Austria,AUT,2002,AUT2002,0.075194995,0.0118757,345879.9,9.3666,16.165,8.165151382,1.159652566,6.951068358,1.334270129
Austria,AUT,2003,AUT2003,0.201937358,0.0037506,346764.9,9.5693,16.245,7.755877425,0.853712143,6.598278671,0.942734388
Austria,AUT,2004,AUT2004,0.135601997,0.019362,354881,9.7561,16.345,7.2076602,1.025620053,5.911327706,1.203602503
Austria,AUT,2005,AUT2005,0.034785377,0.0169104,360109.6,9.8547,16.457,6.83917622,1.06445776,5.60512292,1.263846428
Austria,AUT,2006,AUT2006,0.058245129,0.0310926,370742,10.0662,16.537,7.640687097,0.990735097,6.381746605,1.140776554
Austria,AUT,2007,AUT2007,0.14548005,0.032509,383060.3,11.567,16.591,8.227429453,1.116437469,7.041148851,1.273654378
Austria,AUT,2008,AUT2008,0.093436241,0.0099163,387094.8,11.457,16.643,8.091032481,1.055112804,6.832328755,1.235765878
Austria,AUT,2009,AUT2009,-0.076052136,-0.0423631,372854.3,11.659,16.687,7.925592299,1.159888792,6.556419669,1.334715603
Austria,AUT,2010,AUT2010,-0.017654631,0.014613,379240.4,11.74,16.726,6.954426073,1.123646499,5.499696158,1.309313793
Austria,AUT,2011,AUT2011,0.095184326,0.0259947,388518.5,11.752,16.784,8.331376396,0.907623316,7.051252345,1.020914439
Austria,AUT,2012,AUT2012,-0.053666645,0.0058396,389620.5,11.757,16.86,8.099814079,1.082838862,6.7451388,1.270477444
Austria,AUT,2013,AUT2013,0.040458573,-0.0012516,388536.6,11.851,16.96,7.769737655,1.120950723,6.414438123,1.303134926
Austria,AUT,2014,AUT2014,0.023895158,,387069.9,12.343,17.093,8.810061729,1.182182478,7.672395924,1.349478406
Austria,AUT,2015,AUT2015,,,387254.4,12.541,17.286,8.708181217,1.030417205,7.611785184,1.067961398
Austria,AUT,2016,AUT2016,,,,12.544,17.474,8.213014403,1.291003466,7.155716696,1.308388267
Austria,AUT,2017,AUT2017,,,,12.531,17.594,8.137910787,1.215915423,6.919203265,1.236119744
Austria,AUT,2018,AUT2018,,,,12.536,17.681,8.950318195,1.042087108,7.861664056,1.158430582
Austria,AUT,2019,AUT2019,,,,12.425,17.754,8.843112875,1.147780785,7.671578595,1.278070117
Azerbaijan,AZE,1990,AZE1990,,,8513.3,,,12.38973906,0.463099125,12.01594903,0.613520615
Azerbaijan,AZE,1991,AZE1991,,-0.0225481,8323.5,,,12.16731902,0.458587963,11.96155622,0.604933546
Azerbaijan,AZE,1992,AZE1992,,-0.2713342,6345.5,,,10.95140853,0.523542189,10.58449118,0.650948155
Azerbaijan,AZE,1993,AZE1993,,-0.2778558,4806.1,,,11.00136364,0.503938115,10.46747766,0.647189745
Azerbaijan,AZE,1994,AZE1994,,-0.2329179,3807.5,,,11.87049663,0.551584192,11.33986251,0.687509143
Azerbaijan,AZE,1995,AZE1995,,-0.1370802,3319.8,9.9386,15.37,12.86564675,0.421833418,12.60808732,0.505121244
Azerbaijan,AZE,1996,AZE1996,,0.0028177,3329.1,10.0368,15.526,12.58511925,0.453261465,12.07093556,0.513606727
Azerbaijan,AZE,1997,AZE1997,,0.0467336,3488.4,10.1329,15.676,12.29194865,0.489208064,11.72937029,0.659395745
Azerbaijan,AZE,1998,AZE1998,,0.0858188,3801,10.231,15.826,13.26967873,0.415896734,12.70516025,0.535658797
Azerbaijan,AZE,1999,AZE1999,,0.062614,4046.6,10.231,15.966,13.2793771,0.475362811,12.58382149,0.550149928
Azerbaijan,AZE,2000,AZE2000,,0.0970453,4459,10.3291,16.1,12.97861532,0.451215623,12.37503516,0.601248957
Azerbaijan,AZE,2001,AZE2001,,0.086653,4862.6,10.3291,16.223,13.48701319,0.43517101,12.67604318,0.55845205
Azerbaijan,AZE,2002,AZE2002,,0.0932882,5338.1,10.3291,16.346,12.72847924,0.5533383,12.02088557,0.643176997
Azerbaijan,AZE,2003,AZE2003,,0.0985837,5891.1,10.3291,16.468,12.42244248,0.582261886,11.48657389,0.660830915
Azerbaijan,AZE,2004,AZE2004,,0.0883724,6435.4,10.3291,16.613,13.02847503,0.569517576,12.27424193,0.635705453
Azerbaijan,AZE,2005,AZE2005,,0.2240586,8051.7,10.4252,16.784,12.96771605,0.525554949,12.69480884,0.562374657
Azerbaijan,AZE,2006,AZE2006,,0.2854081,10711.2,10.4252,16.97,12.9986518,0.501404293,12.71409683,0.554479266
Azerbaijan,AZE,2007,AZE2007,0.327420568,0.2121969,13243.2,9.9386,17.163,12.70514591,0.506114461,12.2683055,0.597155179
Azerbaijan,AZE,2008,AZE2008,0.361490917,0.0813091,14365,9.9386,17.525,12.68450477,0.450848552,12.2015271,0.591112271
Azerbaijan,AZE,2009,AZE2009,-0.066821718,0.0691766,15393.9,10.231,17.895,12.84684484,0.516435673,12.40331277,0.644301668
Azerbaijan,AZE,2010,AZE2010,0.157844353,0.0355041,15950.3,10.231,18.109,14.31523289,0.52544729,13.86318871,0.60523293
Azerbaijan,AZE,2011,AZE2011,0.277667999,-0.012371,15754.2,10.231,18.346,12.26600449,0.560098199,11.53651978,0.722286404
Azerbaijan,AZE,2012,AZE2012,0.151519775,0.0084739,15888.2,10.231,18.592,13.2812963,0.449989983,12.78304778,0.623423915
Azerbaijan,AZE,2013,AZE2013,0.035959053,0.043436,16593.2,10.231,18.834,13.10351291,0.485923283,12.52225044,0.593591667
Azerbaijan,AZE,2014,AZE2014,-0.065429401,,16715.1,10.231,19.07,13.31427048,0.447589057,13.03664453,0.479237976
Azerbaijan,AZE,2015,AZE2015,-0.272454691,,16695.4,10.231,19.298,13.4495679,0.522635135,12.88272052,0.603964623
Azerbaijan,AZE,2016,AZE2016,-0.367330742,,,10.231,19.517,12.87967452,0.560386448,12.33050987,0.719304933
Azerbaijan,AZE,2017,AZE2017,,,,10.3291,19.71,13.10214787,0.425180976,12.82884258,0.49946351
Azerbaijan,AZE,2018,AZE2018,,,,10.3291,19.881,14.05958894,0.469247778,13.6159925,0.56329144
Azerbaijan,AZE,2019,AZE2019,,,,10.3291,20.046,13.64267116,0.360929226,13.31132062,0.50727051
Bahamas,BHS,1990,BHS1990,,-0.0337029,24280.6,,,25.93,0.9897,25.50005724,0.82636729
Bahamas,BHS,1991,BHS1991,,-0.0611316,22839.5,,,25.885,1.2119,25.35255526,0.916035325
Bahamas,BHS,1992,BHS1992,,-0.0579566,21551.7,,,25.21666667,0.93172,24.90201741,0.872728436
Bahamas,BHS,1993,BHS1993,,-0.015572,21216.9,,,25.46,1.09542,25.17350888,0.943289615
Bahamas,BHS,1994,BHS1994,,0.0137613,21509.2,,,26.02,1.15434,25.45835445,1.127453009
Bahamas,BHS,1995,BHS1995,,0.0276363,22110.6,,,25.49666667,1.42478,25.14034888,0.949269798
Bahamas,BHS,1996,BHS1996,,0.0284961,22748.8,,,25.12333333,1.26626,24.60083586,0.975836851
Bahamas,BHS,1997,BHS1997,,0.0093104,22960.9,,,25.67166667,1.20878,25.36411388,0.970024021
Bahamas,BHS,1998,BHS1998,,0.0354025,23788.1,,,25.83833333,0.96572,25.61909981,0.76593128
Bahamas,BHS,1999,BHS1999,,0.0569505,25182.1,,,25.40166667,1.13874,25.07535073,0.967552989
Bahamas,BHS,2000,BHS2000,,0.0260503,25846.7,10.9,0.298,25.35166667,1.0698,24.94742698,0.669724659
Bahamas,BHS,2001,BHS2001,,0.0084526,26066.2,10.9,0.303,25.45666667,1.23818,25.11273761,0.908749466
Bahamas,BHS,2002,BHS2002,,0.0069688,26248.9,10.9,0.308,25.83333333,1.15186,25.51143544,0.783478622
Bahamas,BHS,2003,BHS2003,,-0.0338123,25376.3,10.9,0.313,25.74,1.02424,25.50429124,0.852626253
Bahamas,BHS,2004,BHS2004,,-0.0124513,25062,10.9,0.319,25.51,0.75404,25.09843533,0.663189252
Bahamas,BHS,2005,BHS2005,,0.0128571,25385.3,10.9,0.325,25.475,1.12734,25.11155234,0.992802982
Bahamas,BHS,2006,BHS2006,,0.0051968,25516,11.1,0.331,25.64833333,1.00766,25.06734186,0.97798713
Bahamas,BHS,2007,BHS2007,,-0.0046069,25396.7,11.2,0.337,25.73333333,1.33564,25.31670053,1.256814833
Bahamas,BHS,2008,BHS2008,,-0.0417387,24356.1,11.3,0.344,25.43333333,1.05836,25.34106528,0.803529925
Bahamas,BHS,2009,BHS2009,,-0.060156,22931.8,11.4,0.35,25.57,1.03676,25.18110684,0.811634647
Bahamas,BHS,2010,BHS2010,,-0.0069693,22894.3,11.5,0.355,24.75166667,1.10448,24.7013042,0.959900494
Bahamas,BHS,2011,BHS2011,,0.0004068,22665.2,11.5,0.36,25.62,1.14792,25.3612365,0.92903984
Bahamas,BHS,2012,BHS2012,,0.0029069,22814.5,11.4,0.364,25.46166667,1.20446,25.02162692,1.09422531
Bahamas,BHS,2013,BHS2013,,,22490.2,11.3,0.367,25.64833333,1.13456,25.35717293,0.889060171
Bahamas,BHS,2014,BHS2014,,,22411.1,11.2,0.371,25.78666667,1.1019,25.61440021,0.855009423
Bahamas,BHS,2015,BHS2015,,,22394.3,11.3,0.374,26.545,1.06228,26.00531403,0.870530632
Bahamas,BHS,2016,BHS2016,,,,11.4,0.378,26.035,1.253,25.6892882,0.910473771
Bahamas,BHS,2017,BHS2017,,,,11.4,0.382,26.07,1.14584,25.61044439,1.001360461
Bahamas,BHS,2018,BHS2018,,,,11.4,0.386,25.93666667,1.13218,25.52602105,0.934864459
Bahamas,BHS,2019,BHS2019,,,,11.4,0.389,26.33333333,1.32632,26.03065025,1.023361789
Bahrain,BHR,1990,BHR1990,,0.0131228,35398.4,6,0.496,27.078125,0.0672625,25.9078766,0.030224562
Bahrain,BHR,1991,BHR1991,,0.0791786,38314.5,6.3,0.51,26.62708333,0.10015,24.93159213,0.071445942
Bahrain,BHR,1992,BHR1992,,0.0393664,39853.8,6.5,0.523,25.871875,0.0711125,24.38835974,0.146538019
Bahrain,BHR,1993,BHR1993,,0.096577,43896,6.7,0.536,26.74375,0.1027375,25.31011268,0.077979088
Bahrain,BHR,1994,BHR1994,,-0.0273164,42713.1,6.9,0.55,27.24791667,0.0444625,25.71244627,0.027271271
Bahrain,BHR,1995,BHR1995,,0.01238,43243.7,7.2,0.564,26.78333333,0.109025,25.33046875,0.160796642
Bahrain,BHR,1996,BHR1996,,0.0123478,43769.1,7.4,0.579,27.33229167,0.12215,26.01438886,0.08087945
Bahrain,BHR,1997,BHR1997,,0.0003799,43765.8,7.6,0.595,26.728125,0.124275,25.38311835,0.148066521
Bahrain,BHR,1998,BHR1998,,0.0136361,44361.8,7.9,0.614,27.94791667,0.09335,26.59576483,0.059714317
Bahrain,BHR,1999,BHR1999,,0.0049464,44619.7,8.1,0.637,28.184375,0.089425,26.85240241,0.040391207
Bahrain,BHR,2000,BHR2000,,0.009891,45156.1,8.3,0.665,27.55625,0.084675,25.88695339,0.067275047
Bahrain,BHR,2001,BHR2001,,-0.0200406,44413.6,8.4,0.698,27.83854167,0.0210125,26.29658491,0.031396866
Bahrain,BHR,2002,BHR2002,,-0.011724,44085.6,8.4,0.735,27.6625,0.084375,26.30040301,0.038064003
Bahrain,BHR,2003,BHR2003,,0.0059545,44517.7,8.4,0.779,27.72395833,0.076175,25.97639194,0.065041542
Bahrain,BHR,2004,BHR2004,,0.0066202,44890.9,8.4,0.83,27.575,0.090425,26.16287638,0.052040577
Bahrain,BHR,2005,BHR2005,,-0.0039754,44666.6,8.4,0.889,27.32083333,0.0757,25.68917321,0.039895058
Bahrain,BHR,2006,BHR2006,,-0.015405,43825.7,8.4,0.958,27.61875,0.0753125,26.08896704,0.114451885
Bahrain,BHR,2007,BHR2007,,-0.0024539,43495.1,8.4,1.036,27.7375,0.0449,26.15608708,0.030921459
Bahrain,BHR,2008,BHR2008,,-0.0174463,42516.7,8.4,1.115,27.62708333,0.039875,25.66852468,0.03629303
Bahrain,BHR,2009,BHR2009,,-0.0403232,40646,8.4,1.185,27.82708333,0.106475,25.91078509,0.05304575
Bahrain,BHR,2010,BHR2010,,-0.0066539,40237.6,8.4,1.241,28.50729167,0.0324375,26.71441973,0.00851202
Bahrain,BHR,2011,BHR2011,,-0.0116466,39676.7,8.6,1.278,27.61458333,0.07695,25.652909,0.084789276
Bahrain,BHR,2012,BHR2012,,0.0142289,40251.1,8.8,1.3,27.83854167,0.058175,25.74663103,0.05059433
Bahrain,BHR,2013,BHR2013,,0.0426202,41931.5,9,1.315,27.50833333,0.043075,25.74645471,0.047641754
Bahrain,BHR,2014,BHR2014,,,43408.2,9.1,1.336,27.84479167,0.10725,26.20793813,0.033465862
Bahrain,BHR,2015,BHR2015,,,44182,9.3,1.372,28.26770833,0.0590625,26.38078969,0.079033375
Bahrain,BHR,2016,BHR2016,,,,9.4,1.426,28.40104167,0.02305,26.21353132,0.045645237
Bahrain,BHR,2017,BHR2017,,,,9.4,1.494,28.28333333,0.1519375,26.26363949,0.130180836
Bahrain,BHR,2018,BHR2018,,,,9.4,1.569,28.746875,0.054375,26.69831746,0.046444893
Bahrain,BHR,2019,BHR2019,,,,9.5,1.641,28.33125,0.198325,26.51580115,0.102416992
Bangladesh,BGD,1990,BGD1990,,0.0331433,25210.8,2.736625,206.351,25.71844203,2.435414783,24.50876978,2.549535019
Bangladesh,BGD,1991,BGD1991,,0.0093909,24638.5,2.834333333,211.206,25.38919082,2.492819855,24.72261975,2.637538557
Bangladesh,BGD,1992,BGD1992,,0.0267089,24176.3,2.932125,215.975,25.23902174,1.611678985,24.76335101,1.848778
Bangladesh,BGD,1993,BGD1993,,0.023027,23119.6,3.029875,220.709,25.20778986,2.518066232,24.46745393,2.963871052
Bangladesh,BGD,1994,BGD1994,,0.0187486,21397.8,3.127541667,225.483,25.60481884,1.702526087,24.85217097,2.018935557
Bangladesh,BGD,1995,BGD1995,,0.0269988,20161.1,3.225375,230.35,25.89291063,2.208331304,24.92413146,2.349926146
Bangladesh,BGD,1996,BGD1996,,0.024286,19804.7,3.420875,235.306,25.79967391,2.040452029,24.92498963,2.339067871
Bangladesh,BGD,1997,BGD1997,,0.0318999,20178.8,3.523958333,240.328,25.35975846,2.069155073,24.31759104,2.32263271
Bangladesh,BGD,1998,BGD1998,,0.030883,21141.9,3.725291667,245.372,26.05266908,2.406457246,24.85210488,2.543471134
Bangladesh,BGD,1999,BGD1999,,0.0282127,22165.6,3.828833333,250.389,26.23768116,2.413508985,25.13060283,2.156321844
Bangladesh,BGD,2000,BGD2000,,0.0393232,23181.4,4.030958333,255.32,25.41774155,2.251494928,24.58779792,2.36616968
Bangladesh,BGD,2001,BGD2001,,0.0338286,24044.1,4.233541667,260.18,26.15146135,2.164591884,24.70422127,2.308640548
Bangladesh,BGD,2002,BGD2002,,0.0264494,24531.9,4.239333333,264.957,25.91667874,2.223006667,24.66090239,2.546307994
Bangladesh,BGD,2003,BGD2003,,0.0354409,25181.4,4.343875,269.586,25.87759662,2.06271058,24.69082312,2.139880186
Bangladesh,BGD,2004,BGD2004,,0.0462032,25948.4,4.448458333,273.973,25.95328502,2.147306956,24.79517536,2.614864478
Bangladesh,BGD,2005,BGD2005,,0.0444847,27083.2,4.433208333,278.072,26.14518116,1.926793043,25.16767993,2.137177883
Bangladesh,BGD,2006,BGD2006,,0.0521502,28509.4,4.517208333,281.841,26.48660628,1.828176957,25.50095252,1.87296335
Bangladesh,BGD,2007,BGD2007,,0.0513925,30157,4.601791667,285.319,26.17666667,2.380302754,24.79446045,2.746922266
Bangladesh,BGD,2008,BGD2008,,0.0497868,31613.1,4.686625,288.606,25.9672343,2.076225942,24.92130825,2.200069442
Bangladesh,BGD,2009,BGD2009,,0.0455162,32842,4.674416667,291.848,26.72493961,1.894562609,25.57184506,2.044180378
Bangladesh,BGD,2010,BGD2010,,0.0481295,34281.1,5.148541667,295.149,26.60003623,2.096646087,25.62573564,2.200617567
Bangladesh,BGD,2011,BGD2011,,0.0534989,36071.9,5.524291667,298.546,25.97742754,1.857023188,24.85333156,2.236401007
Bangladesh,BGD,2012,BGD2012,,0.0485518,37966.3,5.61675,302.012,25.48519324,1.860603478,24.8634669,1.935492341
Bangladesh,BGD,2013,BGD2013,,0.0463494,39763.4,5.322166667,305.53,25.39509662,1.92134,24.73998687,1.980416493
Bangladesh,BGD,2014,BGD2014,,,41664.9,5.028208333,309.039,25.68252415,1.703222174,25.09340601,1.696421973
Bangladesh,BGD,2015,BGD2015,,,43866.2,5.62125,312.513,25.53894927,2.395817681,24.92876325,2.474524148
Bangladesh,BGD,2016,BGD2016,,,,5.730416667,315.942,26.01649758,1.995480145,25.37164278,2.254258031
Bangladesh,BGD,2017,BGD2017,,,,5.936833333,319.344,25.77021739,2.598735217,25.00680581,2.653787643
Bangladesh,BGD,2018,BGD2018,,,,5.948166667,322.711,25.37733092,1.704542029,24.88863027,1.901446937
Bangladesh,BGD,2019,BGD2019,,,,6.056541667,326.094,25.72934783,1.906442609,25.19663624,2.004721209
Barbados,BRB,1990,BRB1990,,-0.0527109,13296.5,8.109,0.5221,26.36875,1.4823,26.09136896,1.035708725
Barbados,BRB,1991,BRB1991,,-0.0327829,12726.9,8.209,0.5238,26.39583333,1.474825,25.97387877,1.030591961
Barbados,BRB,1992,BRB1992,,-0.0540943,11967.7,8.3092,0.5259,26.175,1.6572,26.02626216,1.081206326
Barbados,BRB,1993,BRB1993,,0.006962,12015.5,8.4092,0.528,26.52708333,1.51245,26.17580965,0.981439877
Barbados,BRB,1994,BRB1994,,0.0362045,12210.3,8.5094,0.5299,26.22291667,1.481575,25.93336317,0.917875839
Barbados,BRB,1995,BRB1995,,0.0120365,12417.3,8.6098,0.532,26.57291667,1.634175,26.36721957,1.062102215
Barbados,BRB,1996,BRB1996,,0.0154456,12871.2,8.6098,0.534,26.32708333,1.7205,26.13475303,1.143316885
Barbados,BRB,1997,BRB1997,,0.0592535,13423,8.6098,0.5363,26.525,1.328625,26.27365504,0.992837036
Barbados,BRB,1998,BRB1998,,0.0374174,13868.5,8.6098,0.5383,27.08541667,1.8739,26.76830881,1.129320415
Barbados,BRB,1999,BRB1999,,0.0223982,13862,8.7098,0.5405,26.63958333,1.4812,26.27137286,1.055320327
Barbados,BRB,2000,BRB2000,,0.0191025,14437.5,9.01,0.5435,26.30208334,1.588375,26.00461838,1.038087988
Barbados,BRB,2001,BRB2001,,-0.0299635,14045.8,9.01,0.5456,26.56041667,1.410375,26.17605964,0.987738979
Barbados,BRB,2002,BRB2002,,0.0021371,14119.9,9.11,0.5465,26.53333334,1.279775,26.29768177,0.955712056
Barbados,BRB,2003,BRB2003,,0.014653,14380.8,9.11,0.5484,26.79166667,1.6313,26.3900466,0.985771529
Barbados,BRB,2004,BRB2004,,0.0092183,14537.4,9.21,0.5503,26.46041667,2.13325,26.28002103,1.296083558
Barbados,BRB,2005,BRB2005,,0.0341949,15073.1,9.21,0.5523,26.79791667,1.947025,26.62330708,1.524898104
Barbados,BRB,2006,BRB2006,,0.0505556,15869.3,9.21,0.5544,26.64583333,1.4766,26.42225702,1.178034103
Barbados,BRB,2007,BRB2007,,0.0116585,16074.1,9.3102,0.5578,26.45833334,1.503225,26.35165262,1.063363946
Barbados,BRB,2008,BRB2008,,-0.0014741,16077.3,9.3102,0.56,26.34791667,1.700675,26.11149588,1.096984156
Barbados,BRB,2009,BRB2009,,-0.0472075,15365.3,9.3102,0.5622,26.66875,1.33395,26.38865932,0.966740418
Barbados,BRB,2010,BRB2010,,-0.0024381,15346.8,9.4102,0.5642,27.02708333,2.01905,26.86192729,1.453514374
Barbados,BRB,2011,BRB2011,,0.0025475,15401.5,9.9116,0.566,26.62291667,2.050825,26.3676632,1.582993631
Barbados,BRB,2012,BRB2012,,-0.0049228,15389.7,10.5114,0.5678,26.49375,1.681725,26.3318346,1.129841149
Barbados,BRB,2013,BRB2013,,,15339.4,10.5114,0.5683,26.57291667,1.4759,26.34654995,1.08236961
Barbados,BRB,2014,BRB2014,,,15319.5,10.5114,0.5698,26.61041667,1.494975,26.22688192,0.915631477
Barbados,BRB,2015,BRB2015,,,15425.7,10.5114,0.5703,26.92916667,1.15045,26.4594417,0.787732085
Barbados,BRB,2016,BRB2016,,,,10.6122,0.5718,26.90416667,1.64925,26.66306443,1.085552057
Barbados,BRB,2017,BRB2017,,,,10.6122,0.5722,26.74375,1.7548,26.46455778,1.281709798
Barbados,BRB,2018,BRB2018,,,,10.6122,0.5737,26.42291667,1.5205,26.16586878,1.092653223
Barbados,BRB,2019,BRB2019,,,,10.6122,0.5741,26.70208333,1.132225,26.45213888,0.963314366
Belarus,BLR,1990,BLR1990,,,8083.6,,,7.828701821,0.710809195,7.959469842,0.885165471
Belarus,BLR,1991,BLR1991,,-0.0125632,7982.7,,,7.033006047,0.548346442,6.969042883,0.657726357
Belarus,BLR,1992,BLR1992,,-0.1030817,7200.8,,,7.275511364,0.576966683,7.251153824,0.697333882
Belarus,BLR,1993,BLR1993,,-0.081292,6638.6,,,6.230820486,0.654842386,6.036279971,0.779818596
Belarus,BLR,1994,BLR1994,,-0.1232574,5868.8,,,6.862210039,0.617300433,6.798288082,0.75491719
Belarus,BLR,1995,BLR1995,,-0.1065829,5275.4,8.416428571,20.388,7.002595251,0.605076316,7.153470881,0.664777797
Belarus,BLR,1996,BLR1996,,0.030956,5441.3,8.515428571,20.32,5.618065081,0.580196704,5.524343138,0.664383731
Belarus,BLR,1997,BLR1997,,0.1121984,6087.4,8.614428571,20.233,6.400099238,0.672117839,6.261694106,0.774354978
Belarus,BLR,1998,BLR1998,,0.0854137,6630.2,8.713571429,20.137,6.619871412,0.784332722,6.377695788,0.926778132
Belarus,BLR,1999,BLR1999,,0.0368172,6878.8,8.713571429,20.054,7.757824628,0.59234645,7.723016501,0.647269887
Belarus,BLR,2000,BLR2000,,0.0593743,7299.6,8.812714286,19.961,8.002742446,0.628098508,7.825873375,0.725809479
Belarus,BLR,2001,BLR2001,,0.0538965,7703.8,8.911714286,19.857,7.090145756,0.666913307,7.036007597,0.716258302
Belarus,BLR,2002,BLR2002,,0.0555871,8144.2,9.010571429,19.731,7.748740143,0.558183492,7.777096115,0.621965788
Belarus,BLR,2003,BLR2003,,0.0749792,8778.3,9.010571429,19.594,6.721651382,0.601467229,6.508530835,0.683687895
Belarus,BLR,2004,BLR2004,,0.1152659,9850.8,9.109571429,19.459,6.925886607,0.693267644,6.726479756,0.761689978
Belarus,BLR,2005,BLR2005,,0.0971243,10851.5,9.208571429,19.327,6.960540825,0.635907313,6.714588496,0.700752832
Belarus,BLR,2006,BLR2006,,0.1014164,12009.9,9.902571429,19.212,7.053021886,0.596251607,6.859760464,0.701580833
Belarus,BLR,2007,BLR2007,,0.0875288,13102.8,10.49857143,19.122,7.939339558,0.637719729,7.823387932,0.708653058
Belarus,BLR,2008,BLR2008,,0.1009173,14487.8,11.19142857,19.056,8.110864234,0.682778021,8.07217362,0.768407089
Belarus,BLR,2009,BLR2009,,0.0038405,14548.8,11.78714286,19.015,7.242121655,0.819523912,7.095224181,0.833146965
Belarus,BLR,2010,BLR2010,0.113117218,0.0763477,15703.1,11.88714286,18.982,6.834905635,0.734446525,6.828996843,0.79617324
Belarus,BLR,2011,BLR2011,-0.267768939,0.055748,16603.4,11.88857143,18.946,7.572899056,0.569792981,7.362774501,0.636221478
Belarus,BLR,2012,BLR2012,0.395940542,0.0181163,16906.9,11.88857143,18.93,6.949866538,0.761935685,6.714516841,0.841016394
Belarus,BLR,2013,BLR2013,0.134713968,0.0086944,17084.8,11.88857143,18.932,7.646125842,0.674176988,7.353408427,0.721458097
Belarus,BLR,2014,BLR2014,0.048931758,,17348.1,11.99,18.95,7.90009813,0.573442463,7.8314841,0.626196289
Belarus,BLR,2015,BLR2015,,,16621,12.08428571,18.981,8.585863902,0.539884091,8.721306569,0.593508761
Belarus,BLR,2016,BLR2016,,,,12.18571429,19.003,7.785227051,0.718382778,7.807450778,0.79529985
Belarus,BLR,2017,BLR2017,,,,12.18571429,18.997,7.665982744,0.759298077,7.582012732,0.85027232
Belarus,BLR,2018,BLR2018,,,,12.18571429,18.968,8.026552587,0.590526255,7.925727265,0.641472376
Belarus,BLR,2019,BLR2019,,,,12.18571429,18.935,8.773852118,0.572033524,8.885440984,0.643607861
Belgium,BEL,1990,BEL1990,0.162334124,0.0279096,247469,9.44475,19.934,10.91962121,0.78850303,10.61324046,0.799741241
Belgium,BEL,1991,BEL1991,-0.004682541,0.0144488,250726.5,9.545583333,20.007,9.729570706,0.770891515,9.478036677,0.739729047
Belgium,BEL,1992,BEL1992,0.083158811,0.0111335,253162.4,9.545583333,20.087,10.53363636,0.899832424,10.14525959,0.85841955
Belgium,BEL,1993,BEL1993,-0.077812513,-0.0135717,249360.2,9.646083333,20.168,9.892449494,0.947824242,9.621587495,0.930309994
Belgium,BEL,1994,BEL1994,,0.028678,256187.6,9.746666667,20.231,10.97260101,0.924140606,10.63540472,0.901245229
Belgium,BEL,1995,BEL1995,,0.0214733,261283.5,9.746666667,20.274,10.6930303,0.845067879,10.40584156,0.703695146
Belgium,BEL,1996,BEL1996,,0.0121897,264426.5,9.847916667,20.313,8.904040404,0.650127879,8.510601689,0.721157912
Belgium,BEL,1997,BEL1997,,0.0342509,273537.3,9.847916667,20.363,10.49926768,0.793288788,10.04486487,0.786061462
Belgium,BEL,1998,BEL1998,,0.0169707,278511.3,9.94775,20.406,10.42111111,1.032838182,9.905675536,1.051622637
Belgium,BEL,1999,BEL1999,,0.0324959,286765.2,10.04833333,20.452,11.04262626,0.974023333,10.49082822,0.927623439
Belgium,BEL,2000,BEL2000,,0.0336137,296044.2,10.04833333,20.504,11.06861111,1.020767576,10.50487126,1.043000529
Belgium,BEL,2001,BEL2001,,0.0046044,296585.3,10.24258333,20.574,10.55684343,1.057784242,10.01108728,1.073217969
Belgium,BEL,2002,BEL2002,,0.0090222,300550.3,10.34316667,20.665,11.00348485,1.013893939,10.62567584,1.012183972
Belgium,BEL,2003,BEL2003,,0.0038495,302183.8,10.44408333,20.752,10.85085859,0.715919697,10.49130277,0.711476179
Belgium,BEL,2004,BEL2004,0.127824465,0.0278906,311106.2,10.54583333,20.842,10.49603535,0.870309091,10.02063107,0.838306801
Belgium,BEL,2005,BEL2005,0.037945747,0.011859,315572,10.74416667,20.957,10.76409091,0.864721818,10.33569418,0.78361349
Belgium,BEL,2006,BEL2006,0.037835121,0.0197205,322606.1,11.16333333,21.095,11.0670202,0.876842424,10.67681232,0.890398643
Belgium,BEL,2007,BEL2007,0.117926598,0.021081,331029.4,11.15666667,21.253,11.20527778,0.972781515,10.74662686,0.968693135
Belgium,BEL,2008,BEL2008,0.05757618,0.0019037,331132.4,11.04416667,21.421,10.68265151,0.920382727,10.07408368,0.91188479
Belgium,BEL,2009,BEL2009,-0.094161034,-0.0364513,320553.5,11.15083333,21.592,10.73712121,0.866874242,10.18759806,0.846271535
Belgium,BEL,2010,BEL2010,0.00800705,0.0117097,326340.8,11.13666667,21.792,9.429343434,0.891677273,8.894617411,0.905723916
Belgium,BEL,2011,BEL2011,0.065315564,0.005785,327614.9,11.25666667,22.074,11.26790404,0.785289697,10.9034397,0.77947807
Belgium,BEL,2012,BEL2012,-0.054291725,-0.0086994,325746.8,11.2575,22.215,10.49633838,0.9858,9.998856603,0.969115298
Belgium,BEL,2013,BEL2013,0.017425855,-0.0040287,324146.3,11.4275,22.32,9.975707071,0.864285152,9.521663186,0.846186949
Belgium,BEL,2014,BEL2014,,,326930.9,11.54666667,22.417,11.81217172,0.878579697,11.27361607,0.925161584
Belgium,BEL,2015,BEL2015,,,329822.2,11.76333333,22.55,11.13462121,0.836861818,10.67162644,0.820669399
Belgium,BEL,2016,BEL2016,,,,11.84583333,22.663,10.85669192,0.932611818,10.48462467,0.915023443
Belgium,BEL,2017,BEL2017,,,,12.06083333,22.75,11.15073232,0.866792121,10.91464278,0.847839876
Belgium,BEL,2018,BEL2018,,,,12.05666667,22.854,11.68686869,0.754582727,11.39716105,0.759496501
Belgium,BEL,2019,BEL2019,,,,12.14833333,22.969,11.4775,0.86001697,11.08738832,0.890951513
Belize,BLZ,1990,BLZ1990,,0.0784472,5160.7,5.7734,0.3755,25.66666667,2.37155,24.35664391,1.831180916
Belize,BLZ,1991,BLZ1991,,0.0796765,5595.7,5.7734,0.3821,25.68229167,1.961375,24.73722706,1.4368191
Belize,BLZ,1992,BLZ1992,,0.0953903,6166.2,5.8712,0.3882,25.48645833,2.344675,24.4011045,1.552927166
Belize,BLZ,1993,BLZ1993,,0.0429444,6444,5.9692,0.3956,25.36666667,2.335125,24.42709166,1.700678019
Belize,BLZ,1994,BLZ1994,,-0.0180249,6324.1,6.165,0.4036,25.74583334,1.834575,24.75628347,1.198699353
Belize,BLZ,1995,BLZ1995,,-0.0161272,6202.3,6.2626,0.4139,25.80104167,2.3057125,24.97260881,1.515071503
Belize,BLZ,1996,BLZ1996,,-0.0116323,6093.3,6.3604,0.4277,25.41979167,1.9717875,24.19950348,1.672372451
Belize,BLZ,1997,BLZ1997,,0.0064787,6083.5,6.5564,0.4435,25.875,2.1192,24.89059315,1.558328716
Belize,BLZ,1998,BLZ1998,,0.0069704,6073.1,6.654,0.4603,26.115625,2.4036875,25.15628065,1.721085803
Belize,BLZ,1999,BLZ1999,,0.0544962,6365,6.7522,0.4781,25.35104167,2.129625,24.10373211,1.731954163
Belize,BLZ,2000,BLZ2000,,0.0939646,6953.8,6.9476,0.4942,25.540625,2.0758875,24.06641087,1.645391484
Belize,BLZ,2001,BLZ2001,,0.0216031,7082.7,7.0456,0.51,25.88854167,2.113375,24.38573939,1.470411001
Belize,BLZ,2002,BLZ2002,,0.0234846,7240.4,7.1434,0.5244,26.02604167,1.9066625,24.67061247,1.383240869
Belize,BLZ,2003,BLZ2003,,0.063394,7712,7.2412,0.5384,26.11666667,1.9094625,24.90036604,1.368098537
Belize,BLZ,2004,BLZ2004,,0.019852,7867.3,7.339,0.5536,26.03020833,1.9120125,24.66234807,1.389968779
Belize,BLZ,2005,BLZ2005,,0.0036532,7865.1,7.4368,0.5676,25.98020833,2.124,24.96584921,1.549501991
Belize,BLZ,2006,BLZ2006,,0.0202544,8014.1,7.7306,0.5824,25.92604167,2.7172,24.43593099,1.836518532
Belize,BLZ,2007,BLZ2007,,-0.0136389,7894.9,7.9002,0.598,25.86875,2.022,24.75870214,1.642226704
Belize,BLZ,2008,BLZ2008,,0.0127288,7943.2,8.1648,0.6138,25.88958333,2.2768,24.5030022,1.673220531
Belize,BLZ,2009,BLZ2009,,-0.0222015,7808.8,8.4246,0.6297,26.22708334,1.8083,24.92958259,1.36087307
Belize,BLZ,2010,BLZ2010,,0.0129205,7875.4,9.1618,0.6444,25.57395833,2.30335,24.70093645,1.616165302
Belize,BLZ,2011,BLZ2011,,-0.0113848,7855.7,8.7394,0.6604,26.09583333,2.4537125,24.77247513,1.610304413
Belize,BLZ,2012,BLZ2012,,0.0150882,7967.7,8.8354,0.6756,26.15520833,2.0606375,24.56339,1.62718852
Belize,BLZ,2013,BLZ2013,,-0.0170453,7896.7,8.9314,0.6918,26.04166667,2.9662,24.77747745,1.991951158
Belize,BLZ,2014,BLZ2014,,,8043.5,9.0272,0.7061,25.940625,2.2194875,24.58088302,1.751142665
Belize,BLZ,2015,BLZ2015,,,8024.8,9.1232,0.7222,26.47395833,1.8129875,25.06929776,1.664014902
Belize,BLZ,2016,BLZ2016,,,,9.3152,0.7359,26.540625,2.050375,25.00093993,1.584834385
Belize,BLZ,2017,BLZ2017,,,,9.411,0.7517,26.33125,2.0960125,24.9122841,1.70663594
Belize,BLZ,2018,BLZ2018,,,,9.411,0.7654,25.778125,2.3464875,24.70745464,1.56242492
Belize,BLZ,2019,BLZ2019,,,,9.507,0.7801,26.29375,1.505325,25.62067324,1.143710013
Benin,BEN,1990,BEN1990,,0.0524042,8613.9,1.529571429,9.957,27.51353009,0.967169097,26.85478657,1.202728543
Benin,BEN,1991,BEN1991,,0.0057892,8663.9,1.625285714,10.298,27.30814815,1.2002775,26.53497322,1.451457329
Benin,BEN,1992,BEN1992,,-0.007918,8595.6,1.720428571,10.663,27.21907986,0.903705486,26.41721085,1.174861668
Benin,BEN,1993,BEN1993,,0.0194584,8763.3,1.816142857,11.043,27.32923033,1.004165486,26.66452495,1.299307392
Benin,BEN,1994,BEN1994,,-0.0159534,8623.7,1.911714286,11.427,27.25790509,1.042996111,26.39712597,1.370507261
Benin,BEN,1995,BEN1995,,0.0249074,8842.1,2.007428571,11.811,27.48112847,1.163617778,26.7699958,1.358750576
Benin,BEN,1996,BEN1996,,0.010978,8942.2,2.103142857,12.188,27.51703125,1.053514792,26.77751936,1.220994305
Benin,BEN,1997,BEN1997,,0.0262522,9185.2,2.181285714,12.564,27.46662616,1.118185208,26.66026481,1.255804309
Benin,BEN,1998,BEN1998,,0.0101492,9287.1,2.259428571,12.94,28.02376736,1.009753958,27.29426448,1.085524229
Benin,BEN,1999,BEN1999,,0.0228335,9514,2.337857143,13.328,27.49122685,1.200024653,26.60027168,1.460575535
Benin,BEN,2000,BEN2000,,0.0169542,9784.2,2.416142857,13.731,27.73611111,0.960802014,26.76236788,1.135936375
Benin,BEN,2001,BEN2001,,0.0286697,9999.9,2.402142857,14.154,27.87433449,0.833225347,26.78244394,1.094105084
Benin,BEN,2002,BEN2002,,0.0103816,10145.5,2.493142857,14.592,27.89834491,1.060239445,26.77199184,1.295616755
Benin,BEN,2003,BEN2003,,0.0048074,10171.6,2.491428571,15.041,28.0076794,1.210204028,27.03659577,1.210523972
Benin,BEN,2004,BEN2004,,-0.002269,10298.2,2.490428571,15.499,27.81975695,1.11585382,26.91786359,1.148145146
Benin,BEN,2005,BEN2005,,-0.0039871,10142,2.581,15.964,28.13872685,0.986294514,27.12019975,1.056841878
Benin,BEN,2006,BEN2006,,0.0053984,10215.9,2.579714286,16.434,28.05604167,1.015414861,27.10125132,1.228792049
Benin,BEN,2007,BEN2007,,0.0144593,10499.1,2.556857143,16.91,28.01023727,1.205464445,26.9433911,1.119307428
Benin,BEN,2008,BEN2008,,0.0188965,10686.3,2.535285714,17.394,27.74891782,1.235837361,26.84198036,1.197681342
Benin,BEN,2009,BEN2009,,-0.0030581,10617.5,2.515428571,17.889,28.08678241,1.127437222,27.13057977,1.115794571
Benin,BEN,2010,BEN2010,,-0.0034882,10535.6,2.496714286,18.397,28.3631713,1.231838403,27.26129618,1.222889823
Benin,BEN,2011,BEN2011,,0.0067021,10548.4,2.479142857,18.922,28.01606482,1.037824931,26.97471038,1.056147437
Benin,BEN,2012,BEN2012,,0.0252682,10740.7,2.708857143,19.459,27.82588542,1.055722917,26.68208793,1.37650875
Benin,BEN,2013,BEN2013,,0.0277104,11176.3,2.945571429,20.009,27.99960069,0.992783472,27.05483528,1.007386472
Benin,BEN,2014,BEN2014,,,11596.9,3.095285714,20.573,28.17974537,1.099650695,26.95655535,1.335683321
Benin,BEN,2015,BEN2015,,,11888.8,3.344,21.152,28.19070602,0.949554861,27.04645055,1.092901808
Benin,BEN,2016,BEN2016,,,,3.502428571,21.745,28.41000579,0.972917083,27.30629085,1.330305319
Benin,BEN,2017,BEN2017,,,,3.565,22.35,28.23744213,1.029409861,27.34593733,1.156163142
Benin,BEN,2018,BEN2018,,,,3.829,22.97,28.21025463,1.149655,27.08441103,1.333642474
Benin,BEN,2019,BEN2019,,,,3.829,23.602,28.05750579,1.310422639,27.31398254,1.465928254
Bhutan,BTN,1990,BTN1990,,0.09157,2332.9,,,10.61746429,2.142488071,9.816833847,3.683326244
Bhutan,BTN,1991,BTN1991,,-0.002531,2327,,,10.3245754,2.242589714,9.605720489,3.616185612
Bhutan,BTN,1992,BTN1992,,0.0573992,2464.5,,,10.09438294,1.902465548,9.154390553,2.664378032
Bhutan,BTN,1993,BTN1993,,0.0373291,2558.2,,,10.50494643,2.068708524,9.607807987,3.81178967
Bhutan,BTN,1994,BTN1994,,0.0628203,2724,,,10.73722421,1.687265072,9.609933115,2.850447736
Bhutan,BTN,1995,BTN1995,,0.0732164,2931,,,11.01626389,2.046717238,9.684699556,3.579365227
Bhutan,BTN,1996,BTN1996,,0.0473285,3073.1,,,10.73333929,1.887886191,9.788772885,3.658616273
Bhutan,BTN,1997,BTN1997,,0.0357981,3185.1,,,10.04994643,1.904043619,8.705197958,3.43672744
Bhutan,BTN,1998,BTN1998,,0.0335846,3293.9,,,11.16916865,2.219215571,10.16200536,4.022846587
Bhutan,BTN,1999,BTN1999,,0.0493481,3460.4,,,11.37461111,2.242187286,10.42325604,3.244504752
Bhutan,BTN,2000,BTN2000,,0.0387256,3596.7,,,10.50825198,2.216589095,9.434991995,3.529130366
Bhutan,BTN,2001,BTN2001,,0.0499627,3780.5,,,11.17828373,2.267644762,9.898767871,2.734657486
Bhutan,BTN,2002,BTN2002,,0.0721118,4062.7,,,10.87509722,1.967461643,9.656868018,3.489972768
Bhutan,BTN,2003,BTN2003,,0.044331,4246,,,10.92301786,2.074080595,9.609245782,3.489819159
Bhutan,BTN,2004,BTN2004,,0.0292795,4370.4,,,10.95844841,2.051014691,9.50595235,4.027405642
Bhutan,BTN,2005,BTN2005,,0.0430699,4560,1.969857143,1.29787,11.18759524,1.75131131,9.776273481,2.913907811
Bhutan,BTN,2006,BTN2006,,0.0432227,4757.2,1.969857143,1.31443,11.64173413,1.835790548,10.28078927,2.615829156
Bhutan,BTN,2007,BTN2007,,0.1443679,5490.2,1.969857143,1.32989,11.50564683,2.064304333,10.12810687,3.537482936
Bhutan,BTN,2008,BTN2008,,0.0279244,5640.1,1.969857143,1.34364,11.11433532,2.256014452,9.912398581,3.605250599
Bhutan,BTN,2009,BTN2009,,0.0467177,5906.5,1.969857143,1.35638,11.86940873,1.545189595,10.4972514,3.432471656
Bhutan,BTN,2010,BTN2010,,0.0934799,6485.6,1.969857143,1.37144,11.77183929,2.131559881,10.53015084,4.191575424
Bhutan,BTN,2011,BTN2011,,0.0648108,6882.7,1.969857143,1.38629,11.05300397,1.905078071,9.735254328,3.247036743
Bhutan,BTN,2012,BTN2012,,0.0283174,7120.3,2.141285714,1.40365,10.74173413,1.798098857,9.612172778,3.64944789
Bhutan,BTN,2013,BTN2013,,0.0324048,7167.5,2.398238095,1.42001,10.84599405,2.023476738,9.820468616,2.936520311
Bhutan,BTN,2014,BTN2014,,,7456.3,2.655190476,1.43778,11.1597619,1.834367524,9.96457669,3.302240035
Bhutan,BTN,2015,BTN2015,,,7601.4,2.912238095,1.45584,10.90432143,1.870205191,9.798656094,3.384944129
Bhutan,BTN,2016,BTN2016,,,,3.254714286,1.4737,11.3173254,1.934336381,10.47312257,3.540045317
Bhutan,BTN,2017,BTN2017,,,,3.511761905,1.49147,11.26432143,2.075344571,10.3055551,3.517919052
Bhutan,BTN,2018,BTN2018,,,,3.511761905,1.50823,10.87157143,1.606872238,9.867028698,3.330815159
Bhutan,BTN,2019,BTN2019,,,,3.511761905,1.52609,11.10752183,1.834373405,9.925093027,3.561133993
Bolivia,BOL,1990,BOL1990,0.017993715,0.0217266,35041.8,6.184,13.7284,18.27697037,0.998031689,16.86380683,1.543463695
Bolivia,BOL,1991,BOL1991,0.041061772,0.0276615,35553.8,6.2808,14.0225,18.58107159,1.009359279,17.0911355,1.568076425
Bolivia,BOL,1992,BOL1992,0.01901865,-0.0073289,34893.7,6.4741,14.3226,18.33401571,0.999864717,16.61066673,1.609038914
Bolivia,BOL,1993,BOL1993,-0.022071044,0.018297,35584,6.5705,14.6268,18.56643269,0.984665191,16.77832366,1.510251335
Bolivia,BOL,1994,BOL1994,0.011713399,0.0224352,36481.2,6.7638,14.9329,18.98219928,0.967772411,17.30613343,1.475457665
Bolivia,BOL,1995,BOL1995,0.088098791,0.0229921,37174.6,6.8605,15.2451,18.59270209,0.727730143,17.47567468,1.179033184
Bolivia,BOL,1996,BOL1996,0.057957967,0.0204647,37802.4,6.9571,15.5583,18.09282372,0.928411073,16.97616047,1.460470547
Bolivia,BOL,1997,BOL1997,0.073838287,0.0266157,39772,6.9571,15.8755,18.65118029,1.014796921,17.46893173,1.474819524
Bolivia,BOL,1998,BOL1998,0.05635537,0.0277786,41796.3,7.0536,16.1936,18.72351076,0.962624688,17.55988243,1.437717676
Bolivia,BOL,1999,BOL1999,-0.005797757,-0.0166477,41587,7.1997,16.514,17.96828127,1.051680684,16.91611402,1.369826522
Bolivia,BOL,2000,BOL2000,-0.027699524,0.0042108,42011.9,7.2486,16.8364,18.16657848,1.103071199,16.90948003,1.397387073
Bolivia,BOL,2001,BOL2001,-0.043829918,-0.0035536,42358.2,7.1982,17.1597,18.12726523,1.101931782,17.13327232,1.435852874
Bolivia,BOL,2002,BOL2002,-0.057988114,0.0046471,42584.2,7.1461,17.4851,18.30558667,1.022913101,17.55725103,1.301781766
Bolivia,BOL,2003,BOL2003,-0.008036772,0.00733,42674.6,7.0916,17.8115,18.05221735,1.015294053,17.4537061,1.359186812
Bolivia,BOL,2004,BOL2004,0.059168339,0.0221179,43921.5,7.0838,18.1394,18.42169151,0.985627539,17.09665596,1.412688182
Bolivia,BOL,2005,BOL2005,0.020206663,0.0252408,46086.6,6.9765,18.4634,18.18759603,0.86987502,17.18583288,1.426117138
Bolivia,BOL,2006,BOL2006,0.146182113,0.0296137,47787.6,7.2678,18.7903,18.40824669,1.020915558,17.4116755,1.494484792
Bolivia,BOL,2007,BOL2007,0.111496978,0.0280583,49603.7,7.0613,19.1173,18.03103137,0.988482812,17.311225,1.479275877
Bolivia,BOL,2008,BOL2008,0.237038294,0.0435088,52251.2,7.5511,19.4423,17.84164837,0.996464784,17.04675066,1.50047231
Bolivia,BOL,2009,BOL2009,0.048548275,0.0169491,52643.1,7.6506,19.7692,18.17975659,1.079849646,17.41866833,1.498979939
Bolivia,BOL,2010,BOL2010,0.11892022,0.0242401,53913.9,7.7499,20.0982,18.34990154,0.948055951,17.76992143,1.255273316
Bolivia,BOL,2011,BOL2011,0.148610592,0.0340547,55819.1,7.9486,20.4272,18.22838531,1.037359219,17.36484063,1.476116805
Bolivia,BOL,2012,BOL2012,0.061096986,0.033962,57758.2,7.9486,20.7551,18.26654095,1.002026847,17.44247212,1.560634941
Bolivia,BOL,2013,BOL2013,0.091022756,0.0490321,60727.8,8.3462,21.0851,18.04308655,1.018876182,17.29651345,1.45238366
Bolivia,BOL,2014,BOL2014,0.052429729,,63061.7,8.4456,21.4131,18.60631953,1.060050525,17.42968211,1.600430417
Bolivia,BOL,2015,BOL2015,,,64564.5,8.6442,21.739,18.83711305,0.952249121,17.75856286,1.486512121
Bolivia,BOL,2016,BOL2016,,,,8.744,22.062,18.53470732,0.82768086,17.69451484,1.344692475
Bolivia,BOL,2017,BOL2017,,,,8.8427,22.3849,18.59664404,0.957460472,17.73151899,1.521094532
Bolivia,BOL,2018,BOL2018,,,,8.9425,22.7059,18.18727057,1.12994211,17.29976397,1.599185325
Bolivia,BOL,2019,BOL2019,,,,8.9425,23.0248,18.48535191,0.89226321,17.757201,1.494681152
Bosnia Herzegovi,BIH,1990,BIH1990,,,32399.5,,,10.07588889,0.836576191,9.769263444,0.982061164
Bosnia Herzegovi,BIH,1991,BIH1991,,,28057.5,,,8.902452381,1.173198286,8.271804758,1.274990618
Bosnia Herzegovi,BIH,1992,BIH1992,,,22983.8,,,10.12780952,0.969725905,9.609092919,1.007894623
Bosnia Herzegovi,BIH,1993,BIH1993,,,19421.8,,,9.569761904,0.995718095,8.922900748,1.082013781
Bosnia Herzegovi,BIH,1994,BIH1994,,,20273.8,,,10.83769048,0.937187429,10.11220423,1.013759981
Bosnia Herzegovi,BIH,1995,BIH1995,,0.2275239,21567.8,,,9.547071429,1.255228381,8.697513678,1.249963268
Bosnia Herzegovi,BIH,1996,BIH1996,,0.6464637,41466.8,,,8.969428571,1.258983714,8.090942517,1.312580646
Bosnia Herzegovi,BIH,1997,BIH1997,,0.2812101,56157.4,,,9.482063491,1.010425619,8.733185012,1.132392522
Bosnia Herzegovi,BIH,1998,BIH1998,,0.1157521,64939.4,,,9.862785714,1.092407714,9.075224115,1.108348384
Bosnia Herzegovi,BIH,1999,BIH1999,,0.0615863,70970.1,,,9.984444447,1.300049809,9.276012308,1.381493911
Bosnia Herzegovi,BIH,2000,BIH2000,,0.0318273,74657.2,6.932666667,7.502,10.97849206,0.854999905,10.46955026,0.946935918
Bosnia Herzegovi,BIH,2001,BIH2001,,0.0313947,77757.2,7.031666667,7.51,10.01180159,1.158491429,9.272807298,1.421792477
Bosnia Herzegovi,BIH,2002,BIH2002,,0.046956,81646.6,7.130833333,7.518,10.67953175,1.187766857,9.928167984,1.339031372
Bosnia Herzegovi,BIH,2003,BIH2003,,0.0396826,84663.9,7.130833333,7.523,10.10406349,0.839169048,9.576676011,0.983954655
Bosnia Herzegovi,BIH,2004,BIH2004,0.1913112,0.0615391,89574.9,7.229666667,7.528,9.68886508,1.257649429,9.147384069,1.389044884
Bosnia Herzegovi,BIH,2005,BIH2005,0.060113589,0.0505657,97171.5,7.329,7.53,9.17718254,1.266345524,8.305491262,1.37861136
Bosnia Herzegovi,BIH,2006,BIH2006,0.080021858,0.0613586,102199.3,7.329,7.531,9.989976191,0.975649524,9.324135038,1.153076452
Bosnia Herzegovi,BIH,2007,BIH2007,0.203878403,0.0678202,107934.6,7.449666667,7.526,10.90365873,1.049155809,10.19350897,1.209506004
Bosnia Herzegovi,BIH,2008,BIH2008,0.166716258,0.0547134,113800.8,7.570333333,7.509,10.86123016,1.043495524,10.17777799,1.203255354
Bosnia Herzegovi,BIH,2009,BIH2009,-0.090900739,-0.0275213,110524.3,7.6905,7.472,10.69323809,1.155707619,9.859733433,1.329144248
Bosnia Herzegovi,BIH,2010,BIH2010,-0.047765096,0.0089282,111374.3,7.1095,7.41,9.873912697,1.470798191,9.118074607,1.565836939
Bosnia Herzegovi,BIH,2011,BIH2011,0.080716451,0.0146356,112390.3,7.227833333,7.321,10.49824603,0.770708286,9.862798915,0.801487465
Bosnia Herzegovi,BIH,2012,BIH2012,-0.086434682,-0.0056156,111373,8.332333333,7.211,10.83830159,0.997246667,10.05851245,1.079544124
Bosnia Herzegovi,BIH,2013,BIH2013,0.043370883,0.0048456,114101.5,8.733666667,7.086,10.6300873,1.263364,9.989836993,1.248233691
Bosnia Herzegovi,BIH,2014,BIH2014,0.029202461,,115516.5,8.9345,6.963,11.15073809,1.481651619,10.52728382,1.573619013
Bosnia Herzegovi,BIH,2015,BIH2015,-0.137682597,,119387.1,9.034833333,6.858,11.05124603,1.020686095,10.2903135,1.116037858
Bosnia Herzegovi,BIH,2016,BIH2016,,,,9.738333333,6.773,10.67126984,1.191267809,10.05049851,1.281540871
Bosnia Herzegovi,BIH,2017,BIH2017,,,,9.838,6.703,10.72139683,0.962827429,9.913307165,1.197073856
Bosnia Herzegovi,BIH,2018,BIH2018,,,,9.838,6.647,11.49177778,1.065897619,10.48417193,1.310477332
Bosnia Herzegovi,BIH,2019,BIH2019,,,,9.838,6.601,11.56115079,1.248981619,10.62485415,1.259835059
Botswa,BWA,1990,BWA1990,,0.0358525,8099.3,5.856818182,2.574,21.5298927,0.319357896,21.78307399,0.391181743
Botswa,BWA,1991,BWA1991,,0.0430208,8456.5,6.176272727,2.65082,21.34896166,0.484016969,21.00543582,0.557418392
Botswa,BWA,1992,BWA1992,,0.0006789,8462.7,6.389363636,2.72735,22.24190973,0.266714462,22.34704431,0.28476581
Botswa,BWA,1993,BWA1993,,-0.00811,8395.4,6.602454545,2.79877,21.75365295,0.328583435,21.68465535,0.461058131
Botswa,BWA,1994,BWA1994,,0.0096942,8480.8,6.921727273,2.86819,21.15069037,0.315861643,21.19658168,0.347781471
Botswa,BWA,1995,BWA1995,,0.0432714,8863.1,7.134818182,2.93841,21.82257306,0.402591047,22.05745765,0.421779077
Botswa,BWA,1996,BWA1996,,0.0332334,9173,7.348090909,3.00983,21.22096549,0.487503035,20.81468702,0.52245806
Botswa,BWA,1997,BWA1997,,0.055024,9704.5,7.561,3.08036,21.39994143,0.489903031,20.90006299,0.512892591
Botswa,BWA,1998,BWA1998,,-0.0135854,9586.6,7.773818182,3.15168,22.04053064,0.45050604,21.80581196,0.452227828
Botswa,BWA,1999,BWA1999,,0.0730962,10327.1,7.880272727,3.22,21.81135449,0.375923236,21.54089417,0.422027721
Botswa,BWA,2000,BWA2000,,0.0021825,10361.3,8.093909091,3.28612,21.06426007,0.54950471,20.07063972,0.742442591
Botswa,BWA,2001,BWA2001,,-0.0133079,10234.3,7.405545455,3.3498,21.50884639,0.49241622,20.79273197,0.615552775
Botswa,BWA,2002,BWA2002,,0.0446568,10708.8,7.615636364,3.4103,21.7062378,0.367857241,21.87841274,0.298654335
Botswa,BWA,2003,BWA2003,,0.032245,11057.1,7.728909091,3.4677,22.01368372,0.362651854,22.33144223,0.326108867
Botswa,BWA,2004,BWA2004,,0.0146914,11199.7,7.841636364,3.5324,22.11044641,0.467809683,21.20474251,0.48336587
Botswa,BWA,2005,BWA2005,,0.0332649,11532.6,8.050272727,3.5971,22.50607929,0.382251856,22.45863256,0.402708908
Botswa,BWA,2006,BWA2006,,0.0659073,12288.4,8.161545455,3.6724,21.54136022,0.462975578,20.3791506,0.610992203
Botswa,BWA,2007,BWA2007,,0.0731607,13066.3,8.272454545,3.7499,21.86886133,0.360814525,21.2735512,0.341536519
Botswa,BWA,2008,BWA2008,,0.028643,13617.8,8.382636364,3.8305,21.99704695,0.424561361,21.02245018,0.478451243
Botswa,BWA,2009,BWA2009,,-0.0909182,12329.2,8.589,3.9048,22.05715635,0.432092517,20.67769405,0.546773382
Botswa,BWA,2010,BWA2010,,0.0734567,13119.6,8.698363636,3.9726,22.12066187,0.492755457,21.37485815,0.516949078
Botswa,BWA,2011,BWA2011,,0.0512162,13634.3,8.709818182,4.0299,21.52860062,0.497833513,20.68678799,0.535009636
Botswa,BWA,2012,BWA2012,,0.0330622,13954,8.898727273,4.0803,21.8315514,0.36042407,21.66507386,0.373360559
Botswa,BWA,2013,BWA2013,,0.0487359,15022.2,9.087909091,4.1267,21.67688612,0.411145282,21.80003406,0.390376303
Botswa,BWA,2014,BWA2014,,,15200.2,9.187545455,4.1785,21.7800864,0.401003768,20.89634138,0.597612863
Botswa,BWA,2015,BWA2015,,,14876.3,9.187545455,4.2428,22.43602707,0.335914951,22.87856943,0.260483577
Botswa,BWA,2016,BWA2016,,,,9.288090909,4.3209,22.4509333,0.412991035,22.64071029,0.435606766
Botswa,BWA,2017,BWA2017,,,,9.288090909,4.4106,21.87680063,0.516195503,21.28493683,0.625202261
Botswa,BWA,2018,BWA2018,,,,9.387454545,4.5084,22.14946535,0.401415798,22.26690455,0.393592967
Botswa,BWA,2019,BWA2019,,,,9.587727273,4.6094,22.80547127,0.416085966,23.10179666,0.348043826
Brazil,BRA,1990,BRA1990,-0.028603006,-0.0612725,120460,3.501321429,298.006,24.4418684,1.380417948,23.99453451,1.339611913
Brazil,BRA,1991,BRA1991,-0.158233325,-0.0015945,123730.4,3.593428571,303.298,24.33876652,1.431901336,23.76598239,1.457710349
Brazil,BRA,1992,BRA1992,-0.031916724,-0.020618,119606.5,3.77775,308.517,24.19282855,1.470671474,23.6618903,1.504835549
Brazil,BRA,1993,BRA1993,0.152404573,0.0301074,118519,3.962035714,313.702,24.41705292,1.322262036,24.01097454,1.344746519
Brazil,BRA,1994,BRA1994,0.152003483,0.036663,129649.6,4.146357143,318.866,24.45371549,1.547641998,23.88599457,1.509538379
Brazil,BRA,1995,BRA1995,0.179727713,0.0279218,136098.5,4.238571429,324.044,24.53289162,1.446001105,23.96350236,1.363771621
Brazil,BRA,1996,BRA1996,0.08224263,0.0059379,139002.5,4.422714286,329.232,24.33484202,1.518633809,23.77880747,1.557839497
Brazil,BRA,1997,BRA1997,0.011866305,0.0179014,140707.9,4.606964286,334.417,24.53475437,1.472584028,24.01609729,1.485259543
Brazil,BRA,1998,BRA1998,-0.028035711,-0.0147874,138793,4.791214286,339.57,24.97741067,1.415883462,24.59801715,1.404713891
Brazil,BRA,1999,BRA1999,-0.418098096,-0.012289,135923.5,4.975607143,344.642,24.42488782,1.450322934,23.7433287,1.447799342
Brazil,BRA,2000,BRA2000,0.099846769,0.0277349,140876.2,5.16,349.579,24.31876209,1.640379435,23.57334111,1.555301328
Brazil,BRA,2001,BRA2001,-0.169334076,-0.000954,142291.1,5.372285714,354.395,24.65716312,1.428271171,24.00537707,1.375380518
Brazil,BRA,2002,BRA2002,-0.024964509,0.0126,145945.9,5.584928571,359.076,24.85441016,1.478399077,24.28816607,1.40590874
Brazil,BRA,2003,BRA2003,0.091554871,-0.0016629,146526.9,5.797428571,363.618,24.6889078,1.414982092,24.16187736,1.339597101
Brazil,BRA,2004,BRA2004,0.169447881,0.0432231,154555.1,5.822214286,368.012,24.47642006,1.55150497,23.87572296,1.507286428
Brazil,BRA,2005,BRA2005,0.270357962,0.0195553,158313.9,5.939714286,372.252,24.80830512,1.538325474,24.2543317,1.437553469
Brazil,BRA,2006,BRA2006,0.207417506,0.0281478,163490.8,6.056714286,376.333,24.64588205,1.524909354,24.02071417,1.44119936
Brazil,BRA,2007,BRA2007,0.226279029,0.049317,172133.9,6.172964286,380.257,24.73420551,1.425061466,24.1934825,1.330319006
Brazil,BRA,2008,BRA2008,0.187095554,0.0411358,180225.2,6.384142857,384.059,24.43218499,1.598293754,23.82185319,1.556529416
Brazil,BRA,2009,BRA2009,-0.018649401,-0.0122449,178067.9,6.499678571,387.772,24.6503037,1.682673435,24.03164821,1.640053206
Brazil,BRA,2010,BRA2010,0.414584266,0.0637872,185239,6.614857143,391.424,24.87151968,1.495308014,24.34257033,1.381699779
Brazil,BRA,2011,BRA2011,0.166100325,0.0181607,190654.8,6.806535714,395.029,24.46403979,1.599236837,23.75710295,1.579067445
Brazil,BRA,2012,BRA2012,-0.061066027,0.0015648,192497.8,6.99825,398.571,24.80049485,1.284779505,24.2920565,1.237911395
Brazil,BRA,2013,BRA2013,-0.033574246,0.0160641,196496.4,7.094214286,402.067,24.68936423,1.498252234,24.12595029,1.469600878
Brazil,BRA,2014,BRA2014,,,194963.8,7.094214286,405.522,24.86220004,1.411272836,24.20436307,1.368820134
Brazil,BRA,2015,BRA2015,,,185866.8,7.285928571,408.943,25.17575073,1.33190598,24.74211595,1.305720104
Brazil,BRA,2016,BRA2016,,,,7.381892857,412.322,25.08569348,1.30729095,24.59345891,1.357824022
Brazil,BRA,2017,BRA2017,,,,7.477821429,415.664,25.00923542,1.351118351,24.43388967,1.394658718
Brazil,BRA,2018,BRA2018,,,,7.477821429,418.934,24.8661318,1.451554459,24.24693359,1.429699919
Brazil,BRA,2019,BRA2019,,,,7.669392857,422.095,25.21011356,1.370359445,24.77275115,1.315771794
Brunei Darussalam,BRN,1990,BRN1990,,-0.0175321,77073.3,7.5,0.259,26.86388889,2.620033333,25.59503708,2.61104694
Brunei Darussalam,BRN,1991,BRN1991,,0.0025686,77264.9,7.6,0.266,26.88888889,2.648,25.36829462,3.103942364
Brunei Darussalam,BRN,1992,BRN1992,,0.0181311,78672.8,7.7,0.274,26.76388889,2.521533333,25.36158868,2.708133698
Brunei Darussalam,BRN,1993,BRN1993,,-0.0249418,76732.2,7.8,0.282,26.70555556,2.704933333,25.24921083,2.849757254
Brunei Darussalam,BRN,1994,BRN1994,,0.0037448,77023.8,8,0.289,26.775,2.8386,25.40105972,2.660998911
Brunei Darussalam,BRN,1995,BRN1995,,0.0175982,78403.9,8.1,0.297,26.79722222,3.371966667,25.46367069,2.998274952
Brunei Darussalam,BRN,1996,BRN1996,,0.0032446,78676.7,8.1,0.305,26.69722222,3.576733333,25.20374032,3.473247916
Brunei Darussalam,BRN,1997,BRN1997,,-0.0389659,75693,8.2,0.312,27.00277778,2.7982,25.45634072,2.653204739
Brunei Darussalam,BRN,1998,BRN1998,,-0.0289148,73577.3,8.2,0.319,27.36111111,2.8516,26.00132809,3.001596451
Brunei Darussalam,BRN,1999,BRN1999,,0.0073531,74198.2,8.2,0.326,26.87777778,3.933733333,25.19494644,3.24173218
Brunei Darussalam,BRN,2000,BRN2000,,0.005849,74755.9,8.3,0.333,26.93333333,3.712033333,25.34672007,2.974152952
Brunei Darussalam,BRN,2001,BRN2001,,0.0052697,75321.6,8.3,0.34,27.01111111,3.468133333,25.40860225,3.018637359
Brunei Darussalam,BRN,2002,BRN2002,,0.0167121,76800.6,8.4,0.347,27.08611111,2.7857,25.86962475,2.183936059
Brunei Darussalam,BRN,2003,BRN2003,,0.0079354,77635,8.4,0.353,26.91388889,3.1151,25.76616816,2.56602627
Brunei Darussalam,BRN,2004,BRN2004,,-0.0149801,76679,8.4,0.359,26.88055556,2.819,25.55369006,2.377014399
Brunei Darussalam,BRN,2005,BRN2005,,-0.015397,75659.7,8.5,0.365,26.94444444,3.319166667,25.75513933,2.410728157
Brunei Darussalam,BRN,2006,BRN2006,,0.0245,77643.7,8.5,0.37,26.90833333,3.625366666,25.42021746,2.794089466
Brunei Darussalam,BRN,2007,BRN2007,,-0.0162912,76453.5,8.6,0.375,26.81388889,3.6509,25.23878984,3.673477352
Brunei Darussalam,BRN,2008,BRN2008,,-0.0366833,73724.9,8.7,0.379,26.575,4.099033333,25.01344215,3.975095719
Brunei Darussalam,BRN,2009,BRN2009,,-0.0341194,71246.4,8.7,0.384,26.94722222,3.6737,25.66006463,2.916790843
Brunei Darussalam,BRN,2010,BRN2010,,0.0101373,71941.6,8.8,0.389,26.88888889,3.937166667,25.63946116,3.770618826
Brunei Darussalam,BRN,2011,BRN2011,,0.0189957,73265.1,8.8,0.394,26.79722222,3.927333333,25.3198509,3.451219559
Brunei Darussalam,BRN,2012,BRN2012,,-0.0045485,72853,8.9,0.399,27.01944444,3.441533333,25.37965485,3.265301108
Brunei Darussalam,BRN,2013,BRN2013,,-0.0310386,70535.3,8.9,0.404,27.09444444,3.559133333,25.4678538,3.193277985
Brunei Darussalam,BRN,2014,BRN2014,,,67911.9,9,0.41,26.92222222,3.261533333,25.28625049,3.230875313
Brunei Darussalam,BRN,2015,BRN2015,,,66647.2,9,0.415,27.275,2.8901,25.53843443,3.079415113
Brunei Darussalam,BRN,2016,BRN2016,,,,9.1,0.42,27.55833333,2.607633333,26.02116646,2.857846975
Brunei Darussalam,BRN,2017,BRN2017,,,,9.1,0.424,27.12222222,3.856966667,25.48521034,3.530695289
Brunei Darussalam,BRN,2018,BRN2018,,,,9.1,0.429,27.19444444,3.686333333,25.57564824,3.204274476
Brunei Darussalam,BRN,2019,BRN2019,,,,9.1,0.433,27.37777778,3.028466667,25.8477982,2.827969253
Bulgaria,BGR,1990,BGR1990,,-0.0775639,253977.7,8.499857143,17.435,11.17574956,0.488984689,11.19775666,0.602581995
Bulgaria,BGR,1991,BGR1991,,-0.0783299,232864.3,8.499857143,17.265,10.04074901,0.654980986,9.696583068,0.845139706
Bulgaria,BGR,1992,BGR1992,,-0.0647654,216209.4,8.595285714,17.08,10.48006779,0.518306217,10.4836251,0.638990017
Bulgaria,BGR,1993,BGR1993,,-0.0069361,212132.3,8.690714286,16.944,10.2114666,0.50014041,10.22668383,0.627109022
Bulgaria,BGR,1994,BGR1994,,0.0214127,213068.2,8.786285714,16.887,11.64295359,0.581585317,11.70924019,0.686359707
Bulgaria,BGR,1995,BGR1995,,0.0326545,214581.2,8.881857143,16.812,10.62926036,0.768384789,10.1700942,0.780050651
Bulgaria,BGR,1996,BGR1996,,-0.0894837,210259.7,8.881857143,16.726,10.25659722,0.626013988,9.755500468,0.778928938
Bulgaria,BGR,1997,BGR1997,,-0.0105042,216578.4,8.977428571,16.625,10.04438933,0.703963988,9.697493576,0.851315489
Bulgaria,BGR,1998,BGR1998,,0.054142,222667.5,8.977428571,16.513,10.81876929,0.731600628,10.55459467,0.824461175
Bulgaria,BGR,1999,BGR1999,,0.0250575,206940.3,9.073,16.422,11.51921296,0.685417527,11.21912841,0.814449502
Bulgaria,BGR,2000,BGR2000,,0.0603737,219892.9,9.073,16.341,11.56127094,0.431505258,11.38577466,0.476159784
Bulgaria,BGR,2001,BGR2001,0.100160701,0.0596583,231778.7,9.330142857,16.018,11.43263613,0.548569808,11.10238088,0.701431489
Bulgaria,BGR,2002,BGR2002,0.151651382,0.0650391,247625.7,9.404,15.675,11.5295442,0.696103439,11.04869333,0.871988099
Bulgaria,BGR,2003,BGR2003,0.225394487,0.0592648,259428.2,10.03128571,15.551,10.63441358,0.608429927,10.3569361,0.701956743
Bulgaria,BGR,2004,BGR2004,0.188244598,0.0702847,275561.9,10.02785714,15.435,11.09221781,0.632200926,10.77035666,0.711432016
Bulgaria,BGR,2005,BGR2005,0.110801441,0.0673522,292122.1,10.12728571,15.318,10.67811122,0.805107507,10.21943191,1.033464323
Bulgaria,BGR,2006,BGR2006,0.087342007,0.0682705,303293.2,10.41857143,15.203,10.84053957,0.674528076,10.68477957,0.730636511
Bulgaria,BGR,2007,BGR2007,0.238139272,0.0821986,325157.4,10.50857143,15.091,11.95427965,0.687758135,11.84935905,0.765877967
Bulgaria,BGR,2008,BGR2008,0.189324651,0.0671732,347256.5,10.60857143,14.985,11.87695933,0.507230423,11.48218505,0.612066424
Bulgaria,BGR,2009,BGR2009,-0.042071615,-0.0501275,323166.2,10.60857143,14.889,11.8200011,0.744884127,11.34944527,0.761404418
Bulgaria,BGR,2010,BGR2010,-0.026997158,0.0105748,324714.5,10.70285714,14.792,11.78189208,0.78275043,11.21520991,0.859823435
Bulgaria,BGR,2011,BGR2011,0.161323139,0.0242522,331973.4,10.79857143,14.696,10.85400408,0.528600496,10.48172703,0.622415947
Bulgaria,BGR,2012,BGR2012,-0.058717898,0.0117843,334685.8,10.9,14.612,11.8836034,0.658465377,11.57417601,0.7111052
Bulgaria,BGR,2013,BGR2013,0.033432961,0.0145429,340871,10.99857143,14.53,11.97586254,0.603951356,11.78614489,0.693555697
Bulgaria,BGR,2014,BGR2014,0.035508905,,348130.2,10.98857143,14.448,12.00499614,0.943925827,11.49694516,1.103712242
Bulgaria,BGR,2015,BGR2015,,,360757.1,11.18428571,14.356,11.86705522,0.747868089,11.71818145,0.763197713
Bulgaria,BGR,2016,BGR2016,,,,11.17571429,14.255,11.95718695,0.689680258,11.69299343,0.753580153
Bulgaria,BGR,2017,BGR2017,,,,11.27,14.152,11.76023755,0.758390576,11.14474262,0.791321896
Bulgaria,BGR,2018,BGR2018,,,,11.27142857,14.05,12.330889,0.713212401,11.63843386,0.814043679
Bulgaria,BGR,2019,BGR2019,,,,11.26571429,13.951,12.82487048,0.554599669,12.3424693,0.661836353
Burki Faso,BFA,1990,BFA1990,,-0.0326387,821.2,,,29.07668124,0.683488013,28.55147265,0.559864794
Burki Faso,BFA,1991,BFA1991,,0.0600495,872.1,,,28.83939078,0.893095492,28.099644,0.640633379
Burki Faso,BFA,1992,BFA1992,,-0.0246051,850.9,,,28.47310412,0.798814752,27.58132177,0.697320057
Burki Faso,BFA,1993,BFA1993,,0.0069324,856.8,,,28.99054997,0.751023223,28.35652889,0.564532448
Burki Faso,BFA,1994,BFA1994,,-0.014209,844.7,,,28.4718597,0.994255041,27.5873428,0.7680988
Burki Faso,BFA,1995,BFA1995,,0.0281305,868.8,,,28.81369561,0.795390857,27.96415321,0.650434945
Burki Faso,BFA,1996,BFA1996,,0.0768613,938.2,,,29.05477491,0.813878613,28.38312948,0.587678264
Burki Faso,BFA,1997,BFA1997,,0.0334518,970,,,29.0364814,0.748239024,28.09071314,0.641500065
Burki Faso,BFA,1998,BFA1998,,0.0425291,1012.1,,,29.42421572,0.848436218,28.47147278,0.684719515
Burki Faso,BFA,1999,BFA1999,,0.0431925,1056.8,,,28.85202967,0.884736506,27.91567018,0.734417302
Burki Faso,BFA,2000,BFA2000,,-0.0101846,1046,1.073,23.215,28.99454497,0.732128295,27.92929286,0.646918013
Burki Faso,BFA,2001,BFA2001,,0.0350626,1083.8,1.136571429,23.889,29.12636412,0.769177905,28.19620245,0.604582041
Burki Faso,BFA,2002,BFA2002,,0.0212553,1099,1.114642857,24.584,29.40365822,0.709087587,28.54622789,0.557979044
Burki Faso,BFA,2003,BFA2003,,0.0460618,1151,1.096,25.307,29.27882503,0.955593424,28.36361658,0.751039296
Burki Faso,BFA,2004,BFA2004,,0.0146048,1167.8,1.093571429,26.061,29.34694809,0.780712124,28.71656973,0.453244244
Burki Faso,BFA,2005,BFA2005,,0.0537621,1231.7,1.091285714,26.843,29.59998786,0.837066772,28.75996484,0.554895096
Burki Faso,BFA,2006,BFA2006,,0.036096,1269.7,1.089071429,27.658,29.23188398,0.818845763,28.52809608,0.567600445
Burki Faso,BFA,2007,BFA2007,,0.0059982,1301.1,1.087071429,28.506,29.32481255,0.903923855,28.34791215,0.539640784
Burki Faso,BFA,2008,BFA2008,,0.0269908,1353.8,1.085214286,29.379,28.83046304,0.860340685,27.95508544,0.582467927
Burki Faso,BFA,2009,BFA2009,,-0.0000396,1351.9,1.1665,30.283,29.4760725,0.904094962,28.61418975,0.588412937
Burki Faso,BFA,2010,BFA2010,,0.0473283,1422.3,1.164714286,31.21,29.54368056,0.923590268,28.5622455,0.739512982
Burki Faso,BFA,2011,BFA2011,,0.0123785,1470.4,1.164714286,32.165,29.43392483,0.764242209,28.59708358,0.497978621
Burki Faso,BFA,2012,BFA2012,,0.06245,1519.7,1.164714286,33.143,29.08951195,0.944177159,28.12428886,0.715983809
Burki Faso,BFA,2013,BFA2013,,0.0348186,1529.6,1.164714286,34.145,29.25629832,0.819465303,28.56429173,0.561226417
Burki Faso,BFA,2014,BFA2014,,,1545.8,1.164714286,35.171,29.36385028,0.885289225,28.65492593,0.537130845
Burki Faso,BFA,2015,BFA2015,,,1561.5,1.164714286,36.222,29.37754541,0.83914007,28.40011317,0.672171633
Burki Faso,BFA,2016,BFA2016,,,,1.247857143,37.293,29.617576,0.94327655,28.73983028,0.623581738
Burki Faso,BFA,2017,BFA2017,,,,1.247857143,38.388,29.46788632,0.824373762,28.64817264,0.622868419
Burki Faso,BFA,2018,BFA2018,,,,1.331142857,39.505,29.5025726,0.956602692,28.57840258,0.699536263
Burki Faso,BFA,2019,BFA2019,,,,1.331142857,40.643,29.23290598,0.95375016,28.61977724,0.664463562
Burundi,BDI,1990,BDI1990,,0.0060792,1049.2,1.357666667,10.878,20.20833333,1.242226667,20.04874039,1.990904985
Burundi,BDI,1991,BDI1991,,0.0234143,1073.6,1.454833333,11.131,20.21361111,1.229126667,19.87856887,2.094757984
Burundi,BDI,1992,BDI1992,,-0.0128024,1059.5,1.454833333,11.371,20.19277778,1.117553333,19.99907773,1.964354102
Burundi,BDI,1993,BDI1993,,-0.0847962,972.8,1.454833333,11.596,20.115,1.066003333,20.24527042,1.775052407
Burundi,BDI,1994,BDI1994,,-0.0570036,918.1,1.551833333,11.798,20.2625,1.226613333,19.99308833,2.09326782
Burundi,BDI,1995,BDI1995,,-0.0983334,831.2,1.551833333,11.973,20.54611111,1.187316667,20.26792431,1.531946766
Burundi,BDI,1996,BDI1996,,-0.0969065,753.3,1.551833333,12.12,20.28361111,1.102496667,20.11898715,1.765549834
Burundi,BDI,1997,BDI1997,,-0.0278868,731.3,1.648666667,12.244,20.52222222,1.313333333,20.30872709,2.091142253
Burundi,BDI,1998,BDI1998,,0.0342197,755.3,1.648666667,12.37,20.46805556,1.30108,20.81369747,1.829621092
Burundi,BDI,1999,BDI1999,,-0.0251753,735,1.746,12.534,20.4375,1.171916667,20.08928028,1.610174366
Burundi,BDI,2000,BDI2000,,-0.0281247,713.3,1.746,12.759,20.56972222,1.086316667,20.51735832,1.466247924
Burundi,BDI,2001,BDI2001,,-0.0040847,709.1,1.843,13.051,20.57055556,1.39274,19.93462652,1.882155305
Burundi,BDI,2002,BDI2002,,0.0149162,718.6,1.940166667,13.408,20.83,1.272576667,20.44960779,1.748461655
Burundi,BDI,2003,BDI2003,,-0.044005,686.7,2.037,13.818,20.92,1.258473333,20.6614851,1.486081191
Burundi,BDI,2004,BDI2004,,0.013844,695.4,2.133833333,14.262,20.48333333,0.960433333,20.41076822,1.655190942
Burundi,BDI,2005,BDI2005,,-0.0250227,677.5,2.231,14.731,20.65777778,1.064816667,20.77222208,1.675440558
Burundi,BDI,2006,BDI2006,,0.0180177,689.3,2.3325,15.215,20.44888889,1.367603333,20.23747142,1.973246835
Burundi,BDI,2007,BDI2007,,0.0118374,697.2,2.338,15.723,20.46722223,1.28121,20.29068897,1.819211742
Burundi,BDI,2008,BDI2008,,0.0143276,706.9,2.441833333,16.252,20.29138889,1.195296667,20.17400522,1.694332615
Burundi,BDI,2009,BDI2009,,-0.0003675,706.1,2.547,16.796,20.73805556,1.223256667,20.41861703,1.848720838
Burundi,BDI,2010,BDI2010,,0.003448,707.8,2.555833333,17.352,20.83277778,1.301076667,20.66728499,1.831207794
Burundi,BDI,2011,BDI2011,,0.0082874,712.7,2.565333333,17.915,20.32972222,1.520803333,20.04708445,2.091249304
Burundi,BDI,2012,BDI2012,,0.0075106,716.8,2.673333333,18.493,20.33944444,0.983573333,20.06587253,1.940211405
Burundi,BDI,2013,BDI2013,,0.0124577,725.3,2.7815,19.08,20.5375,1.255476667,20.33315198,1.835028185
Burundi,BDI,2014,BDI2014,,,734.5,2.790166667,19.689,20.32805555,1.24179,20.41737713,1.845276413
Burundi,BDI,2015,BDI2015,,,692.7,2.898333333,20.321,20.42055556,1.26563,20.62809553,1.865645079
Burundi,BDI,2016,BDI2016,,,,3.006666667,20.977,20.64416667,1.299223333,20.88348459,1.74764509
Burundi,BDI,2017,BDI2017,,,,3.0145,21.655,20.85916667,1.151563333,20.60580883,1.8428754
Burundi,BDI,2018,BDI2018,,,,3.115,22.351,20.36444444,1.20658,20.10230924,2.066745828
Burundi,BDI,2019,BDI2019,,,,3.316,23.063,20.59472222,1.352116667,20.54189888,2.052442863
Cada,CAN,1990,CAN1990,0.042675734,-0.013647,271652.7,10.04727273,27.7735,-0.752038563,0.813565442,-0.693719707,0.862265909
Cada,CAN,1991,CAN1991,-0.008394003,-0.0350355,266297.5,10.04727273,28.127327,-0.481855111,0.776818395,-0.297926544,0.823314102
Cada,CAN,1992,CAN1992,-0.039841572,-0.0037667,265695.1,10.14836364,28.474177,-1.01161069,0.738445072,-0.971793457,0.788073809
Cada,CAN,1993,CAN1993,-0.075893561,0.0147963,268623.1,10.24972727,28.786619,-0.934397991,0.790773473,-0.707637727,0.835731587
Cada,CAN,1994,CAN1994,-0.002935092,0.0349211,276059,10.35227273,29.096372,-0.640241884,0.782649321,-0.512336778,0.846224204
Cada,CAN,1995,CAN1995,0.047015826,0.0187351,281955.2,10.35436364,29.396274,-0.600783618,0.763642739,-0.442858526,0.76361232
Cada,CAN,1996,CAN1996,0.029314041,0.0058849,284444.3,10.458,29.708206,-1.293998991,0.809483107,-1.111810107,0.88377481
Cada,CAN,1997,CAN1997,0.008229335,0.0310836,292319.2,10.55872727,29.99479,-0.611503016,0.748850296,-0.55217428,0.847987941
Cada,CAN,1998,CAN1998,0.015699228,0.0318924,302134.4,10.56118182,30.231639,0.898866591,0.790742338,1.032538292,0.82341608
Cada,CAN,1999,CAN1999,0.064033429,0.0404903,342542.7,10.66454545,30.492106,0.828176801,0.798746805,0.865049138,0.89341505
Cada,CAN,2000,CAN2000,0.092589458,0.0411321,356639.4,10.76436364,30.783969,-0.358946231,0.762355458,-0.316184366,0.831350173
Cada,CAN,2001,CAN2001,-0.006300926,0.0066476,366349.1,10.96272727,31.129119,0.477251678,0.694551826,0.721233797,0.782980488
Cada,CAN,2002,CAN2002,0.018960158,0.018662,378289.1,11.26090909,31.451764,-0.746139616,0.758123787,-0.656843469,0.843518929
Cada,CAN,2003,CAN2003,0.171858231,0.0091079,387833.3,11.45727273,31.737869,-0.351332484,0.766768118,-0.104781294,0.832440503
Cada,CAN,2004,CAN2004,0.141684612,0.020885,396621,11.75363636,32.039959,-0.843732422,0.740075782,-0.731855212,0.840317949
Cada,CAN,2005,CAN2005,0.128326575,0.0212795,404766.8,11.95181818,32.353968,0.367377277,0.832307485,0.533018216,0.901812714
Cada,CAN,2006,CAN2006,0.124123414,0.0179116,411085.5,12.05181818,32.680712,1.07606855,0.782482003,1.341526842,0.839246799
Cada,CAN,2007,CAN2007,0.118759314,0.0101856,423151.8,12.15363636,33.002138,-0.426778071,0.780913092,-0.271988013,0.874274448
Cada,CAN,2008,CAN2008,0.07456549,0.0008637,424964.3,12.15545455,33.372418,-0.539571085,0.829619886,-0.335280646,0.884513737
Cada,CAN,2009,CAN2009,-0.150227626,-0.0389375,407638.3,12.25545455,33.757077,-0.592944235,0.801406994,-0.379339236,0.838818512
Cada,CAN,2010,CAN2010,0.167702913,0.0220462,415516.2,12.35545455,34.131683,1.237708474,0.81367913,1.683430235,0.876745216
Cada,CAN,2011,CAN2011,0.095289866,0.0150914,424357.2,12.45727273,34.457998,0.083070105,0.794703296,0.250691131,0.88829551
Cada,CAN,2012,CAN2012,-0.008999983,0.0050366,426687,12.55363636,34.836008,0.684780203,0.7406391,0.829367867,0.863725948
Cada,CAN,2013,CAN2013,,0.0083344,431140.9,12.65090909,35.211866,-0.460058074,0.787180481,-0.201354492,0.86188194
Cada,CAN,2014,CAN2014,,,436977.9,12.84545455,35.559047,-0.66759838,0.82482692,-0.476117768,0.897008265
Cada,CAN,2015,CAN2015,,,437893.5,12.94636364,35.822894,-0.026817753,0.76345097,0.150285093,0.85318385
Cada,CAN,2016,CAN2016,,,,13.04545455,36.258726,0.688330983,0.754305527,0.801980503,0.884360079
Cada,CAN,2017,CAN2017,,,,13.04545455,36.721223,0.131784055,0.75578303,0.42071069,0.852653279
Cada,CAN,2018,CAN2018,,,,13.04545455,37.250385,-0.664278488,0.780801468,-0.331300998,0.86355551
Cada,CAN,2019,CAN2019,,,,13.14181818,37.810038,-0.648801338,0.810076789,-0.269018534,0.895177561
Cambodia,KHM,1990,KHM1990,,,862.2,2.518888889,17.9511,27.89807782,1.892810346,27.09177916,1.593384447
Cambodia,KHM,1991,KHM1991,,,910.1,2.518888889,18.5793,27.84234046,1.677886516,26.97998322,1.611594252
Cambodia,KHM,1992,KHM1992,,,956.1,2.612166667,19.2457,27.62394949,1.59520419,26.84289994,1.454011634
Cambodia,KHM,1993,KHM1993,,,1011.1,2.612166667,19.944,27.54726514,1.471377469,26.48457343,1.693932097
Cambodia,KHM,1994,KHM1994,,0.0526735,1066,2.705555556,20.636,27.67158021,1.981354091,26.76540368,1.584041673
Cambodia,KHM,1995,KHM1995,,0.0304605,1098.7,2.798722222,21.312,27.55080047,1.888410516,26.92129924,1.582956608
Cambodia,KHM,1996,KHM1996,,0.0233006,1123.7,2.798722222,21.965,27.17637758,1.812138079,26.51056525,1.838750378
Cambodia,KHM,1997,KHM1997,,0.0275158,1153.7,2.892055556,22.6,27.6766137,1.547950839,26.82754628,1.577801767
Cambodia,KHM,1998,KHM1998,,0.0238005,1180,2.892055556,23.204,28.28494182,1.859343123,27.61975362,1.700724856
Cambodia,KHM,1999,KHM1999,,0.0892502,1288.8,2.985388889,23.773,27.11745296,1.869616233,25.97542461,2.09424857
Cambodia,KHM,2000,KHM2000,,0.0623337,1370.8,2.985388889,24.311,27.36335371,2.002102843,26.44514323,1.932224631
Cambodia,KHM,2001,KHM2001,,0.0570944,1451.2,3.083555556,24.81,27.55813564,1.851767701,26.76761052,1.703281362
Cambodia,KHM,2002,KHM2002,,0.0459337,1519.8,3.088111111,25.275,27.67285095,1.770773084,27.32908708,1.522557389
Cambodia,KHM,2003,KHM2003,,0.0640832,1621,3.186388889,25.712,27.58978444,1.754790058,27.05904358,1.737632025
Cambodia,KHM,2004,KHM2004,,0.0819141,1759.8,3.284833333,26.135,27.58058339,1.659383966,27.13460218,1.422752875
Cambodia,KHM,2005,KHM2005,,0.1088059,1961.9,3.289277778,26.547,27.70111686,1.716429956,27.04925031,1.578796298
Cambodia,KHM,2006,KHM2006,,0.0875336,2140.3,3.382722222,26.957,27.67635046,2.003457847,26.98714911,1.728006693
Cambodia,KHM,2007,KHM2007,,0.0831587,2323.9,3.758333333,27.36,27.52777077,2.296307189,26.6415501,1.911745503
Cambodia,KHM,2008,KHM2008,,0.050814,2442.9,3.664111111,27.769,27.15373986,1.728680277,26.44548087,1.846131081
Cambodia,KHM,2009,KHM2009,,-0.0136403,2408.6,3.757611111,28.189,27.51311679,1.864860846,26.60380499,1.803252668
Cambodia,KHM,2010,KHM2010,,0.0424371,2513.3,4.133,28.625,28.06221531,1.765992874,27.41075104,1.718140116
Cambodia,KHM,2011,KHM2011,,0.0516756,2648.6,4.172333333,29.082,27.12719601,2.036509864,26.61695773,1.731266689
Cambodia,KHM,2012,KHM2012,,0.0530201,2795.2,4.305833333,29.559,27.94926255,1.810391442,27.15871232,1.765525852
Cambodia,KHM,2013,KHM2013,,0.05391,2955.2,4.439777778,30.0532,27.5732897,2.085879504,26.85364861,1.868572113
Cambodia,KHM,2014,KHM2014,,,3112.6,4.574222222,30.5496,27.67148953,1.841944749,26.94144915,1.547143645
Cambodia,KHM,2015,KHM2015,,,3278.2,4.574222222,31.043,28.03096558,1.702036212,27.53602219,1.395371845
Cambodia,KHM,2016,KHM2016,,,,4.574222222,31.5333,28.24171811,1.762232087,27.46353751,1.824527613
Cambodia,KHM,2017,KHM2017,,,,4.671611111,32.0177,27.71540715,2.00270658,26.7016405,1.922488639
Cambodia,KHM,2018,KHM2018,,,,4.671611111,32.501,27.72390209,1.768913883,26.96716814,1.789661912
Cambodia,KHM,2019,KHM2019,,,,4.866277778,32.9763,28.24063672,1.69467559,27.55621292,1.460421811
Cameroon,CMR,1990,CMR1990,,-0.0927146,2768.3,3.399727273,23.562,24.55635569,1.77478684,24.1812147,2.222977017
Cameroon,CMR,1991,CMR1991,,-0.0682176,2585.8,3.496636364,24.277,24.35349218,1.68129818,23.98445317,2.080947743
Cameroon,CMR,1992,CMR1992,,-0.0605481,2433.9,3.594,24.997,24.06978227,1.743776172,23.60762922,2.163673886
Cameroon,CMR,1993,CMR1993,,-0.0612099,2177.5,3.788090909,25.729,24.2538331,1.820950325,23.82151655,2.239202391
Cameroon,CMR,1994,CMR1994,,-0.0535948,2160.4,3.885363636,26.462,24.21401371,1.719969735,23.72039301,2.32971105
Cameroon,CMR,1995,CMR1995,,0.0046142,2187.8,4.079545455,27.2,24.44173302,1.722259766,23.95489226,2.202104286
Cameroon,CMR,1996,CMR1996,,0.0213604,2233.1,4.176636364,27.941,24.30538749,1.855801268,23.9103924,2.124746945
Cameroon,CMR,1997,CMR1997,,0.0226976,2289,4.273727273,28.689,24.39276167,1.87461918,24.0307053,2.05483705
Cameroon,CMR,1998,CMR1998,,0.0224341,2337.7,4.468090909,29.448,24.9652388,1.73523134,24.62284442,1.967265904
Cameroon,CMR,1999,CMR1999,,0.0164981,2369.1,4.578727273,30.225,24.39933258,1.818537519,23.70301749,2.27519349
Cameroon,CMR,2000,CMR2000,,0.0148018,2403.9,4.689454545,31.028,24.34467805,1.762276851,23.84714242,2.07650055
Cameroon,CMR,2001,CMR2001,,0.0179592,2447.6,4.799545455,31.858,24.39608468,1.820280012,23.96503392,1.957891442
Cameroon,CMR,2002,CMR2002,,0.013253,2480.5,5.007818182,32.716,24.58392338,1.833610144,24.11299909,2.02703865
Cameroon,CMR,2003,CMR2003,,0.0135664,2514.6,5.019818182,33.6,24.64938521,1.829016053,24.257401,1.973630598
Cameroon,CMR,2004,CMR2004,,0.0104626,2541.5,5.031181818,34.518,24.69612436,1.790630023,24.20681856,2.045483768
Cameroon,CMR,2005,CMR2005,,-0.0031388,2533.9,5.032363636,35.468,24.740235,1.666934124,24.46342336,1.880977524
Cameroon,CMR,2006,CMR2006,,0.0059046,2549.5,5.132181818,36.448,24.66274767,1.89889914,24.3857201,1.815000973
Cameroon,CMR,2007,CMR2007,,0.0022412,2566.1,5.133363636,37.462,24.66624708,1.844981361,24.19130608,2.069039983
Cameroon,CMR,2008,CMR2008,,0.0099205,2573.7,5.134454545,38.504,24.45840902,1.778039803,24.00947554,1.917435275
Cameroon,CMR,2009,CMR2009,,-0.0071281,2557.6,5.135727273,39.579,24.7739466,1.68333537,24.39396794,1.99298175
Cameroon,CMR,2010,CMR2010,,0.0073315,2575,5.235636364,40.682,24.94441101,1.787866444,24.69293195,1.896591955
Cameroon,CMR,2011,CMR2011,,0.0147377,2614.5,5.434272727,41.813,24.60061724,1.699672585,24.16614197,1.900537176
Cameroon,CMR,2012,CMR2012,,0.0196145,2666.2,5.640636364,42.971,24.55371283,1.746273105,24.0810803,1.977955358
Cameroon,CMR,2013,CMR2013,,0.0283161,2744.6,5.847181818,44.153,24.66651914,1.680054947,24.26440037,2.081011602
Cameroon,CMR,2014,CMR2014,,,2835.6,5.756090909,45.362,24.71464846,1.706440031,24.22892468,2.126377857
Cameroon,CMR,2015,CMR2015,,,2938.8,5.962454545,46.594,24.73194573,1.576056813,24.42409285,1.962669582
Cameroon,CMR,2016,CMR2016,,,,6.069454545,47.852,24.96935195,1.801699305,24.67966788,2.108645648
Cameroon,CMR,2017,CMR2017,,,,6.176363636,49.131,24.71984547,1.730697359,24.61593371,2.054148402
Cameroon,CMR,2018,CMR2018,,,,6.283181818,50.432,24.71524218,1.692230893,24.42694516,1.986081205
Cameroon,CMR,2019,CMR2019,,,,6.283181818,51.751,24.63916153,1.83594989,24.54892702,2.274553905
Cape Verde,CPV,1990,CPV1990,,-0.009577,1660,,,22.48783333,0.242828,23.02857801,0.196705104
Cape Verde,CPV,1991,CPV1991,,-0.0076478,1644.4,,,22.2995,0.104766,22.54203453,0.094135748
Cape Verde,CPV,1992,CPV1992,,0.0784548,1777.7,,,22.30983333,0.208748,22.67725648,0.080511049
Cape Verde,CPV,1993,CPV1993,,0.0561505,1880.3,,,22.30566667,0.18849,22.51017527,0.11241648
Cape Verde,CPV,1994,CPV1994,,0.1484128,2179.8,,,22.249,0.15442,22.33809068,0.090392221
Cape Verde,CPV,1995,CPV1995,,0.1076009,2423.1,,,22.35666666,0.31838,23.08198085,0.154509866
Cape Verde,CPV,1996,CPV1996,,0.0844316,2628.1,,,22.5105,0.13399,23.04491797,0.14192003
Cape Verde,CPV,1997,CPV1997,,0.0841949,2847,,,22.7035,0.160844,23.29312558,0.096644198
Cape Verde,CPV,1998,CPV1998,,0.09809,3126.4,,,22.801,0.080836,23.41230306,0.110204257
Cape Verde,CPV,1999,CPV1999,,0.087212,3398.8,,,22.28683333,0.269506,22.49546324,0.274719085
Cape Verde,CPV,2000,CPV2000,,0.1146823,3803.3,3.492333333,0.8562,22.43783333,0.3046,22.76358044,0.22058099
Cape Verde,CPV,2001,CPV2001,,0.003294,3813.2,3.692,0.8711,22.67916667,0.252318,23.14480034,0.124467492
Cape Verde,CPV,2002,CPV2002,,0.032872,3942.6,3.791833333,0.8859,22.60316667,0.252318,23.01706975,0.100822837
Cape Verde,CPV,2003,CPV2003,,0.0240706,4042.6,3.991333333,0.8996,22.57483333,0.246584,23.08463976,0.17796118
Cape Verde,CPV,2004,CPV2004,,0.0829843,4394.9,4.190833333,0.9133,22.633,0.24825,23.18027101,0.160925036
Cape Verde,CPV,2005,CPV2005,,0.056183,4646.8,4.290833333,0.9258,22.79416667,0.269604,23.47944334,0.177096425
Cape Verde,CPV,2006,CPV2006,,0.0699627,4975.4,4.490333333,0.9381,22.5755,0.252318,23.2554061,0.166881599
Cape Verde,CPV,2007,CPV2007,,0.137573,5694.3,4.590166667,0.9494,22.5715,0.252318,22.88442868,0.123294012
Cape Verde,CPV,2008,CPV2008,,0.0624499,6041.1,4.7895,0.9617,22.68233333,0.252318,23.05811242,0.223327004
Cape Verde,CPV,2009,CPV2009,,-0.0149764,5929.4,4.989166667,0.974,22.44883334,0.252318,22.81265131,0.23763456
Cape Verde,CPV,2010,CPV2010,,0.0106851,5970.9,5.089,0.9853,22.91183333,0.252318,23.79030427,0.338523816
Cape Verde,CPV,2011,CPV2011,,0.0328785,6148,5.288666667,0.9977,22.53433333,0.194106,23.22892727,0.178971391
Cape Verde,CPV,2012,CPV2012,,0.0044793,6143.6,5.388333333,1.0103,22.58083333,0.212216,22.93713116,0.208190295
Cape Verde,CPV,2013,CPV2013,,-0.0040711,6129.7,5.588,1.0237,22.64333333,0.2325,22.99074844,0.287270946
Cape Verde,CPV,2014,CPV2014,,,6219.8,5.787333333,1.036,22.53166667,0.243816,22.70643519,0.121741559
Cape Verde,CPV,2015,CPV2015,,,6295.9,5.887166667,1.0503,22.60966667,0.244952,22.72625245,0.264332529
Cape Verde,CPV,2016,CPV2016,,,,5.987166667,1.0625,22.72883333,0.284162,23.11093652,0.288478357
Cape Verde,CPV,2017,CPV2017,,,,6.086833333,1.0748,22.79616667,0.247348,23.30784913,0.07198443
Cape Verde,CPV,2018,CPV2018,,,,6.186666667,1.088,22.30516667,0.252318,22.41096053,0.119045655
Cape Verde,CPV,2019,CPV2019,,,,6.2865,1.1003,22.45983333,0.30095,22.81662855,0.107179962
Central African Republic CAR,CAF,1990,CAF1990,,-0.0429518,943.1,2.016285714,5.613,25.30747869,1.390022596,26.01127233,1.55572153
Central African Republic CAR,CAF,1991,CAF1991,,-0.0282016,915.1,2.016285714,5.757,25.08114635,1.453252778,25.59170058,1.570248127
Central African Republic CAR,CAF,1992,CAF1992,,-0.0900125,834.6,2.112285714,5.919,24.79089373,1.38863802,25.27223213,1.588620058
Central African Republic CAR,CAF,1993,CAF1993,,-0.0207343,815.8,2.208428571,6.093,24.82792919,1.404562694,25.36830031,1.473861281
Central African Republic CAR,CAF,1994,CAF1994,,0.0239691,834,2.304428571,6.27,24.83882532,1.380899552,25.32606035,1.641121561
Central African Republic CAR,CAF,1995,CAF1995,,0.0463446,872.1,2.312285714,6.445,25.11692654,1.428164056,25.67770891,1.585958547
Central African Republic CAR,CAF,1996,CAF1996,,-0.0633415,817.3,2.416142857,6.617,24.94269674,1.467958173,25.6042363,1.555131893
Central African Republic CAR,CAF,1997,CAF1997,,0.0296693,840.7,2.52,6.784,25.28565867,1.519543717,25.71033647,1.469350082
Central African Republic CAR,CAF,1998,CAF1998,,0.024721,860.7,2.623714286,6.951,25.7166835,1.565052155,26.41639583,1.386102526
Central African Republic CAR,CAF,1999,CAF1999,,0.0151666,873.1,2.727714286,7.116,24.941459,1.491449475,25.4618032,1.503637814
Central African Republic CAR,CAF,2000,CAF2000,,-0.0442986,834.8,2.831142857,7.282,25.16931184,1.360262427,25.58596866,1.372256681
Central African Republic CAR,CAF,2001,CAF2001,,0.0257753,856.3,2.837285714,7.445,25.18400597,1.413890612,25.70011194,1.222814736
Central African Republic CAR,CAF,2002,CAF2002,,0.018607,872.3,2.940714286,7.603,25.27469022,1.33279505,25.88328426,1.269790746
Central African Republic CAR,CAF,2003,CAF2003,,-0.071911,811.8,3.044285714,7.763,25.40577374,1.354677683,26.01294436,1.296402854
Central African Republic CAR,CAF,2004,CAF2004,,0.0416585,846.5,3.147857143,7.92,25.59024979,1.321489725,26.16163142,1.242285294
Central African Republic CAR,CAF,2005,CAF2005,,-0.0080977,840,3.251285714,8.076,25.66667863,1.414102857,26.32533425,1.285300181
Central African Republic CAR,CAF,2006,CAF2006,,0.0554363,855.5,3.256285714,8.236,25.49544282,1.421161447,25.97172998,1.26438674
Central African Republic CAR,CAF,2007,CAF2007,,0.0597175,878.9,3.332285714,8.396,25.4618264,1.456322287,25.93573803,1.285707141
Central African Republic CAR,CAF,2008,CAF2008,,0.0193182,880.5,3.311142857,8.547,25.303397,1.385461015,25.81139861,1.180664478
Central African Republic CAR,CAF,2009,CAF2009,,0.0661228,878.9,3.388428571,8.676,25.71965508,1.445612468,26.14763494,1.251919624
Central African Republic CAR,CAF,2010,CAF2010,,0.0448223,888.7,3.466,8.774,25.78554303,1.461856051,26.27587191,1.343293167
Central African Republic CAR,CAF,2011,CAF2011,,0.0128225,900.6,3.568,8.838,25.32583761,1.440826785,25.97499798,1.14730922
Central African Republic CAR,CAF,2012,CAF2012,,0.0203198,909,3.670571429,8.873,25.32866603,1.462808004,25.97113327,1.216539481
Central African Republic CAR,CAF,2013,CAF2013,,-0.4662417,561.5,3.87,8.896,25.41449883,1.49936849,26.10918536,1.219459546
Central African Republic CAR,CAF,2014,CAF2014,,,543.6,3.973,8.928,25.36728385,1.397048697,26.16780098,1.211630689
Central African Republic CAR,CAF,2015,CAF2015,,,562.2,4.076428571,8.986,25.45357694,1.406157616,26.4009079,1.142801844
Central African Republic CAR,CAF,2016,CAF2016,,,,4.180142857,9.075,25.64749686,1.507556892,26.66674545,1.253728083
Central African Republic CAR,CAF,2017,CAF2017,,,,4.186428571,9.193,25.40199785,1.473840898,26.60407481,1.175887769
Central African Republic CAR,CAF,2018,CAF2018,,,,4.193,9.333,25.38689064,1.400441081,26.37992873,1.103326877
Central African Republic CAR,CAF,2019,CAF2019,,,,4.199142857,9.49,25.54340174,1.424562042,26.64456229,1.207195169
Chad,TCD,1990,TCD1990,,-0.0745974,1110.2,,,27.86953508,0.525526022,28.30616157,0.516289146
Chad,TCD,1991,TCD1991,,0.0503182,1167.1,,,27.82305352,0.69664666,27.7163223,0.640327371
Chad,TCD,1992,TCD1992,,0.0455051,1221,,,27.21894257,0.638992863,26.93355197,0.628951852
Chad,TCD,1993,TCD1993,,-0.2025014,996.8,,,27.59098759,0.54523881,27.64141411,0.50962603
Chad,TCD,1994,TCD1994,,0.0644979,1062.8,,,27.44038655,0.763437267,27.10143117,0.788191309
Chad,TCD,1995,TCD1995,,-0.0204466,1040.8,,,27.67434627,0.681259249,27.39829031,0.694388224
Chad,TCD,1996,TCD1996,,-0.011343,1028.5,,,27.79848581,0.659964014,27.54335026,0.723505286
Chad,TCD,1997,TCD1997,,0.021335,1050.1,,,28.16448257,0.64764663,27.36269166,0.601066068
Chad,TCD,1998,TCD1998,,0.0328367,1084.6,,,28.25754291,0.698813467,27.85219508,0.722466303
Chad,TCD,1999,TCD1999,,-0.0422825,1039.4,,,27.86865623,0.676547269,27.35856511,0.786258703
Chad,TCD,2000,TCD2000,,-0.0454261,993.1,1.448777778,16.711,27.68034488,0.604432955,27.20437633,0.562706788
Chad,TCD,2001,TCD2001,,0.0724744,1067.9,1.45,17.355,27.68595798,0.624337429,27.57132149,0.585701708
Chad,TCD,2002,TCD2002,,0.0429242,1115,1.451222222,18.038,27.8574567,0.50261746,27.90264221,0.51621602
Chad,TCD,2003,TCD2003,,0.0988833,1231.1,1.452333333,18.747,28.13195313,0.608474196,27.85520041,0.655399731
Chad,TCD,2004,TCD2004,,0.2526079,1584.6,1.453333333,19.469,28.27802844,0.657428941,27.90406474,0.533388266
Chad,TCD,2005,TCD2005,,0.1243301,1793.2,1.538333333,20.195,28.20636632,0.71012211,28.25970073,0.658709717
Chad,TCD,2006,TCD2006,,-0.0271584,1743.3,1.623,20.914,28.13895569,0.711439403,28.19486749,0.517697299
Chad,TCD,2007,TCD2007,,0.0001196,1740.9,1.707,21.637,28.07960834,0.73727402,27.99439652,0.542137564
Chad,TCD,2008,TCD2008,,-0.0008885,1736,1.790444444,22.369,27.92232077,0.720034409,27.56272723,0.581553971
Chad,TCD,2009,TCD2009,,0.0108927,1750.9,1.774777778,23.121,28.57270431,0.63897638,28.50343557,0.483490889
Chad,TCD,2010,TCD2010,,0.0968054,1923.7,1.858555556,23.904,28.69646462,0.706307629,28.46706626,0.656018388
Chad,TCD,2011,TCD2011,,-0.0293625,1862.4,1.959444444,24.72,28.1556909,0.657743474,27.84010653,0.527128367
Chad,TCD,2012,TCD2012,,0.0550801,1961.3,2.060888889,25.569,28.09372741,0.754996569,27.79028439,0.626753824
Chad,TCD,2013,TCD2013,,0.0055202,2005.2,2.064,26.44,28.18048971,0.648092933,28.44463098,0.523188144
Chad,TCD,2014,TCD2014,,,2074,2.165111111,27.329,28.16833045,0.707070914,28.19013987,0.550367208
Chad,TCD,2015,TCD2015,,,2043.5,2.266444444,28.221,28.09192494,0.729024495,28.28936209,0.4520178
Chad,TCD,2016,TCD2016,,,,2.363444444,29.123,28.32301425,0.717865682,28.43607331,0.563215639
Chad,TCD,2017,TCD2017,,,,2.362,30.033,27.97306206,0.70024201,28.38354325,0.536453002
Chad,TCD,2018,TCD2018,,,,2.459,30.955,27.95366166,0.664907031,28.28350723,0.583699306
Chad,TCD,2019,TCD2019,,,,2.457555556,31.894,28.15874762,0.705732038,28.1414425,0.687038443
Chi,CHN,1990,CHN1990,-0.14018328,0.0251552,118408.7,4.75875,2270.371,12.14953454,0.975700508,11.57826688,1.250517868
Chi,CHN,1991,CHN1991,0.006554127,0.0240273,126325.5,4.95709375,2301.559,11.72889318,0.881847968,11.2917889,1.151519057
Chi,CHN,1992,CHN1992,0.137009036,0.0755626,136947.7,5.15528125,2329.939,11.55883238,0.878186466,11.12094377,1.142699621
Chi,CHN,1993,CHN1993,0.204093549,0.1216413,147681.1,5.25440625,2356.879,11.50958317,0.950218692,11.04055056,1.226341015
Chi,CHN,1994,CHN1994,-0.148723418,0.1194126,158719.8,5.45284375,2383.671,12.25086442,0.952147767,11.81015887,1.221635411
Chi,CHN,1995,CHN1995,0.24838846,0.1120663,166996.2,5.651,2409.71,11.89595221,0.911461482,11.3585224,1.150251367
Chi,CHN,1996,CHN1996,0.15687901,0.0932025,175073.1,5.75015625,2435.1,11.56010318,0.912304807,11.01781915,1.191087043
Chi,CHN,1997,CHN1997,0.112235715,0.0851532,186734.8,5.94853125,2460.148,12.06967582,0.905910284,11.49709233,1.140776944
Chi,CHN,1998,CHN1998,0.074333806,0.0793036,190160.5,6.14678125,2483.872,12.73315375,0.991336352,12.20108415,1.272258391
Chi,CHN,1999,CHN1999,0.060556812,0.0667583,200728,6.294375,2505.469,12.39240909,0.886039394,11.83818576,1.152215703
Chi,CHN,2000,CHN2000,0.083826373,0.0655552,216072.6,6.48815625,2525.289,11.94707567,0.916526384,11.32057638,1.151096412
Chi,CHN,2001,CHN2001,0.092212877,0.0724741,224625.8,6.482375,2543.699,12.24202548,0.873303064,11.58790864,1.081116633
Chi,CHN,2002,CHN2002,0.097812053,0.0802303,238173.1,6.576375,2560.796,12.50704009,0.962411154,11.86024723,1.157196134
Chi,CHN,2003,CHN2003,0.131791884,0.0893123,254681.3,6.68871875,2576.799,12.1777456,0.862841865,11.61903403,1.075600348
Chi,CHN,2004,CHN2004,0.17464567,0.0901436,276457.1,6.80096875,2592.148,12.42256644,0.82835448,11.81528802,1.006946719
Chi,CHN,2005,CHN2005,0.169990309,0.101268,300182.6,6.89046875,2607.439,12.0975074,0.895714651,11.56380504,1.058176451
Chi,CHN,2006,CHN2006,0.173812759,0.1137673,327754.4,6.88675,2622.04,12.62280353,0.864630594,12.22465141,0.978176233
Chi,CHN,2007,CHN2007,0.224920442,0.127229,361616.6,6.99071875,2635.769,12.78646783,0.868447265,12.34547903,0.986989149
Chi,CHN,2008,CHN2008,0.267428644,0.0868596,382716.9,6.9846875,2649.311,12.19098772,0.922010027,11.69007478,1.029409785
Chi,CHN,2009,CHN2009,0.099785205,0.0831671,397208.3,7.08259375,2662.518,12.38925657,0.859985265,11.95218466,0.952898933
Chi,CHN,2010,CHN2010,0.187636514,0.0945359,429794.8,7.28075,2675.41,12.10306732,0.975205834,11.56677744,1.117301887
Chi,CHN,2011,CHN2011,0.22920487,0.0841337,461247.9,7.37909375,2688.261,11.88653056,0.801132139,11.35841007,0.914992241
Chi,CHN,2012,CHN2012,0.126763298,0.0688664,484996.9,7.4601875,2701.389,11.74890067,0.991825999,11.19682626,1.115836386
Chi,CHN,2013,CHN2013,0.112315455,0.0689748,512200.2,7.4478125,2714.76,12.30202685,0.903639585,11.90107196,1.00842816
Chi,CHN,2014,CHN2014,0.079724189,,540177.6,7.53840625,2728.54,12.47397799,0.932416661,11.92065751,1.034195474
Chi,CHN,2015,CHN2015,,,568034,7.65634375,2742.439,12.57847777,0.979262568,12.05411328,1.108455499
Chi,CHN,2016,CHN2016,,,,7.7748125,2757.331,12.62146817,1.038823414,12.14527125,1.195499353
Chi,CHN,2017,CHN2017,,,,7.8030625,2772.792,12.7834034,0.952714997,12.23919036,1.019556585
Chi,CHN,2018,CHN2018,,,,7.90984375,2785.461,12.52512212,0.933630338,11.97854537,1.033331851
Chi,CHN,2019,CHN2019,,,,8.08621875,2795.431,12.78900168,0.911682362,12.31599124,0.994353151
Chili,CHL,1990,CHL1990,0.079722441,0.0185262,119433.8,7.848142857,26.5482,10.20686257,0.771061472,9.594149659,1.20146286
Chili,CHL,1991,CHL1991,0.105806204,0.0584942,126320.2,7.848142857,26.9915,10.21235594,0.914869526,9.437615027,1.351485413
Chili,CHL,1992,CHL1992,0.153554916,0.0973985,137102.1,7.944928571,27.4409,10.0472628,1.037576834,9.105234748,1.345316511
Chili,CHL,1993,CHL1993,0.026574208,0.0493197,142060.7,8.041928571,27.8883,10.29838482,0.895798232,9.567018611,1.339689877
Chili,CHL,1994,CHL1994,0.13957174,0.0380167,151864,8.041928571,28.3327,10.68182592,0.826954027,9.940815815,1.26677908
Chili,CHL,1995,CHL1995,0.210773908,0.0845647,163382.6,8.138785714,28.763,10.29479642,0.784126589,9.69010842,1.129213649
Chili,CHL,1996,CHL1996,0.033820519,0.0562437,176180.4,8.235714286,29.1743,10.22728066,0.663983089,9.57674358,1.086082001
Chili,CHL,1997,CHL1997,0.073046134,0.0497358,187679.2,8.332571429,29.5725,10.67606625,1.139465888,9.844360207,1.572372063
Chili,CHL,1998,CHL1998,,0.018443,195077.2,8.332571429,29.9577,10.60649003,0.534631137,10.0828263,0.939048092
Chili,CHL,1999,CHL1999,,-0.0203695,194093.5,8.429428571,30.3279,10.18597247,0.782692761,9.592529921,1.122631594
Chili,CHL,2000,CHL2000,,0.0316805,196822.7,8.526357143,30.685,9.840485939,0.954122034,9.123055767,1.338270162
Chili,CHL,2001,CHL2001,,0.0210411,203887.6,8.720071429,31.033,10.21816771,0.90233203,9.555423368,1.370417682
Chili,CHL,2002,CHL2002,,0.0099792,208136.3,8.913928571,31.3681,10.05021487,1.172131762,9.283068915,1.496108474
Chili,CHL,2003,CHL2003,,0.0277322,215535.7,9.108285714,31.6991,10.52441737,0.774664136,9.979824774,1.210119887
Chili,CHL,2004,CHL2004,0.248814253,0.0479249,227114.7,9.302071429,32.0301,10.51645751,0.854813967,9.838207745,1.257389448
Chili,CHL,2005,CHL2005,0.226211071,0.0436747,237817,9.205142857,32.366,10.13393903,1.029393533,9.489400442,1.386358531
Chili,CHL,2006,CHL2006,0.24472354,0.0329506,246042.3,9.205142857,32.711,10.62268199,0.999563532,10.00258347,1.443580965
Chili,CHL,2007,CHL2007,0.094149883,0.0404113,256271.5,9.592714286,33.061,9.669466915,0.627496751,8.941297905,1.07636057
Chili,CHL,2008,CHL2008,0.112105296,0.022705,262184.2,9.980142857,33.418,10.57312896,0.889443523,9.800856402,1.270676541
Chili,CHL,2009,CHL2009,-0.178434519,-0.0199117,257122.7,10.75421429,33.776,10.48270646,0.858609042,9.679343041,1.327392096
Chili,CHL,2010,CHL2010,0.145177108,0.0467145,267665.7,8.720071429,34.126,10.06932407,0.694715571,9.140822074,1.16276231
Chili,CHL,2011,CHL2011,0.134459813,0.047596,280226.8,9.205142857,34.468,10.31105052,0.773396174,9.382422553,1.183863681
Chili,CHL,2012,CHL2012,0.00961736,0.0434259,292336.4,9.398714286,34.801,10.60820353,0.762970698,9.785491981,1.277145996
Chili,CHL,2013,CHL2013,0.034537633,0.031109,300720.2,9.592714286,35.143,10.60130595,0.666893931,9.857796216,1.139388747
Chili,CHL,2014,CHL2014,-0.0683019,,303140.8,9.786571429,35.517,10.51337435,0.793789511,9.624036078,1.276254488
Chili,CHL,2015,CHL2015,-0.099072393,,306206.5,9.883714286,35.938,10.7631219,0.805789488,10.05033081,1.279274395
Chili,CHL,2016,CHL2016,,,,9.980142857,36.418,10.74742396,0.663113955,10.38387775,1.005777462
Chili,CHL,2017,CHL2017,,,,10.07707143,36.94,10.80548548,0.823961446,9.713191967,1.37975825
Chili,CHL,2018,CHL2018,,,,10.07707143,37.459,10.51263931,0.683998146,9.806902781,1.227219541
Chili,CHL,2019,CHL2019,,,,10.26928571,37.904,10.66495654,0.586056931,10.23044373,1.079334876
Colombia,COL,1990,COL1990,0.109945111,0.0389678,169147.4,5.549735294,67.1233,23.41852758,2.180820211,21.97602672,3.600001835
Colombia,COL,1991,COL1991,0.012275353,0.0031793,172171.3,5.650588235,68.45036,23.50117287,1.926170853,21.97009765,3.696318341
Colombia,COL,1992,COL1992,0.036634892,0.030115,173253.8,5.751411765,69.7984,23.63226478,1.852589199,22.05633873,3.503907863
Colombia,COL,1993,COL1993,0.088423073,0.0047087,170306.7,5.852411765,71.15654,23.52383537,2.045655129,21.85319774,3.804142267
Colombia,COL,1994,COL1994,0.251124427,0.0383138,171327,6.054264706,72.5076,23.44502021,2.174433163,21.82458271,3.813327923
Colombia,COL,1995,COL1995,0.095528454,0.0325487,179675.3,6.155117647,73.85254,23.63329182,2.346056565,22.14248856,3.610355266
Colombia,COL,1996,COL1996,0.052998483,0.0024054,181009,6.266705882,75.16166,23.28259125,2.406221686,21.7631701,3.763279216
Colombia,COL,1997,COL1997,0.070440677,0.0160201,184762.4,6.3785,76.45666,23.7010835,1.915891839,22.3512289,3.263432786
Colombia,COL,1998,COL1998,-0.109418023,-0.0117558,183975.4,6.389,77.73666,23.98328403,2.424823149,22.5687238,4.014658052
Colombia,COL,1999,COL1999,-0.106947222,-0.0600717,177660.3,6.500911765,79.00866,23.10541326,2.705331833,21.50528039,3.954756551
Colombia,COL,2000,COL2000,0.003596444,0.0264718,184753.5,6.612941176,80.26854,23.05882457,2.386785065,21.60830991,3.841491679
Colombia,COL,2001,COL2001,-0.041440395,0.0002165,182130,6.560382353,81.31866,23.51154649,2.078296737,21.9266548,3.485459529
Colombia,COL,2002,COL2002,-0.019925102,0.0086466,182611.5,6.5095,82.35676,23.6495669,2.294950308,22.21576322,3.419660835
Colombia,COL,2003,COL2003,-0.052942599,0.0226499,188315.9,6.460352941,83.37076,23.71545171,2.304474506,22.24151798,3.640520763
Colombia,COL,2004,COL2004,0.194193625,0.0364215,195535.8,6.511294118,84.35366,23.5104903,2.382008525,22.13945026,3.472338247
Colombia,COL,2005,COL2005,0.217365173,0.0306747,197370.5,6.660323529,85.29754,23.62390266,2.421563208,22.24633891,3.595188985
Colombia,COL,2006,COL2006,0.091780816,0.0497205,208213.9,6.480235294,86.4016,23.49713431,2.438751936,22.07832342,3.651442046
Colombia,COL,2007,COL2007,0.227147948,0.0518544,217115,6.878294118,87.4753,23.4039195,2.507076599,22.10862993,3.772534259
Colombia,COL,2008,COL2008,0.111372548,0.020249,228840.5,6.889852941,88.5102,23.13040419,2.760098648,21.80823675,3.791133247
Colombia,COL,2009,COL2009,-0.047166511,0.0020981,227729.5,6.808323529,89.5007,23.63345468,2.113249474,22.2304117,3.544913072
Colombia,COL,2010,COL2010,0.195878461,0.0250251,233247.2,6.821617647,90.4462,23.82189071,2.751687575,22.33196304,4.129166855
Colombia,COL,2011,COL2011,0.137902826,0.0502568,245928.4,6.925705882,91.3259,23.4544549,2.919216617,21.79874438,3.993921684
Colombia,COL,2012,COL2012,0.087855101,0.0264904,253209.6,7.029794118,92.1532,23.68766039,2.142953676,22.02162751,3.601681367
Colombia,COL,2013,COL2013,0.017502859,0.0288397,262889,7.226470588,92.9947,23.88200627,2.124157909,22.21488683,3.626020537
Colombia,COL,2014,COL2014,-0.033168405,,271840.1,7.423529412,93.9395,24.03045314,2.044724455,22.36515399,3.52927397
Colombia,COL,2015,COL2015,-0.33346573,,277677.5,7.527823529,95.0409,24.31579625,1.711756481,22.66633463,3.33289597
Colombia,COL,2016,COL2016,,,,7.713794118,96.3432,24.33428094,2.087893527,22.77762928,3.628473432
Colombia,COL,2017,COL2017,,,,7.713794118,97.8045,23.77084623,2.416154741,22.52379142,3.367318401
Colombia,COL,2018,COL2018,,,,7.713794118,99.2985,23.69017003,2.193746183,22.38996386,3.32398528
Colombia,COL,2019,COL2019,,,,7.899705882,100.6803,24.08905995,2.080047445,22.7908827,3.216374803
Comoros,COM,1990,COM1990,,0.0249305,1531.5,,,23.88240741,2.161588889,24.45027885,1.073186858
Comoros,COM,1991,COM1991,,-0.0798261,1406.8,,,23.72222222,2.271588889,24.39537031,1.59531224
Comoros,COM,1992,COM1992,,0.0577658,1482.8,,,23.82962963,2.144422222,24.33518923,0.825562632
Comoros,COM,1993,COM1993,,0.0055954,1483.7,,,23.75185185,1.991755556,24.24255419,1.187049573
Comoros,COM,1994,COM1994,,-0.0783518,1365.9,,,24.01944444,2.010266667,24.34770397,1.448990362
Comoros,COM,1995,COM1995,,0.0110655,1376.1,,,23.9462963,1.808011111,24.4389829,0.863090975
Comoros,COM,1996,COM1996,,-0.0377052,1321.3,,,23.74351852,2.283611111,24.14431746,1.312765916
Comoros,COM,1997,COM1997,,0.0145332,1337.8,,,24.03981481,1.662611111,24.57608185,0.861502681
Comoros,COM,1998,COM1998,,-0.0124661,1319.4,,,24.29907407,1.705766667,24.83812972,1.072592388
Comoros,COM,1999,COM1999,,-0.0063077,1310.2,,,23.87407407,2.007122222,24.31913782,0.967689427
Comoros,COM,2000,COM2000,,-0.0113868,1415.8,2.809,1.0843,23.88518519,2.028666667,24.41237243,0.857397494
Comoros,COM,2001,COM2001,,0.0072152,1413.2,2.81025,1.1122,23.97592593,1.971477778,24.47075996,1.006021667
Comoros,COM,2002,COM2002,,0.0150594,1411.1,2.81125,1.1392,23.97407407,2.050655556,24.55036867,1.36643142
Comoros,COM,2003,COM2003,,-0.0012338,1406.4,2.81175,1.1662,24.04722222,1.835311111,24.68643998,1.034826325
Comoros,COM,2004,COM2004,,-0.0281814,1399.3,2.8125,1.1941,23.8962963,1.731033333,24.46259206,1.316506377
Comoros,COM,2005,COM2005,,0.0155547,1404.6,3.11475,1.2232,24.21759259,1.8864,24.58967701,1.079275901
Comoros,COM,2006,COM2006,,-0.0136049,1407.3,3.3165,1.2522,24.05092593,2.164055556,24.45700036,1.589103121
Comoros,COM,2007,COM2007,,-0.0210549,1384.5,3.51825,1.2842,24.36296296,1.680844444,24.76375182,0.965909665
Comoros,COM,2008,COM2008,,-0.0161257,1356.6,3.72,1.3143,23.95092592,2.005588889,24.29215033,1.396845964
Comoros,COM,2009,COM2009,,-0.007614,1349.7,3.92175,1.3464,24.28703704,1.767233333,24.68352576,1.105624621
Comoros,COM,2010,COM2010,,-0.0048734,1346.1,4.22425,1.3796,24.38518519,2.013255556,24.94180323,0.941277638
Comoros,COM,2011,COM2011,,-0.0027478,1347.8,4.42575,1.4138,24.22685185,2.407144444,24.6461803,1.180119113
Comoros,COM,2012,COM2012,,0.0047932,1354.8,4.628,1.448,24.12685185,2.2107,24.55145565,1.250863966
Comoros,COM,2013,COM2013,,0.0105968,1368.5,4.7285,1.4831,24.1712963,1.590144444,24.64381964,1.247245249
Comoros,COM,2014,COM2014,,,1363.6,4.7285,1.5183,24.20740741,1.851511111,24.80615408,1.178179599
Comoros,COM,2015,COM2015,,,1369.7,4.82925,1.5545,24.41481482,2.107022222,24.94865422,1.250844788
Comoros,COM,2016,COM2016,,,,4.82925,1.5917,24.1962963,2.174633333,24.70638046,1.459187031
Comoros,COM,2017,COM2017,,,,4.92975,1.6279,24.45185185,1.873444444,24.89627503,1.318889693
Comoros,COM,2018,COM2018,,,,5.0305,1.6641,24.25648148,2.152266667,24.74236005,1.193800554
Comoros,COM,2019,COM2019,,,,5.131,1.7024,24.60833333,1.773466667,25.13536097,1.334759971
Congo Brazzaville,COG,1990,COG1990,,-0.0167511,5256.7,3.822538462,4.7123,24.6265638,1.659736234,24.34308232,1.577880482
Congo Brazzaville,COG,1991,COG1991,,-0.0027207,5242.8,3.909307692,4.8445,24.4908828,1.453570506,24.37226401,1.50154029
Congo Brazzaville,COG,1992,COG1992,,-0.000352,5241.1,4.082923077,4.9792,24.17859459,1.416289319,24.10499234,1.522695114
Congo Brazzaville,COG,1993,COG1993,,-0.0360163,5056.3,4.169923077,5.1193,24.31910368,1.435779855,24.2081877,1.579367851
Congo Brazzaville,COG,1994,COG1994,,-0.0830543,4654.7,4.343846154,5.2646,24.29493838,1.636072054,24.18941246,1.662926343
Congo Brazzaville,COG,1995,COG1995,,0.0119505,4713.4,4.430538462,5.4141,24.55610942,1.578255791,24.44349909,1.533509527
Congo Brazzaville,COG,1996,COG1996,,0.0141226,4784.4,4.517538462,5.5708,24.2641443,1.450601423,24.27881913,1.511888079
Congo Brazzaville,COG,1997,COG1997,,-0.0347271,4625.9,4.604307692,5.7358,24.42142696,1.614477149,24.46038469,1.566431185
Congo Brazzaville,COG,1998,COG1998,,0.0082577,4669.8,4.691230769,5.905,25.14177175,1.617207828,25.05272931,1.566611716
Congo Brazzaville,COG,1999,COG1999,,-0.0538319,4430.8,4.778,6.0764,24.49155893,1.794320647,24.27125205,1.747281874
Congo Brazzaville,COG,2000,COG2000,,0.046526,4648,4.778,6.2549,24.46320261,1.560512588,24.22038661,1.560916131
Congo Brazzaville,COG,2001,COG2001,,0.0122298,4711.6,4.865,6.4366,24.6772798,1.40287614,24.3660035,1.299356578
Congo Brazzaville,COG,2002,COG2002,,0.0207339,4817.1,4.951769231,6.6203,24.78839422,1.651919312,24.54682841,1.536097096
Congo Brazzaville,COG,2003,COG2003,,-0.0158813,4747.4,4.951769231,6.8122,24.74257405,1.548958877,24.7139929,1.514720631
Congo Brazzaville,COG,2004,COG2004,,0.0090873,4795.8,5.038692308,7.0223,24.79783657,1.492581971,24.60965075,1.380082377
Congo Brazzaville,COG,2005,COG2005,,0.0478068,5034.2,5.038692308,7.2448,24.86845997,1.415796115,24.79833954,1.340896984
Congo Brazzaville,COG,2006,COG2006,,0.0316193,5197.6,5.100230769,7.4887,24.8534241,1.64908686,24.64621769,1.431524153
Congo Brazzaville,COG,2007,COG2007,,-0.0462542,4962.4,5.075615385,7.752,24.78969778,1.667884811,24.66621453,1.516467287
Congo Brazzaville,COG,2008,COG2008,,0.0234145,5078.9,5.137461538,8.0214,24.65745352,1.714581712,24.59944484,1.393301182
Congo Brazzaville,COG,2009,COG2009,,0.0418772,5295.2,5.114230769,8.2898,24.79601791,1.669853379,24.64604416,1.527584186
Congo Brazzaville,COG,2010,COG2010,,0.0551366,5595.3,5.176538462,8.5481,25.06914217,1.638958567,25.01251123,1.372503884
Congo Brazzaville,COG,2011,COG2011,,0.0063702,5632.4,5.238769231,8.7899,24.60335145,1.59826494,24.5326316,1.472252224
Congo Brazzaville,COG,2012,COG2012,,0.0112053,5698.1,5.192,9.02,24.67810961,1.536925283,24.50038918,1.424572633
Congo Brazzaville,COG,2013,COG2013,,0.0086512,5749.1,5.229076923,9.2441,24.79437577,1.546078941,24.67760968,1.334100992
Congo Brazzaville,COG,2014,COG2014,,,5988.2,5.265230769,9.4743,24.75507263,1.451369813,24.61943569,1.440558457
Congo Brazzaville,COG,2015,COG2015,,,5993.2,5.300769231,9.7117,24.85740296,1.473844705,24.80878267,1.32844315
Congo Brazzaville,COG,2016,COG2016,,,,5.300769231,9.9626,25.22983893,1.662487384,25.18311759,1.434275344
Congo Brazzaville,COG,2017,COG2017,,,,5.300769231,10.2223,24.88579084,1.698811107,24.87455001,1.456264439
Congo Brazzaville,COG,2018,COG2018,,,,5.300769231,10.487,25.06818475,1.54054958,24.87658138,1.473244257
Congo Brazzaville,COG,2019,COG2019,,,,5.300769231,10.7621,24.99586898,1.761789814,25.06990469,1.62233134
Congo Democratic Republic,COD,1990,COD1990,,,1267.7,2.17575,69.225,23.97375996,1.50496799,23.52094475,1.97316267
Congo Democratic Republic,COD,1991,COD1991,,,1117.9,2.2705,71.818,23.82324836,1.44067878,23.35163077,2.021549094
Congo Democratic Republic,COD,1992,COD1992,,,961.5,2.365,74.668,23.70733725,1.392198061,23.27058858,1.940105694
Congo Democratic Republic,COD,1993,COD1993,,,799.6,2.55425,77.633,23.71830645,1.395988835,23.31001492,1.950979692
Congo Democratic Republic,COD,1994,COD1994,,,740.3,2.648916667,80.508,23.72539491,1.459705414,23.25531588,2.097768833
Congo Democratic Republic,COD,1995,COD1995,,,721.1,2.743416667,83.153,23.99263721,1.448789383,23.51593763,1.782021092
Congo Democratic Republic,COD,1996,COD1996,,,693.4,2.837916667,85.515,23.72560343,1.415238735,23.41608568,1.94028388
Congo Democratic Republic,COD,1997,COD1997,,,637.8,2.932583333,87.655,23.90739757,1.545676719,23.59032184,1.988625538
Congo Democratic Republic,COD,1998,COD1998,,,612.4,2.932583333,89.701,24.23265603,1.467912165,24.11331508,1.927966164
Congo Democratic Republic,COD,1999,COD1999,,,572,3.027333333,91.841,23.7636896,1.52907416,23.24699197,1.974096365
Congo Democratic Republic,COD,2000,COD2000,,,518.5,3.12175,94.213,23.92180642,1.434001078,23.36761464,1.762391265
Congo Democratic Republic,COD,2001,COD2001,,,493.2,3.311166667,96.857,24.05626328,1.428199813,23.45247842,1.674685837
Congo Democratic Republic,COD,2002,COD2002,,,492.6,3.500166667,99.745,24.17439462,1.58134735,23.64844653,1.74579665
Congo Democratic Republic,COD,2003,COD2003,,,504,3.689333333,102.852,24.17763798,1.42409645,23.7704874,1.653076568
Congo Democratic Republic,COD,2004,COD2004,,,521,3.87875,106.138,24.14892745,1.3432956,23.75529844,1.677822497
Congo Democratic Republic,COD,2005,COD2005,,,535.4,4.067916667,109.574,24.30038976,1.386411941,23.92894635,1.741101514
Congo Democratic Republic,COD,2006,COD2006,,,546,4.257,113.158,24.10804555,1.580613468,23.63500509,1.800575429
Congo Democratic Republic,COD,2007,COD2007,,,561.7,4.54075,116.908,24.11390245,1.520158448,23.67405197,1.744576528
Congo Democratic Republic,COD,2008,COD2008,,,577.6,4.764916667,120.824,23.99359664,1.480737444,23.62678827,1.677868295
Congo Democratic Republic,COD,2009,COD2009,,,575.2,4.992083333,124.898,24.18602846,1.514954582,23.83803048,1.807189887
Congo Democratic Republic,COD,2010,COD2010,,,596.3,5.706333333,129.127,24.36564767,1.483936964,24.15477719,1.728203241
Congo Democratic Republic,COD,2011,COD2011,,,617.1,5.440083333,133.508,23.90943125,1.530480245,23.70876387,1.725549578
Congo Democratic Republic,COD,2012,COD2012,,,640.6,5.65775,138.041,23.88616952,1.462097528,23.70033152,1.667386989
Congo Democratic Republic,COD,2013,COD2013,,,673.4,5.87575,142.719,24.01766143,1.511182873,23.99249522,1.572173768
Congo Democratic Republic,COD,2014,COD2014,,,711,6.324666667,147.534,23.945542,1.459356283,23.98715594,1.581351601
Congo Democratic Republic,COD,2015,COD2015,,,736.7,6.189583333,152.49,24.02666603,1.493525456,24.14772231,1.646443976
Congo Democratic Republic,COD,2016,COD2016,,,,6.34625,157.58,24.25382372,1.531771316,24.48775788,1.627530659
Congo Democratic Republic,COD,2017,COD2017,,,,6.502,162.8,24.1183827,1.537410101,24.18286039,1.677426827
Congo Democratic Republic,COD,2018,COD2018,,,,6.4675,168.139,24.05210375,1.517231072,24.02179231,1.664299917
Congo Democratic Republic,COD,2019,COD2019,,,,6.4675,173.582,24.07642413,1.565614076,24.24447334,1.746060928
Costa Rica,CRI,1990,CRI1990,,0.0128579,7291.2,6.64275,6.239,24.10972222,3.347054762,21.84231244,3.232963297
Costa Rica,CRI,1991,CRI1991,,0.0005543,7291.1,6.739,6.406,24.23115079,3.08877381,21.82698802,2.831217834
Costa Rica,CRI,1992,CRI1992,,0.0632839,7758.6,6.835375,6.573,24.21884921,2.81667619,21.86891825,2.713205568
Costa Rica,CRI,1993,CRI1993,,0.0474586,8125.4,6.9315,6.743,24.20079365,3.498054762,21.77342711,3.357590666
Costa Rica,CRI,1994,CRI1994,,0.0219726,8299.3,7.027875,6.919,24.19325397,2.788083333,21.78775656,2.735222782
Costa Rica,CRI,1995,CRI1995,,0.0138296,8415.3,7.124125,7.091,24.18333334,3.592664286,21.73642613,3.90609491
Costa Rica,CRI,1996,CRI1996,,-0.0162734,8287.4,7.220375,7.264,23.6672619,3.803985714,21.4885855,3.876616934
Costa Rica,CRI,1997,CRI1997,,0.0289737,8545.4,7.412875,7.437,24.23154762,3.277809524,22.00453917,2.783506281
Costa Rica,CRI,1998,CRI1998,,0.0556482,9054.9,7.509,7.608,24.41309524,3.525380952,22.40100325,3.432890935
Costa Rica,CRI,1999,CRI1999,,0.0550043,9592.3,7.6055,7.771,23.50277778,3.320069048,21.23334913,4.012611163
Costa Rica,CRI,2000,CRI2000,,-0.0047627,9574.1,7.70175,7.924,23.73849206,2.966752381,21.28496978,3.430836742
Costa Rica,CRI,2001,CRI2001,,-0.0104197,9504.4,7.70175,8.067,24.16686508,3.075054762,21.55536806,3.441596067
Costa Rica,CRI,2002,CRI2002,,0.008786,9620.4,7.70175,8.203,24.31646825,3.510633333,21.83901175,3.270035357
Costa Rica,CRI,2003,CRI2003,,0.0433706,10080.8,7.6055,8.329,24.37956349,3.674071429,21.93494099,3.622568648
Costa Rica,CRI,2004,CRI2004,,0.0238464,10356.9,7.6055,8.449,24.19246032,3.549861905,21.74990724,3.795496059
Costa Rica,CRI,2005,CRI2005,,0.0399674,10809.6,7.6055,8.572,24.06964286,3.431714286,21.93481292,3.553987209
Costa Rica,CRI,2006,CRI2006,,0.0675426,11592.3,7.6055,8.69,24.24603175,3.329704762,21.814724,3.166434614
Costa Rica,CRI,2007,CRI2007,,0.0603873,12338.5,7.798,8.809,24.04980159,3.41997619,21.7613626,3.842212367
Costa Rica,CRI,2008,CRI2008,,0.0115014,12503.7,8.086875,8.925,24.00575397,4.031516667,21.48523526,4.123258886
Costa Rica,CRI,2009,CRI2009,,-0.0252547,12214.7,8.086875,9.041,24.4077381,3.066892857,21.80756137,3.44949891
Costa Rica,CRI,2010,CRI2010,,0.0336292,12659,7.99075,9.154,24.23333333,4.011119048,21.94570362,5.010349649
Costa Rica,CRI,2011,CRI2011,,0.0296587,13072.1,8.086875,9.267,24.05059524,3.374888095,21.6130506,3.729823241
Costa Rica,CRI,2012,CRI2012,,0.0358933,13589.1,8.1925,9.374,24.06547619,2.447319048,21.78169604,3.132607212
Costa Rica,CRI,2013,CRI2013,,0.0205551,13900.1,8.20175,9.483,24.21130953,2.658302381,21.96040896,3.175040644
Costa Rica,CRI,2014,CRI2014,,,14232.2,8.5005,9.59,24.35416667,3.18572381,22.02547535,3.332214962
Costa Rica,CRI,2015,CRI2015,,,14471.8,8.316125,9.695,24.45654762,2.998292857,22.36540069,3.012752798
Costa Rica,CRI,2016,CRI2016,,,,8.3245,9.799,24.47380953,2.878092857,22.40039974,3.478525321
Costa Rica,CRI,2017,CRI2017,,,,8.42975,9.9,24.24623016,3.110714286,22.12498202,3.575860148
Costa Rica,CRI,2018,CRI2018,,,,8.43775,9.998,23.8436508,3.719190476,21.90239442,3.131447199
Costa Rica,CRI,2019,CRI2019,,,,8.43775,10.095,24.20833333,3.550102381,22.36386122,2.934640663
Cote d'Ivoire,CIV,1990,CIV1990,,-0.0449912,3220.5,1.602545455,23.851,26.59457904,1.168052933,25.81348038,1.322718534
Cote d'Ivoire,CIV,1991,CIV1991,,-0.0332119,3110.6,1.682636364,24.724,26.55273229,1.197512511,25.64957967,1.379536509
Cote d'Ivoire,CIV,1992,CIV1992,,-0.0354892,2996.9,1.762727273,25.624,26.39565377,1.130138088,25.52965812,1.264775502
Cote d'Ivoire,CIV,1993,CIV1993,,-0.0341685,2890.8,1.842909091,26.544,26.51836385,1.221361736,25.65880486,1.375285865
Cote d'Ivoire,CIV,1994,CIV1994,,-0.0230924,2819.4,1.923,27.471,26.49527775,1.286369216,25.71562156,1.25609206
Cote d'Ivoire,CIV,1995,CIV1995,,0.0389506,2925.9,1.991181818,28.398,26.73652616,1.351956424,25.88262271,1.472306862
Cote d'Ivoire,CIV,1996,CIV1996,,0.0456827,3057,2.059636364,29.331,26.69729043,1.357781586,25.72133193,1.337868969
Cote d'Ivoire,CIV,1997,CIV1997,,0.0279964,3079.3,2.206909091,30.261,26.72805496,1.149161573,25.8138233,1.210398108
Cote d'Ivoire,CIV,1998,CIV1998,,0.0205533,3142.4,2.353636364,31.177,27.28400078,1.159853639,26.36892497,1.294789305
Cote d'Ivoire,CIV,1999,CIV1999,,-0.0076794,3112.2,2.421363636,32.064,26.63398298,1.357363142,25.62690364,1.409546089
Cote d'Ivoire,CIV,2000,CIV2000,,-0.0583153,2977.7,2.536272727,32.909,26.64229428,1.266069631,25.83649783,1.124582257
Cote d'Ivoire,CIV,2001,CIV2001,,-0.0179595,2919.9,2.496454545,33.705,26.69199059,1.414756041,25.87502853,1.088934095
Cote d'Ivoire,CIV,2002,CIV2002,,-0.0298106,2817.7,2.532545455,34.464,26.93665551,1.316105902,25.94922628,1.255993428
Cote d'Ivoire,CIV,2003,CIV2003,,-0.0296595,2730.8,2.567636364,35.2,26.90779756,1.413487013,26.07263838,1.322278911
Cote d'Ivoire,CIV,2004,CIV2004,,0.0040057,2716.1,2.601818182,35.94,26.91656352,1.307001634,26.0079094,1.210313455
Cote d'Ivoire,CIV,2005,CIV2005,,-0.0019763,2712.6,2.635363636,36.709,27.08372544,1.274326053,26.05591966,1.237794367
Cote d'Ivoire,CIV,2006,CIV2006,,-0.0084977,2701,2.753090909,37.51,26.86273662,1.375392275,26.12662056,1.150151706
Cote d'Ivoire,CIV,2007,CIV2007,,0.0009001,2693.9,2.872090909,38.342,26.97683866,1.268688346,26.15000962,1.327318756
Cote d'Ivoire,CIV,2008,CIV2008,,0.0047155,2705.1,2.992818182,39.212,26.56233021,1.356879306,25.99979643,1.377635521
Cote d'Ivoire,CIV,2009,CIV2009,,0.0173166,2733,3.114818182,40.118,26.94166093,1.361474518,26.06662662,1.22276516
Cote d'Ivoire,CIV,2010,CIV2010,,0.0033776,2726.3,3.238090909,41.067,27.24581497,1.586338945,26.27182457,1.359213796
Cote d'Ivoire,CIV,2011,CIV2011,,-0.0699082,2546.9,3.441090909,42.057,26.90027107,1.339792202,26.0237807,1.186138771
Cote d'Ivoire,CIV,2012,CIV2012,,0.0677854,2753,3.519545455,43.094,26.63235534,1.22555186,25.84995876,1.251458746
Cote d'Ivoire,CIV,2013,CIV2013,,0.0596869,2934.5,3.675727273,44.176,26.87113654,1.149212855,26.07993969,1.13497232
Cote d'Ivoire,CIV,2014,CIV2014,,,3108.4,3.441090909,45.295,26.9108637,1.441547119,26.00153554,1.332349942
Cote d'Ivoire,CIV,2015,CIV2015,,,3290,3.910454545,46.451,27.09888483,1.12035778,26.2049736,1.14076263
Cote d'Ivoire,CIV,2016,CIV2016,,,,3.988636364,47.646,27.3786608,1.225205007,26.59720049,1.202635054
Cote d'Ivoire,CIV,2017,CIV2017,,,,4.066818182,48.874,27.23645085,1.165368758,26.45423509,1.266930878
Cote d'Ivoire,CIV,2018,CIV2018,,,,4.066818182,50.138,27.08624892,1.457462545,26.16644858,1.447138189
Cote d'Ivoire,CIV,2019,CIV2019,,,,4.144909091,51.432,26.89427781,1.430009189,26.41817983,1.45021367
Croatia,HRV,1990,HRV1990,,,321078.2,5.817863636,9.5532,11.6309578,0.87609402,11.71880693,0.88667901
Croatia,HRV,1991,HRV1991,,,279054,6.108863636,9.3781,10.55676642,1.035012446,10.49701627,1.029440679
Croatia,HRV,1992,HRV1992,,,229532.1,6.302772727,9.1502,11.83240416,0.997207609,11.90631485,0.924984536
Croatia,HRV,1993,HRV1993,,,194843,6.593590909,9.2014,11.19658969,1.041897486,10.94013576,0.977206253
Croatia,HRV,1994,HRV1994,,,204401.7,6.884636364,9.3032,12.50083442,0.985565785,12.21427273,0.89253141
Croatia,HRV,1995,HRV1995,,,218614.7,7.0785,9.2405,11.24056098,1.198884109,11.00430572,1.105715452
Croatia,HRV,1996,HRV1996,,0.0957184,241711.7,7.563318182,9.1141,10.49956479,1.184665699,10.00041879,1.163223832
Croatia,HRV,1997,HRV1997,,0.0461769,254754.2,7.951227273,9.07,11.26408426,0.991315641,10.83389652,0.986393663
Croatia,HRV,1998,HRV1998,,0.035226,265083,8.338954545,9.0649,11.57050069,1.107068902,11.18494997,1.032787459
Croatia,HRV,1999,HRV1999,,-0.0221899,261064.6,8.726818182,9.0269,11.57993928,1.164587655,11.28826037,1.171822418
Croatia,HRV,2000,HRV2000,,0.0653274,280406.3,9.114954545,8.9375,12.58523484,0.884629789,12.59965459,0.869397465
Croatia,HRV,2001,HRV2001,0.093353408,0.0327494,290894.9,9.503363636,8.5987,11.61348339,1.032514718,11.53472487,1.055750814
Croatia,HRV,2002,HRV2002,0.149218514,0.0476301,306027.4,9.503363636,8.6028,12.27220726,1.143746729,11.96960203,1.180411196
Croatia,HRV,2003,HRV2003,0.247651009,0.0523179,323530.3,9.503363636,8.605,11.7973957,0.774031184,11.72493609,0.781523625
Croatia,HRV,2004,HRV2004,0.176355317,0.0406802,338812.4,9.405772727,8.6106,11.25830753,1.16169459,11.05904694,1.189604375
Croatia,HRV,2005,HRV2005,0.062203589,0.0412319,343679.8,9.405772727,8.6199,10.80383511,1.158430877,10.40568661,1.111370126
Croatia,HRV,2006,HRV2006,0.105788049,0.0486236,360580.5,9.599772727,8.6212,11.63923692,0.913961811,11.4569445,0.9656838
Croatia,HRV,2007,HRV2007,0.168663297,0.0502621,377419.2,9.7935,8.6212,12.4431668,1.022995925,12.26832365,1.024003285
Croatia,HRV,2008,HRV2008,0.160588764,0.0209655,387759,9.987636364,8.6205,12.36738854,1.02406924,12.11785402,1.031195134
Croatia,HRV,2009,HRV2009,-0.120955967,-0.0707779,354601.6,10.27877273,8.6114,12.21543716,1.115033115,12.04472074,1.071646941
Croatia,HRV,2010,HRV2010,-0.069595836,-0.0204315,345800.5,10.47313636,8.5906,11.32688611,1.307894184,10.8875181,1.371112486
Croatia,HRV,2011,HRV2011,0.050448554,0.0291884,355785.7,10.76363636,8.5607,12.21331555,0.743653029,11.95810676,0.672190343
Croatia,HRV,2012,HRV2012,-0.095270611,-0.0158176,348979.3,10.86090909,8.5364,12.40209472,0.971226995,12.17337404,0.936315723
Croatia,HRV,2013,HRV2013,0.030838603,-0.0065626,346059.5,10.86090909,8.5132,12.10557052,1.208984049,11.74131463,1.207577602
Croatia,HRV,2014,HRV2014,-0.009970165,,346221.7,10.95818182,8.4749,12.76387089,1.419209474,12.48050508,1.434082375
Croatia,HRV,2015,HRV2015,,,353082.8,10.95818182,8.4077,12.62944119,1.043912943,12.37387231,0.953345941
Croatia,HRV,2016,HRV2016,,,,11.05363636,8.3479,12.26433537,1.174016758,11.98733175,1.1145252
Croatia,HRV,2017,HRV2017,,,,11.05363636,8.2536,12.26972894,1.007009906,12.1039932,1.044759104
Croatia,HRV,2018,HRV2018,,,,11.05363636,8.1758,13.03630237,1.048508928,12.58802323,1.099178501
Croatia,HRV,2019,HRV2019,,,,11.05363636,8.1339,13.05394158,1.207873921,12.70023776,1.176263465
Cuba,CUB,1990,CUB1990,,-0.039116,13694.4,8.312125,21.1944,25.85747222,1.268293556,25.34117668,0.944281565
Cuba,CUB,1991,CUB1991,,-0.1209787,12135.5,8.4099375,21.35,25.89597222,1.315062889,25.25888872,1.019939831
Cuba,CUB,1992,CUB1992,,-0.1298933,10659,8.6054375,21.4724,25.40578704,1.178089,24.88809516,0.919122764
Cuba,CUB,1993,CUB1993,,-0.1669869,9021.2,8.70325,21.5788,25.56435185,1.301508444,25.00647933,1.057221717
Cuba,CUB,1994,CUB1994,,0.0018653,9039.1,8.8989375,21.6781,26.04310185,1.286460333,25.3136433,0.966500255
Cuba,CUB,1995,CUB1995,,0.0193976,9216.5,8.996625,21.7765,25.60990741,1.557259222,25.2640647,1.020636945
Cuba,CUB,1996,CUB1996,,0.0710179,9894.2,9.0946875,21.8788,25.1484537,1.443081222,24.7324914,1.014163152
Cuba,CUB,1997,CUB1997,,0.0235164,10128.1,9.1920625,21.9802,25.81782407,1.271641444,25.72863415,0.826191652
Cuba,CUB,1998,CUB1998,,-0.0020358,10105.8,9.289875,22.0785,26.00705555,1.253416555,25.82168332,0.942602902
Cuba,CUB,1999,CUB1999,,0.0566727,10694.1,9.3878125,22.1698,25.5210463,1.303433889,24.92649476,1.036135751
Cuba,CUB,2000,CUB2000,,0.0541623,11289.8,9.3878125,22.2531,25.45110185,1.230298111,25.06809584,0.720999398
Cuba,CUB,2001,CUB2001,,0.0280057,11612.8,9.4850625,22.3294,25.59006481,1.506838222,25.06654507,0.873468094
Cuba,CUB,2002,CUB2002,,0.0109098,11743.9,9.289875,22.3996,25.92530556,1.445394333,25.40868913,0.96458201
Cuba,CUB,2003,CUB2003,,0.0342024,12156.2,9.5845625,22.4568,25.87825,1.432878667,25.51415415,0.870254169
Cuba,CUB,2004,CUB2004,,0.0536683,12828.2,9.5845625,22.502,25.63046296,1.156243333,25.2855582,0.645990934
Cuba,CUB,2005,CUB2005,,0.1045169,14239.3,9.68125,22.525,25.56689815,1.720439,25.00452784,1.152674549
Cuba,CUB,2006,CUB2006,,0.1131174,15937.4,9.877125,22.524,25.77773148,1.268132889,25.10854257,0.97879157
Cuba,CUB,2007,CUB2007,,0.0700547,17081.4,10.1703125,22.503,25.84331482,1.689108,25.16296826,1.259700619
Cuba,CUB,2008,CUB2008,,0.0408142,17774.9,10.364875,22.4759,25.51158333,1.487510222,25.22530379,0.962185085
Cuba,CUB,2009,CUB2009,,0.0150539,18020.9,10.5615,22.4538,25.63625,1.197796111,25.22327961,0.812031119
Cuba,CUB,2010,CUB2010,,0.0242272,18433.9,10.7571875,22.4528,24.83891667,1.553382667,24.76416116,1.0154841
Cuba,CUB,2011,CUB2011,,0.0272493,18924.8,11.052625,22.4759,25.64862963,1.415818889,25.25448227,0.966244849
Cuba,CUB,2012,CUB2012,,,19462.5,10.58575,22.511,25.58797222,1.511365,25.08370125,1.049617984
Cuba,CUB,2013,CUB2013,,,19950.3,10.8055,22.5662,25.81188889,1.445187,25.45530479,0.943247008
Cuba,CUB,2014,CUB2014,,,20231.8,10.926875,22.6134,25.86076852,1.366966222,25.54573411,0.904540721
Cuba,CUB,2015,CUB2015,,,20565.4,11.248125,22.6495,26.51284259,1.164212667,25.98821721,0.86231208
Cuba,CUB,2016,CUB2016,,,,11.47,22.6696,26.10487037,1.309568333,25.71676688,0.906683046
Cuba,CUB,2017,CUB2017,,,,11.691875,22.6796,26.16084259,1.538860222,25.51304682,1.17656529
Cuba,CUB,2018,CUB2018,,,,11.718125,22.6776,25.98111111,1.339913667,25.42554786,1.057475608
Cuba,CUB,2019,CUB2019,,,,11.7425,22.6665,26.37116667,1.357705444,25.97515147,0.936544661
Cyprus,CYP,1990,CYP1990,,0.0501223,23755,8.7,0.767,17.09166667,0.31515,18.11426458,0.215828466
Cyprus,CYP,1991,CYP1991,,-0.0185178,23319.1,8.8,0.783,17.05,0.6563,17.84735748,0.536890388
Cyprus,CYP,1992,CYP1992,,0.0632361,24841.4,8.9,0.801,16.0875,0.4803,16.70900333,0.394733286
Cyprus,CYP,1993,CYP1993,,-0.0171729,24418.4,9,0.819,17,0.3898,17.72158446,0.279502583
Cyprus,CYP,1994,CYP1994,,0.0366424,25329.8,9.1,0.837,17.8875,0.6441,18.56525318,0.507753921
Cyprus,CYP,1995,CYP1995,,0.0410817,26392,9.2,0.855,17.27083333,0.30775,17.80942337,0.174270535
Cyprus,CYP,1996,CYP1996,,0.0023809,26396.8,9.4,0.873,17.575,0.52285,17.99071853,0.417538476
Cyprus,CYP,1997,CYP1997,,0.0090387,26650.5,9.5,0.891,16.80416667,0.45445,17.52785317,0.356481171
Cyprus,CYP,1998,CYP1998,,0.0369409,27666.2,9.7,0.909,18.18333333,0.4674,18.67433563,0.334248209
Cyprus,CYP,1999,CYP1999,,0.0361404,28640.3,9.8,0.926,18.24166667,0.31065,18.86375178,0.244919419
Cyprus,CYP,2000,CYP2000,,0.038561,29945,10,0.943,17.55833333,0.5351,18.15472538,0.39997263
Cyprus,CYP,2001,CYP2001,,0.0286879,30683.3,10.1,0.96,18.5625,0.54655,18.7406018,0.418459702
Cyprus,CYP,2002,CYP2002,,0.0082394,31310.6,10.2,0.977,17.925,0.4755,18.32111528,0.373442411
Cyprus,CYP,2003,CYP2003,,0.0018308,31794.9,10.4,0.994,18.04166667,0.6464,18.2260296,0.452263355
Cyprus,CYP,2004,CYP2004,,0.0181044,32746.3,10.5,1.01,17.87916667,0.55795,18.15322525,0.421172881
Cyprus,CYP,2005,CYP2005,,0.0142824,33525,10.7,1.028,17.74166667,0.42565,18.00843608,0.279520774
Cyprus,CYP,2006,CYP2006,,0.0211424,34459.6,10.9,1.046,17.6125,0.3898,17.95725026,0.329571915
Cyprus,CYP,2007,CYP2007,,0.0353484,35398.1,11.2,1.064,18.075,0.4832,18.42377858,0.345939684
Cyprus,CYP,2008,CYP2008,,0.0240897,35781.2,11.3,1.082,18.17916667,0.2914,18.67226213,0.213853598
Cyprus,CYP,2009,CYP2009,,-0.0255134,34126.7,11.3,1.098,18.20833333,0.65795,18.50845209,0.463434124
Cyprus,CYP,2010,CYP2010,,-0.0232163,33699.3,11.5,1.113,19.46666667,0.44085,19.53193828,0.300786901
Cyprus,CYP,2011,CYP2011,,-0.0215223,32983.2,11.6,1.125,17.67083333,0.5609,17.92845799,0.409667158
Cyprus,CYP,2012,CYP2012,,-0.0395295,31689.2,11.8,1.135,18.42916667,0.76345,18.51917658,0.610147095
Cyprus,CYP,2013,CYP2013,,,29876.5,12,1.144,18.43333333,0.373,18.60195334,0.303334665
Cyprus,CYP,2014,CYP2014,,,29452.9,11.9,1.152,18.49583333,0.4798,18.54410192,0.329797935
Cyprus,CYP,2015,CYP2015,,,30309.6,11.9,1.161,17.89166667,0.53855,18.37103021,0.405417442
Cyprus,CYP,2016,CYP2016,,,,12.1,1.17,18.63333333,0.4204,19.04616826,0.299993801
Cyprus,CYP,2017,CYP2017,,,,12.1,1.18,18.16666667,0.35075,18.51454183,0.33492434
Cyprus,CYP,2018,CYP2018,,,,12.2,1.189,19.1375,0.5891,19.45021395,0.459579825
Cyprus,CYP,2019,CYP2019,,,,12.2,1.199,18.46666667,0.66265,18.72580575,0.663478804
Czech Republic,CZE,1990,CZE1990,,,275211,8.397444444,20.617,8.720763062,0.565499811,8.649509834,0.671569047
Czech Republic,CZE,1991,CZE1991,,-0.1210666,243818.1,8.397444444,20.626,7.59176794,0.569457386,7.475027999,0.68282421
Czech Republic,CZE,1992,CZE1992,,-0.0061007,242323.2,8.597333333,20.639,8.73551918,0.582312267,8.705418477,0.691771328
Czech Republic,CZE,1993,CZE1993,,-0.0004206,242209.8,8.897333333,20.66,7.916076802,0.613411196,7.650954273,0.740109821
Czech Republic,CZE,1994,CZE1994,,0.0283167,248400.5,9.097222222,20.667,9.109963624,0.600474201,9.049652872,0.744932335
Czech Republic,CZE,1995,CZE1995,,0.0609686,263245.7,9.397111111,20.655,8.128967014,0.710456726,7.914400701,0.865104154
Czech Republic,CZE,1996,CZE1996,0.108358179,0.0455603,274042.1,9.597444444,20.63,6.498301918,0.659325154,6.192441198,0.786399782
Czech Republic,CZE,1997,CZE1997,-0.07981784,-0.0074842,271425.6,9.896666667,20.609,7.83864542,0.663548135,7.514590266,0.822736693
Czech Republic,CZE,1998,CZE1998,0.066968509,-0.0014151,268733.9,10.09666667,20.588,8.390703125,0.676977748,8.173275173,0.821860527
Czech Republic,CZE,1999,CZE1999,-0.034191813,0.0176752,271329,10.39777778,20.569,8.594625083,0.629811081,8.437203392,0.744110122
Czech Republic,CZE,2000,CZE2000,-0.047905241,0.0438084,283554.5,10.59888889,20.511,9.381475281,0.643907163,9.206972225,0.793763138
Czech Republic,CZE,2001,CZE2001,0.093976498,0.0342607,292289.7,10.89777778,20.434,8.122776951,0.747205104,7.856362885,0.89866226
Czech Republic,CZE,2002,CZE2002,0.19155332,0.0231943,296809.9,11.09888889,20.395,8.891664187,0.774390055,8.714832855,0.949724655
Czech Republic,CZE,2003,CZE2003,0.187274933,0.0372561,307012.1,11.39666667,20.387,8.493354415,0.501423066,8.520090594,0.581333268
Czech Republic,CZE,2004,CZE2004,0.163691725,0.0460313,321348.2,11.6,20.397,8.188347388,0.630713363,8.027849742,0.758516861
Czech Republic,CZE,2005,CZE2005,0.1252094,0.064067,341691.2,11.90111111,20.42,7.992911293,0.696963686,7.767165178,0.853904562
Czech Republic,CZE,2006,CZE2006,0.130722046,0.0651411,362044,12.09888889,20.481,8.50531498,0.656280551,8.393568609,0.766515547
Czech Republic,CZE,2007,CZE2007,0.175152642,0.0499316,378815.3,12.19888889,20.597,9.287790592,0.728838175,9.215211607,0.837395614
Czech Republic,CZE,2008,CZE2008,0.2034141,0.0222254,383877,12.19666667,20.771,9.152090361,0.625049673,8.997021678,0.763797184
Czech Republic,CZE,2009,CZE2009,-0.132471902,-0.051816,365940.7,12.29333333,20.887,8.732043651,0.734611434,8.554644339,0.849289179
Czech Republic,CZE,2010,CZE2010,0.002800328,0.0214796,373192.7,12.39444444,20.949,7.500059937,0.85603808,7.061072816,0.969359387
Czech Republic,CZE,2011,CZE2011,0.100281647,0.0159553,379725.7,12.49444444,20.992,8.96629547,0.582875427,8.770247109,0.692190586
Czech Republic,CZE,2012,CZE2012,-0.100366729,-0.0117708,375760.5,12.39444444,21.02,8.745159143,0.651682574,8.579265822,0.800755374
Czech Republic,CZE,2013,CZE2013,0.005668844,-0.0104011,373631.9,12.59222222,21.025,8.374072421,0.718896235,8.105048996,0.81807319
Czech Republic,CZE,2014,CZE2014,0.002636569,,380607.5,12.79,21.051,9.867623594,0.713980744,9.821239849,0.779058924
Czech Republic,CZE,2015,CZE2015,-0.125259399,,395597.9,12.68888889,21.09,9.714569278,0.551754023,9.696230733,0.656875584
Czech Republic,CZE,2016,CZE2016,,,,12.58444444,21.131,9.16901579,0.718615189,8.991397522,0.79586521
Czech Republic,CZE,2017,CZE2017,,,,12.68666667,21.19,9.05119461,0.691078026,8.761180977,0.814197248
Czech Republic,CZE,2018,CZE2018,,,,12.68555556,21.259,9.984743717,0.561402059,9.994376345,0.618245805
Czech Republic,CZE,2019,CZE2019,,,,12.68111111,21.339,9.905823411,0.614430689,9.877375645,0.743763914
Denmark,DNK,1990,DNK1990,,0.014322,142425.8,8.921833333,10.486,9.648968253,0.742998929,9.597258478,0.820603938
Denmark,DNK,1991,DNK1991,,0.0103253,143918.9,9.120166667,10.501,8.366061508,0.619537619,8.432366615,0.684929315
Denmark,DNK,1992,DNK1992,,0.0162553,146517,9.219166667,10.519,9.160803571,0.6597875,9.179162662,0.675338966
Denmark,DNK,1993,DNK1993,,-0.0042281,146187.9,9.416833333,10.536,7.864126984,0.7035475,7.859623065,0.784150664
Denmark,DNK,1994,DNK1994,0.075070763,0.0504044,153870.9,9.616333333,10.554,8.80922619,0.79813,8.842079068,0.832576505
Denmark,DNK,1995,DNK1995,0.168647957,0.0249818,157554.8,9.814666667,10.59,8.495674603,0.621543452,8.521791823,0.594005377
Denmark,DNK,1996,DNK1996,-0.001441765,0.0222919,161433,10.0125,10.615,6.965992064,0.487223571,7.094918948,0.563262466
Denmark,DNK,1997,DNK1997,-0.090607834,0.027328,165635.5,10.11083333,10.633,8.556646825,0.567028929,8.634740725,0.65993556
Denmark,DNK,1998,DNK1998,0.011042404,0.0177429,168077.7,10.31033333,10.652,8.307232143,0.800211191,8.35127315,0.896590418
Denmark,DNK,1999,DNK1999,-0.007782936,0.0219733,170861.6,10.51,10.669,9.018621032,0.801026548,9.014483023,0.922772568
Denmark,DNK,2000,DNK2000,-0.092243576,0.0313359,175436.1,10.60666667,10.679,9.403065476,0.683451905,9.343912348,0.826184007
Denmark,DNK,2001,DNK2001,0.005333328,0.0034405,176439.3,11.30166667,10.717,8.423998016,0.689523452,8.30987424,0.826600429
Denmark,DNK,2002,DNK2002,0.085119057,0.0014528,176445.8,11.99333333,10.752,9.233015873,0.781197857,9.230027785,0.865174365
Denmark,DNK,2003,DNK2003,0.197967911,0.0011109,176327.8,12.69,10.78,8.738204365,0.569507024,8.731189026,0.660658969
Denmark,DNK,2004,DNK2004,0.123322296,0.0201208,179950.9,12.69,10.808,8.740615079,0.712300238,8.727124083,0.824134255
Denmark,DNK,2005,DNK2005,0.021433449,0.0214025,183835.3,12.69,10.838,8.834871032,0.596175833,8.84327528,0.687292573
Denmark,DNK,2006,DNK2006,0.07121067,0.0300972,189957.1,12.69,10.874,9.425079365,0.706240476,9.528765413,0.843468212
Denmark,DNK,2007,DNK2007,0.116938782,0.0112739,190506.1,12.39333333,10.922,9.594652777,0.807888809,9.531446355,0.915794245
Denmark,DNK,2008,DNK2008,0.098541069,-0.0137449,187186.5,12.80166667,10.987,9.605515873,0.691741548,9.460799653,0.794954294
Denmark,DNK,2009,DNK2009,-0.083374023,-0.0636826,174699.7,12.62666667,11.046,8.92453373,0.656764524,8.868491827,0.774178844
Denmark,DNK,2010,DNK2010,-0.013786316,0.0093313,177139.5,12.6,11.095,7.212410714,0.70359,7.008421924,0.785513683
Denmark,DNK,2011,DNK2011,0.063588905,0.0065385,178433.6,12.59,11.142,9.139970238,0.747350595,9.011738093,0.803257935
Denmark,DNK,2012,DNK2012,-0.055799866,-0.0073565,177622.5,12.695,11.182,8.532787698,0.699281429,8.367774374,0.849807034
Denmark,DNK,2013,DNK2013,0.048406029,0.00000342,176418.7,12.68,11.229,8.660257937,0.641798095,8.501695121,0.72192015
Denmark,DNK,2014,DNK2014,0.024283028,,177736.9,12.67666667,11.287,10.19904762,0.764636429,10.14874696,0.835832883
Denmark,DNK,2015,DNK2015,-0.157417297,,178796.7,12.385,11.366,9.381240079,0.780828691,9.334138796,0.932792337
Denmark,DNK,2016,DNK2016,,,,12.375,11.456,9.176378968,0.627397143,9.29022178,0.730825829
Denmark,DNK,2017,DNK2017,,,,12.47666667,11.53,9.058412698,0.893339167,9.140373597,0.921044733
Denmark,DNK,2018,DNK2018,,,,12.47833333,11.587,9.69123016,0.550316071,9.847185809,0.63481232
Denmark,DNK,2019,DNK2019,,,,12.45333333,11.637,9.760942459,0.772611429,9.819334266,0.916350927
Djibouti,DJI,1990,DJI1990,,,3112.4,,,28.3702381,0.129414286,28.50299681,0.233377144
Djibouti,DJI,1991,DJI1991,,-0.0814185,2870.4,,,28.51666667,0.152892857,28.16226477,0.229691016
Djibouti,DJI,1992,DJI1992,,-0.0272095,2794.9,,,28.14404762,0.246107143,27.66832651,0.30682249
Djibouti,DJI,1993,DJI1993,,-0.0882109,2560.2,,,28.11666667,0.227392858,27.89380966,0.312103082
Djibouti,DJI,1994,DJI1994,,-0.0262452,2494.6,,,28.30952381,0.177814286,27.6636454,0.232632796
Djibouti,DJI,1995,DJI1995,,-0.0525261,2366.8,2.437666667,1.2605,28.46904762,0.212914286,27.77426486,0.299596407
Djibouti,DJI,1996,DJI1996,,-0.059777,2228.5,2.437666667,1.288,28.53095238,0.200078572,27.77303186,0.305723557
Djibouti,DJI,1997,DJI1997,,-0.025094,2171.8,2.524666667,1.322,28.5125,0.181378572,27.92235018,0.353079355
Djibouti,DJI,1998,DJI1998,,-0.0163365,2134.7,2.611666667,1.36,28.88095238,0.225278572,28.42585786,0.312201809
Djibouti,DJI,1999,DJI1999,,0.0049359,2143.1,2.699,1.4,28.26011905,0.27775,28.12760024,0.219160849
Djibouti,DJI,2000,DJI2000,,-0.0115104,2116.6,2.785666667,1.436,28.54404762,0.248907143,27.93382973,0.258401195
Djibouti,DJI,2001,DJI2001,,0.0053799,2126,2.873,1.467,28.6077381,0.2076,27.94462862,0.196633057
Djibouti,DJI,2002,DJI2002,,0.0113683,2148.4,2.959666667,1.494,29.14642857,0.165992858,28.1519417,0.291670857
Djibouti,DJI,2003,DJI2003,,0.0172921,2184.3,3.047,1.52,28.89345238,0.169657143,28.19350617,0.242021146
Djibouti,DJI,2004,DJI2004,,0.0234914,2235.5,3.134,1.544,28.76547619,0.2024,28.23642302,0.278928527
Djibouti,DJI,2005,DJI2005,,0.0171877,2274.4,3.221,1.566,28.86071429,0.164957143,28.27637451,0.236580089
Djibouti,DJI,2006,DJI2006,,0.0328692,2351.8,3.308,1.589,28.78809524,0.234964286,28.12234486,0.391160126
Djibouti,DJI,2007,DJI2007,,0.035689,2439.6,3.395333333,1.611,28.59821429,0.170728572,28.28234172,0.198112594
Djibouti,DJI,2008,DJI2008,,0.0421952,2548.2,3.395333333,1.633,28.57083334,0.165664286,27.93519068,0.138595899
Djibouti,DJI,2009,DJI2009,,0.034367,2642.3,3.395333333,1.656,29.34047619,0.171135715,28.25570913,0.160566909
Djibouti,DJI,2010,DJI2010,,0.0288397,2699.2,3.482333333,1.68,28.92678572,0.202571429,28.20609864,0.265191807
Djibouti,DJI,2011,DJI2011,,0.0374453,2783,3.482333333,1.707,28.85059524,0.192078571,28.04652677,0.200046778
Djibouti,DJI,2012,DJI2012,,0.0143478,2879.2,3.482333333,1.737,28.82976191,0.177335714,28.13952694,0.144977892
Djibouti,DJI,2013,DJI2013,,0.0334593,2983,3.482333333,1.766,29.21369048,0.259471429,28.20107271,0.2688209
Djibouti,DJI,2014,DJI2014,,,3120,3.569333333,1.797,28.92857143,0.200542857,28.0645091,0.201579487
Djibouti,DJI,2015,DJI2015,,,3134.1,3.569333333,1.828,29.47202381,0.1641,28.47479194,0.189630297
Djibouti,DJI,2016,DJI2016,,,,3.569333333,1.858,29.34345238,0.2078,28.59234207,0.264513405
Djibouti,DJI,2017,DJI2017,,,,3.569333333,1.888,29.13511905,0.21375,28.53931805,0.16750167
Djibouti,DJI,2018,DJI2018,,,,3.482333333,1.918,28.70714286,0.217578572,28.14316464,0.242503542
Djibouti,DJI,2019,DJI2019,,,,3.569333333,1.948,28.84642857,0.1956,28.37465998,0.317338846
Dominica,DMA,1990,DMA1990,,0.0556321,6722.4,,,26.56111111,2.089766667,24.59516869,1.028203661
Dominica,DMA,1991,DMA1991,,0.0071752,6770.8,,,26.62222222,2.184666667,24.51238402,0.891382738
Dominica,DMA,1992,DMA1992,,0.0184477,6896.9,,,26.50555556,2.566333333,24.66007003,0.95334959
Dominica,DMA,1993,DMA1993,,0.0134767,6990.5,,,26.79722222,2.0982,24.66887564,0.926594604
Dominica,DMA,1994,DMA1994,,0.0118691,7073.9,,,26.56111111,1.9133,24.48709387,0.866231333
Dominica,DMA,1995,DMA1995,,0.0196248,7214.1,,,26.76944444,2.137966667,24.89307747,1.035573678
Dominica,DMA,1996,DMA1996,,0.0291764,7427.7,,,26.49444444,2.419266667,24.53798257,1.121328917
Dominica,DMA,1997,DMA1997,,0.0202949,7580,,,26.63333333,1.764633333,24.80321083,0.870567105
Dominica,DMA,1998,DMA1998,,0.0551181,8009.5,,,27.11944444,2.602866667,25.2447506,1.230111122
Dominica,DMA,1999,DMA1999,,0.0124161,8109.6,,,26.65555556,2.036533334,24.74342562,0.992077177
Dominica,DMA,2000,DMA2000,,-0.0545011,8166.1,7.8,0.0697,26.47222222,1.978333333,24.48896751,0.887186072
Dominica,DMA,2001,DMA2001,,-0.0003857,8206.9,7.8,0.0697,26.84444444,1.9245,24.80250321,0.836728074
Dominica,DMA,2002,DMA2002,,-0.0236393,8046.2,7.8,0.0698,26.85277778,1.895666667,24.86723734,0.86886122
Dominica,DMA,2003,DMA2003,,0.067715,8633.6,7.8,0.0701,26.87777778,2.1381,24.98123448,1.0056065
Dominica,DMA,2004,DMA2004,,0.0260424,8880.3,7.8,0.0704,26.62777778,2.909866667,24.79149143,1.349060102
Dominica,DMA,2005,DMA2005,,-0.0112891,8845.2,7.8,0.0706,27.05,2.754933333,25.20350991,1.487304102
Dominica,DMA,2006,DMA2006,,0.0887725,9085.3,7.8,0.0707,26.84722222,2.175666667,24.99649073,1.085227533
Dominica,DMA,2007,DMA2007,,0.0557421,9648.5,7.8,0.0708,26.76111111,2.024633333,25.01770682,1.006210349
Dominica,DMA,2008,DMA2008,,0.0744982,10315.9,7.8,0.0708,26.47777778,2.4583,24.58252233,1.186905557
Dominica,DMA,2009,DMA2009,,-0.0135384,10179.2,7.8,0.0709,26.90555556,1.817866667,24.88277078,0.911617366
Dominica,DMA,2010,DMA2010,,0.0095398,10223,7.8,0.0709,27.22222222,2.660333333,25.49426422,1.34479746
Dominica,DMA,2011,DMA2011,,-0.0007413,10189.4,7.8,0.0709,26.81388889,2.762933333,24.8315534,1.678430102
Dominica,DMA,2012,DMA2012,,-0.0158707,10021.7,7.9,0.071,26.89166667,2.2797,24.93792305,1.185148564
Dominica,DMA,2013,DMA2013,,-0.0121755,10036.4,7.9,0.071,26.94722222,2.0165,24.79994036,1.159456166
Dominica,DMA,2014,DMA2014,,,10377.2,7.9,0.0711,26.93888889,2.014966667,24.78182945,0.934806542
Dominica,DMA,2015,DMA2015,,,10613.9,8,0.0712,27.15277778,1.5611,25.05439466,0.818518899
Dominica,DMA,2016,DMA2016,,,,8,0.0713,27.13888889,2.469,25.20131836,1.189667095
Dominica,DMA,2017,DMA2017,,,,8.1,0.0715,26.96944444,2.429,25.01434415,1.124935259
Dominica,DMA,2018,DMA2018,,,,8.1,0.0716,26.62777778,2.117333333,24.71912282,0.968906056
Dominica,DMA,2019,DMA2019,,,,8.1,0.0718,26.96666667,1.766266667,24.98357353,1.014894139
Dominican Republic,DOM,1990,DOM1990,,-0.0764606,5323.3,4.4601,14.267,24.4715388,1.42377619,23.35603155,1.210319531
Dominican Republic,DOM,1991,DOM1991,,-0.0107248,5269.4,4.5492,14.541,24.48564815,1.482785979,23.39444055,0.895298397
Dominican Republic,DOM,1992,DOM1992,,0.0801376,5711.9,4.7276,14.816,24.60304233,1.43485582,23.3223611,1.244783109
Dominican Republic,DOM,1993,DOM1993,,0.0503289,6009.5,4.9062,15.093,24.55890653,1.47922381,23.31196154,1.25764297
Dominican Republic,DOM,1994,DOM1994,,0.0039384,6035.6,5.0846,15.369,24.78417107,1.395502116,23.59229796,0.88921557
Dominican Republic,DOM,1995,DOM1995,,0.0353159,6254.7,5.1737,15.638,24.71238977,1.710257407,23.70293745,0.94509352
Dominican Republic,DOM,1996,DOM1996,,0.0514151,6586.7,5.3521,15.908,24.3005291,1.385822487,23.0570197,1.20380855
Dominican Republic,DOM,1997,DOM1997,,0.0601544,6996.8,5.4525,16.169,24.7377425,1.280558201,23.97862163,0.796856183
Dominican Republic,DOM,1998,DOM1998,,0.0514155,7367.4,5.5529,16.43,24.93555997,2.055572487,23.92370977,1.28127026
Dominican Republic,DOM,1999,DOM1999,,0.0489964,7738.4,5.6534,16.685,24.41243386,1.274511376,23.15387904,1.185749315
Dominican Republic,DOM,2000,DOM2000,,0.0392553,8048.6,5.754,16.943,24.38747796,1.558705026,23.17511955,0.879527439
Dominican Republic,DOM,2001,DOM2001,,0.0023683,8067.5,5.8545,17.199,24.62226631,1.575751852,23.48450451,0.961092437
Dominican Republic,DOM,2002,DOM2002,,0.0409355,8403.9,6.0456,17.449,24.7616843,1.478424074,23.64015819,0.879926516
Dominican Republic,DOM,2003,DOM2003,,-0.017649,8255.9,6.1489,17.7,24.74406967,1.754931481,23.65229096,1.10628821
Dominican Republic,DOM,2004,DOM2004,,-0.0018545,8240,6.2523,17.949,24.43869047,1.493702381,23.17630818,1.120252431
Dominican Republic,DOM,2005,DOM2005,,0.0739255,8872.1,6.3556,18.193,24.44883157,1.62162963,23.48560081,1.392309294
Dominican Republic,DOM,2006,DOM2006,,0.086952,9678.7,6.4588,18.438,24.60771605,1.55027037,23.59953569,1.072191485
Dominican Republic,DOM,2007,DOM2007,,0.0671274,10352,6.5622,18.677,24.36397707,1.632057143,23.47114164,1.37153124
Dominican Republic,DOM,2008,DOM2008,,0.0372606,10531,6.5783,18.916,23.98776455,1.533475132,23.15039447,1.122087071
Dominican Republic,DOM,2009,DOM2009,,0.0203006,10486.7,6.5937,19.155,24.35063933,1.55314418,23.36702088,1.067134205
Dominican Republic,DOM,2010,DOM2010,,0.0613356,11207.9,6.7006,19.39,24.36809965,1.486219841,23.62727474,1.345476288
Dominican Republic,DOM,2011,DOM2011,,0.0308797,11375.6,6.8072,19.626,23.96704144,1.53499127,23.28631735,1.22885376
Dominican Republic,DOM,2012,DOM2012,,0.0255057,11527.7,6.9139,19.863,24.44995591,1.74203254,23.39932042,1.269168063
Dominican Republic,DOM,2013,DOM2013,,0.0275448,11930,7.0205,20.097,24.57134039,1.347266138,23.59307969,1.00321267
Dominican Republic,DOM,2014,DOM2014,,,12652.5,7.2053,20.331,24.86545414,1.33172381,23.87624015,0.826744335
Dominican Republic,DOM,2015,DOM2015,,,13374.9,7.2053,20.564,25.13994709,1.505184921,24.17379051,0.797959488
Dominican Republic,DOM,2016,DOM2016,,,,7.2976,20.795,24.97619048,1.886618254,23.89511415,1.294194376
Dominican Republic,DOM,2017,DOM2017,,,,7.2976,21.025,24.78236331,1.573246296,23.58690199,1.358248487
Dominican Republic,DOM,2018,DOM2018,,,,7.2976,21.254,24.65784832,1.305019048,23.63569141,0.907733466
Dominican Republic,DOM,2019,DOM2019,,,,7.4824,21.478,24.98304674,1.275781746,24.10362725,0.893263792
Ecuador,ECU,1990,ECU1990,,0.0124768,127195.1,6.56575,20.462,20.89930429,1.546340964,19.53001108,2.857678783
Ecuador,ECU,1991,ECU1991,,0.0188738,129282.9,6.665,20.945,20.9261892,1.486010516,19.54719898,3.087991834
Ecuador,ECU,1992,ECU1992,,-0.0017454,128721.5,6.665,21.433,21.06344119,2.328368757,19.54892161,3.518933288
Ecuador,ECU,1993,ECU1993,,-0.0026829,128052.6,6.76475,21.923,20.88850732,1.928888934,19.37383274,3.354704058
Ecuador,ECU,1994,ECU1994,,0.0198736,127628.3,6.864,22.416,20.71462403,1.921137241,19.26273478,3.317881329
Ecuador,ECU,1995,ECU1995,,0.0008069,125961.9,6.864,22.91,21.01886066,1.624778159,19.46457392,2.905264509
Ecuador,ECU,1996,ECU1996,,-0.0039352,126040.6,6.864,23.406,20.37400539,1.584117781,19.10974898,2.929439502
Ecuador,ECU,1997,ECU1997,,0.0216334,133126,6.864,23.902,21.51728099,2.374994856,19.82074899,4.59032433
Ecuador,ECU,1998,ECU1998,,0.0117442,140164.1,6.864,24.396,21.63100325,2.994793208,19.95675048,4.635102936
Ecuador,ECU,1999,ECU1999,,-0.0686569,133847,6.864,24.885,20.35194979,2.218091743,18.84714988,3.556524257
Ecuador,ECU,2000,ECU2000,,-0.0089719,130159.2,6.96375,25.362,20.30086233,1.964963217,18.90705464,3.339012118
Ecuador,ECU,2001,ECU2001,,0.0197937,129068,6.96375,25.83,20.44081451,1.663213477,19.09063051,3.316216709
Ecuador,ECU,2002,ECU2002,0.121482599,0.0208427,130466.1,7.06325,26.287,20.96695665,2.045237927,19.43322326,3.500520308
Ecuador,ECU,2003,ECU2003,0.116588502,0.0078777,132262.1,7.06325,26.74,20.80456476,2.242096261,19.40187653,3.202169893
Ecuador,ECU,2004,ECU2004,0.089114711,0.0603153,141445.5,7.16275,27.192,20.81415217,1.62959536,19.40315655,2.9282093
Ecuador,ECU,2005,ECU2005,0.116331214,0.0333929,145395.1,7.262,27.652,20.67962709,1.349149817,19.60736621,2.763174823
Ecuador,ECU,2006,ECU2006,0.111127377,0.0253686,148072.5,7.262,28.118,20.79493412,1.642954029,19.52366285,3.194364197
Ecuador,ECU,2007,ECU2007,0.356256576,0.0043519,149077.9,7.66,28.594,20.24558913,1.71548344,19.42513819,2.980118493
Ecuador,ECU,2008,ECU2008,0.147394245,0.0446759,155897.7,7.64675,29.072,20.54687245,2.236779945,19.30105958,3.319822139
Ecuador,ECU,2009,ECU2009,0.030948791,-0.011026,154179.8,7.6335,29.548,21.0666336,1.582229869,19.69675926,3.085375934
Ecuador,ECU,2010,ECU2010,0.055722367,0.01266,157013.5,7.71925,30.022,20.83485704,2.340129716,19.7991063,3.190600237
Ecuador,ECU,2011,ECU2011,0.148883733,0.0592016,166660.2,7.805,30.488,20.60931649,2.007631166,19.43221111,2.990210081
Ecuador,ECU,2012,ECU2012,0.038256038,0.0339714,173297.2,8.0025,30.948,20.82975173,2.223306822,19.41787402,3.514364496
Ecuador,ECU,2013,ECU2013,0.040116397,0.0234911,178406.8,8.2,31.414,20.58097527,1.868929151,19.48317629,3.092113571
Ecuador,ECU,2014,ECU2014,0.055254026,,182152.9,8.29875,31.904,21.10210241,1.841889667,19.65478082,3.343025619
Ecuador,ECU,2015,ECU2015,,,179949.7,8.59525,32.424,21.62327661,2.422283135,20.01674265,3.607929424
Ecuador,ECU,2016,ECU2016,,,,8.59525,32.982,21.44896469,1.846343208,20.11275868,3.312652072
Ecuador,ECU,2017,ECU2017,,,,8.694,33.571,21.21230667,2.465818269,19.77546421,3.686964625
Ecuador,ECU,2018,ECU2018,,,,8.694,34.168,21.00081527,1.594201282,19.61055193,3.278244903
Ecuador,ECU,2019,ECU2019,,,,8.79275,34.747,21.48840303,2.224873122,19.83262568,3.649225722
Egypt,EGY,1990,EGY1990,,0.035201,143802.7246,3.366913043,112.271,21.47486063,0.042105674,21.16811404,0.034037884
Egypt,EGY,1991,EGY1991,,-0.0077528,142142.2892,3.463217391,114.847,21.38475237,0.069538031,21.09320877,0.065241111
Egypt,EGY,1992,EGY1992,,0.0263797,145381.6566,3.559434783,117.334,20.77534713,0.057262726,20.28210552,0.053336091
Egypt,EGY,1993,EGY1993,,0.0126689,146441.5438,3.655695652,119.761,21.40162287,0.03820324,21.10129409,0.03572629
Egypt,EGY,1994,EGY1994,,0.0235017,149220.3717,3.751913043,122.193,21.7462084,0.065274354,21.36578949,0.065368005
Egypt,EGY,1995,EGY1995,,0.02995,153162.0204,3.848130435,124.668,21.40736264,0.025147032,21.10992299,0.023290532
Egypt,EGY,1996,EGY1996,,0.0331877,157858.2576,4.054391304,127.2,21.63825728,0.031485779,21.38780231,0.040610221
Egypt,EGY,1997,EGY1997,,0.0379557,163612.2173,4.164434783,129.783,21.21677628,0.048981622,21.01386867,0.041925944
Egypt,EGY,1998,EGY1998,,0.0239955,167342.1643,4.372086957,132.4,22.0007788,0.03754568,21.84558051,0.035115362
Egypt,EGY,1999,EGY1999,0.133241994,0.0435746,174629.3364,4.482826087,135.03,21.96349024,0.017596908,21.89442305,0.015582856
Egypt,EGY,2000,EGY2000,-0.02236579,0.0364571,180987.1566,4.691391304,137.662,21.37073411,0.054376486,21.08745422,0.04290862
Egypt,EGY,2001,EGY2001,-0.098524076,0.0187283,184193.4363,4.795782609,140.304,22.02911532,0.025114862,21.70278791,0.025087404
Egypt,EGY,2002,EGY2002,,0.0072114,185333.1551,4.998130435,142.968,22.03155388,0.052296388,21.74272266,0.042432609
Egypt,EGY,2003,EGY2003,,0.0150336,187994.5612,5.200521739,145.651,21.89774057,0.037219197,21.52497262,0.026562178
Egypt,EGY,2004,EGY2004,,0.0235536,192417.0966,5.305,148.347,21.8333504,0.043581349,21.51426609,0.033427829
Egypt,EGY,2005,EGY2005,,0.0270797,197747.155,5.507434783,151.048,21.74660323,0.035720762,21.43647265,0.025046838
Egypt,EGY,2006,EGY2006,,0.0494389,207948.3563,5.70973913,153.748,21.79989411,0.033956187,21.38857872,0.031298489
Egypt,EGY,2007,EGY2007,,0.0516492,219244.6616,5.912130435,156.461,22.07794866,0.031436779,21.59265083,0.029498088
Egypt,EGY,2008,EGY2008,,0.0522552,230848.215,6.114608696,159.27,22.2873202,0.032270629,21.91150311,0.031067833
Egypt,EGY,2009,EGY2009,,0.0289427,237260.7039,6.347652174,162.269,22.11712062,0.016093006,21.84820733,0.025538498
Egypt,EGY,2010,EGY2010,,0.033386,244593.4801,6.482478261,165.523,23.26010043,0.016103618,23.07614678,0.02189342
Egypt,EGY,2011,EGY2011,,0.0007462,243846.0982,6.717869565,169.058,22.03104217,0.027152416,21.28139062,0.048300413
Egypt,EGY,2012,EGY2012,,0.0052829,243747.1431,6.853608696,172.843,22.67342859,0.035335451,21.94946249,0.035164361
Egypt,EGY,2013,EGY2013,,0.0043655,243333.5699,6.989521739,176.81,22.59054613,0.042100632,21.99436839,0.033265943
Egypt,EGY,2014,EGY2014,,,243298.3859,7.12573913,180.8507,22.68982135,0.046390837,22.26801896,0.031098758
Egypt,EGY,2015,EGY2015,,,248174.5172,7.227478261,184.8854,22.43425761,0.040502457,22.12018346,0.058167893
Egypt,EGY,2016,EGY2016,,,,7.32926087,188.8932,22.91837862,0.028896667,22.55437894,0.025026785
Egypt,EGY,2017,EGY2017,,,,7.32926087,192.8849,22.38123897,0.012916976,22.03302398,0.019289386
Egypt,EGY,2018,EGY2018,,,,7.431130435,196.8476,23.24723426,0.060296361,22.96483739,0.039513097
Egypt,EGY,2019,EGY2019,,,,7.532913043,200.7753,22.5357771,0.054516638,22.23741769,0.057116549
El Salvador,SLV,1990,SLV1990,,0.0330803,50384.3,3.4732,10.541,24.71927083,1.53910625,25.33049287,1.368475843
El Salvador,SLV,1991,SLV1991,,0.0200843,51125.2,3.567,10.683,24.85833334,1.54989375,25.43363519,1.249779279
El Salvador,SLV,1992,SLV1992,,0.0570245,53874.1,3.6608,10.833,24.7875,2.20949375,25.41582048,1.421642173
El Salvador,SLV,1993,SLV1993,,0.0555891,56709.8,3.7548,10.981,24.69270834,1.98379375,24.9758085,1.73295628
El Salvador,SLV,1994,SLV1994,,0.0444784,59020.1,3.8488,11.124,24.92395833,1.36671875,25.47262845,1.153540836
El Salvador,SLV,1995,SLV1995,,0.0497027,61705.8,3.9424,11.257,24.88177084,1.927375,24.8583934,2.181611081
El Salvador,SLV,1996,SLV1996,,0.0067453,61754.6,4.1304,11.38,24.43333334,1.914725,24.55611936,1.879982324
El Salvador,SLV,1997,SLV1997,,0.033273,63252.2,4.3178,11.492,24.99270833,1.70985,25.5363924,1.360344935
El Salvador,SLV,1998,SLV1998,,0.0300287,65478.8,4.5056,11.596,25.19739583,1.76049375,25.4630069,1.925647569
El Salvador,SLV,1999,SLV1999,,0.0281937,69565.2,4.6936,11.69,24.3359375,1.70469375,24.39160472,1.930733792
El Salvador,SLV,2000,SLV2000,,0.0162533,75964.9,4.8812,11.776,24.61822917,1.7181125,24.83603862,1.35780157
El Salvador,SLV,2001,SLV2001,,0.0125068,83757.3,4.975,11.855,24.9734375,1.66595,25.20148994,1.165183019
El Salvador,SLV,2002,SLV2002,,0.0193016,91631.6,5.1628,11.924,25.146875,1.5923625,25.52207874,1.360039065
El Salvador,SLV,2003,SLV2003,,0.0192412,97007.7,5.3508,11.988,25.21822917,1.63905625,25.13167676,1.477100187
El Salvador,SLV,2004,SLV2004,,0.0148707,99669.3,5.4444,12.049,25.12239584,1.70823125,25.19558481,1.476715191
El Salvador,SLV,2005,SLV2005,,0.0313389,102012.7,5.632,12.104,25.01354167,1.816025,24.87261757,2.074714495
El Salvador,SLV,2006,SLV2006,,0.034404,103048.4,6.0078,12.158,25.021875,1.9414625,25.07675282,1.5670739
El Salvador,SLV,2007,SLV2007,,0.0333808,102668.7,5.4444,12.212,24.93489584,1.69616875,25.17825122,1.699614194
El Salvador,SLV,2008,SLV2008,,0.0079653,98766.3,6.0088,12.264,24.90520833,2.01471875,24.72813724,2.088590481
El Salvador,SLV,2009,SLV2009,,-0.0369728,90237.5,6.1034,12.316,25.28333333,1.4979125,25.3796666,1.32396697
El Salvador,SLV,2010,SLV2010,,0.0079577,85928.5,6.6676,12.368,24.8671875,1.8178875,24.87244415,2.325130006
El Salvador,SLV,2011,SLV2011,,0.0158262,87590.9,6.105,12.422,24.990625,1.79363125,24.83684835,1.904415223
El Salvador,SLV,2012,SLV2012,,0.0120786,88990.9,6.2936,12.476,25.09635417,1.67533125,25.39415973,1.270075881
El Salvador,SLV,2013,SLV2013,,0.0098055,90377.7,6.156,12.532,25.07291667,1.9744,25.39468682,1.424151065
El Salvador,SLV,2014,SLV2014,,,91399.5,6.0124,12.59,25.153125,1.537975,25.5305241,1.395122599
El Salvador,SLV,2015,SLV2015,,,93359.5,6.1048,12.65,25.4828125,1.6354,26.16739579,1.324263805
El Salvador,SLV,2016,SLV2016,,,,6.29,12.713,25.53489584,1.707125,25.84709678,1.293020083
El Salvador,SLV,2017,SLV2017,,,,6.3826,12.776,25.35052084,1.7338875,25.36804742,1.674547159
El Salvador,SLV,2018,SLV2018,,,,6.3826,12.842,24.815625,1.6027875,25.59192606,1.48518281
El Salvador,SLV,2019,SLV2019,,,,6.3826,12.907,25.28958334,1.41561875,25.97824964,1.479323639
Equatorial Guinea,GNQ,1990,GNQ1990,,-0.048975,,,,24.43444444,2.53775,23.09313536,2.99707701
Equatorial Guinea,GNQ,1991,GNQ1991,,-0.0433374,,,,24.25722222,2.280346667,23.11493505,2.784996749
Equatorial Guinea,GNQ,1992,GNQ1992,,0.2646094,,,,24.04416666,2.1258,22.88449511,2.607498442
Equatorial Guinea,GNQ,1993,GNQ1993,,0.0708016,,,,24.19944445,2.352546667,23.00881913,3.040921597
Equatorial Guinea,GNQ,1994,GNQ1994,,0.1205922,,,,24.18722222,2.399736667,22.97769524,3.106429133
Equatorial Guinea,GNQ,1995,GNQ1995,,0.1281896,,,,24.43166667,2.40247,23.22183338,2.716980139
Equatorial Guinea,GNQ,1996,GNQ1996,,0.4778829,,,,24.22583333,2.57565,23.00156128,2.915366844
Equatorial Guinea,GNQ,1997,GNQ1997,,0.8840587,,,,24.18972222,2.44889,23.12429454,2.906358555
Equatorial Guinea,GNQ,1998,GNQ1998,,0.1814372,,,,24.94027778,2.706886667,23.64365969,2.958810073
Equatorial Guinea,GNQ,1999,GNQ1999,,0.1968281,,,,24.40111111,2.626866667,22.90300667,3.501987136
Equatorial Guinea,GNQ,2000,GNQ2000,,0.1359405,,5.220833333,1.2125,24.38166667,2.504876667,22.93239764,3.205175122
Equatorial Guinea,GNQ,2001,GNQ2001,,0.4597247,,5.220833333,1.2634,24.44527778,2.642116667,22.99426013,2.745768742
Equatorial Guinea,GNQ,2002,GNQ2002,,0.1468803,,5.220833333,1.3168,24.655,2.818726667,23.18359017,2.946119612
Equatorial Guinea,GNQ,2003,GNQ2003,,0.1000016,,5.220833333,1.3745,24.67333333,2.699566667,23.30709211,3.169826902
Equatorial Guinea,GNQ,2004,GNQ2004,,0.2918763,,5.220833333,1.4337,24.65138889,2.64377,23.24513944,3.042224247
Equatorial Guinea,GNQ,2005,GNQ2005,,0.0633228,,5.220833333,1.5,24.62416667,2.045723333,23.47050527,2.522155135
Equatorial Guinea,GNQ,2006,GNQ2006,,-0.0166532,,5.220833333,1.569,24.67583333,2.37025,23.3059462,2.895717366
Equatorial Guinea,GNQ,2007,GNQ2007,,0.0947158,,5.220833333,1.643,24.63555556,3.378276667,23.26650649,3.12283224
Equatorial Guinea,GNQ,2008,GNQ2008,,0.0873825,,5.220833333,1.722,24.45777778,2.62439,23.17145814,3.081559484
Equatorial Guinea,GNQ,2009,GNQ2009,,-0.1122744,,5.3175,1.803,24.60305556,2.33006,23.30196146,3.108476238
Equatorial Guinea,GNQ,2010,GNQ2010,,-0.0412263,,5.3175,1.887,24.82861111,2.21512,23.59220904,2.699585145
Equatorial Guinea,GNQ,2011,GNQ2011,,0.0206865,,5.3175,1.974,24.47805555,2.287886667,23.23015958,2.940237323
Equatorial Guinea,GNQ,2012,GNQ2012,,0.0037075,,5.3175,2.062,24.52888889,2.83798,23.11831159,2.938720855
Equatorial Guinea,GNQ,2013,GNQ2013,,-0.0778916,,5.3175,2.152,24.56333333,2.303253333,23.289938,2.706865135
Equatorial Guinea,GNQ,2014,GNQ2014,,,,5.3175,2.245,24.59361111,2.31614,23.26588993,3.082986851
Equatorial Guinea,GNQ,2015,GNQ2015,,,,5.3175,2.337,24.76777778,1.858683333,23.40082058,2.739830191
Equatorial Guinea,GNQ,2016,GNQ2016,,,,5.3175,2.429,24.95055555,2.29579,23.71810827,3.100659543
Equatorial Guinea,GNQ,2017,GNQ2017,,,,5.414,2.524,24.7475,2.387306667,23.59294083,3.226790289
Equatorial Guinea,GNQ,2018,GNQ2018,,,,5.414,2.618,24.83444444,2.501423333,23.45446499,3.01981463
Equatorial Guinea,GNQ,2019,GNQ2019,,,,5.704166667,2.712,24.72222222,2.656906667,23.6610478,3.4800474
Eritrea,ERI,1990,ERI1990,,,1185.7,,,24.17063447,0.154131212,24.70730781,0.282211784
Eritrea,ERI,1991,ERI1991,,,1148.3,,,24.19427399,0.291883864,24.65769529,0.385032541
Eritrea,ERI,1992,ERI1992,,,1096.2,,,23.54697917,0.369132273,23.53817418,0.510927539
Eritrea,ERI,1993,ERI1993,,0.1224272,1247.6,,,24.07105114,0.313637235,24.03280665,0.472601897
Eritrea,ERI,1994,ERI1994,,0.1860982,1513.7,,,24.03311869,0.313308599,24.21717766,0.552095732
Eritrea,ERI,1995,ERI1995,,0.0158176,1549,,,23.89306502,0.300244129,24.29461135,0.527174347
Eritrea,ERI,1996,ERI1996,,0.0694863,1672.1,,,24.35208018,0.275922008,24.1431235,0.548081432
Eritrea,ERI,1997,ERI1997,,0.0513891,1772.2,,,24.27583965,0.274958977,24.18162378,0.568314139
Eritrea,ERI,1998,ERI1998,,-0.0123117,1762.2,,,24.60648674,0.378723977,24.58590267,0.490748536
Eritrea,ERI,1999,ERI1999,,-0.0339088,1715,,,24.460887,0.28060197,24.47272629,0.448727467
Eritrea,ERI,2000,ERI2000,,-0.0691537,1611.5,,,24.41981692,0.31757928,24.41473438,0.395915612
Eritrea,ERI,2001,ERI2001,,0.0435674,1695.2,,,24.52697917,0.335448447,24.41532169,0.477598505
Eritrea,ERI,2002,ERI2002,,-0.0133303,1684.6,,,24.91071339,0.304054129,24.79124828,0.382467496
Eritrea,ERI,2003,ERI2003,,-0.0705479,1581.4,,,24.62147096,0.366006061,24.67742951,0.497104907
Eritrea,ERI,2004,ERI2004,,-0.0278318,1550.5,,,24.50275568,0.269656932,24.70324385,0.423078482
Eritrea,ERI,2005,ERI2005,,-0.0141983,1542.5,3.456285714,5.6537,24.77922348,0.368718258,24.57966573,0.479228474
Eritrea,ERI,2006,ERI2006,,-0.0463434,1487.4,3.456285714,5.8365,24.48636679,0.332889243,24.53630934,0.552444962
Eritrea,ERI,2007,ERI2007,,-0.0199622,1473.7,3.549571429,5.9938,24.38500947,0.358090076,24.36104946,0.472994024
Eritrea,ERI,2008,ERI2008,,-0.1354927,1301.7,3.549571429,6.1248,24.54894255,0.310188902,24.51094861,0.365885597
Eritrea,ERI,2009,ERI2009,,0.0059045,1324.8,3.549571429,6.2396,25.2099495,0.265810985,25.1488134,0.365339772
Eritrea,ERI,2010,ERI2010,,-0.0107381,1326.1,3.642857143,6.3411,25.34418245,0.327490379,24.93642165,0.478060729
Eritrea,ERI,2011,ERI2011,,0.0503918,1411.2,3.642857143,6.4274,24.76775884,0.263248674,24.49458739,0.39309017
Eritrea,ERI,2012,ERI2012,,0.0349784,1436.3,3.642857143,6.6,24.92845644,0.241533977,24.76383479,0.408730438
Eritrea,ERI,2013,ERI2013,,-0.0192157,1465.6,3.642857143,6.6,25.02106376,0.324276364,24.90339424,0.409649426
Eritrea,ERI,2014,ERI2014,,,1497.2,3.642857143,6.6,24.66042298,0.360238333,24.6128194,0.489893529
Eritrea,ERI,2015,ERI2015,,,1504,3.642857143,6.6,25.22104482,0.31476625,25.33804156,0.346002705
Eritrea,ERI,2016,ERI2016,,,,3.642857143,6.8,25.24486111,0.323219697,25.05009062,0.507860731
Eritrea,ERI,2017,ERI2017,,,,3.642857143,6.8,25.02955177,0.288606136,25.11173687,0.421837203
Eritrea,ERI,2018,ERI2018,,,,3.642857143,7,24.9021149,0.410650417,24.7763586,0.507591736
Eritrea,ERI,2019,ERI2019,,,,3.642857143,7,24.66145202,0.367714167,24.8770081,0.581684521
Estonia,EST,1990,EST1990,,,204941.4,9.100166667,3.138,6.600760582,0.809524048,6.824919805,0.854376949
Estonia,EST,1991,EST1991,,,202376.2,9.2955,3.122,6.112837302,0.673120873,6.282792965,0.760414179
Estonia,EST,1992,EST1992,,,182548,9.589,3.067,6.337916667,0.599854762,6.484217248,0.651437931
Estonia,EST,1993,EST1993,,,168290.2,9.785666667,2.988,5.200291005,0.652347381,5.067922065,0.740207644
Estonia,EST,1994,EST1994,,0.0048253,148769.9,10.0795,2.927,5.322281746,0.627503968,5.279486863,0.717225839
Estonia,EST,1995,EST1995,,0.0616807,133724.9,10.275,2.874,6.095284392,0.648952619,6.213855825,0.707317377
Estonia,EST,1996,EST1996,0.265587171,0.0719833,142933.1,10.46833333,2.831,4.778293651,0.578659048,4.543620588,0.611087577
Estonia,EST,1997,EST1997,0.071153609,0.1223811,157345.9,10.76333333,2.8,5.842427249,0.69241754,5.755245903,0.693167662
Estonia,EST,1998,EST1998,0.130282148,0.0754841,165130.3,11.17666667,2.773,5.35287037,0.737913016,5.269168288,0.819903425
Estonia,EST,1999,EST1999,0.020659192,0.0012856,163820.4,11.47,2.78,6.373141534,0.610681984,6.407118453,0.668599241
Estonia,EST,2000,EST2000,-0.036906401,0.0807698,175733.5,11.69166667,2.793,6.993955026,0.664939921,6.895731678,0.762989041
Estonia,EST,2001,EST2001,0.07406985,0.067292,185049.9,11.82833333,2.777,5.936772487,0.760878095,5.813945988,0.80079533
Estonia,EST,2002,EST2002,0.14756581,0.0698764,194972.3,11.98166667,2.759,6.133584656,0.523482619,6.254385375,0.596791388
Estonia,EST,2003,EST2003,0.282817777,0.0810626,202534.4,11.97833333,2.741,5.665648148,0.624108175,5.63995662,0.70798147
Estonia,EST,2004,EST2004,0.189810149,0.0674762,216206,11.99666667,2.725,5.897017196,0.726969048,5.753302005,0.793105985
Estonia,EST,2005,EST2005,0.165098,0.0907791,238162.8,11.955,2.709,6.029305555,0.636823254,5.822317092,0.646044938
Estonia,EST,2006,EST2006,0.168082237,0.1020913,256258.4,12.05333333,2.693,6.448604497,0.548995794,6.50207937,0.578645932
Estonia,EST,2007,EST2007,0.307437007,0.07681,280087.3,12.08833333,2.681,6.578637566,0.695075556,6.63886836,0.773303378
Estonia,EST,2008,EST2008,0.08578275,-0.0397185,262428.2,12.18833333,2.674,7.161712963,0.784606111,7.17069814,0.925318233
Estonia,EST,2009,EST2009,-0.236728414,-0.1500393,221552.6,12.22666667,2.67,5.915859788,0.709284921,5.836230668,0.797831944
Estonia,EST,2010,EST2010,0.029358164,0.027607,232106.1,12.39166667,2.663,4.799464286,0.743623254,4.940366175,0.81693698
Estonia,EST,2011,EST2011,0.166381709,0.094319,250458.7,12.31666667,2.655,6.801607143,0.679075397,6.763936219,0.726770606
Estonia,EST,2012,EST2012,-0.020279566,0.0402363,264375.7,12.31166667,2.646,5.508187831,0.850596191,5.169097005,0.940754523
Estonia,EST,2013,EST2013,0.055767759,0.0085771,269419.8,12.395,2.637,6.663935185,0.594064683,6.558306918,0.643746903
Estonia,EST,2014,EST2014,0.029300435,,277978.5,12.35,2.63,6.879794974,0.630447936,6.906358055,0.708829647
Estonia,EST,2015,EST2015,-0.155733617,,281491.4,12.64666667,2.631,7.301653439,0.582803809,7.328768656,0.689927693
Estonia,EST,2016,EST2016,,,,12.84666667,2.629,6.409246032,0.694394286,6.397994448,0.812155759
Estonia,EST,2017,EST2017,,,,12.75,2.633,6.148630952,0.786968095,6.24593828,0.834916574
Estonia,EST,2018,EST2018,,,,12.84666667,2.642,6.899543651,0.550829286,7.094464204,0.586722742
Estonia,EST,2019,EST2019,,,,12.84666667,2.652,7.066501323,0.721621429,7.260140402,0.78708812
Eswatini,SWZ,1990,SWZ1990,,0.1566476,6315.7,4.117,1.644,20.02291667,0.686575,18.73870191,1.010775149
Eswatini,SWZ,1991,SWZ1991,,-0.0105745,6249.2,4.2148,1.69,20.33229167,0.700675,19.04654156,0.949773073
Eswatini,SWZ,1992,SWZ1992,,0.0086911,6303.8,4.2148,1.733,21.06979167,0.51595,20.24493074,0.606307429
Eswatini,SWZ,1993,SWZ1993,,0.0106584,6371.3,4.2148,1.776,20.728125,0.8014875,19.23759774,0.757533675
Eswatini,SWZ,1994,SWZ1994,,0.004477,6399.9,4.2148,1.816,19.77604167,0.6650125,18.70033824,0.695985419
Eswatini,SWZ,1995,SWZ1995,,0.0269929,6575,4.117,1.854,20.371875,0.801125,18.7325951,0.852903402
Eswatini,SWZ,1996,SWZ1996,,0.0160586,6681.5,4.117,1.891,19.85520833,0.936175,18.41507595,1.00509345
Eswatini,SWZ,1997,SWZ1997,,0.0082039,6736.5,4.0188,1.927,20.01145833,0.9304375,18.33016685,1.208470011
Eswatini,SWZ,1998,SWZ1998,,0.0041543,6764.6,3.9208,1.96,20.67395834,0.972675,19.17255068,1.041909134
Eswatini,SWZ,1999,SWZ1999,,0.0103441,6834.9,3.823,1.988,20.59583334,0.8970875,18.96631914,0.992141205
Eswatini,SWZ,2000,SWZ2000,,0.0027088,6853.4,3.823,2.01,19.753125,1.5123625,18.24507247,1.507590699
Eswatini,SWZ,2001,SWZ2001,,0.0011814,6861.5,3.623,2.028,20.22395834,0.871675,18.73614951,1.114215493
Eswatini,SWZ,2002,SWZ2002,,0.010734,6935.5,3.5218,2.038,20.334375,0.6434375,19.10129462,0.70308094
Eswatini,SWZ,2003,SWZ2003,,0.0168581,7053.4,3.3232,2.045,20.71770833,0.7369625,19.66696293,0.664429724
Eswatini,SWZ,2004,SWZ2004,,0.022395,7213.1,3.906,2.052,20.76875,0.86315,19.15956885,1.070169807
Eswatini,SWZ,2005,SWZ2005,,0.0153468,7324.8,4.3906,2.061,21.090625,0.710825,19.61713513,0.851750839
Eswatini,SWZ,2006,SWZ2006,,0.0202456,7474.9,4.972,2.073,20.39791667,0.864075,18.83214122,1.102950371
Eswatini,SWZ,2007,SWZ2007,,0.019592,7623.3,5.1688,2.084,20.66770833,0.7318125,19.19350083,0.714805132
Eswatini,SWZ,2008,SWZ2008,,0.006742,7676.4,5.2682,2.1,20.79479167,0.8122875,18.99872619,0.819097459
Eswatini,SWZ,2009,SWZ2009,,-0.0043889,7641.4,5.4652,2.115,20.64375,0.8691125,18.89990465,0.953117961
Eswatini,SWZ,2010,SWZ2010,,0.0020398,7642.1,5.5646,2.13,20.9,0.7044625,19.38524316,1.08353011
Eswatini,SWZ,2011,SWZ2011,,-0.0224529,7620.2,5.7582,2.144,20.38020833,0.805525,19.01273707,0.888891214
Eswatini,SWZ,2012,SWZ2012,,0.003618,7728.3,5.9514,2.158,20.81145834,0.9702125,19.35347221,0.959572035
Eswatini,SWZ,2013,SWZ2013,,0.0125435,7835.7,6.1446,2.174,20.69166667,0.758775,18.89375607,0.955953121
Eswatini,SWZ,2014,SWZ2014,,,7910.8,6.3378,2.19,20.76666667,0.820525,19.0752191,0.913414133
Eswatini,SWZ,2015,SWZ2015,,,7930.4,6.4354,2.209,21.32604167,0.7559125,20.00299809,0.62395978
Eswatini,SWZ,2016,SWZ2016,,,,6.5328,2.227,21.378125,0.8414375,19.84294808,0.733830858
Eswatini,SWZ,2017,SWZ2017,,,,6.5328,2.249,20.89270834,0.874625,19.23384158,0.944993085
Eswatini,SWZ,2018,SWZ2018,,,,6.728,2.272,21.22395833,0.7587,19.28227537,0.808585638
Eswatini,SWZ,2019,SWZ2019,,,,6.728,2.296,21.653125,0.762575,19.84880642,0.814576841
Ethiopia,ETH,1990,ETH1990,,-0.0071317,652.4,,,22.7996961,0.760401012,22.27477894,1.048585207
Ethiopia,ETH,1991,ETH1991,,-0.1088442,584.8,,,22.87061051,0.805453748,22.25719314,1.046262353
Ethiopia,ETH,1992,ETH1992,,-0.1259137,515.2,,,22.45575032,0.843055152,21.96634907,1.044303111
Ethiopia,ETH,1993,ETH1993,-0.673261166,0.0885393,562.5,,,22.5543394,0.912002348,21.91965304,1.141578029
Ethiopia,ETH,1994,ETH1994,-0.157011032,-0.002537,560.7,,,22.63320384,0.860333046,22.24388478,1.070143705
Ethiopia,ETH,1995,ETH1995,-0.05627203,0.0269694,575.6,,,22.79044808,0.784959937,22.34783698,1.06899399
Ethiopia,ETH,1996,ETH1996,0.141680241,0.0861892,626.9,,,22.86547123,0.941174473,21.90481628,1.276291094
Ethiopia,ETH,1997,ETH1997,0.097208977,0.0012231,627.3,,,22.88252927,0.889918672,22.18720654,1.22161435
Ethiopia,ETH,1998,ETH1998,0.128380299,-0.0639856,588.1,,,23.13958081,0.910993845,22.5881324,1.10911776
Ethiopia,ETH,1999,ETH1999,0.116225719,0.0218,600.8,,,22.553582,0.838718663,22.07996596,1.007529654
Ethiopia,ETH,2000,ETH2000,0.305757761,0.0302973,619.1,2.32225,132.45,22.9057925,0.923303343,22.20243378,0.98461726
Ethiopia,ETH,2001,ETH2001,0.297335148,0.0508963,651.4,2.42975,136.319,23.03382155,0.888010903,22.14881366,1.088146609
Ethiopia,ETH,2002,ETH2002,0.000835419,-0.0138503,642.5,2.535833333,140.284,23.50457105,0.744357703,22.64631585,0.964858972
Ethiopia,ETH,2003,ETH2003,0.182010174,-0.0506133,610.9,2.494,144.341,23.20101723,0.814555084,22.59556082,0.997265634
Ethiopia,ETH,2004,ETH2004,,0.098834,674.5,2.59975,148.478,23.153806,0.824783923,22.4320779,1.038008541
Ethiopia,ETH,2005,ETH2005,,0.083737,733.5,2.7045,152.69,23.27929857,0.879307586,22.62739733,1.099574307
Ethiopia,ETH,2006,ETH2006,0.102454662,0.0753723,791,2.820333333,156.977,23.16057577,0.920725614,22.35240274,1.185408009
Ethiopia,ETH,2007,ETH2007,0.076788902,0.0813677,858.1,2.796583333,161.348,23.06836767,0.87967045,22.41142267,1.043939269
Ethiopia,ETH,2008,ETH2008,0.043239117,0.0757075,925.7,3.05275,165.831,23.02195467,0.854832135,22.33301531,0.979507178
Ethiopia,ETH,2009,ETH2009,-0.107336521,0.0578862,980.9,3.169333333,170.465,23.74066534,0.790215594,23.10133032,0.853846927
Ethiopia,ETH,2010,ETH2010,,0.0919734,1075.6,3.149166667,175.279,23.47834873,0.902333037,22.54825528,1.171676211
Ethiopia,ETH,2011,ETH2011,,0.0799245,1165.2,3.267083333,180.279,23.32583304,0.856103825,22.57761406,1.000974968
Ethiopia,ETH,2012,ETH2012,,0.0578606,1234,3.234,185.453,23.15687397,0.883592398,22.64437617,1.001522704
Ethiopia,ETH,2013,ETH2013,,0.0730704,1330.4,3.33725,190.773,23.52204486,0.96512229,22.41917045,1.111600492
Ethiopia,ETH,2014,ETH2014,,,1430.8,3.3085,196.188,23.22756913,0.980979533,22.43811793,1.101930043
Ethiopia,ETH,2015,ETH2015,,,1529.9,3.413,201.671,23.69697389,0.851238976,23.12325194,0.920207814
Ethiopia,ETH,2016,ETH2016,,,,3.5175,207.206,23.68282145,0.96397332,23.06184817,1.020475743
Ethiopia,ETH,2017,ETH2017,,,,3.64775,212.8,23.40165636,0.945180521,22.93769029,0.991047279
Ethiopia,ETH,2018,ETH2018,,,,3.64775,218.45,23.05331076,0.94919808,22.55011611,1.125837684
Ethiopia,ETH,2019,ETH2019,,,,3.778,224.157,23.13903344,0.993605452,22.85641209,1.195489928
Fiji,FJI,1990,FJI1990,,0.0508953,6241.1,8.278090909,1.4579,24.79338413,2.20505919,23.63715088,2.279418202
Fiji,FJI,1991,FJI1991,,-0.0367594,6016,8.573727273,1.4705,24.51121088,1.958218044,23.50820963,2.03489741
Fiji,FJI,1992,FJI1992,,0.0468688,6305.3,8.770909091,1.4882,24.45770562,1.833470753,23.44485521,1.884736749
Fiji,FJI,1993,FJI1993,,0.0069588,6350.1,9.066454545,1.5099,24.13548853,2.495036505,23.09862884,1.746239736
Fiji,FJI,1994,FJI1994,,0.0356144,6581.2,9.361909091,1.5318,24.44438129,1.946295018,23.07167248,1.748071595
Fiji,FJI,1995,FJI1995,,0.0118159,6660.2,9.657272727,1.5508,24.73350162,1.95434039,23.69520559,1.377922374
Fiji,FJI,1996,FJI1996,,0.0352698,6900,9.657272727,1.5676,24.80140867,2.95127139,23.83651882,2.174950992
Fiji,FJI,1997,FJI1997,,-0.0329585,6676.9,9.559727273,1.5861,24.70704768,2.540909334,23.33950823,2.525465693
Fiji,FJI,1998,FJI1998,,0.0034816,6700.7,9.559727273,1.6,25.03573995,1.403306089,24.03128732,1.413162498
Fiji,FJI,1999,FJI1999,,0.0765761,7234.5,9.460454545,1.6123,24.77106536,3.07483751,23.71194252,2.834425889
Fiji,FJI,2000,FJI2000,,-0.0230652,7070.1,9.460454545,1.6218,24.98684745,4.073307076,23.87948516,2.557559612
Fiji,FJI,2001,FJI2001,,0.0160482,7185,9.361909091,1.6274,25.09232389,2.585562394,23.86088725,1.982595071
Fiji,FJI,2002,FJI2002,,0.0296139,7401.5,9.263909091,1.63,24.66282211,2.521767096,23.90022105,2.25626569
Fiji,FJI,2003,FJI2003,,0.0087419,7466.9,9.165181818,1.6316,24.88772796,1.796965223,23.62032863,1.94329591
Fiji,FJI,2004,FJI2004,,0.0494785,7846,9.165181818,1.6365,24.8962005,2.053319878,23.71929868,2.03305161
Fiji,FJI,2005,FJI2005,,0.0027246,7867.7,9.066454545,1.6435,25.00041244,2.376899324,23.80726899,2.142108837
Fiji,FJI,2006,FJI2006,,0.0115988,7959.5,9.165181818,1.6559,24.75448576,2.364027937,23.72390389,1.942424525
Fiji,FJI,2007,FJI2007,,-0.0173584,7822.4,9.165181818,1.6722,25.26149225,3.304264323,24.18261017,2.62470642
Fiji,FJI,2008,FJI2008,,0.0002001,7823.7,9.263909091,1.69,24.79887788,3.028937393,23.87034655,2.457293305
Fiji,FJI,2009,FJI2009,,-0.022978,7636.9,9.361909091,1.7074,24.64320136,2.363384279,23.27663064,2.533275137
Fiji,FJI,2010,FJI2010,,-0.0083228,7788.5,9.460454545,1.7199,25.13350855,2.136089089,24.20357351,2.222129607
Fiji,FJI,2011,FJI2011,,0.0099859,7486.8,9.657272727,1.7256,24.93179521,3.496319447,23.91533334,2.586561009
Fiji,FJI,2012,FJI2012,,0.013954,7549.7,9.953727273,1.7311,24.6806628,3.802445224,23.70641056,3.173346863
Fiji,FJI,2013,FJI2013,,0.0197813,7896.9,10.14963636,1.7323,24.91906365,2.615586567,24.09000987,2.292475169
Fiji,FJI,2014,FJI2014,,,8388.2,10.34809091,1.7327,24.76209687,1.753283276,23.71587444,1.883482249
Fiji,FJI,2015,FJI2015,,,8619.7,10.64372727,1.7376,24.7097839,1.57303424,23.48430548,1.800949014
Fiji,FJI,2016,FJI2016,,,,10.64372727,1.7441,25.15079303,3.019764256,24.14917293,2.499855625
Fiji,FJI,2017,FJI2017,,,,10.64372727,1.7543,25.16894469,2.665545965,24.12411551,2.365147195
Fiji,FJI,2018,FJI2018,,,,10.74109091,1.7668,24.99306296,2.800140165,23.98108058,2.561601105
Fiji,FJI,2019,FJI2019,,,,10.74109091,1.7805,25.21477213,2.359350967,24.0046307,2.816317089
Finland,FIN,1990,FIN1990,0.195247459,0.0006058,96468.5,7.552833333,9.9723,4.702273919,0.628564278,5.199629738,0.718150211
Finland,FIN,1991,FIN1991,-0.072868347,-0.0673363,92356.6,7.754166667,10.0277,4.112146919,0.607326733,4.613382467,0.699840553
Finland,FIN,1992,FIN1992,0.018539429,-0.0410907,89043.8,7.955833333,10.0839,4.443274004,0.614812105,4.876066092,0.720656952
Finland,FIN,1993,FIN1993,-0.096002007,-0.0129786,90685.4,8.257833333,10.1331,3.485248893,0.55063125,3.972110133,0.630645423
Finland,FIN,1994,FIN1994,0.064705849,0.0315752,97361,8.459166667,10.1762,3.458614317,0.5693789,3.869176383,0.650952511
Finland,FIN,1995,FIN1995,0.181999779,0.0350431,103640,8.6605,10.2152,4.120508342,0.584188134,4.508700272,0.602879126
Finland,FIN,1996,FIN1996,-0.031513977,0.0317918,107205.2,8.862333333,10.2502,3.120862274,0.551160538,3.495699248,0.627737629
Finland,FIN,1997,FIN1997,-0.048590279,0.0572347,112845.3,8.963,10.2793,4.052159006,0.550201841,4.529821183,0.604792404
Finland,FIN,1998,FIN1998,0.056387711,0.046431,117357.4,9.0635,10.3064,3.283046561,0.686160963,3.64103346,0.777628328
Finland,FIN,1999,FIN1999,-0.014894676,0.0360181,124326.6,9.265,10.3307,4.274134321,0.571590266,4.726775112,0.656268393
Finland,FIN,2000,FIN2000,-0.067596436,0.0497927,127403.2,9.365666667,10.3517,5.142738849,0.648820193,5.490841135,0.732747588
Finland,FIN,2001,FIN2001,0.019596481,0.0203037,134351.2,9.498166667,10.3749,3.896734082,0.610860449,4.209938295,0.679602199
Finland,FIN,2002,FIN2002,0.080678749,0.0157513,136665.1,9.595,10.4021,4.092955312,0.48078087,4.592411015,0.547578344
Finland,FIN,2003,FIN2003,0.207748795,0.0175399,141352.2,9.729,10.4263,3.955512853,0.540166028,4.373958478,0.598553371
Finland,FIN,2004,FIN2004,0.14177227,0.0375172,145517.8,12.56,10.4574,4.158660368,0.654104723,4.555681975,0.716173207
Finland,FIN,2005,FIN2005,0.027189255,0.025321,147321.6,12.36666667,10.4927,4.607224209,0.612756639,4.999651742,0.66906739
Finland,FIN,2006,FIN2006,0.061686516,0.0393232,151513.7,12.515,10.5329,4.672945267,0.523845282,5.13412574,0.600666486
Finland,FIN,2007,FIN2007,0.152239799,0.0477234,156389.1,12.50833333,10.578,4.787991828,0.634473366,5.191040652,0.72838936
Finland,FIN,2008,FIN2008,0.103022003,-0.0017241,158543.1,12.615,10.6273,5.154898621,0.70639287,5.540127573,0.816373644
Finland,FIN,2009,FIN2009,-0.141415024,-0.0940358,149905.9,12.69666667,10.6786,4.060040773,0.557106572,4.520208798,0.603872635
Finland,FIN,2010,FIN2010,-0.003889656,0.0285022,146560.6,12.68333333,10.7269,2.774532942,0.566282843,3.285158738,0.646709123
Finland,FIN,2011,FIN2011,0.089030838,0.0232213,149627.5,12.745,10.7772,5.100429094,0.637381867,5.444806514,0.723714688
Finland,FIN,2012,FIN2012,-0.063059044,-0.0148899,146787.9,12.80166667,10.8284,3.621663857,0.7557193,4.104375344,0.874358148
Finland,FIN,2013,FIN2013,0.03962574,-0.018578,144991.5,12.70166667,10.8776,4.951891897,0.536186235,5.344450565,0.655306983
Finland,FIN,2014,FIN2014,0.01546936,,143384.9,12.47833333,10.9238,5.15866573,0.552746605,5.858774613,0.652801917
Finland,FIN,2015,FIN2015,-0.164650536,,143628.7,12.55833333,10.959,5.477704886,0.613561513,5.967647344,0.731650541
Finland,FIN,2016,FIN2016,,,,12.54166667,10.9901,4.678670752,0.616750292,5.171464669,0.696423005
Finland,FIN,2017,FIN2017,,,,12.65166667,11.0154,4.303285495,0.652869968,4.887750743,0.749369259
Finland,FIN,2018,FIN2018,,,,12.68833333,11.0316,5.01924617,0.47879329,5.640482329,0.569058584
Finland,FIN,2019,FIN2019,,,,12.67,11.0398,4.893306605,0.65434013,5.399128792,0.767756437
France,FRA,1990,FRA1990,0.241138111,0.0207913,548421.4,6.996,118.303,13.94296154,1.015868003,13.76575965,0.939164752
France,FRA,1991,FRA1991,0.006850463,0.0078116,551919.3,7.390142857,118.949,13.09670289,0.972029724,12.85828346,0.85795407
France,FRA,1992,FRA1992,0.083282691,0.0096947,558723.6,7.685857143,119.535,13.4205071,1.07499423,13.18115052,0.973775997
France,FRA,1993,FRA1993,-0.096213414,-0.011034,550865.3,7.981428571,120.045,13.15235172,1.123377642,12.92647372,1.043012826
France,FRA,1994,FRA1994,0.03478461,0.0184977,562855.4,8.277,120.491,14.1243407,1.1441585,13.86731677,1.095686191
France,FRA,1995,FRA1995,0.127037488,0.0166501,573691.7,8.670928571,120.917,13.81333112,1.067615444,13.50835556,0.910749868
France,FRA,1996,FRA1996,-0.012079826,0.0070769,580579.1,8.868035714,121.341,12.91611365,1.089132584,12.57364253,1.005872304
France,FRA,1997,FRA1997,-0.083364193,0.0180654,597500.2,9.065214286,121.766,14.00011386,0.980401798,13.63845206,0.916539835
France,FRA,1998,FRA1998,0.031284479,0.0295393,621251.3,9.2625,122.209,13.67860099,1.073625551,13.23936824,0.964925323
France,FRA,1999,FRA1999,-0.020386109,0.0272471,637529.9,9.45925,121.113,13.92302167,1.149643614,13.46273815,1.121383454
France,FRA,2000,FRA2000,-0.093476589,0.0292939,658367.2,9.656571429,121.932,14.03485881,1.152289065,13.51736918,1.097549454
France,FRA,2001,FRA2001,0.008374874,0.0109164,665763.1,9.862464286,122.832,13.69954156,1.077282571,13.28388195,1.064034387
France,FRA,2002,FRA2002,0.074157275,0.0019785,668088.3,9.933785714,123.73,14.08920181,1.134644806,13.6986391,1.085965676
France,FRA,2003,FRA2003,0.203415137,0.0018728,666774.4,10.00610714,124.613,14.06637791,0.939440012,14.01244038,0.893545698
France,FRA,2004,FRA2004,0.132308667,0.0177707,683947.6,10.1095,125.538,13.66481389,1.073981973,13.30121095,0.979371385
France,FRA,2005,FRA2005,0.024586971,0.0105671,686619.2,10.18617857,126.491,13.69903824,1.004389926,13.37659484,0.906856103
France,FRA,2006,FRA2006,0.044396914,0.0174016,699267.7,10.40821429,127.38,14.11430095,1.055253889,13.80685351,1.045269535
France,FRA,2007,FRA2007,0.125208781,0.0164115,699437.7,10.46657143,128.177,13.94315526,1.049491641,13.57730798,1.018019315
France,FRA,2008,FRA2008,0.07412683,-0.0063923,698068.3,10.47446429,128.898,13.63337001,1.16536931,13.1338237,1.108436322
France,FRA,2009,FRA2009,-0.074898353,-0.0371181,672212.2,10.56228571,129.563,13.95979583,1.003333251,13.54325491,0.949282204
France,FRA,2010,FRA2010,-0.03602292,0.0121638,675162.2,10.65846429,130.212,13.13808635,1.129393035,12.6672377,1.047919061
France,FRA,2011,FRA2011,0.076814285,0.01515,685513.6,10.63907143,130.853,14.46954071,1.036239772,14.16501671,0.917090096
France,FRA,2012,FRA2012,-0.074234449,-0.004947,685369.5,10.74792857,131.498,13.8277518,1.10195791,13.40857734,1.048048369
France,FRA,2013,FRA2013,0.030983558,-0.0032051,686696.1,10.91832143,132.106,13.46296977,1.123758216,13.03873688,1.11599713
France,FRA,2014,FRA2014,,,684093.5,11.10903571,132.623,14.64149396,1.100482804,14.13768463,1.077211193
France,FRA,2015,FRA2015,,,688768.3,11.21428571,133.098,14.39262635,0.931143648,14.08917632,0.900681687
France,FRA,2016,FRA2016,,,,11.14114286,133.449,14.04222235,1.062535902,13.75087171,1.050937499
France,FRA,2017,FRA2017,,,,11.13067857,133.729,14.22648145,1.002120072,14.04143398,0.969503005
France,FRA,2018,FRA2018,,,,11.10628571,133.932,14.71165125,1.111859834,14.45801,1.112203917
France,FRA,2019,FRA2019,,,,11.18092857,134.12,14.57762248,0.999189509,14.31850615,1.016451237
Gabon,GAB,1990,GAB1990,,0.0234348,20555.2,3.403909091,1.8981,25.16537919,2.019912479,24.07577208,2.151899896
Gabon,GAB,1991,GAB1991,,0.0324049,21151.9,3.562181818,1.9523,25.0279751,1.824186898,24.15501696,2.016369136
Gabon,GAB,1992,GAB1992,,-0.0580564,20322.4,3.720545455,2.0057,24.74401848,1.706091307,23.86332722,1.912265045
Gabon,GAB,1993,GAB1993,,0.0122912,20655,3.878818182,2.0604,24.91564377,1.764009682,24.05739905,2.110942404
Gabon,GAB,1994,GAB1994,,0.0102661,21034.2,3.958,2.1141,24.89151188,1.99469747,23.93300582,2.24674745
Gabon,GAB,1995,GAB1995,,0.0225651,21693.4,4.116545455,2.1699,25.14401422,1.906132935,24.26197665,2.033203387
Gabon,GAB,1996,GAB1996,,0.0098252,22989.1,4.274727273,2.2258,24.89646604,1.877861528,24.00746644,2.197933916
Gabon,GAB,1997,GAB1997,,0.0302285,27717.1,4.433,2.2828,24.93708172,1.84609375,24.13564999,2.163190669
Gabon,GAB,1998,GAB1998,,0.0089135,29282.1,4.591363636,2.3401,25.6648721,1.963407294,24.73281002,2.130917614
Gabon,GAB,1999,GAB1999,,-0.1184562,28758.1,4.749636364,2.3983,25.12062595,2.053472416,23.97656205,2.390775806
Gabon,GAB,2000,GAB2000,,-0.0434652,29437.5,4.908,2.4569,25.05342811,2.005547316,23.96764819,2.13105338
Gabon,GAB,2001,GAB2001,,-0.0029101,36163.2,5.001363636,2.5157,25.20603941,1.752777921,24.02530508,1.932043789
Gabon,GAB,2002,GAB2002,,-0.0263075,38586.6,5.174363636,2.5758,25.40528569,2.042689577,24.2835687,2.120604426
Gabon,GAB,2003,GAB2003,,0.0009967,40768.2,5.267363636,2.6396,25.37254977,1.869999572,24.39670673,2.15431741
Gabon,GAB,2004,GAB2004,,-0.0101423,48386,5.440363636,2.7078,25.34269358,1.73071253,24.2764096,2.018415979
Gabon,GAB,2005,GAB2005,,0.0060454,52762,5.533,2.7819,25.38149099,1.658711619,24.46652764,1.772065366
Gabon,GAB,2006,GAB2006,,-0.0122109,53321.2,5.625636364,2.8597,25.40127612,1.793414469,24.33049184,2.015570499
Gabon,GAB,2007,GAB2007,,0.0299351,57142.8,5.798636364,2.9457,25.38269348,2.285107225,24.36187057,2.156232505
Gabon,GAB,2008,GAB2008,,-0.0142522,58895.4,5.891,3.0383,25.22478852,1.998011096,24.27007528,2.117619664
Gabon,GAB,2009,GAB2009,,-0.0536219,55397.7,5.983,3.1384,25.34632277,1.980280014,24.3737331,2.058135557
Gabon,GAB,2010,GAB2010,,0.0407441,53475.7,6.156181818,3.2485,25.58961977,1.811323836,24.65400561,1.841084828
Gabon,GAB,2011,GAB2011,,0.044586,53855.5,6.248181818,3.3696,25.18358817,1.937512162,24.28254387,1.97215695
Gabon,GAB,2012,GAB2012,,0.0305994,55316.3,6.34,3.4995,25.28027029,2.078450207,24.19033218,2.124794965
Gabon,GAB,2013,GAB2013,,0.0335113,52405.3,6.421181818,3.6345,25.32485407,1.988926024,24.35947784,1.909102211
Gabon,GAB,2014,GAB2014,,,51683,6.502454545,3.768,25.32476353,1.905968468,24.30104959,2.008225132
Gabon,GAB,2015,GAB2015,,,47103.7,6.583636364,3.8961,25.46405739,1.585503329,24.43981454,1.878695729
Gabon,GAB,2016,GAB2016,,,,6.665181818,4.0148,25.75292157,1.828715437,24.86817928,2.046705952
Gabon,GAB,2017,GAB2017,,,,6.746363636,4.129,25.43137855,1.930353283,24.65199718,2.156235504
Gabon,GAB,2018,GAB2018,,,,6.827636364,4.2378,25.63707539,1.779417985,24.54672181,2.173031075
Gabon,GAB,2019,GAB2019,,,,7.071454545,4.3455,25.50086589,2.101260911,24.7271819,2.34648114
Gambia,GMB,1990,GMB1990,,-0.0047079,1517,1.058777778,1.912,27.85520833,0.800799306,27.05516883,0.705400565
Gambia,GMB,1991,GMB1991,,-0.0044146,1510.3,1.235444444,1.986,27.66145833,0.786061111,26.98318447,0.656918381
Gambia,GMB,1992,GMB1992,,0.0019304,1513.1,1.323555556,2.057,27.58883102,0.955588889,26.95148585,0.677214113
Gambia,GMB,1993,GMB1993,,0.0009245,1514.5,1.412,2.123,27.69027778,0.924704861,27.05556283,0.713664804
Gambia,GMB,1994,GMB1994,,-0.0261763,1475.4,1.5,2.188,27.41365741,1.057899306,26.90482418,0.854005431
Gambia,GMB,1995,GMB1995,,-0.0189684,1447.7,1.588333333,2.257,27.57835648,0.963586806,27.1477964,0.838230893
Gambia,GMB,1996,GMB1996,,-0.0059364,1439.3,1.588333333,2.327,27.9953125,0.871800694,27.09244391,0.783889319
Gambia,GMB,1997,GMB1997,,0.0198938,1468.3,1.676666667,2.403,28.18408565,0.924416667,27.27583797,0.658793914
Gambia,GMB,1998,GMB1998,,0.0061569,1477.5,1.676666667,2.476,28.54311343,0.934196528,27.73207537,0.550952411
Gambia,GMB,1999,GMB1999,,0.0332357,1527.4,1.764555556,2.552,27.57152778,1.279893056,26.5652472,0.806032962
Gambia,GMB,2000,GMB2000,,0.0240424,1564.2,1.764555556,2.636,27.75190972,1.044115278,26.93338838,0.730921851
Gambia,GMB,2001,GMB2001,,0.0260617,1605,1.875888889,2.718,28.1703125,0.889284028,27.19718521,0.671280426
Gambia,GMB,2002,GMB2002,,-0.0641115,1504.7,1.897111111,2.808,28.13836806,0.695965972,27.45917335,0.466279946
Gambia,GMB,2003,GMB2003,,0.0348941,1557.2,2.007777778,2.901,28.05879629,1.086394444,26.90547217,0.719482398
Gambia,GMB,2004,GMB2004,,0.0364601,1614,2.118555556,2.993,28.13142361,0.839139583,27.10075438,0.519373447
Gambia,GMB,2005,GMB2005,,-0.0410109,1547.9,2.229444444,3.0873,28.36354167,1.223140278,27.51386483,0.616660038
Gambia,GMB,2006,GMB2006,,-0.0201891,1515.7,2.340555556,3.1824,28.03229167,1.053126389,27.12896889,0.571064715
Gambia,GMB,2007,GMB2007,,0.0043983,1520.9,2.313,3.2801,28.09589121,0.920399306,27.08930691,0.510047808
Gambia,GMB,2008,GMB2008,,0.0244937,1557.1,2.377555556,3.3778,28.11672454,1.202445833,27.20886744,0.822486046
Gambia,GMB,2009,GMB2009,,0.0310943,1604.8,2.440555556,3.4815,27.74126157,1.147209722,26.91723343,0.752169639
Gambia,GMB,2010,GMB2010,,0.0316032,1654.9,2.502333333,3.5863,28.52945602,1.221243056,27.60949116,0.833315006
Gambia,GMB,2011,GMB2011,,-0.0757141,1532.5,2.739222222,3.6972,27.97951389,0.912995139,27.26806378,0.564634693
Gambia,GMB,2012,GMB2012,,0.0268741,1570.3,2.796222222,3.8101,28.003125,1.277959028,27.15300402,0.826663843
Gambia,GMB,2013,GMB2013,,0.0230352,1592.7,2.938222222,3.928,28.1009838,1.069229861,27.34761742,0.813842955
Gambia,GMB,2014,GMB2014,,,1555.5,2.984444444,4.0462,28.05752315,0.965586806,27.26800441,0.531761052
Gambia,GMB,2015,GMB2015,,,1562.5,2.948111111,4.1724,28.20920139,1.066029167,27.21203203,0.709383708
Gambia,GMB,2016,GMB2016,,,,2.914222222,4.2985,28.45561343,1.053205556,27.7293305,0.663093954
Gambia,GMB,2017,GMB2017,,,,3.048333333,4.4273,28.48472222,1.044496528,27.82100591,0.612976009
Gambia,GMB,2018,GMB2018,,,,3.099888889,4.5601,27.84548611,0.935009722,27.20543353,0.692088607
Gambia,GMB,2019,GMB2019,,,,3.181333333,4.6959,27.9115162,1.012380556,27.40496847,0.641151732
Georgia,GEO,1990,GEO1990,,-0.1597599,8016.7,,,9.191851852,1.024380445,6.785805795,1.298798565
Georgia,GEO,1991,GEO1991,,-0.2440237,6280.8,,,9.142777778,0.979744,7.185570054,1.2713161
Georgia,GEO,1992,GEO1992,,-0.6037655,3434,,,7.416990741,1.365806667,5.223263592,1.421860194
Georgia,GEO,1993,GEO1993,,-0.3544102,2409.3,,,7.778953704,1.048157445,5.520812289,1.291773885
Georgia,GEO,1994,GEO1994,,-0.0996845,2180.7,,,8.942472223,0.981104333,6.840440442,1.241352547
Georgia,GEO,1995,GEO1995,,0.0522648,2297.7,,,9.514861112,1.107464889,6.981061396,1.294235955
Georgia,GEO,1996,GEO1996,,0.1313805,2620.3,,,9.465055554,1.046510667,7.315534473,1.289826369
Georgia,GEO,1997,GEO1997,,0.1184927,2949.9,,,8.940972223,1.095662444,6.345033153,1.386130046
Georgia,GEO,1998,GEO1998,,0.0404007,3071.5,,,10.06478704,1.018978889,7.81782352,1.168060446
Georgia,GEO,1999,GEO1999,,0.0360741,3184.4,,,10.16032407,1.016624667,7.357875107,1.415981256
Georgia,GEO,2000,GEO2000,,0.0259272,3268,11.28,8.154,9.586203705,0.960427778,6.982576384,1.101086006
Georgia,GEO,2001,GEO2001,,0.0541818,3450,11.37636364,8.029,10.33747222,1.125401,7.448870254,1.305358708
Georgia,GEO,2002,GEO2002,,0.0600179,3663.4,11.47272727,7.958,9.226981482,1.337369889,6.946653892,1.469149066
Georgia,GEO,2003,GEO2003,,0.1113536,4121.4,11.56909091,7.905,9.250435186,1.232384556,6.476427337,1.286238749
Georgia,GEO,2004,GEO2004,,0.0593737,4420.4,11.56909091,7.855,9.377111111,1.259270111,6.763838981,1.326421596
Georgia,GEO,2005,GEO2005,,0.0817326,4908.3,11.66272727,7.805,9.481583333,1.314539222,7.221879117,1.553598325
Georgia,GEO,2006,GEO2006,,0.081331,5439,11.67272727,7.76,9.690805555,1.166143445,7.600249221,1.421103509
Georgia,GEO,2007,GEO2007,0.222364161,0.1185806,6191.2,11.68090909,7.72,9.296314816,1.273034,7.169857238,1.439189154
Georgia,GEO,2008,GEO2008,0.217998981,0.0239256,6416.2,11.78545455,7.697,9.310583333,0.999775667,7.230704846,1.245372895
Georgia,GEO,2009,GEO2009,-0.176347415,-0.0446519,6254.7,11.79363636,7.629,9.607703703,1.394934667,7.352330511,1.349516952
Georgia,GEO,2010,GEO2010,0.085553222,0.0511988,6733.8,11.80090909,7.573,11.32247222,1.175150556,9.340379073,1.33698374
Georgia,GEO,2011,GEO2011,0.200639513,0.0603865,7315.1,11.80909091,7.513,8.959657406,1.23973,6.486260557,1.410439661
Georgia,GEO,2012,GEO2012,0.039883455,0.0583276,7881.3,12.10545455,7.458,9.917166666,1.004599,7.788090044,1.284521076
Georgia,GEO,2013,GEO2013,0.061186314,0.0343479,8254,12.20818182,7.4345,9.693962962,1.153380778,7.410306482,1.364185403
Georgia,GEO,2014,GEO2014,0.024582121,,8749.2,12.21636364,7.4386,10.51121296,1.079167111,8.335616413,1.365259511
Georgia,GEO,2015,GEO2015,,,9109.3,12.31909091,7.4507,10.22585185,1.127371,8.25990334,1.2825298
Georgia,GEO,2016,GEO2016,,,,12.42181818,7.4557,9.822111112,1.351668111,7.483436211,1.589550643
Georgia,GEO,2017,GEO2017,,,,12.42636364,7.4556,9.978601851,1.037624,7.837977426,1.313051899
Georgia,GEO,2018,GEO2018,,,,12.43272727,7.4535,11.21812037,1.079242778,9.191043994,1.34518239
Georgia,GEO,2019,GEO2019,,,,12.72545455,7.4404,10.58841667,0.937911444,8.436874074,1.092502274
Germany,DEU,1990,DEU1990,0.23685412,0.0425962,497016.6,8.878647059,158.864,9.96706439,0.723372644,9.810909389,0.824848997
Germany,DEU,1991,DEU1991,,0.0425346,521183.5,8.979470588,160.027,8.807728466,0.588503497,8.691156292,0.682365462
Germany,DEU,1992,DEU1992,,0.0113349,527437.9,9.181294118,161.25,9.75261845,0.711811095,9.617827042,0.797129866
Germany,DEU,1993,DEU1993,-0.044979095,-0.0166454,520955.7,9.383058824,162.313,8.766103255,0.782419324,8.593207856,0.922399421
Germany,DEU,1994,DEU1994,0.075863491,0.0209484,532498.2,9.584588235,162.877,9.922834745,0.784029722,9.815175775,0.910701313
Germany,DEU,1995,DEU1995,,0.0136919,540088.5,9.787,163.356,9.253566628,0.75479423,9.093467546,0.749242965
Germany,DEU,1996,DEU1996,,0.004982,542240.7,9.887235294,163.832,7.59908679,0.588742352,7.29341954,0.693021679
Germany,DEU,1997,DEU1997,,0.0157605,552397.7,10.09035294,164.069,9.251983436,0.654597895,8.92497262,0.767491601
Germany,DEU,1998,DEU1998,,0.0182958,561380.1,10.49235294,164.094,9.366518197,0.802082073,9.055310821,0.962750013
Germany,DEU,1999,DEU1999,,0.0178916,571014.8,10.89647059,164.199,9.874411844,0.744553803,9.624247038,0.85152695
Germany,DEU,2000,DEU2000,,0.028764,587765.6,11.30058824,164.423,10.21234223,0.735039494,9.931899551,0.862638528
Germany,DEU,2001,DEU2001,0.000513971,0.0133479,597213.7,11.79941176,164.701,9.287941394,0.791735218,9.016720706,0.961625151
Germany,DEU,2002,DEU2002,0.065781415,-0.0015798,595197.3,12.20235294,164.977,9.850970327,0.882107065,9.601816339,1.015397767
Germany,DEU,2003,DEU2003,0.189185977,-0.0043151,590896,12.59235294,165.067,9.621286121,0.562716422,9.546624856,0.610035822
Germany,DEU,2004,DEU2004,0.121553957,0.0117615,597743.4,13.21235294,165.031,9.288522735,0.723545124,9.148947573,0.830505505
Germany,DEU,2005,DEU2005,0.01423496,0.007391,604129.3,13.08764706,164.937,9.407571735,0.692845109,9.263776675,0.786084845
Germany,DEU,2006,DEU2006,0.049413264,0.0374599,625577.7,13.58647059,164.752,9.944435971,0.685980295,9.865083652,0.775761284
Germany,DEU,2007,DEU2007,0.128792405,0.0335047,643807.2,13.66176471,164.532,10.22653298,0.883919665,10.07410449,1.003364056
Germany,DEU,2008,DEU2008,0.089019537,0.0126752,653047.3,13.77,164.219,9.906590408,0.711709431,9.699650954,0.836695546
Germany,DEU,2009,DEU2009,-0.091598928,-0.0502922,620679.9,13.76352941,163.805,9.605274168,0.73223929,9.429242099,0.856994459
Germany,DEU,2010,DEU2010,0.004773796,0.0408726,646503.6,13.87647059,163.553,8.240312387,0.7765053,7.904264553,0.930921411
Germany,DEU,2011,DEU2011,0.089832366,0.0325362,669992.3,13.87470588,160.549,10.0718942,0.669503154,9.878654879,0.767636742
Germany,DEU,2012,DEU2012,-0.058108866,0.0237764,684178.1,13.95470588,160.851,9.492580472,0.707446587,9.281426703,0.862131559
Germany,DEU,2013,DEU2013,0.043763638,0.0018767,671952.5,13.93823529,161.291,9.140051066,0.723453264,8.871516385,0.864030812
Germany,DEU,2014,DEU2014,,,692399.3,14.03294118,161.968,10.76861723,0.698938805,10.61956704,0.825050699
Germany,DEU,2015,DEU2015,,,700360.5,14.12235294,163.375,10.34582482,0.655290472,10.12395778,0.783626728
Germany,DEU,2016,DEU2016,,,,14.13411765,164.697,9.978909424,0.679946063,9.79850083,0.794659363
Germany,DEU,2017,DEU2017,,,,14.12941176,165.315,10.0064519,0.809330249,9.774147066,0.91646203
Germany,DEU,2018,DEU2018,,,,14.13235294,165.811,10.78257479,0.544912102,10.85630554,0.611000808
Germany,DEU,2019,DEU2019,,,,14.22352941,166.266,10.66271818,0.659990532,10.60763499,0.809186284
Gha,GHA,1990,GHA1990,,0.0053249,1919.6,4.205727273,29.547,27.26489187,1.01048706,26.66935551,1.126635113
Gha,GHA,1991,GHA1991,,0.0235392,1965.3,4.377272727,30.415,27.11972718,1.279740857,26.36652251,1.302417321
Gha,GHA,1992,GHA1992,,0.0099647,1985,4.463181818,31.307,26.97225397,0.9303325,26.33937929,1.124954792
Gha,GHA,1993,GHA1993,,0.0195969,2024.2,4.634818182,32.215,27.14760813,1.080122774,26.53698786,1.268423683
Gha,GHA,1994,GHA1994,,0.0056712,2035.7,4.720818182,33.126,27.10346627,1.135232119,26.39446851,1.245748372
Gha,GHA,1995,GHA1995,,0.0148226,2066.1,4.892272727,34.03,27.35256349,1.19655981,26.63781882,1.279135064
Gha,GHA,1996,GHA1996,,0.020933,2109.8,4.978090909,34.925,27.28323512,1.216575607,26.54702925,1.176251377
Gha,GHA,1997,GHA1997,,0.0181159,2148.4,4.978090909,35.82,27.29179167,1.235640929,26.59804843,1.144618744
Gha,GHA,1998,GHA1998,,0.0233994,2199.3,5.064,36.714,27.86638293,1.00913694,27.28456692,1.041845759
Gha,GHA,1999,GHA1999,,0.0202009,2244.1,5.186454545,37.625,27.23616766,1.28278506,26.41250871,1.343675771
Gha,GHA,2000,GHA2000,,0.0126415,2272.7,5.310909091,38.559,27.40522222,1.085992119,26.64454763,1.034003571
Gha,GHA,2001,GHA2001,,0.0146456,2306.2,5.437,39.515,27.47952579,1.090619774,26.7484588,0.9622734
Gha,GHA,2002,GHA2002,,0.0187894,2349.8,5.477,40.493,27.55077083,1.201930845,26.85697327,1.151994995
Gha,GHA,2003,GHA2003,,0.0249793,2409,5.606727273,41.501,27.61159028,1.253405405,26.9380411,1.149113962
Gha,GHA,2004,GHA2004,,0.0285332,2478.6,5.676181818,42.544,27.49564683,1.155694595,26.9067752,0.98819562
Gha,GHA,2005,GHA2005,,0.0313395,2557.4,5.657454545,43.629,27.76984226,1.142443559,26.95944067,1.058368445
Gha,GHA,2006,GHA2006,,0.036014,2651.4,5.727545455,44.758,27.6448631,1.135812953,26.99461977,1.020787627
Gha,GHA,2007,GHA2007,,0.0366075,2695.9,5.753818182,45.927,27.64516667,1.333772571,26.92439629,1.158667764
Gha,GHA,2008,GHA2008,,0.0553229,2867.7,5.867181818,47.127,27.33589385,1.364657881,26.76620742,1.125558852
Gha,GHA,2009,GHA2009,,0.0142903,2931,5.897090909,48.342,27.66285417,1.210165643,26.95753693,1.10981452
Gha,GHA,2010,GHA2010,,0.0531954,3083.9,5.837727273,49.559,27.9971121,1.352561548,27.08338336,1.185481061
Gha,GHA,2011,GHA2011,,0.1170937,3430.9,5.864,50.775,27.67396925,1.195605512,26.86403009,1.082244147
Gha,GHA,2012,GHA2012,,0.0624978,3659.2,5.880454545,51.994,27.42261905,1.252674595,26.63119289,1.188390633
Gha,GHA,2013,GHA2013,,0.047897,3833.8,5.981909091,53.216,27.60398313,1.087453428,26.92432594,1.01810267
Gha,GHA,2014,GHA2014,,,3894,5.996090909,54.448,27.72227183,1.226852488,26.80709952,1.267530113
Gha,GHA,2015,GHA2015,,,3953.2,6.074818182,55.7,27.85263889,1.106205619,27.02043205,1.017653442
Gha,GHA,2016,GHA2016,,,,6.336090909,56.964,28.1153254,1.179770845,27.2965329,1.263352981
Gha,GHA,2017,GHA2017,,,,6.424909091,58.24,27.9466746,1.161675381,27.1934006,1.192866071
Gha,GHA,2018,GHA2018,,,,6.515363636,59.534,27.85120238,1.278788298,26.9570524,1.348433617
Gha,GHA,2019,GHA2019,,,,6.606,60.836,27.70345139,1.444789107,27.20534816,1.369444985
Greda,GRD,1990,GRD1990,,0.0567432,7488.8,,,26.35833333,1.6213,,
Greda,GRD,1991,GRD1991,,0.0209556,7647.4,,,26.25,1.576,,
Greda,GRD,1992,GRD1992,,-0.0106731,7566.2,,,26.06666667,1.6348,,
Greda,GRD,1993,GRD1993,,-0.0380147,7284,,,26.35,1.6276,,
Greda,GRD,1994,GRD1994,,0.0160239,7401.7,,,26,1.5945,,
Greda,GRD,1995,GRD1995,,0.0162163,7522.7,,,26.36666667,1.6136,,
Greda,GRD,1996,GRD1996,,0.0343709,7785.7,,,26.14166667,1.7482,,
Greda,GRD,1997,GRD1997,,0.0417993,8118.1,,,26.34166667,1.4746,,
Greda,GRD,1998,GRD1998,,0.0616194,8634,,,26.90833333,1.9202,,
Greda,GRD,1999,GRD1999,,0.0945978,9490.7,,,26.36666667,1.7817,,
Greda,GRD,2000,GRD2000,,0.0229612,9651.4,,,26.05,1.708,,
Greda,GRD,2001,GRD2001,,-0.0234233,9434.8,,,26.43333333,1.3295,,
Greda,GRD,2002,GRD2002,,0.0333737,9735.1,7.4,0.104,26.5,1.4988,,
Greda,GRD,2003,GRD2003,,0.0893903,10628.2,7.6,0.104,26.625,1.5013,,
Greda,GRD,2004,GRD2004,,-0.0131288,10530,7.7,0.104,26.43333333,1.8991,,
Greda,GRD,2005,GRD2005,,0.1238898,11893.6,7.8,0.105,26.775,1.8566,,
Greda,GRD,2006,GRD2006,,-0.0423734,11381.7,7.9,0.105,26.56666667,1.6668,,
Greda,GRD,2007,GRD2007,,0.0475335,12043.5,8,0.105,26.35833333,1.5211,,
Greda,GRD,2008,GRD2008,,0.0061111,12117.2,8.1,0.105,26.275,1.639,,
Greda,GRD,2009,GRD2009,,-0.0721003,11276.3,8.2,0.106,26.65,1.3898,,
Greda,GRD,2010,GRD2010,,-0.0084273,11178,8.3,0.106,26.925,1.8586,,
Greda,GRD,2011,GRD2011,,0.0036416,11221.4,8.4,0.107,26.6,1.9621,,
Greda,GRD,2012,GRD2012,,-0.0220188,11049,8.4,0.107,26.475,1.5036,,
Greda,GRD,2013,GRD2013,,0.0142167,11263.4,8.5,0.108,26.64166667,1.5556,,
Greda,GRD,2014,GRD2014,,,11853.7,8.6,0.109,26.6,1.5032,,
Greda,GRD,2015,GRD2015,,,12203.4,8.7,0.11,26.85,1.1795,,
Greda,GRD,2016,GRD2016,,,,8.7,0.11,26.81666667,1.7446,,
Greda,GRD,2017,GRD2017,,,,8.7,0.111,26.65,1.7807,,
Greda,GRD,2018,GRD2018,,,,8.8,0.111,26.28333333,1.5762,,
Greda,GRD,2019,GRD2019,,,,9,0.112,26.58333333,1.296,,
Greece,GRC,1990,GRC1990,,-0.0066584,81888.9,7.621857143,20.443,14.55885933,0.571758888,14.82476507,1.573274279
Greece,GRC,1991,GRC1991,,0.0207913,84261.3,7.621857143,20.639,13.5627781,0.662117335,13.68847637,2.046780565
Greece,GRC,1992,GRC1992,,-0.0040371,83483.1,7.718214286,20.8,13.77450501,0.502390402,13.94122331,1.500146309
Greece,GRC,1993,GRC1993,-0.048506737,-0.0253121,80906.8,7.814785714,20.922,14.02181359,0.584925701,14.23244461,1.705729981
Greece,GRC,1994,GRC1994,,0.0114759,83064.9,7.814785714,21.024,14.97081526,0.770239542,15.18500514,2.062101989
Greece,GRC,1995,GRC1995,,0.0131007,79337.3,7.911428571,21.124,14.20453176,0.698263557,14.14165081,2.068618771
Greece,GRC,1996,GRC1996,,0.0163022,82883.8,8.007785714,21.217,13.90318368,0.804773643,13.96895305,2.348045276
Greece,GRC,1997,GRC1997,,0.0294625,85868.1,8.007785714,21.322,13.88874438,0.650142745,13.90153162,1.917161763
Greece,GRC,1998,GRC1998,,0.0276811,88550.4,8.104428571,21.441,14.71555202,0.702428998,14.6011036,2.106530041
Greece,GRC,1999,GRC1999,,0.0292295,90838.9,8.200857143,21.523,15.22380238,0.696143651,15.1068266,2.167944171
Greece,GRC,2000,GRC2000,,0.0405986,89030.1,8.297142857,21.614,14.90280413,0.462244451,14.71864433,1.471894194
Greece,GRC,2001,GRC2001,0.039945194,0.0379796,91833.6,8.493714286,21.724,15.12424306,0.631879542,14.94975895,1.950625315
Greece,GRC,2002,GRC2002,0.108390672,0.0309019,94019.1,8.771928571,21.805,14.81639178,0.849590852,14.70606711,2.385427114
Greece,GRC,2003,GRC2003,0.274417605,0.0545932,99462.3,8.968857143,21.856,14.63465362,0.776514111,14.47566304,2.431555704
Greece,GRC,2004,GRC2004,0.162746974,0.0393601,104703,9.2735,21.909,14.64252153,0.669183689,14.50864284,2.044281553
Greece,GRC,2005,GRC2005,0.02558967,0.0191897,105276.1,9.481857143,21.975,14.28423695,0.755691456,14.19735142,2.301155822
Greece,GRC,2006,GRC2006,0.08454173,0.0504588,108961.6,9.579785714,22.039,14.33564127,0.732647714,14.2450402,2.04675667
Greece,GRC,2007,GRC2007,0.141700881,0.0316057,112238.3,9.664642857,22.096,15.0599604,0.688537151,15.10882171,1.87692968
Greece,GRC,2008,GRC2008,0.099257469,-0.0042507,111191.2,9.757428571,22.157,15.09541803,0.594366657,15.1271174,1.614031134
Greece,GRC,2009,GRC2009,-0.080479213,-0.0319266,100065.8,9.765857143,22.214,15.00096178,0.946234768,14.92992134,2.635352085
Greece,GRC,2010,GRC2010,-0.098039491,-0.0476901,94079.7,9.934357143,22.242,15.55843977,0.749706274,15.40227076,2.496936592
Greece,GRC,2011,GRC2011,-0.036606107,-0.0709941,85614.2,9.944071429,22.209,14.39319661,0.671782925,14.35851111,1.928696144
Greece,GRC,2012,GRC2012,-0.150716237,-0.0695361,79794,9.914928571,22.091,15.22597777,0.770021386,15.34076158,2.360658784
Greece,GRC,2013,GRC2013,-0.01788044,-0.0338501,77803.4,10.04578571,21.93,15.26607376,0.697945059,15.44028438,2.227753984
Greece,GRC,2014,GRC2014,,,78835.5,10.14035714,21.783,15.21127321,0.927926151,15.30134276,2.448988177
Greece,GRC,2015,GRC2015,,,79151.9,10.239,21.644,14.85035305,0.757968677,15.01892567,2.353046869
Greece,GRC,2016,GRC2016,,,,9.959142857,21.553,15.41613931,0.692109183,15.44357225,2.104934226
Greece,GRC,2017,GRC2017,,,,10.16971429,21.51,15.03064986,0.718625441,15.03844362,2.093741365
Greece,GRC,2018,GRC2018,,,,10.20457143,21.464,15.7485536,0.750408069,15.64683394,2.47929537
Greece,GRC,2019,GRC2019,,,,10.30321429,21.433,15.63895829,0.885090437,15.54906839,2.470963991
Guatemala,GTM,1990,GTM1990,,0.0075604,56109.7,2.440555556,18.394,22.41467262,2.052090216,20.97127477,5.210109866
Guatemala,GTM,1991,GTM1991,,0.0127713,56582.5,2.519333333,18.894,22.52376674,1.813772649,21.32158551,4.487223395
Guatemala,GTM,1992,GTM1992,,0.0239692,57705.9,2.598111111,19.397,22.36303013,2.042751652,21.12555907,5.119808572
Guatemala,GTM,1993,GTM1993,,0.0152097,58343.4,2.598111111,19.898,22.29804378,2.080273333,21.04176365,5.240868604
Guatemala,GTM,1994,GTM1994,,0.0163341,59059.5,2.676777778,20.401,22.61252418,1.714014316,21.25630677,4.087643466
Guatemala,GTM,1995,GTM1995,,0.0252534,60328,2.755333333,20.907,22.62071801,2.411943274,21.29267898,6.33402391
Guatemala,GTM,1996,GTM1996,,0.0062984,66862.7,2.793777778,21.323,22.20303571,2.099577255,20.69459617,5.600076293
Guatemala,GTM,1997,GTM1997,,0.0199686,74112.8,2.911666667,21.744,22.72226686,2.041403281,21.37916994,5.321300953
Guatemala,GTM,1998,GTM1998,,0.025885,81602.5,2.948555556,22.176,22.96893663,2.25597808,21.74554195,5.981052198
Guatemala,GTM,1999,GTM1999,,0.0145591,87792.9,2.984444444,22.622,22.15473897,2.222735223,20.57366237,5.745647054
Guatemala,GTM,2000,GTM2000,,0.0117662,93123.4,3.155111111,23.18,22.39027282,2.042752894,20.70371654,4.925471267
Guatemala,GTM,2001,GTM2001,,-0.0011731,96386.4,3.321111111,23.744,22.70261347,2.050974941,20.90309673,4.561273778
Guatemala,GTM,2002,GTM2002,,0.0132637,100028.4,3.394,24.296,22.84290303,1.978570528,21.23891457,4.5112693
Guatemala,GTM,2003,GTM2003,,0.0000559,101211.1,3.368666667,24.831,22.95188864,1.757922255,21.32617563,4.83380273
Guatemala,GTM,2004,GTM2004,,0.0060667,101707.4,3.334555556,25.365,22.89411954,1.971124978,21.00926835,4.662686857
Guatemala,GTM,2005,GTM2005,0.074330353,0.0072371,100891.6,3.292222222,25.897,22.83206287,2.306291354,21.26083011,5.890851906
Guatemala,GTM,2006,GTM2006,0.030880905,0.0277474,102486.2,3.529222222,26.428,22.75217262,2.228454122,20.98712738,5.783399923
Guatemala,GTM,2007,GTM2007,0.081429323,0.0366155,105137.5,3.670888889,26.955,22.64361731,2.005242813,21.25857057,5.12488765
Guatemala,GTM,2008,GTM2008,0.09149338,0.00778,104007.2,3.837555556,27.478,22.69539868,2.184135476,20.93158,5.737059875
Guatemala,GTM,2009,GTM2009,,-0.0194084,102293.5,4.002444444,28,23.06233445,1.875823475,21.34022494,4.399538405
Guatemala,GTM,2010,GTM2010,,0.0033985,102981.2,4.071777778,28.52,22.52229973,2.41166529,21.21621383,6.226987485
Guatemala,GTM,2011,GTM2011,,0.0156455,105004.3,4.235111111,29.043,22.87018477,2.334627255,21.16251733,5.825174195
Guatemala,GTM,2012,GTM2012,,0.0040037,105872,4.303444444,29.564,22.93645895,1.845166161,21.19695812,4.74196746
Guatemala,GTM,2013,GTM2013,,0.0110109,107530.6,4.394444444,30.089,22.82861855,2.586406079,21.38979639,5.691903894
Guatemala,GTM,2014,GTM2014,,,109747.1,5.979333333,30.613,22.84619482,2.075709457,21.24645163,5.32237456
Guatemala,GTM,2015,GTM2015,,,112009.8,5.973444444,31.134,23.26451079,1.860140409,21.72451427,4.843676989
Guatemala,GTM,2016,GTM2016,,,,5.973444444,31.656,23.36947359,1.962968512,21.77399102,4.573443375
Guatemala,GTM,2017,GTM2017,,,,6.067222222,32.176,23.16860677,2.011314963,21.43981974,5.412863272
Guatemala,GTM,2018,GTM2018,,,,6.067222222,32.693,22.61499814,1.841380603,21.39479596,4.664798904
Guatemala,GTM,2019,GTM2019,,,,6.159888889,33.208,23.10841208,1.701927961,22.02933674,4.436582794
Guinea,GIN,1990,GIN1990,,-0.0034246,1125.2,1.106666667,12.704,25.55865057,1.768233434,25.72619184,5.094817954
Guinea,GIN,1991,GIN1991,,-0.0278273,1094.2,1.106666667,13.069,25.65551768,1.828958908,25.63364025,5.243558453
Guinea,GIN,1992,GIN1992,,-0.0262874,1065.7,1.106666667,13.432,25.41325495,2.057306332,25.2940458,5.444767438
Guinea,GIN,1993,GIN1993,,-0.0087521,1056.2,1.199111111,13.793,25.62690604,1.859755625,25.42977385,5.587570709
Guinea,GIN,1994,GIN1994,,-0.012674,1042.7,1.199111111,14.162,25.27157933,2.319727538,25.25914141,5.794827333
Guinea,GIN,1995,GIN1995,,0.0029435,1045.4,1.199111111,14.54,25.51688289,2.013634552,25.63053339,4.99227488
Guinea,GIN,1996,GIN1996,,0.0113115,1056.9,1.291333333,14.928,25.72708071,2.01817767,25.70931366,5.158542816
Guinea,GIN,1997,GIN1997,,0.025903,1084.1,1.291333333,15.324,25.71533091,1.967117311,25.62589728,4.819728505
Guinea,GIN,1998,GIN1998,,0.0166034,1101.6,1.291333333,15.723,26.28053767,2.023685107,26.18162693,4.868154661
Guinea,GIN,1999,GIN1999,,0.0205639,1123.8,1.291333333,16.109,25.40344486,2.257959527,25.37946049,5.359734194
Guinea,GIN,2000,GIN2000,,0.0079795,1132,1.383555556,16.481,25.54623632,2.089686155,25.42778644,5.350021668
Guinea,GIN,2001,GIN2001,,0.0190123,1152.9,1.383555556,16.833,25.84713963,1.947224116,25.60477485,4.865203118
Guinea,GIN,2002,GIN2002,,0.0335908,1191.4,1.383555556,17.172,26.04777094,1.888694482,25.85282093,4.645688838
Guinea,GIN,2003,GIN2003,,-0.0049978,1184.5,1.383555556,17.507,25.95139257,2.055011042,25.75440861,5.330365518
Guinea,GIN,2004,GIN2004,,0.0042935,1188.8,1.475888889,17.851,26.10302504,2.073887323,25.7760678,4.94851603
Guinea,GIN,2005,GIN2005,,0.0087771,1198.5,1.475888889,18.22,26.16470539,2.003785499,25.76443335,5.244025386
Guinea,GIN,2006,GIN2006,,0.0016787,1200,1.459333333,18.616,25.97249474,2.303987147,25.70833885,4.690298647
Guinea,GIN,2007,GIN2007,,-0.0075701,1190.5,1.444666667,19.037,26.04671296,1.867652266,25.6747105,4.935991133
Guinea,GIN,2008,GIN2008,,0.0218922,1216.4,1.432,19.478,25.84682397,2.081210474,25.56979479,5.100332737
Guinea,GIN,2009,GIN2009,,-0.0294547,1180.3,1.420777778,19.928,25.73238268,1.985922468,25.69665869,5.084598034
Guinea,GIN,2010,GIN2010,,-0.0071676,1170.8,1.410777778,20.383,26.32284301,2.267210625,25.91801857,5.290791985
Guinea,GIN,2011,GIN2011,,0.0124316,1183.9,1.752111111,20.841,26.03877473,1.974257816,25.67469749,4.717456406
Guinea,GIN,2012,GIN2012,,0.0130553,1197.5,2.090555556,21.304,25.8078125,2.07535738,25.32487968,5.422777755
Guinea,GIN,2013,GIN2013,,-0.0006501,1192.2,2.283888889,21.787,25.96464226,2.080314634,25.63133524,4.715397137
Guinea,GIN,2014,GIN2014,,,1165.1,2.302333333,22.302,25.89873053,1.965982115,25.58371124,4.740767527
Guinea,GIN,2015,GIN2015,,,1135.5,2.409,22.864,26.09437553,2.128407633,25.70145022,5.168743748
Guinea,GIN,2016,GIN2016,,,,2.426222222,23.476,26.35948285,2.011323068,25.97007191,5.296839493
Guinea,GIN,2017,GIN2017,,,,2.442666667,24.134,26.29839804,1.985763636,26.01702059,5.166923326
Guinea,GIN,2018,GIN2018,,,,2.458444444,24.827,26.09417982,1.984039337,25.78559359,5.631792397
Guinea,GIN,2019,GIN2019,,,,2.549444444,25.541,25.87937447,1.99889875,26.13915573,5.512014372
Guinea Bissau,GNB,1990,GNB1990,,0.0367788,1505,,,27.48564815,1.506551852,27.21173011,3.572745684
Guinea Bissau,GNB,1991,GNB1991,,0.0270678,1546.7,,,27.42824074,1.658068519,27.11701484,3.797369072
Guinea Bissau,GNB,1992,GNB1992,,-0.0118348,1529,,,27.27669753,1.752394444,26.930201,3.579703243
Guinea Bissau,GNB,1993,GNB1993,,-0.0020085,1526.6,,,27.41820988,1.653514815,27.0716231,3.706405765
Guinea Bissau,GNB,1994,GNB1994,,0.0087936,1540.8,,,27.18179012,2.012807407,26.70609068,3.862918063
Guinea Bissau,GNB,1995,GNB1995,,0.020504,1573.5,,,27.37932099,1.598622222,27.39913583,3.737036318
Guinea Bissau,GNB,1996,GNB1996,,0.0873668,1718,,,27.70030864,1.581685185,27.20685853,3.57556381
Guinea Bissau,GNB,1997,GNB1997,,0.0407376,1790.3,,,27.89382716,1.692468519,27.23209074,3.477824116
Guinea Bissau,GNB,1998,GNB1998,,-0.3520223,1259.7,,,28.29938272,1.656262963,27.81247059,3.197518418
Guinea Bissau,GNB,1999,GNB1999,,-0.011872,1245.7,,,27.30540123,2.239424074,26.88493662,4.107286492
Guinea Bissau,GNB,2000,GNB2000,,0.0137088,1285.6,,,27.46080247,1.84787963,26.98589039,3.848838585
Guinea Bissau,GNB,2001,GNB2001,,0.0476715,1286.2,,,27.83317901,1.746142593,27.153173,3.856869201
Guinea Bissau,GNB,2002,GNB2002,,-0.0023128,1246.9,,,27.86527778,1.275825926,27.33328373,2.758397775
Guinea Bissau,GNB,2003,GNB2003,,-0.072723,1227.7,,,27.81358025,1.889527778,27.12952656,4.0693289
Guinea Bissau,GNB,2004,GNB2004,,-0.0294809,1235.1,,,27.91095679,1.598231481,27.19984763,3.23038748
Guinea Bissau,GNB,2005,GNB2005,,0.0262134,1260.5,1.8999,2.6902,28.08503086,2.000972222,27.53011021,3.321010161
Guinea Bissau,GNB,2006,GNB2006,,-0.0416899,1262.2,1.8999,2.7572,27.75601852,1.991144444,27.23852702,2.986329864
Guinea Bissau,GNB,2007,GNB2007,,0.0370626,1274.7,1.8875,2.8243,27.83348765,1.668533333,27.20133837,3.027448522
Guinea Bissau,GNB,2008,GNB2008,,0.0099884,1286.9,1.9581,2.8931,27.86080247,2.119696296,27.20652185,3.973161133
Guinea Bissau,GNB,2009,GNB2009,,0.0073633,1300,2.0287,2.9682,27.50432099,1.912427778,27.02277809,3.581712572
Guinea Bissau,GNB,2010,GNB2010,,0.011361,1326.6,2.0996,3.0444,28.25987654,2.06017037,27.5051228,3.971799899
Guinea Bissau,GNB,2011,GNB2011,,0.0285894,1416.3,2.1706,3.1269,27.79583333,1.615607407,27.20467748,3.198778097
Guinea Bissau,GNB,2012,GNB2012,,-0.0385322,1357.5,2.2417,3.2099,27.74537037,2.079216667,26.98747012,4.157227548
Guinea Bissau,GNB,2013,GNB2013,,-0.0216226,1335.5,2.2333,3.2965,27.83518518,1.856581481,27.10202243,3.87616391
Guinea Bissau,GNB,2014,GNB2014,,,1336.5,2.5435,3.3842,27.81064815,1.757085185,26.98272791,3.113812023
Guinea Bissau,GNB,2015,GNB2015,,,1367.3,2.6284,3.4749,27.95169753,1.874038889,27.06550222,4.543499194
Guinea Bissau,GNB,2016,GNB2016,,,,2.7932,3.5636,28.18595679,1.821905556,27.4320703,4.308756352
Guinea Bissau,GNB,2017,GNB2017,,,,2.8718,3.6554,28.20740741,1.908775926,27.50889887,3.512840649
Guinea Bissau,GNB,2018,GNB2018,,,,2.9468,3.7481,27.64104938,1.631318519,27.02756738,4.511624244
Guinea Bissau,GNB,2019,GNB2019,,,,3.2924,3.8419,27.64537037,1.762735185,27.58944668,3.506621831
Guya,GUY,1990,GUY1990,,-0.0262572,2928.1,6.389,1.48659,26.19067788,3.14495028,25.01015832,5.926835924
Guya,GUY,1991,GUY1991,,0.0605873,3115.3,6.482909091,1.4882,25.94264578,2.333609012,25.01780681,4.751268065
Guya,GUY,1992,GUY1992,,0.0757462,3358.7,6.576727273,1.49776,25.62374348,1.765969981,25.20365632,4.298037696
Guya,GUY,1993,GUY1993,,0.0775486,3623.1,6.576727273,1.508,25.79169261,2.600248622,24.93174724,5.289942637
Guya,GUY,1994,GUY1994,,0.0792773,3913.8,6.670818182,1.5171,25.84954029,2.302443277,24.86333299,4.869867172
Guya,GUY,1995,GUY1995,,0.0455002,4089.4,6.764727273,1.5218,26.40823553,2.158701417,25.32221095,4.499979397
Guya,GUY,1996,GUY1996,,0.0721405,4390.6,6.858727273,1.5217,26.10060512,2.661286327,25.05314442,5.536399805
Guya,GUY,1997,GUY1997,,0.056047,4640.8,6.952727273,1.5157,26.38286924,2.350071016,25.34039795,4.711969165
Guya,GUY,1998,GUY1998,,-0.0219453,4540.1,7.046545455,1.508,26.87463867,2.38520337,25.64650745,5.359363528
Guya,GUY,1999,GUY1999,,0.024505,4656.8,7.140545455,1.50027,26.22937373,2.659414797,24.80221351,5.564638098
Guya,GUY,2000,GUY2000,,-0.0184741,4580.1,7.234454545,1.49313,26.18203123,3.059881315,24.57762579,5.944866191
Guya,GUY,2001,GUY2001,,0.0179802,4677.2,7.328545455,1.49041,26.34880847,1.924924332,24.93100509,4.452543477
Guya,GUY,2002,GUY2002,,0.006488,4726.7,7.328545455,1.48921,26.08579551,2.417353307,24.99051378,5.960370318
Guya,GUY,2003,GUY2003,,-0.0140695,4682.8,7.328545455,1.49041,26.5807444,2.15128758,25.27036016,4.959106576
Guya,GUY,2004,GUY2004,,0.0280034,4839.5,7.422454545,1.49162,26.31768027,2.3314723,25.19527035,5.269727346
Guya,GUY,2005,GUY2005,,-0.0248957,4742.6,7.422454545,1.49182,26.53895411,2.848865255,25.46281381,5.529642049
Guya,GUY,2006,GUY2006,,0.0440835,4977.8,7.422454545,1.49183,26.38048204,2.741054437,25.03584465,6.274432107
Guya,GUY,2007,GUY2007,,-0.0436479,5313.5,7.556090909,1.4926,26.26382136,3.036668628,24.9413109,6.351632503
Guya,GUY,2008,GUY2008,,0.0126765,5400.7,7.594818182,1.4939,26.20799873,3.182585663,24.76011383,6.157799153
Guya,GUY,2009,GUY2009,,0.025818,5560.2,7.632818182,1.4954,26.46940064,2.266591402,25.287546,4.816654062
Guya,GUY,2010,GUY2010,,0.0363089,5783.1,7.722181818,1.4976,26.73298576,2.622015277,25.38719708,6.407187995
Guya,GUY,2011,GUY2011,,0.0469129,6077.2,7.811,1.5041,26.30611234,2.679082502,25.05181408,6.222673593
Guya,GUY,2012,GUY2012,,0.0413832,6348.7,7.900363636,1.5107,26.15836353,2.472306604,25.03811554,6.513102167
Guya,GUY,2013,GUY2013,,0.046591,6657.1,7.894,1.51849,26.17990673,2.57780646,25.02075725,6.165533387
Guya,GUY,2014,GUY2014,,,6887,7.982818182,1.52631,26.41028607,1.962200495,25.05476637,5.463698088
Guya,GUY,2015,GUY2015,,,7064.5,7.982818182,1.53436,26.76389225,2.294290432,25.35119675,5.39736479
Guya,GUY,2016,GUY2016,,,,7.982818182,1.5425,26.68595589,2.384154334,25.51908175,6.120159631
Guya,GUY,2017,GUY2017,,,,8.077909091,1.55034,26.59179524,2.518862976,25.29763941,6.475839251
Guya,GUY,2018,GUY2018,,,,8.077909091,1.55829,26.33315603,2.282143362,24.96276331,6.589056528
Guya,GUY,2019,GUY2019,,,,8.077909091,1.56653,26.64732547,2.393246634,25.35226707,5.790913226
Haiti,HTI,1990,HTI1990,,,1718.3,2.1188,14.077,25.00708554,1.417572434,24.38178666,2.907950287
Haiti,HTI,1991,HTI1991,,,1765.2,2.1974,14.358,24.98648148,1.062332963,24.4929343,2.023607985
Haiti,HTI,1992,HTI1992,,,1730.9,2.2759,14.638,25.09937831,1.143669788,24.34282096,2.533861727
Haiti,HTI,1993,HTI1993,,,1650.8,2.3544,14.922,25.03496473,1.596581164,24.23021967,2.974132467
Haiti,HTI,1994,HTI1994,,,1458.8,2.4326,15.205,25.32459436,1.228874656,24.37709247,2.511869358
Haiti,HTI,1995,HTI1995,,,1605.9,2.4998,15.49,25.21128307,1.62567127,24.43485183,2.553774682
Haiti,HTI,1996,HTI1996,,,1671.3,2.5671,15.774,24.72978395,1.469508095,23.91067324,2.997334204
Haiti,HTI,1997,HTI1997,,,1713.8,2.6346,16.062,25.28856702,1.28839328,24.90402451,1.974825848
Haiti,HTI,1998,HTI1998,,,1738.3,2.7021,16.349,25.48059083,1.70245164,24.85630236,2.875549697
Haiti,HTI,1999,HTI1999,,0.0089452,1754.1,2.7701,16.637,24.95458113,0.897588413,23.9872169,2.920728967
Haiti,HTI,2000,HTI2000,,-0.008321,1739.5,2.9145,16.928,24.92152116,1.44652254,24.06845245,2.029272417
Haiti,HTI,2001,HTI2001,,-0.0269012,1693,3.0256,17.218,25.11148148,1.739471746,24.37598155,2.378972394
Haiti,HTI,2002,HTI2002,,-0.0184764,1661.4,3.1362,17.508,25.31160494,1.340733704,24.57730489,2.260805488
Haiti,HTI,2003,HTI2003,,-0.0116822,1641.1,3.2463,17.798,25.30563051,1.732128148,24.56446364,2.710914027
Haiti,HTI,2004,HTI2004,,-0.0504975,1558.7,3.3559,18.094,25.02771605,1.281216667,24.07596321,2.396954989
Haiti,HTI,2005,HTI2005,,0.0035176,1561.9,3.4652,18.39,24.98496914,1.999586085,24.27243987,3.469203212
Haiti,HTI,2006,HTI2006,,0.0085782,1572.3,3.5728,18.642,25.18892857,1.403262169,24.42441908,2.557870367
Haiti,HTI,2007,HTI2007,,0.0196524,1599.8,3.6796,18.892,24.89741622,2.170752011,24.31659033,3.333423554
Haiti,HTI,2008,HTI2008,,-0.0046017,1588.7,3.7854,19.149,24.53561288,1.423107566,23.98994695,2.968485592
Haiti,HTI,2009,HTI2009,,0.0172865,1613.1,3.8908,19.4,24.82747795,1.332933545,24.20929819,2.431489948
Haiti,HTI,2010,HTI2010,,-0.0698978,1502,3.9123,19.655,24.71644621,1.691999153,24.26761019,3.66297462
Haiti,HTI,2011,HTI2011,,0.0400707,1562.3,4.0162,19.908,24.49416226,1.704482011,24.10449572,3.153695786
Haiti,HTI,2012,HTI2012,,0.0144954,1584.9,4.1194,20.164,24.94484568,1.675530794,24.26976646,3.218859443
Haiti,HTI,2013,HTI2013,,0.0280435,1629.7,4.2522,20.531,25.08751323,0.94008328,24.54561461,2.451567337
Haiti,HTI,2014,HTI2014,,,1652.9,4.4704,20.895,25.40618607,1.625110159,24.82497492,2.159835844
Haiti,HTI,2015,HTI2015,,,1658.4,4.6034,21.256,25.72083333,1.312759471,25.17018786,1.850441093
Haiti,HTI,2016,HTI2016,,,,4.736,21.613,25.52686067,1.825207407,24.74772841,3.291393932
Haiti,HTI,2017,HTI2017,,,,4.7795,21.966,25.33550705,1.640804074,24.44433326,3.376312656
Haiti,HTI,2018,HTI2018,,,,4.9565,22.246,25.26875661,1.272006349,24.64829288,2.210969114
Haiti,HTI,2019,HTI2019,,,,4.9565,22.527,25.55081129,1.521959577,24.93649841,2.610525531
Honduras,HND,1990,HND1990,,-0.0273115,47164.9,3.100210526,10.0135,24.24847871,1.844409759,22.34628157,4.966006794
Honduras,HND,1991,HND1991,-0.033243775,0.0042321,47475.9,3.100210526,10.3041,24.33840748,1.654168904,22.67735109,4.018868365
Honduras,HND,1992,HND1992,0.031831473,0.0275019,48894.1,3.188789474,10.6007,24.28174459,2.218256715,22.56159321,4.082169772
Honduras,HND,1993,HND1993,-0.05063045,0.033969,50876.1,3.277315789,10.9016,24.1792791,2.050039006,22.26817719,5.172614694
Honduras,HND,1994,HND1994,-0.03862986,-0.0386086,49168.3,3.365894737,11.2146,24.38567681,1.481149357,22.61040242,3.606066417
Honduras,HND,1995,HND1995,0.102873832,0.0154345,50085.5,3.454526316,11.5345,24.40845297,1.951927724,22.5547334,5.623930379
Honduras,HND,1996,HND1996,0.019494742,0.0120419,50569.5,3.454526316,11.8739,23.95424862,1.903572548,21.94042958,5.575674905
Honduras,HND,1997,HND1997,0.098649293,0.0264288,52242.4,3.543105263,12.2154,24.48941748,1.837792912,22.66753285,4.352794
Honduras,HND,1998,HND1998,0.044549972,0.0070632,53025,3.631631579,12.5691,24.67327059,1.903121448,22.98908351,5.701250159
Honduras,HND,1999,HND1999,-0.067994893,-0.0401289,51000.2,3.720315789,12.9298,23.84052189,1.755242958,21.78597897,5.784652865
Honduras,HND,2000,HND2000,0.240636528,0.0351203,52969.1,3.808894737,13.2864,24.08544444,1.805121288,21.9748979,4.341143998
Honduras,HND,2001,HND2001,1.134143382,0.0063158,53460.9,3.897368421,13.6441,24.46350673,1.804348509,22.21311449,4.297260598
Honduras,HND,2002,HND2002,-0.037789636,0.0165203,54447.1,3.986105263,14.0008,24.61305869,1.646578044,22.49182457,4.1936207
Honduras,HND,2003,HND2003,-0.037116236,0.024294,58313.9,4.074631579,14.3575,24.68463968,1.666616673,22.47818746,4.852144967
Honduras,HND,2004,HND2004,0.01172132,0.0404052,60781.6,4.074631579,14.7192,24.55567486,1.783761893,22.25977236,4.371180259
Honduras,HND,2005,HND2005,,0.0387797,63269.8,4.163105263,15.0717,24.4788384,1.78671589,22.35491565,5.780784044
Honduras,HND,2006,HND2006,,0.0437121,66203,4.265315789,15.3989,24.51440396,2.26790877,22.30226536,5.063565814
Honduras,HND,2007,HND2007,,0.0402045,69049.9,4.456789474,15.7229,24.43693283,1.680961392,22.40083357,4.902001039
Honduras,HND,2008,HND2008,,0.0215955,70724,4.559526316,16.038,24.39250763,2.070948144,22.14706211,5.713860735
Honduras,HND,2009,HND2009,,-0.0445597,67847.3,4.662631579,16.354,24.74575253,1.641022224,22.43179336,4.229997466
Honduras,HND,2010,HND2010,,0.0165732,69244.7,4.855736842,16.6599,24.34515089,1.816271862,22.23038232,5.826921401
Honduras,HND,2011,HND2011,,0.0174446,70790.5,5.049578947,16.9597,24.4778064,1.915658864,22.26853411,5.388907692
Honduras,HND,2012,HND2012,,0.017642,72618.7,4.959421053,17.2827,24.53643383,1.773549133,22.33668616,4.437499247
Honduras,HND,2013,HND2013,,0.0051256,73570.6,5.230052632,17.5986,24.5506381,2.143117669,22.58736809,4.78227873
Honduras,HND,2014,HND2014,,,74767.3,5.590631579,17.9104,24.58806573,1.675901626,22.52888523,4.831365977
Honduras,HND,2015,HND2015,,,76397.5,5.680684211,18.2263,24.93791561,1.70049101,22.93355207,4.364547519
Honduras,HND,2016,HND2016,,,,5.861210526,18.5421,24.97887715,1.804223774,22.86666081,4.542738223
Honduras,HND,2017,HND2017,,,,5.951421053,18.8593,24.79741292,1.920000173,22.50851266,5.63149903
Honduras,HND,2018,HND2018,,,,5.951421053,19.1795,24.28610102,1.73606068,22.50515435,4.395030024
Honduras,HND,2019,HND2019,,,,5.951421053,19.4916,24.7548202,1.478113354,23.23135693,3.953352643
Hungary,HUN,1990,HUN1990,,-0.0252614,280326.9,8.795375,20.747,11.29209562,0.519455901,11.38811008,1.476847413
Hungary,HUN,1991,HUN1991,,-0.1265506,260264.2,9.098625,20.747,10.07179186,0.625817063,10.01248294,1.8767907
Hungary,HUN,1992,HUN1992,,-0.0307297,250364,9.402125,20.737,11.33245606,0.510430454,11.47451382,1.590401637
Hungary,HUN,1993,HUN1993,,-0.0046374,246914.8,9.8065,20.715,10.57386905,0.533075499,10.46712809,1.549325732
Hungary,HUN,1994,HUN1994,,0.0304144,251899.4,10.10825,20.686,11.96597411,0.562282891,11.9260133,1.584641099
Hungary,HUN,1995,HUN1995,0.07672801,0.0161776,253051.8,10.41375,20.658,10.82368528,0.682972341,10.58110206,2.103626751
Hungary,HUN,1996,HUN1996,-0.000234842,0.0033252,250376.9,10.41375,20.622,9.877997448,0.636983605,9.338904337,2.182633236
Hungary,HUN,1997,HUN1997,0.001808953,0.0328074,255892.3,10.41375,20.581,10.4419794,0.508347279,10.01192423,1.694068966
Hungary,HUN,1998,HUN1998,0.038773537,0.0422536,263312.5,10.41375,20.533,10.94771778,0.686224138,10.53237401,2.160657197
Hungary,HUN,1999,HUN1999,-0.000650597,0.0343089,268301.5,10.3125,20.475,11.11165202,0.72458127,10.70124374,2.505952394
Hungary,HUN,2000,HUN2000,-0.024152994,0.0439818,275666.1,10.3125,20.422,12.12777164,0.449415437,12.04078903,1.428819129
Hungary,HUN,2001,HUN2001,0.104528761,0.0387434,281520,10.405,20.376,11.01350104,0.577477545,10.72261321,2.016138172
Hungary,HUN,2002,HUN2002,0.211335993,0.0469229,287811.6,10.4075,20.318,11.84892526,0.591871457,11.69255648,1.864238593
Hungary,HUN,2003,HUN2003,0.246054268,0.0406458,298850.4,10.60875,20.261,11.03988284,0.463623753,10.86626618,1.341705479
Hungary,HUN,2004,HUN2004,0.192780733,0.0490711,311598.9,10.725,20.215,10.7955839,0.672728798,10.5667808,2.04452421
Hungary,HUN,2005,HUN2005,0.06869216,0.0408675,319985.9,10.82875,20.173,10.39693641,0.698483452,10.04936221,2.249728193
Hungary,HUN,2006,HUN2006,0.004347992,0.0397886,326741.8,11.23125,20.142,11.06502646,0.583606893,11.00329453,1.77869011
Hungary,HUN,2007,HUN2007,0.185351753,0.0026955,327971.1,11.43,20.112,12.13824357,0.634171491,12.19221145,1.800619468
Hungary,HUN,2008,HUN2008,0.120045185,0.0106528,329521.3,11.635,20.076,12.08727088,0.613591916,11.84413905,1.72440437
Hungary,HUN,2009,HUN2009,-0.20289135,-0.0688586,302005,12.23375,20.044,11.90128307,0.641935193,11.80542967,1.902068562
Hungary,HUN,2010,HUN2010,0.005191088,0.0147632,309793.2,12.335,19.999,10.91817555,0.879614059,10.34531295,2.869993631
Hungary,HUN,2011,HUN2011,0.086740112,0.018707,316131.3,11.8475,19.943,11.44689768,0.432829518,11.31007049,1.277021157
Hungary,HUN,2012,HUN2012,-0.088090801,-0.0119818,312399.9,11.94375,19.84,11.8547123,0.523045051,11.8799964,1.554738178
Hungary,HUN,2013,HUN2013,0.060545063,,319179.6,12.145,19.786,11.73449735,0.615701117,11.4592449,2.160650252
Hungary,HUN,2014,HUN2014,0.048659801,,331793.6,11.955,19.732,12.62105962,0.73907076,12.33964981,2.436573979
Hungary,HUN,2015,HUN2015,-0.133715773,,342300.7,11.97,19.686,12.34637991,0.579004172,12.13282091,1.689340199
Hungary,HUN,2016,HUN2016,,,,11.9575,19.628,11.80156699,0.742111876,11.52991689,2.174433676
Hungary,HUN,2017,HUN2017,,,,12.05,19.576,11.81036612,0.617332551,11.59876793,1.953669051
Hungary,HUN,2018,HUN2018,,,,12.05875,19.551,12.65110922,0.596388328,12.40965924,1.959548287
Hungary,HUN,2019,HUN2019,,,,12.16625,19.54,12.78976096,0.621465431,12.55791465,2.013172343
Iceland,ISL,1990,ISL1990,,0.0038492,28712.5,8.5,0.255,1.044031532,1.168374324,-0.434634683,3.847425227
Iceland,ISL,1991,ISL1991,,-0.0138293,28318.1,8.6,0.258,1.862612613,1.252958108,0.453745292,4.367003911
Iceland,ISL,1992,ISL1992,,-0.0468876,27021,8.6,0.261,1.090427928,1.332558108,-0.524403467,4.465234043
Iceland,ISL,1993,ISL1993,,0.0028809,27099,8.7,0.264,0.989527027,1.129982432,-0.513120258,3.869482332
Iceland,ISL,1994,ISL1994,,0.0267843,27834.6,8.8,0.266,0.867454955,1.157189189,-0.700297342,3.860683591
Iceland,ISL,1995,ISL1995,,-0.0042595,27716.3,8.9,0.267,0.377027027,1.044810811,-1.118995817,3.470676893
Iceland,ISL,1996,ISL1996,,0.0413419,28886.1,9,0.269,1.570945946,1.049216216,-0.064062692,3.427443574
Iceland,ISL,1997,ISL1997,,0.0397711,30058.1,9.1,0.271,1.523648649,1.192989189,0.112600225,3.970426413
Iceland,ISL,1998,ISL1998,,0.0505445,31676.9,9.2,0.274,0.877702703,1.101877027,-0.764761342,3.773607121
Iceland,ISL,1999,ISL1999,,0.0280333,32599.1,9.3,0.277,1.081869369,1.144258108,-0.557408267,3.66130468
Iceland,ISL,2000,ISL2000,,0.0286457,33674.7,9.4,0.281,1.423085586,1.029628378,-0.228387958,3.478637035
Iceland,ISL,2001,ISL2001,,0.0251736,34480.3,9.6,0.285,1.643581081,1.091555405,0.019271717,3.659432896
Iceland,ISL,2002,ISL2002,,-0.0075373,34328.9,9.7,0.288,1.902477477,1.2839,0.40786775,4.087168634
Iceland,ISL,2003,ISL2003,,0.0171276,35026.7,9.8,0.29,2.609234234,1.259010811,0.984676067,4.092482066
Iceland,ISL,2004,ISL2004,,0.0666602,37574.7,9.9,0.292,2.259797297,1.268593243,0.953930733,4.096441394
Iceland,ISL,2005,ISL2005,,0.0539773,39189,10,0.297,1.441103604,1.1063,0.165261675,3.600459133
Iceland,ISL,2006,ISL2006,,0.0225404,39890,10.2,0.304,2.036711712,1.258459459,0.60865195,4.135680478
Iceland,ISL,2007,ISL2007,,0.0328265,42585.5,10.3,0.312,1.909009009,1.277105405,0.363062808,4.187741843
Iceland,ISL,2008,ISL2008,,-0.0067851,42419,10.4,0.317,1.67027027,1.079222973,-0.057955067,3.656025754
Iceland,ISL,2009,ISL2009,,-0.071282,40295.6,10.5,0.318,1.932432432,1.260424324,0.327356492,3.87587103
Iceland,ISL,2010,ISL2010,,-0.0404124,38905.5,10.6,0.318,2.111711712,0.974960811,0.495072666,3.041123337
Iceland,ISL,2011,ISL2011,,0.0231511,39557.9,11,0.319,1.766891892,1.339368919,0.01616743,4.102975369
Iceland,ISL,2012,ISL2012,,0.0092021,39813.5,11.5,0.321,1.875225225,1.129591892,0.429500464,3.884561667
Iceland,ISL,2013,ISL2013,,0.0250056,40975.2,11.9,0.324,1.546959459,1.204321622,0.009937004,3.922238467
Iceland,ISL,2014,ISL2014,,,41262,12.2,0.327,2.644031532,1.294408108,1.152961725,4.258565489
Iceland,ISL,2015,ISL2015,,,42449.2,12.2,0.331,1.297635135,1.230393243,-0.340180693,4.364620139
Iceland,ISL,2016,ISL2016,,,,12.4,0.335,2.541554054,1.293578378,1.132241981,3.699862961
Iceland,ISL,2017,ISL2017,,,,12.4,0.343,2.335698198,1.228435135,0.89973983,4.054143605
Iceland,ISL,2018,ISL2018,,,,12.5,0.353,2.127477477,1.413060811,0.603210681,4.425286912
Iceland,ISL,2019,ISL2019,,,,12.8,0.361,2.167567568,1.120514865,0.669907625,3.685251621
India,IND,1990,IND1990,0.053327143,0.0334928,50453.4,3.856621622,1891.2101,23.00087975,1.644294737,21.67797805,5.183664571
India,IND,1991,IND1991,-0.114024392,-0.0093803,50546.9,3.985162162,1930.1829,22.93947748,1.51115256,21.85901276,4.638504437
India,IND,1992,IND1992,-0.118322231,0.033932,51910.6,4.113702703,1969.2338,22.80364668,1.370617269,21.71077687,3.940183701
India,IND,1993,IND1993,0.106801492,0.0273894,53870.1,4.200243243,2005.3067,23.05218101,1.550145012,21.82799595,4.753969279
India,IND,1994,IND1994,0.115737066,0.0458104,56563.8,4.286108108,2041.5987,23.04763048,1.526282539,21.79510767,4.704966027
India,IND,1995,IND1995,0.083056971,0.0546924,59726.7,4.371324324,2078.1547,23.16259017,1.591459626,21.8118671,4.709361293
India,IND,1996,IND1996,0.02716963,0.0547987,63073,4.579756757,2114.9757,23.17364562,1.532754565,21.76886752,4.688603098
India,IND,1997,IND1997,0.082666799,0.0220658,64489.2,4.785378378,2151.9957,22.7276807,1.558298593,21.29018017,4.517405108
India,IND,1998,IND1998,-0.026258469,0.0427048,67857.9,4.866702703,2189.1148,23.46921756,1.674781678,21.98652639,4.842980874
India,IND,1999,IND1999,0.032246441,0.0677713,74026,5.068405405,2226.2158,23.44480685,1.456521811,22.07551657,4.238139702
India,IND,2000,IND2000,0.02293317,0.0210045,78167.3,5.297324324,2263.2998,23.188054,1.5269263,21.7322871,4.37233749
India,IND,2001,IND2001,0.022750199,0.0307074,82450.3,5.405108108,2300.1838,23.4654615,1.436765368,21.86130858,4.271486104
India,IND,2002,IND2002,0.040722236,0.0212259,85092,5.512810811,2336.8378,23.54215947,1.309383259,22.13269668,4.114832777
India,IND,2003,IND2003,0.134344134,0.0599278,90141.5,5.62027027,2373.2548,23.36529621,1.433554238,21.86331478,4.562954235
India,IND,2004,IND2004,0.271166242,0.0609691,94865.6,5.608216216,2409.4428,23.44695777,1.480890256,21.94900222,4.424363078
India,IND,2005,IND2005,0.136067182,0.0740247,105418.2,5.715432432,2445.3938,23.30436472,1.519497696,21.94764601,4.388511112
India,IND,2006,IND2006,0.099960253,0.0743736,111715.3,5.822621622,2481.1078,23.62552338,1.562884736,22.28812983,4.305232394
India,IND,2007,IND2007,0.221495211,0.0797725,117846.3,5.953243243,2498.4948,23.57109214,1.601937534,22.10912866,5.051985603
India,IND,2008,IND2008,0.086131006,0.0248307,121055.6,6.203324324,2515.298,23.31177181,1.616300215,21.87755602,4.748473312
India,IND,2009,IND2009,0.036996156,0.0683051,129857.7,6.334162162,2531.237,23.97966351,1.373290796,22.51441168,4.32956579
India,IND,2010,IND2010,0.203221098,0.0847422,139718.9,6.465108108,2546.139,23.93230252,1.734354672,22.47869268,5.190098579
India,IND,2011,IND2011,0.107583776,0.0514727,147021.4,6.356189189,2559.9209,23.40398922,1.535977063,21.82972965,4.729092588
India,IND,2012,IND2012,-0.027038023,0.0336378,153291.2,6.607027027,2572.6818,23.29804942,1.412044682,21.84795473,4.342708728
India,IND,2013,IND2013,0.031990916,0.0365341,161416.4,6.829837838,2592.5315,23.22620665,1.601423456,21.71320127,4.79071024
India,IND,2014,IND2014,0.069595749,,170998.5,6.929837838,2611.7645,23.35281321,1.448651467,21.9525874,4.229294756
India,IND,2015,IND2015,,,181732.6,7.026972973,2630.5755,23.40039719,1.531069049,22.00709099,4.571486186
India,IND,2016,IND2016,,,,7.121513514,2649.0045,23.81635711,1.46364079,22.49489193,4.534542474
India,IND,2017,IND2017,,,,7.233081081,2677.3043,23.67356786,1.639079651,22.29672589,4.836274314
India,IND,2018,IND2018,,,,7.233081081,2705.2212,23.49064055,1.374901347,22.08677434,4.338406719
India,IND,2019,IND2019,,,,7.233081081,2732.821,23.47076396,1.664818483,22.05785396,4.87946857
Indonesia,IDN,1990,IDN1990,0.04904648,0.068272,124615.7,3.581,374.18,25.96300867,2.412516565,24.48738896,7.332789324
Indonesia,IDN,1991,IDN1991,0.094259977,0.0680178,131353.4,3.798064516,380.737,25.88752009,2.226324189,24.42031283,7.175199731
Indonesia,IDN,1992,IDN1992,0.083914793,0.052643,136493.1,4.015,387.229,25.94167937,2.612222157,24.23209237,8.007455769
Indonesia,IDN,1993,IDN1993,0.132557355,0.0533921,142092.9,4.232032258,393.649,25.91531663,2.403545935,24.26828459,7.601811622
Indonesia,IDN,1994,IDN1994,0.086612353,0.0565159,148537.8,4.340548387,399.972,25.92995658,2.27708457,24.26054299,7.386900596
Indonesia,IDN,1995,IDN1995,0.100915322,0.064908,156737.6,4.557548387,406.195,25.98889047,2.810114494,24.2548635,9.166781607
Indonesia,IDN,1996,IDN1996,0.114376582,0.0583857,164465.7,5.10016129,412.314,25.99764244,2.684437847,24.2438285,8.339141663
Indonesia,IDN,1997,IDN1997,-0.566416447,0.0310587,168071.3,5.642741935,418.346,26.09568915,1.905971797,24.48959532,5.739139183
Indonesia,IDN,1998,IDN1998,-0.162317093,-0.1553114,142679.5,6.134516129,423.619,26.31309653,2.774223891,24.76095607,9.214720541
Indonesia,IDN,1999,IDN1999,,-0.0065766,140688.8,6.620419355,428.872,25.90405525,2.750108805,24.11000738,8.428573287
Indonesia,IDN,2000,IDN2000,,0.0336057,144583.6,7.100903226,434.148,26.00093895,2.746388509,24.18015128,8.402612327
Indonesia,IDN,2001,IDN2001,0.044376532,0.021381,147181.9,7.260548387,439.448,25.98474075,2.680178519,24.27112555,8.076300708
Indonesia,IDN,2002,IDN2002,0.293078264,0.0296423,151294.4,7.428466667,443.77,26.06745362,2.278076689,24.56986385,6.822642846
Indonesia,IDN,2003,IDN2003,0.147750441,0.0323495,156223.1,7.5931,449.149,25.93199928,2.648419682,24.47466906,7.604547288
Indonesia,IDN,2004,IDN2004,-0.014626201,0.0347558,162024.4,7.679833333,452.972,26.00761221,2.36325032,24.49872754,7.065003791
Indonesia,IDN,2005,IDN2005,0.080735922,0.041065,169443.5,7.766633333,456.845,26.08637809,2.617466319,24.50911344,7.661744089
Indonesia,IDN,2006,IDN2006,0.23709046,0.0392683,172080.2,8.272233333,460.772,25.88522198,2.363510149,24.45437069,7.164233921
Indonesia,IDN,2007,IDN2007,0.056636318,0.0472907,181065.2,7.417933333,464.75,26.00029315,2.63793026,24.37214003,8.134950216
Indonesia,IDN,2008,IDN2008,-0.01497434,0.044337,193179.2,7.387966667,470.941,25.92608572,2.653720971,24.2215118,8.428092974
Indonesia,IDN,2009,IDN2009,,0.031498,194985.4,7.670666667,477.244,26.11488406,2.41332595,24.62501155,7.148238593
Indonesia,IDN,2010,IDN2010,,0.0470373,204220.5,7.6416,483.671,26.21329464,3.245757993,24.57724753,9.942139279
Indonesia,IDN,2011,IDN2011,,0.0499386,213925.2,7.819666667,490.232,26.03831253,2.556370873,24.34796806,7.788530966
Indonesia,IDN,2012,IDN2012,,0.0482699,223802.4,7.792666667,496.908,26.15202342,2.534067132,24.40249226,8.012250938
Indonesia,IDN,2013,IDN2013,,0.0441179,233173.9,8.0024,503.615,26.20556451,2.703688201,24.46527558,9.086411149
Indonesia,IDN,2014,IDN2014,,,241820.5,8.006766667,510.262,26.18333654,2.296119316,24.58770093,7.556405664
Indonesia,IDN,2015,IDN2015,,,250353.1,8.114166667,516.77,26.22858588,2.16932272,24.72846404,6.927696324
Indonesia,IDN,2016,IDN2016,,,,8.118233333,523.118,26.35154759,2.829292996,24.90740775,9.419243117
Indonesia,IDN,2017,IDN2017,,,,8.225466667,529.297,26.18674255,2.82729379,24.59877043,8.970614064
Indonesia,IDN,2018,IDN2018,,,,8.225466667,535.336,26.15127996,2.570537531,24.65263181,7.758317608
Indonesia,IDN,2019,IDN2019,,,,8.4312,541.261,26.3080347,2.13846974,24.88127238,6.746600951
Iran,IRN,1990,IRN1990,,0.1027029,236840.6,4.070741935,112.73,15.64314073,0.243961604,14.94682164,0.962228318
Iran,IRN,1991,IRN1991,,0.0991113,260937.9,4.264612903,115.36,15.62069448,0.336231532,14.88696912,1.339447209
Iran,IRN,1992,IRN1992,,0.0272049,264853.9,4.458419355,117.559,14.49022635,0.376156133,13.2539096,1.453603401
Iran,IRN,1993,IRN1993,,-0.027393,257200.2,4.652322581,119.448,15.11942058,0.375435231,14.42348087,1.430298658
Iran,IRN,1994,IRN1994,,-0.0149859,249219.5,4.943,121.178,15.76380329,0.3348565,15.07823347,1.388221652
Iran,IRN,1995,IRN1995,,0.0127749,251082.4,5.136806452,122.886,16.01348132,0.259964915,15.38343978,1.084950293
Iran,IRN,1996,IRN1996,,0.0526442,262058.3,5.330806452,124.589,15.84706895,0.352873064,14.99919632,1.426725902
Iran,IRN,1997,IRN1997,,0.0155165,260197,5.427548387,126.271,15.93886297,0.301902375,14.91686901,1.222122424
Iran,IRN,1998,IRN1998,,0.008489,260026.1,5.621451613,127.943,16.6833885,0.300679126,15.85028163,1.203453177
Iran,IRN,1999,IRN1999,,0.0013366,259874.1,5.815290323,129.599,16.78838962,0.272307394,15.98746669,1.048133603
Iran,IRN,2000,IRN2000,,0.0340584,270001.8,6.009193548,131.245,16.47524106,0.286176971,15.60662081,1.062469452
Iran,IRN,2001,IRN2001,0.077584692,0.0217802,262911.6,6.203,132.898,16.85308562,0.244881908,16.23082466,1.001545865
Iran,IRN,2002,IRN2002,0.104505437,0.0595421,275069.3,6.299967742,134.568,16.3804951,0.296188528,15.71444129,1.242195824
Iran,IRN,2003,IRN2003,0.049996035,0.056755,304359.2,6.49383871,136.245,16.11645367,0.336276698,15.36240834,1.266247781
Iran,IRN,2004,IRN2004,0.202773009,0.0380015,326590.4,6.687645161,137.901,16.34637762,0.358149124,15.6067551,1.373278671
Iran,IRN,2005,IRN2005,0.163873959,0.0335799,334509.9,6.784548387,139.523,16.24728734,0.284030965,15.45293018,1.179555081
Iran,IRN,2006,IRN2006,0.184489409,0.0455876,346925.5,8.820096774,141.109,16.46034704,0.330933701,15.74976106,1.266840359
Iran,IRN,2007,IRN2007,0.201972564,0.0636745,367035.3,8.565387097,142.675,16.0556293,0.298452656,15.29263601,1.227869328
Iran,IRN,2008,IRN2008,0.159095494,-0.0060071,352224.8,8.221870968,144.244,16.21164323,0.212202359,15.54314705,0.860280265
Iran,IRN,2009,IRN2009,0.037442827,0.0265772,342622.8,8.359516129,145.851,16.28932443,0.317492346,15.53941326,1.225510646
Iran,IRN,2010,IRN2010,0.157178831,0.0448071,370261.6,8.497806452,147.528,17.47149847,0.224305522,17.0419756,0.917417047
Iran,IRN,2011,IRN2011,0.230102952,0.0167226,379386.8,8.636064516,149.272,15.88622823,0.332046305,15.31927287,1.31134764
Iran,IRN,2012,IRN2012,0.050708094,0.0163855,349786.9,8.917709677,151.083,16.25523828,0.307615494,15.36289699,1.241537277
Iran,IRN,2013,IRN2013,-0.105171788,-0.0730434,338669,9.198967742,152.966,16.52078001,0.269804024,15.69988216,1.141546213
Iran,IRN,2014,IRN2014,,,348896.8,9.198967742,154.938,16.55431001,0.260006378,15.60555597,1.08166103
Iran,IRN,2015,IRN2015,,,355052.1,9.292903226,156.987,16.96503944,0.277143328,16.18543248,1.257302925
Iran,IRN,2016,IRN2016,,,,9.387612903,159.13,16.88145965,0.279100583,16.14835122,1.193875554
Iran,IRN,2017,IRN2017,,,,9.387612903,161.351,16.79465082,0.260919854,16.23786141,1.039840765
Iran,IRN,2018,IRN2018,,,,9.575483871,163.603,17.41096941,0.338156885,16.64009016,1.361946029
Iran,IRN,2019,IRN2019,,,,9.668935484,165.832,16.9221004,0.354837925,15.77457378,1.557215132
Iraq,IRQ,1990,IRQ1990,,,11515.5,3.041210526,34.837,22.19381343,0.183144774,22.6602225,0.540370956
Iraq,IRQ,1991,IRQ1991,,,4030.7,3.231263158,35.779,22.44036947,0.258608685,22.35516175,0.900027292
Iraq,IRQ,1992,IRQ1992,,,5195.2,3.421315789,36.805,21.03301382,0.25600961,20.71531667,0.935257189
Iraq,IRQ,1993,IRQ1993,,,6571.9,3.611315789,37.908,21.97689715,0.284761985,21.91795478,1.037152094
Iraq,IRQ,1994,IRQ1994,,,6621.6,3.801263158,39.081,22.94907352,0.284407804,22.7871433,0.987158617
Iraq,IRQ,1995,IRQ1995,,,6557.7,3.991368421,40.298,22.61346055,0.179981863,22.36050147,0.619394862
Iraq,IRQ,1996,IRQ1996,,,7057.8,4.086526316,41.567,23.142211,0.268752536,23.13176887,0.948467473
Iraq,IRQ,1997,IRQ1997,,,8292.7,4.276631579,42.878,22.27364298,0.230208436,21.81740155,0.830528294
Iraq,IRQ,1998,IRQ1998,,,10840.1,4.466736842,44.227,23.47970233,0.202000395,23.4709921,0.626960546
Iraq,IRQ,1999,IRQ1999,,,12363,4.656736842,45.604,23.56295835,0.192652793,23.76300277,0.483478033
Iraq,IRQ,2000,IRQ2000,,,12172,4.751789474,46.995,23.04382125,0.202643469,23.0890418,0.581179648
Iraq,IRQ,2001,IRQ2001,,-0.0068347,12101.5,4.941842105,48.418,23.53689925,0.205958138,23.42355562,0.627062737
Iraq,IRQ,2002,IRQ2002,,-0.100499,10957,5.131842105,49.863,22.7934638,0.245428536,22.93528404,0.81798114
Iraq,IRQ,2003,IRQ2003,,-0.4301612,7133.8,5.226947368,51.288,22.95361597,0.251911162,22.9547623,0.771640365
Iraq,IRQ,2004,IRQ2004,,0.4056733,10709,5.416947368,52.628,22.91257245,0.236456019,22.95019054,0.733272884
Iraq,IRQ,2005,IRQ2005,,0.0170324,10891.7,5.512,53.846,22.94606366,0.201398823,22.98279048,0.655950417
Iraq,IRQ,2006,IRQ2006,,0.0719612,11695.4,5.607105263,54.898,23.05518423,0.265297508,23.07134761,1.005837404
Iraq,IRQ,2007,IRQ2007,,-0.0101388,11561.8,5.793368421,55.82,22.80545119,0.196007327,23.13188526,0.577162305
Iraq,IRQ,2008,IRQ2008,,0.0402995,12195.7,5.884684211,56.77,23.05744834,0.15269235,23.28048095,0.470180301
Iraq,IRQ,2009,IRQ2009,,0.0318512,12268.2,5.976315789,57.945,22.97571053,0.204648548,23.09404014,0.589484268
Iraq,IRQ,2010,IRQ2010,,0.0405625,12674.2,6.067736842,59.483,24.42015572,0.179470566,24.80636796,0.562509032
Iraq,IRQ,2011,IRQ2011,,0.0669879,13203,6.254263158,61.449,22.44474196,0.206849239,22.57154624,0.680394969
Iraq,IRQ,2012,IRQ2012,,0.0621755,14545.6,6.275315789,63.78,23.24874764,0.211348224,23.35726613,0.712027779
Iraq,IRQ,2013,IRQ2013,,0.0133282,14979,6.296210526,66.313,22.76577637,0.231260534,22.60995218,0.922314119
Iraq,IRQ,2014,IRQ2014,,,14177.1,6.316526316,68.824,23.38205052,0.203901702,23.21667451,0.785924535
Iraq,IRQ,2015,IRQ2015,,,14017.8,6.528473684,71.143,23.67295114,0.19164506,23.40757752,0.911607767
Iraq,IRQ,2016,IRQ2016,,,,6.644842105,73.219,23.41182685,0.250547993,23.37099958,0.758163618
Iraq,IRQ,2017,IRQ2017,,,,6.761526316,75.104,23.43981186,0.198053906,23.79694497,0.525642788
Iraq,IRQ,2018,IRQ2018,,,,7.072263158,76.867,24.33053967,0.290382848,23.99660766,1.287952447
Iraq,IRQ,2019,IRQ2019,,,,7.072263158,78.618,23.65646314,0.253481111,23.24920724,1.093553212
Ireland,IRL,1990,IRL1990,,0.0804273,107435.4,9.624333333,7.028,9.960086805,1.155034063,9.909763619,2.766195424
Ireland,IRL,1991,IRL1991,,0.0133633,110262,9.823,7.068,9.448663195,1.041432083,9.503899633,2.579716105
Ireland,IRL,1992,IRL1992,,0.0260635,115231.6,9.921555556,7.117,9.424401042,1.094120521,9.399276625,2.851726008
Ireland,IRL,1993,IRL1993,,0.0215716,117353,10.02133333,7.154,9.233177083,1.205569792,9.181844804,2.977051587
Ireland,IRL,1994,IRL1994,,0.0520209,122232.2,10.21966667,7.181,9.433307292,1.268063021,9.515363115,3.135822277
Ireland,IRL,1995,IRL1995,,0.0868543,131602.8,10.32011111,7.219,9.978550349,1.122704063,10.06909182,2.671131082
Ireland,IRL,1996,IRL1996,0.038898811,0.0846847,142669.1,10.42,7.277,9.103567708,1.111321563,9.070462881,2.725849983
Ireland,IRL,1997,IRL1997,-0.019311638,0.0967769,154231.1,10.51777778,7.349,10.14291667,1.114713021,10.1870968,2.879238976
Ireland,IRL,1998,IRL1998,0.079364624,0.0751153,167779.8,10.61666667,7.426,9.971579861,1.280610208,9.93370905,3.303617684
Ireland,IRL,1999,IRL1999,0.043423958,0.0928284,180083.9,10.71555556,7.511,9.966310764,1.226782917,9.854036499,3.046241107
Ireland,IRL,2000,IRL2000,-0.083804817,0.0878565,200371.8,10.71555556,7.61,9.602248263,1.258646458,9.474636738,3.160478585
Ireland,IRL,2001,IRL2001,0.079436596,0.0327263,206153.3,10.91444444,7.732,9.498168403,0.94805625,9.376565647,2.381941508
Ireland,IRL,2002,IRL2002,0.128597773,0.0359036,215041.8,11.11444444,7.864,9.880069446,1.415629896,9.877842478,3.384956738
Ireland,IRL,2003,IRL2003,0.222187629,0.0203291,215125.5,11.31555556,7.993,9.978237847,0.973725521,9.971066064,2.471588452
Ireland,IRL,2004,IRL2004,0.192041434,0.0228568,214338.7,11.51666667,8.141,9.87764757,1.088047813,9.869076883,2.689098954
Ireland,IRL,2005,IRL2005,0.066683072,0.0372409,226178.4,11.61777778,8.319,9.983550348,1.063335417,10.0339614,2.651424031
Ireland,IRL,2006,IRL2006,0.046748125,0.026502,231693.2,11.71777778,8.548,10.10232639,1.174658333,10.10058625,2.992602997
Ireland,IRL,2007,IRL2007,0.138823142,0.0197244,233795.4,11.81777778,8.799,10.23513889,1.074185313,10.22811319,2.862486909
Ireland,IRL,2008,IRL2008,0.097838732,-0.0422277,222588.3,11.91777778,8.98,9.61640625,1.313103438,9.483142663,3.187231688
Ireland,IRL,2009,IRL2009,-0.127181787,-0.0761303,210742.9,12.01444444,9.071,9.632890624,1.335368229,9.400178634,3.491000719
Ireland,IRL,2010,IRL2010,-0.122205257,-0.0161374,204381.2,11.02222222,9.121,8.667135417,1.027746563,8.426901069,2.457827241
Ireland,IRL,2011,IRL2011,0.03118427,0.017813,208876.7,10.82222222,9.161,9.74314236,1.139734375,9.729745319,2.934158421
Ireland,IRL,2012,IRL2012,-0.077838237,-0.0006359,208700.1,11.21888889,9.199,9.473177084,1.196391146,9.482467651,3.052728939
Ireland,IRL,2013,IRL2013,0.02048232,-0.005228,211172.8,11.71333333,9.249,9.451093751,1.092747292,9.485921875,2.686566557
Ireland,IRL,2014,IRL2014,0.049050148,,221246.7,12.20888889,9.317,10.06457465,1.320574063,9.965727277,3.182983245
Ireland,IRL,2015,IRL2015,,,237327.9,12.20555556,9.404,9.399947917,1.330191771,9.400113417,3.260492183
Ireland,IRL,2016,IRL2016,,,,12.40333333,9.511,9.724696181,1.096171979,9.67230033,2.73833054
Ireland,IRL,2017,IRL2017,,,,12.40333333,9.613,9.964496528,1.145769896,10.03504694,2.806796421
Ireland,IRL,2018,IRL2018,,,,12.40333333,9.734,9.649748265,1.171540104,9.926571933,2.716828482
Ireland,IRL,2019,IRL2019,,,,12.60333333,9.882,9.8453125,1.255343438,9.937034693,3.129210841
Israel,ISR,1990,ISR1990,,0.0351738,19795.6,10.8,4.66,18.81666667,0.242388889,19.10884044,0.542053278
Israel,ISR,1991,ISR1991,,0.0140035,20074.8,11,4.949,18.83148148,0.466277778,19.05270203,0.928806886
Israel,ISR,1992,ISR1992,,0.0201967,20484.4,11.1,5.123,17.81666667,0.453177778,17.95393278,0.948315976
Israel,ISR,1993,ISR1993,,0.0274988,21055.5,11.3,5.261,18.73333333,0.242366667,18.93095873,0.518842264
Israel,ISR,1994,ISR1994,,0.0411287,21939.5,11.4,5.399,19.32592593,0.4639,19.41088752,0.915498897
Israel,ISR,1995,ISR1995,,0.0365537,22771.7,11.6,5.545,18.87777778,0.191055556,18.98049528,0.459260889
Israel,ISR,1996,ISR1996,,0.0272813,23549.6,11.7,5.692,19.47777778,0.272455556,19.33508285,0.633694694
Israel,ISR,1997,ISR1997,,0.0081754,23906.1,11.8,5.836,18.75462963,0.349455556,18.75781119,0.749459788
Israel,ISR,1998,ISR1998,,0.0174802,24359.1,11.8,5.971,19.95462963,0.232977778,19.90753324,0.558232433
Israel,ISR,1999,ISR1999,,0.0075436,24634.1,11.9,6.125,19.60462963,0.161155556,19.83935977,0.346314965
Israel,ISR,2000,ISR2000,,0.06209,26137,12,6.289,18.88333333,0.314277778,19.17347845,0.60169273
Israel,ISR,2001,ISR2001,,-0.0258073,25589.8,12.1,6.439,19.72685185,0.274966667,19.85670506,0.470381989
Israel,ISR,2002,ISR2002,,-0.0259126,25062.5,12.1,6.57,19.52314815,0.356422222,19.67878843,0.786504209
Israel,ISR,2003,ISR2003,,-0.0030465,24903.7,12.2,6.69,19.44166667,0.390888889,19.56620978,0.741487431
Israel,ISR,2004,ISR2004,,0.0296301,25718.7,12.2,6.809,19.31759259,0.270555556,19.48800438,0.621770946
Israel,ISR,2005,ISR2005,,0.0305937,26378.6,12.3,6.93,19.2037037,0.249733333,19.47037574,0.540792477
Israel,ISR,2006,ISR2006,,0.0367555,27420,12.1,7.054,19.06666667,0.253877778,19.29020963,0.56226674
Israel,ISR,2007,ISR2007,,0.049161,28589.9,12.5,7.18,19.34537037,0.234488889,19.57107222,0.570260459
Israel,ISR,2008,ISR2008,,0.0258068,28945.7,12.6,7.309,19.64351852,0.206577778,19.77469188,0.472503023
Israel,ISR,2009,ISR2009,,-0.0115005,28620.6,12.6,7.486,19.78703704,0.232388889,19.87591636,0.60860656
Israel,ISR,2010,ISR2010,,0.0368308,29652.9,12.6,7.624,21.09814815,0.262466667,21.2762907,0.50651199
Israel,ISR,2011,ISR2011,,0.0262395,30574.3,12.7,7.766,19.25925926,0.283611111,19.18642349,0.686979617
Israel,ISR,2012,ISR2012,,0.0145075,30872.7,12.8,7.911,20.06018519,0.3223,19.97463145,0.751087625
Israel,ISR,2013,ISR2013,,0.0139159,31318.1,12.8,8.06,19.86111111,0.331677778,19.88748605,0.646300986
Israel,ISR,2014,ISR2014,,,31521.3,12.9,8.216,19.95462963,0.274088889,20.00321492,0.532592989
Israel,ISR,2015,ISR2015,,,31670.7,12.9,8.38,19.80185185,0.300844444,19.89979258,0.69824154
Israel,ISR,2016,ISR2016,,,,13,8.546,20.19722222,0.275688889,20.38740457,0.621790938
Israel,ISR,2017,ISR2017,,,,13,8.713,19.84074074,0.135344444,20.07458946,0.378835482
Israel,ISR,2018,ISR2018,,,,13,8.883,20.52407407,0.346466667,20.81167418,0.850586624
Israel,ISR,2019,ISR2019,,,,13,9.053,19.94166667,0.318177778,20.13178598,0.806639985
Italy,ITA,1990,ITA1990,0.220985079,0.0188261,595010.4,7.328909091,113.532,12.342455,0.830995558,11.61568811,2.562903349
Italy,ITA,1991,ITA1991,,0.014575,606324,7.429454545,113.6,11.56475935,0.83729373,10.73384327,2.625618743
Italy,ITA,1992,ITA1992,,0.0076289,613858.2,7.529818182,113.675,12.21577814,0.866088688,11.50181571,2.678222083
Italy,ITA,1993,ITA1993,-0.099650097,-0.009176,608387,7.730590909,113.749,11.9556412,0.815185602,11.30296162,2.593827955
Italy,ITA,1994,ITA1994,,0.0210784,622681.3,7.831045455,113.771,12.91482362,0.821573053,12.20354223,2.489686991
Italy,ITA,1995,ITA1995,,0.0284436,639997.5,7.931363636,113.776,11.8774007,0.903127369,10.97085606,2.706086545
Italy,ITA,1996,ITA1996,0.057177734,0.0110019,648646,8.132045455,113.802,11.62796828,1.085778381,10.71167075,3.309859663
Italy,ITA,1997,ITA1997,0.039430189,0.0179591,655574,8.2325,113.846,12.38660191,0.790658033,11.6660591,2.53521077
Italy,ITA,1998,ITA1998,0.038937712,0.0140901,665179.2,8.332818182,113.87,12.27582768,0.825197127,11.45224492,2.552212986
Italy,ITA,1999,ITA1999,0.035473442,0.0142384,676679.9,8.433363636,113.872,12.42722899,0.879461661,11.44687044,2.895879335
Italy,ITA,2000,ITA2000,0.054182816,0.0354313,700627.3,8.634045455,113.885,12.76779684,0.8480458,11.92563575,2.883873366
Italy,ITA,2001,ITA2001,0.043434715,0.0178933,712239,8.734318182,113.948,12.50416946,0.80920639,11.76172782,2.434496
Italy,ITA,2002,ITA2002,0.031003189,0.003015,710870.4,8.842636364,114.118,12.75159124,0.997988419,11.74685501,3.253206421
Italy,ITA,2003,ITA2003,0.027681398,-0.004911,708057.9,8.934136364,114.628,12.81257308,0.744517993,12.00240201,2.469328779
Italy,ITA,2004,ITA2004,0.031591749,0.0106868,714266.4,9.132090909,115.369,12.26170515,0.890270303,11.43321955,3.016966015
Italy,ITA,2005,ITA2005,0.020063066,0.0043557,716512.6,9.211590909,115.938,11.83882044,0.879143373,10.85465753,2.80614852
Italy,ITA,2006,ITA2006,0.03639493,0.0187454,731221.9,9.313636364,116.288,12.58173335,0.757278725,11.66799558,2.403786222
Italy,ITA,2007,ITA2007,0.036350393,0.0116412,738591.3,9.409545455,116.879,12.84020328,0.780770247,11.97404481,2.418409339
Italy,ITA,2008,ITA2008,0.003712463,-0.0182544,728154.8,9.503681818,117.653,12.70452192,0.957312733,11.79203999,3.229178736
Italy,ITA,2009,ITA2009,-0.042396402,-0.0610673,687147.6,9.603818182,118.189,12.73667232,0.920241394,11.76838322,3.234473117
Italy,ITA,2010,ITA2010,0.011804008,0.0140102,695959.1,9.701454545,118.555,12.11396305,1.002038425,10.99601622,3.730868142
Italy,ITA,2011,ITA2011,0.015914822,0.0027652,699459.8,9.805454545,118.76,12.96473575,0.748233509,11.93785365,2.492245536
Italy,ITA,2012,ITA2012,-0.00830574,-0.026657,678571.2,9.918590909,119.08,12.81859467,0.789425692,11.99758291,2.897018638
Italy,ITA,2013,ITA2013,-0.00726366,-0.0235971,659654.4,10.02313636,120.467,12.52280525,0.910819296,11.60553964,3.401358721
Italy,ITA,2014,ITA2014,-0.008840799,,652000.2,10.11509091,121.58,13.23238483,0.988324164,12.19477146,3.561827726
Italy,ITA,2015,ITA2015,,,657420.6,10.10909091,121.46,13.17059016,0.752221151,12.38692611,2.71069896
Italy,ITA,2016,ITA2016,,,,10.20968182,121.255,12.98205742,0.823016283,12.19768994,3.114240608
Italy,ITA,2017,ITA2017,,,,10.21731818,121.076,12.84292926,0.711588005,12.24390075,2.496735513
Italy,ITA,2018,ITA2018,,,,10.31518182,120.841,13.50104777,0.778685198,12.46103268,3.464866498
Italy,ITA,2019,ITA2019,,,,10.42531818,120.594,13.29264707,0.944535615,12.42505555,3.3287788
Jamaica,JAM,1990,JAM1990,,,7386.7,5.808142857,4.84,25.94305555,1.708663333,24.38759348,3.538585231
Jamaica,JAM,1991,JAM1991,,,7692.4,5.808142857,4.879,26.04361111,1.62408,24.44031737,2.644517898
Jamaica,JAM,1992,JAM1992,,,7787.8,6.005,4.922,26.02416667,1.355043333,24.41023838,2.820487111
Jamaica,JAM,1993,JAM1993,,,8458.4,6.103428571,4.969,25.98055556,2.331546667,24.25347971,3.777083021
Jamaica,JAM,1994,JAM1994,,,8509.3,6.300428571,5.018,26.29833333,1.5361,24.37556132,3.134872952
Jamaica,JAM,1995,JAM1995,,,8639,6.497428571,5.068,26.11305556,2.085893333,24.50434525,3.210895289
Jamaica,JAM,1996,JAM1996,,,8526.3,6.595714286,5.119,25.57916667,2.120596667,23.99363457,3.408163875
Jamaica,JAM,1997,JAM1997,,,8348.8,6.792714286,5.168,26.28972222,1.448223333,24.57908571,2.587293229
Jamaica,JAM,1998,JAM1998,,,8081.4,6.891,5.218,26.46694444,1.96371,24.82002085,3.242239952
Jamaica,JAM,1999,JAM1999,,,8110.5,7.088,5.265,25.95611111,2.024346667,23.97387144,3.663865997
Jamaica,JAM,2000,JAM2000,,,8134.1,7.186285714,5.31,25.90472222,1.59499,24.01228261,2.828314003
Jamaica,JAM,2001,JAM2001,,,8192.3,7.383428571,5.35,26.0725,1.8298,24.3012992,3.080401026
Jamaica,JAM,2002,JAM2002,,,8325,7.580285714,5.387,26.37194445,1.636473333,24.49914655,3.55187136
Jamaica,JAM,2003,JAM2003,,,8599.2,7.678714286,5.418,26.39833333,2.202923333,24.53439343,3.509506827
Jamaica,JAM,2004,JAM2004,,,8681.7,7.875571429,5.451,26.12138889,1.54474,24.34561213,3.323892361
Jamaica,JAM,2005,JAM2005,,,8728,7.974142857,5.48,26.09083334,2.802236667,24.33197989,4.525689437
Jamaica,JAM,2006,JAM2006,,,8949.1,8.168285714,5.508,26.35416667,1.46262,24.43210512,3.321638327
Jamaica,JAM,2007,JAM2007,,,9045,8.264285714,5.536,26.04027778,2.89351,24.35342478,4.383208547
Jamaica,JAM,2008,JAM2008,,,8947.9,8.458571429,5.564,25.66,1.99037,24.11112343,3.482183249
Jamaica,JAM,2009,JAM2009,,,8521.8,8.652714286,5.591,25.8825,1.30809,24.39718337,3.213761864
Jamaica,JAM,2010,JAM2010,,,8365.5,8.748428571,5.621,25.44388889,3.249653333,24.32853496,4.35967167
Jamaica,JAM,2011,JAM2011,,,8481.2,8.844285714,5.652,25.62111111,2.413016667,24.20843682,3.896926478
Jamaica,JAM,2012,JAM2012,,,8405.3,8.942428571,5.685,25.86472223,2.02727,24.43303966,3.246120755
Jamaica,JAM,2013,JAM2013,,,8429.9,9.041,5.719,26.05638889,1.724023333,24.67751563,2.999419253
Jamaica,JAM,2014,JAM2014,,,8469.6,9.238,5.749,26.3175,1.60456,24.80028146,2.848044641
Jamaica,JAM,2015,JAM2015,,,8528.9,9.336285714,5.783,26.73666667,1.158403333,25.14303594,2.419678966
Jamaica,JAM,2016,JAM2016,,,,9.531714286,5.812,26.47888889,1.54983,24.90225492,3.416821117
Jamaica,JAM,2017,JAM2017,,,,9.63,5.841,26.36583333,2.801383333,24.63593125,4.112666401
Jamaica,JAM,2018,JAM2018,,,,9.63,5.87,26.33916667,1.500383333,24.67226255,3.082632522
Jamaica,JAM,2019,JAM2019,,,,9.531714286,5.896,26.54138889,1.5741,25.05848754,3.008419868
Japan,JPN,1990,JPN1990,0.07221993,0.0508131,1195339.7,9.373,247.074,13.16457611,1.835432708,12.12063855,5.373792577
Japan,JPN,1991,JPN1991,0.124725464,0.0295992,1236937.4,9.470909091,247.843,12.5503788,1.88427598,11.5452478,5.671419746
Japan,JPN,1992,JPN1992,0.075646542,0.0056746,1251306.6,9.568090909,248.457,12.3123161,1.575063535,11.1799506,4.741341101
Japan,JPN,1993,JPN1993,0.139592475,-0.000759,1258749.7,9.763636364,249.073,11.79393485,2.052212334,10.75284811,6.092838331
Japan,JPN,1994,JPN1994,0.103436957,0.0051918,1275281.5,9.861,249.921,13.03269477,1.217628463,11.79199706,3.91977697
Japan,JPN,1995,JPN1995,0.100056182,0.0154193,1296836.9,9.958636364,250.88,12.21545009,1.5244262,10.95720028,4.681094841
Japan,JPN,1996,JPN1996,-0.11820992,0.023202,1332212.2,10.05618182,251.516,11.90691535,1.425040987,10.71452446,4.563408939
Japan,JPN,1997,JPN1997,-0.108326547,0.0132097,1351465.6,10.15318182,252.116,12.55627499,1.672855613,11.34789905,4.963413615
Japan,JPN,1998,JPN1998,-0.080277889,-0.0227616,1326354.5,10.25163636,252.801,13.20703354,2.004710729,12.12127898,5.874093345
Japan,JPN,1999,JPN1999,0.132498518,-0.0038921,1326593.2,10.34927273,253.262,12.90392795,1.777849701,11.62980944,5.091256454
Japan,JPN,2000,JPN2000,0.060214347,0.0205883,1361884.2,10.44781818,253.684,12.73060002,1.563133598,11.47336067,5.012137845
Japan,JPN,2001,JPN2001,-0.146196426,0.0013516,1362111.4,10.54772727,254.299,12.4470523,1.617911108,11.12449007,4.83138281
Japan,JPN,2002,JPN2002,-0.039912609,0.000566,1364055.2,10.64909091,254.891,12.71878128,1.604961738,11.47952795,4.65337733
Japan,JPN,2003,JPN2003,0.077659242,0.0145709,1385372.6,10.75181818,255.436,12.38036558,1.845181389,11.26031622,5.4439952
Japan,JPN,2004,JPN2004,0.075490262,0.0229963,1411944.8,10.85363636,255.522,13.2939996,1.764586063,12.17772513,5.768667563
Japan,JPN,2005,JPN2005,-0.021648001,0.0128473,1426776.3,10.95363636,255.544,12.36503985,1.413459002,11.28698201,4.235465106
Japan,JPN,2006,JPN2006,-0.040441574,0.0169204,1455709.9,10.95636364,255.708,12.58441274,1.891476924,11.6060764,5.294115032
Japan,JPN,2007,JPN2007,-0.006314136,0.0215696,1486646.4,11.05818182,256.001,13.04846618,1.516365751,11.96479984,4.394912814
Japan,JPN,2008,JPN2008,0.087648676,-0.0099487,1478451.8,11.16,256.127,12.70815006,1.577080913,11.6755742,4.564699787
Japan,JPN,2009,JPN2009,0.067846075,-0.0557113,1405651.7,11.16181818,256.095,12.7700167,1.702749622,11.76544186,5.008856701
Japan,JPN,2010,JPN2010,0.081967009,0.0463138,1471532,11.26545455,256.141,13.02223493,1.857693534,12.00495273,5.573280888
Japan,JPN,2011,JPN2011,0.101269418,-0.0074115,1467663,11.56,255.664,12.57561599,1.809852038,11.44608512,5.520520283
Japan,JPN,2012,JPN2012,0.000886105,0.016371,1496144.5,11.75636364,255.259,12.40065332,1.788352112,11.28350013,5.21464153
Japan,JPN,2013,JPN2013,,0.0170255,1519062.9,11.95181818,254.89,12.82305585,1.760952426,11.72032309,5.057522959
Japan,JPN,2014,JPN2014,,,1521056.2,12.24545455,254.552,12.54328946,1.777300433,11.30865366,5.22630259
Japan,JPN,2015,JPN2015,,,1530333.8,12.24545455,254.282,13.03496128,1.85602443,11.99012332,5.490057363
Japan,JPN,2016,JPN2016,,,,12.44090909,253.99,13.28437426,1.888579491,12.26161232,5.526158693
Japan,JPN,2017,JPN2017,,,,12.54,253.572,12.57567983,1.5456975,11.43800219,5.112827073
Japan,JPN,2018,JPN2018,,,,12.54,253.057,13.16862784,1.883762355,12.16709498,5.486363621
Japan,JPN,2019,JPN2019,,,,12.54,252.529,13.34442268,1.654089681,12.27078478,5.088020235
Jordan,JOR,1990,JOR1990,,-0.0269343,66828.9,4.723769231,7.1315,18.47616898,0.176564167,18.38073275,0.37077862
Jordan,JOR,1991,JOR1991,,-0.0937319,64645.1,5.464615385,7.5194,18.48945602,0.30501125,18.28340819,0.570681925
Jordan,JOR,1992,JOR1992,,0.1195229,72574.7,6.298307692,7.9562,17.45282408,0.2791575,17.0530186,0.610524865
Jordan,JOR,1993,JOR1993,,-0.0000173,71904,7.039307692,8.4024,18.41466435,0.177385556,18.21661232,0.347159841
Jordan,JOR,1994,JOR1994,,0.0097235,71953.3,7.872846154,8.8203,18.9897338,0.292447639,18.56910915,0.566853322
Jordan,JOR,1995,JOR1995,,0.0275038,73529.2,8.613923077,9.1775,18.55284722,0.127356111,18.26269422,0.247172815
Jordan,JOR,1996,JOR1996,,-0.0098784,72952.5,8.613923077,9.4648,19.1193287,0.188292639,18.71653918,0.369118902
Jordan,JOR,1997,JOR1997,,0.0018458,73788.1,8.706846154,9.6979,18.3812037,0.240058333,17.83954616,0.473947159
Jordan,JOR,1998,JOR1998,,-0.0009583,74747,8.706846154,9.8875,19.65142361,0.169400139,19.22421946,0.354168355
Jordan,JOR,1999,JOR1999,,0.0154093,76192.3,8.799538462,10.0629,19.40957176,0.1181125,19.11415089,0.209745067
Jordan,JOR,2000,JOR2000,,0.017045,78312.2,8.799538462,10.2433,18.63777778,0.180960694,18.3680404,0.398537237
Jordan,JOR,2001,JOR2001,,0.0266634,81295.3,8.891538462,10.4338,19.4221412,0.183613333,19.03694969,0.307144512
Jordan,JOR,2002,JOR2002,,0.0319978,84934.7,8.891538462,10.6353,19.20925926,0.230682083,18.54727014,0.555521622
Jordan,JOR,2003,JOR2003,,0.0160917,87384.7,9.02,10.8668,19.16540509,0.264999306,18.56521923,0.498898771
Jordan,JOR,2004,JOR2004,,0.0580513,93478.5,9.054615385,11.1597,19.07693287,0.174747778,18.64918648,0.366621926
Jordan,JOR,2005,JOR2005,,0.0556129,99239.9,9.089076923,11.5312,18.97546296,0.159712778,18.58464393,0.35669981
Jordan,JOR,2006,JOR2006,,0.0552343,104802,9.215461538,11.9844,18.83232639,0.1669675,18.42872258,0.354017527
Jordan,JOR,2007,JOR2007,,0.0562584,110340.2,9.248230769,12.5101,19.15319444,0.163323611,18.73891467,0.308516991
Jordan,JOR,2008,JOR2008,,0.0479877,114940.3,9.276923077,13.113,19.38909722,0.133236389,18.83995882,0.298127918
Jordan,JOR,2009,JOR2009,,0.0312685,117830.4,9.399846154,13.787,19.40849537,0.145560556,18.86651513,0.297175988
Jordan,JOR,2010,JOR2010,,0.001194,117437.2,9.332538462,14.523,20.9728125,0.190529306,20.57856049,0.327908676
Jordan,JOR,2011,JOR2011,,0.0032025,116115.9,9.454923077,15.326,18.86940972,0.190024167,18.18177515,0.363181259
Jordan,JOR,2012,JOR2012,,0.0042479,115196.9,9.480923077,16.182,19.68039352,0.198664167,19.14680975,0.426283521
Jordan,JOR,2013,JOR2013,,0.0058237,114829.7,9.485692308,17.039,19.46538194,0.215895417,18.81731295,0.452576492
Jordan,JOR,2014,JOR2014,,,115171.2,9.683076923,17.839,19.55546296,0.197353333,19.05740985,0.310597958
Jordan,JOR,2015,JOR2015,,,115143.4,9.880153846,18.533,19.47770833,0.189460556,19.04835888,0.439428229
Jordan,JOR,2016,JOR2016,,,,9.979923077,19.102,19.80655093,0.187163056,19.47676356,0.434939597
Jordan,JOR,2017,JOR2017,,,,9.985153846,19.558,19.49577546,0.091612778,19.36427502,0.243042621
Jordan,JOR,2018,JOR2018,,,,10.08030769,19.913,20.13634259,0.219179583,19.81688449,0.576885517
Jordan,JOR,2019,JOR2019,,,,10.08030769,20.203,19.57122685,0.207715694,19.22239005,0.443618574
Kazakhstan,KAZ,1990,KAZ1990,,,194240.4,8.239571429,32.696,6.751389968,0.30034044,6.899520487,1.144438868
Kazakhstan,KAZ,1991,KAZ1991,,-0.1227841,176940.9,8.442857143,32.9,6.555188696,0.215797471,6.784788556,0.807981747
Kazakhstan,KAZ,1992,KAZ1992,,-0.0537627,161774.6,8.646571429,32.878,5.849342984,0.278514414,6.026222995,1.029493535
Kazakhstan,KAZ,1993,KAZ1993,,-0.0898781,135311.1,8.951285714,32.66,4.915525016,0.326273936,4.83679826,1.194136225
Kazakhstan,KAZ,1994,KAZ1994,,-0.1201664,135442.4,9.154857143,32.189,5.679124827,0.276813821,5.730655749,1.060770471
Kazakhstan,KAZ,1995,KAZ1995,,-0.0680353,137705.4,9.460428571,31.632,7.1030406,0.222368986,7.448623505,0.860409088
Kazakhstan,KAZ,1996,KAZ1996,,0.0201331,142258.1,9.655571429,31.155,5.053367812,0.236031979,5.18122929,0.920554515
Kazakhstan,KAZ,1997,KAZ1997,,0.0326568,136925.5,9.952714286,30.667,7.00998871,0.228612382,7.265953191,0.881428683
Kazakhstan,KAZ,1998,KAZ1998,,-0.0019219,131441.1,10.14757143,30.142,6.242266074,0.270152027,6.306188081,0.983970298
Kazakhstan,KAZ,1999,KAZ1999,-0.285043716,0.036167,138951.9,10.34242857,29.857,6.969268723,0.276063989,6.873706213,1.058960318
Kazakhstan,KAZ,2000,KAZ2000,0.084977388,0.0964958,165698.7,10.64857143,29.767,6.713309711,0.285217001,6.678779992,1.035799574
Kazakhstan,KAZ,2001,KAZ2001,0.167624133,0.1283333,187059.7,10.85428571,29.715,6.793686609,0.28239741,6.827432321,1.022793364
Kazakhstan,KAZ,2002,KAZ2002,0.105253901,0.0934491,211318.5,11.16,29.718,7.358070729,0.324695337,7.536921889,1.144400118
Kazakhstan,KAZ,2003,KAZ2003,0.234693663,0.0855622,231143.5,11.36571429,29.818,6.12604104,0.310960949,6.214742247,1.068679502
Kazakhstan,KAZ,2004,KAZ2004,0.292223454,0.084718,252307.9,11.67142857,30.025,7.398240863,0.290764271,7.691782468,1.051608063
Kazakhstan,KAZ,2005,KAZ2005,0.23986561,0.0836903,289227,11.87571429,30.294,6.965627148,0.250701365,7.467797345,0.870020861
Kazakhstan,KAZ,2006,KAZ2006,0.298542397,0.091077,292166.3,11.87857143,30.616,7.009967455,0.277174172,7.483139748,0.963523438
Kazakhstan,KAZ,2007,KAZ2007,0.311485325,0.0738213,308727.2,11.75857143,30.968,7.269474093,0.266243422,7.898099091,0.887933062
Kazakhstan,KAZ,2008,KAZ2008,0.268765518,0.0202835,330393.4,11.63714286,31.347,7.12353408,0.229050061,7.766670779,0.794763714
Kazakhstan,KAZ,2009,KAZ2009,-0.155120713,-0.014434,323273,11.62,32.186,6.429188749,0.290405648,6.942041854,1.009466755
Kazakhstan,KAZ,2010,KAZ2010,0.228485755,0.0563361,349064.1,11.5,32.644,6.733744184,0.27176252,6.995192562,0.916638215
Kazakhstan,KAZ,2011,KAZ2011,0.321386576,0.0580241,368856.9,11.60285714,33.114,5.918050622,0.279563663,6.410688427,0.883699297
Kazakhstan,KAZ,2012,KAZ2012,0.048002516,0.0347066,380399.9,11.60142857,33.585,6.113027898,0.255268747,6.641558357,0.817512481
Kazakhstan,KAZ,2013,KAZ2013,0.078808171,0.04372,396671.9,11.70285714,34.071,7.653036612,0.317994687,8.04650356,1.012707104
Kazakhstan,KAZ,2014,KAZ2014,-0.102646487,,406866,11.80285714,34.577,5.982532146,0.268738364,6.154925883,0.897881395
Kazakhstan,KAZ,2015,KAZ2015,,,405762,11.80285714,35.086,7.471854693,0.321816441,7.753742924,1.083796709
Kazakhstan,KAZ,2016,KAZ2016,,,,11.80285714,35.589,7.359067337,0.359393977,7.569608742,1.200795796
Kazakhstan,KAZ,2017,KAZ2017,,,,11.90571429,36.075,7.138677608,0.252540428,7.607552052,0.871120712
Kazakhstan,KAZ,2018,KAZ2018,,,,11.90571429,36.553,6.047132887,0.272192028,6.405401473,0.970718105
Kazakhstan,KAZ,2019,KAZ2019,,,,12.00571429,37.028,7.349520828,0.255782724,7.77969555,0.934738903
Kenya,KEN,1990,KEN1990,-0.04702729,0.0072448,18286.3,3.509444444,48.333,22.22570962,1.039767917,21.75005297,3.46198554
Kenya,KEN,1991,KEN1991,-0.132134539,-0.0188831,17645.1,3.699444444,49.957,22.30438308,0.911665344,22.01298488,3.027467996
Kenya,KEN,1992,KEN1992,-0.033077252,-0.0404967,16673.2,3.794222222,51.597,22.21318374,0.939050182,21.90709115,2.771608195
Kenya,KEN,1993,KEN1993,-0.463430941,-0.028012,15962.8,3.983666667,53.245,22.1449568,0.876699794,21.85102183,2.558372564
Kenya,KEN,1994,KEN1994,0.269233143,-0.004336,15658.5,4.147222222,54.874,22.30693195,1.00231918,22.01319895,3.298067365
Kenya,KEN,1995,KEN1995,0.295340347,0.0141298,15655.3,4.216666667,56.51,22.51403786,0.912798394,21.99769987,2.915712825
Kenya,KEN,1996,KEN1996,0.104028243,0.0130008,15642.2,4.380666667,58.15,22.36338515,0.826084501,21.95432992,2.545623929
Kenya,KEN,1997,KEN1997,0.072238827,-0.0217796,15101.4,4.451888889,59.805,22.35162998,1.212912639,21.9795581,3.783575175
Kenya,KEN,1998,KEN1998,0.204557097,0.0065005,15002,4.616111111,61.474,22.55095939,1.046551261,21.97827358,3.300637389
Kenya,KEN,1999,KEN1999,-0.076935256,-0.0030099,14765.3,4.718777778,62.975,22.44735465,0.869623622,21.84260288,2.419826046
Kenya,KEN,2000,KEN2000,,-0.0201366,14287.1,4.914111111,64.513,22.49162921,0.720345865,22.15789963,1.996105857
Kenya,KEN,2001,KEN2001,,0.0105659,14289.5,5.017222222,66.087,22.68876062,0.941676577,21.92537493,2.84764741
Kenya,KEN,2002,KEN2002,,-0.0213931,13838,5.120222222,67.699,22.95452651,1.116267769,22.13025511,2.893271601
Kenya,KEN,2003,KEN2003,,0.0018636,13710.4,5.223555556,69.359,22.95380285,0.882010448,22.31411134,2.510845376
Kenya,KEN,2004,KEN2004,,0.0227345,13864.3,5.351222222,71.271,22.63014297,0.875797962,22.22198936,2.713856447
Kenya,KEN,2005,KEN2005,,0.0304505,14121,5.479,73.25,22.53778866,0.754347307,22.50747746,2.297961815
Kenya,KEN,2006,KEN2006,,0.0345899,14640,5.606333333,75.299,22.64670923,1.107974467,22.15548519,3.443614904
Kenya,KEN,2007,KEN2007,,0.0408916,15230.8,5.733555556,77.411,22.53056954,1.005735983,22.18677429,2.695021284
Kenya,KEN,2008,KEN2008,,-0.0115307,14862.6,5.764444444,79.583,22.48518989,0.942732909,22.14467837,2.476867132
Kenya,KEN,2009,KEN2009,,0.0002286,14946.1,5.830333333,81.805,23.09492091,0.93217913,22.63402926,2.183181228
Kenya,KEN,2010,KEN2010,,0.0295412,15769.4,5.801222222,84.061,22.95306689,0.981839546,22.38621736,3.013373705
Kenya,KEN,2011,KEN2011,,0.0162787,16284.7,5.867333333,86.357,22.71077934,0.897601533,22.39349978,2.986792363
Kenya,KEN,2012,KEN2012,,0.0175188,16569.5,5.839555556,88.686,22.428278,1.167678078,22.37391978,2.97244895
Kenya,KEN,2013,KEN2013,,0.018946,17044.1,5.906444444,91.04,22.66339534,1.093445142,22.19669427,3.0221883
Kenya,KEN,2014,KEN2014,,,17484.6,5.879888889,93.401,22.60869043,0.865705796,22.4650186,2.60791434
Kenya,KEN,2015,KEN2015,,,17996.5,5.879888889,95.758,22.68876902,1.142048029,22.67446517,3.075242844
Kenya,KEN,2016,KEN2016,,,,5.973444444,98.104,23.07532864,1.0395256,22.76977551,2.382021217
Kenya,KEN,2017,KEN2017,,,,6.066666667,100.443,22.88635063,1.303566605,22.89310246,2.365685015
Kenya,KEN,2018,KEN2018,,,,6.16,102.787,22.55957521,1.180154055,22.14399219,3.380468862
Kenya,KEN,2019,KEN2019,,,,6.16,105.149,22.99751126,1.573668783,22.7750886,3.528604328
Kiribati,KIR,1990,KIR1990,,-0.0009519,,,,0,0,,
Kiribati,KIR,1991,KIR1991,,-0.0623121,,,,0,0,,
Kiribati,KIR,1992,KIR1992,,0.0163654,,,,0,0,,
Kiribati,KIR,1993,KIR1993,,0.0211661,,,,0,0,,
Kiribati,KIR,1994,KIR1994,,0.0350968,,,,0,0,,
Kiribati,KIR,1995,KIR1995,,-0.0233537,,,,0,0,,
Kiribati,KIR,1996,KIR1996,,0.0446414,,,,0,0,,
Kiribati,KIR,1997,KIR1997,,0.0386691,,,,0,0,,
Kiribati,KIR,1998,KIR1998,,0.0879023,,,,0,0,,
Kiribati,KIR,1999,KIR1999,,-0.0153464,,,,0,0,,
Kiribati,KIR,2000,KIR2000,,0.0736236,,6.582166667,0.16874,0,0,,
Kiribati,KIR,2001,KIR2001,,-0.010628,,6.678833333,0.17164,0,0,,
Kiribati,KIR,2002,KIR2002,,-0.0123288,,6.775666667,0.17455,0,0,,
Kiribati,KIR,2003,KIR2003,,0.0213553,,6.8725,0.17766,0,0,,
Kiribati,KIR,2004,KIR2004,,0.0134788,,6.969333333,0.181,0,0,,
Kiribati,KIR,2005,KIR2005,,-0.0188219,,7.066166667,0.18465,0,0,,
Kiribati,KIR,2006,KIR2006,,-0.0624078,,7.163,0.18863,0,0,,
Kiribati,KIR,2007,KIR2007,,0.0568486,,7.259666667,0.19314,0,0,,
Kiribati,KIR,2008,KIR2008,,0.0119651,,7.3565,0.19765,0,0,,
Kiribati,KIR,2009,KIR2009,,-0.0217428,,7.550166667,0.20186,0,0,,
Kiribati,KIR,2010,KIR2010,,-0.0201797,,7.646833333,0.20593,0,0,,
Kiribati,KIR,2011,KIR2011,,0.011731,,7.646833333,0.20969,0,0,,
Kiribati,KIR,2012,KIR2012,,0.0123549,,7.646833333,0.21242,0,0,,
Kiribati,KIR,2013,KIR2013,,0.0138861,,7.646833333,0.21593,0,0,,
Kiribati,KIR,2014,KIR2014,,,,7.646833333,0.21835,0,0,,
Kiribati,KIR,2015,KIR2015,,,,7.646833333,0.22186,0,0,,
Kiribati,KIR,2016,KIR2016,,,,7.646833333,0.22549,0,0,,
Kiribati,KIR,2017,KIR2017,,,,7.646833333,0.22821,0,0,,
Kiribati,KIR,2018,KIR2018,,,,7.646833333,0.23185,0,0,,
Kiribati,KIR,2019,KIR2019,,,,7.743666667,0.2356,0,0,,
Kosovo,XKO,1990,XKO1990,,,,,,9.775714286,0.68092,9.782228602,1.676200682
Kosovo,XKO,1991,XKO1991,,,,,,8.632619047,0.902651429,8.35557243,2.048321355
Kosovo,XKO,1992,XKO1992,,,,,,9.527142857,0.72974,9.320961139,1.881264857
Kosovo,XKO,1993,XKO1993,,,,,,9.151190476,0.67444,9.263396651,1.87130864
Kosovo,XKO,1994,XKO1994,,,,,,10.33404762,0.751014286,10.30997061,1.867001647
Kosovo,XKO,1995,XKO1995,,,,,,9.063095238,1.011505714,8.608346265,2.734224694
Kosovo,XKO,1996,XKO1996,,,,,,8.778333333,0.952794286,8.695576731,2.634274299
Kosovo,XKO,1997,XKO1997,,,,,,8.981428571,0.783211429,8.709589186,2.092716984
Kosovo,XKO,1998,XKO1998,,,,,,9.514285715,0.915628571,9.157181655,2.29211298
Kosovo,XKO,1999,XKO1999,,,,,,9.754761905,0.969985714,9.517558096,2.595172258
Kosovo,XKO,2000,XKO2000,,,,,,10.42571428,0.654768571,10.104258,1.61883615
Kosovo,XKO,2001,XKO2001,,,,,,9.785952382,0.816594286,9.461078187,2.341426377
Kosovo,XKO,2002,XKO2002,,,,,,10.22214286,0.935385714,9.784735899,2.408896648
Kosovo,XKO,2003,XKO2003,,,,,,9.685,0.846834286,9.529230026,2.095857305
Kosovo,XKO,2004,XKO2004,,,,,,9.512619047,0.945108571,9.314929776,2.697004565
Kosovo,XKO,2005,XKO2005,,,,,,8.972619047,1.016765714,8.647826778,2.697236824
Kosovo,XKO,2006,XKO2006,,,,,,9.466190476,0.900248571,9.087900505,2.353369427
Kosovo,XKO,2007,XKO2007,,,,,,10.38333333,0.970777143,10.32050281,2.279551461
Kosovo,XKO,2008,XKO2008,,,,,,10.46833333,0.838208571,10.27028091,1.93486288
Kosovo,XKO,2009,XKO2009,,,,,,10.30071429,1.04446,9.880225437,2.773552473
Kosovo,XKO,2010,XKO2010,,,,10.01325,3.553,9.869047618,1.123482857,9.975752173,2.680771163
Kosovo,XKO,2011,XKO2011,,,,10.412125,3.582,9.920952381,0.627737143,9.845123667,1.644788791
Kosovo,XKO,2012,XKO2012,,,,10.39575,3.61,10.42142857,0.831754286,10.5484343,2.065523731
Kosovo,XKO,2013,XKO2013,,,,10.423125,3.648,10.46285714,0.893728571,10.47970426,2.185036797
Kosovo,XKO,2014,XKO2014,,,,10.517625,3.643,10.67333333,1.153591429,10.45400035,2.802354914
Kosovo,XKO,2015,XKO2015,,,,10.597125,3.602,10.61880952,0.910077143,10.41846585,2.203634875
Kosovo,XKO,2016,XKO2016,,,,10.625625,3.633,10.40404762,1.040162857,10.25133849,2.702885314
Kosovo,XKO,2017,XKO2017,,,,10.71325,3.661,10.40523809,0.857794286,10.09644536,2.334027439
Kosovo,XKO,2018,XKO2018,,,,10.727625,3.691,11.07952381,0.840708571,10.65080305,2.817073541
Kosovo,XKO,2019,XKO2019,,,,10.77375,3.579,11.205,0.9454,10.76709619,2.209890114
Kuwait,KWT,1990,KWT1990,,,81431,5.492,4.19,25.76944445,0.081727778,26.06188065,0.140707766
Kuwait,KWT,1991,KWT1991,,,76776.9,5.492,4.063,25.68796296,0.156177778,25.58622442,0.41252299
Kuwait,KWT,1992,KWT1992,,,78196.3,5.5915,3.799,24.69305556,0.123233333,24.10745886,0.321228819
Kuwait,KWT,1993,KWT1993,,,79676.6,5.69175,3.6,25.57175926,0.150466667,25.37920678,0.383735829
Kuwait,KWT,1994,KWT1994,,,78047.9,5.69175,3.4,26.1412037,0.139233333,25.95092359,0.294974433
Kuwait,KWT,1995,KWT1995,,,79711.6,5.7915,3.212,25.58472222,0.131916667,25.35164829,0.440424052
Kuwait,KWT,1996,KWT1996,,0.0065874,80151.1,5.891,3.254,26.16944444,0.156088889,26.00215171,0.674101495
Kuwait,KWT,1997,KWT1997,,-0.007083,79778.5,5.99125,3.421,25.66296296,0.178194445,24.9982554,0.74293456
Kuwait,KWT,1998,KWT1998,,-0.0153876,78954.6,5.99125,3.663,26.76574074,0.102472222,26.43098433,0.333845385
Kuwait,KWT,1999,KWT1999,,-0.0724046,73905.7,6.091,3.904,26.96944445,0.156,26.59513336,0.518887271
Kuwait,KWT,2000,KWT2000,,-0.0012911,74314.8,6.19075,4.09,26.42592592,0.102561111,25.9396427,0.385380022
Kuwait,KWT,2001,KWT2001,,-0.03101,72578.9,6.19075,4.207,26.8199074,0.124761111,26.4395717,0.276867697
Kuwait,KWT,2002,KWT2002,,-0.0040163,72845.7,6.091,4.274,26.36111111,0.146916667,26.1645024,0.294339225
Kuwait,KWT,2003,KWT2003,,0.1270177,83269.8,6.091,4.323,26.49444445,0.128805556,26.22242605,0.307029949
Kuwait,KWT,2004,KWT2004,,0.0650599,89236.3,6.091,4.4,26.24675926,0.153416667,26.11866233,0.491179497
Kuwait,KWT,2005,KWT2005,,0.0515449,94007.1,5.7915,4.54,26.15972222,0.1467,25.94711619,0.508596764
Kuwait,KWT,2006,KWT2006,,0.021103,95751.3,6.19075,4.747,26.50509259,0.131366667,26.31205916,0.270877727
Kuwait,KWT,2007,KWT2007,,0.0028805,95528,6.29075,5.008,26.47962963,0.105377778,26.25894861,0.314915265
Kuwait,KWT,2008,KWT2008,,-0.0315572,91864.5,6.49025,5.311,26.53842593,0.054755556,26.28484779,0.15205411
Kuwait,KWT,2009,KWT2009,,-0.1266701,80151,6.59025,5.642,26.70555555,0.098094444,26.23095588,0.349416586
Kuwait,KWT,2010,KWT2010,,-0.0724384,73695.1,6.78975,5.984,27.60231481,0.04355,27.66613777,0.089968818
Kuwait,KWT,2011,KWT2011,,0.0175899,76308.6,6.98975,6.336,26.14675926,0.089627778,26.05638602,0.231404054
Kuwait,KWT,2012,KWT2012,,0.020556,77072.7,7.28925,6.697,26.50462963,0.106677778,26.42714792,0.344904885
Kuwait,KWT,2013,KWT2013,,,74181.3,6.69025,7.053,26.13101852,0.086016667,25.85482003,0.476782724
Kuwait,KWT,2014,KWT2014,,,69878,6.88975,7.382,26.67592593,0.079283333,26.43265886,0.312278643
Kuwait,KWT,2015,KWT2015,,,67113,7.0895,7.672,27.19166667,0.096911111,26.69881516,0.306608141
Kuwait,KWT,2016,KWT2016,,,,7.18925,7.914,27.19490741,0.128533333,26.75700534,0.152300733
Kuwait,KWT,2017,KWT2017,,,,7.28925,8.112,27.12268519,0.094105555,27.00435884,0.165692328
Kuwait,KWT,2018,KWT2018,,,,7.28925,8.274,27.60787037,0.151,27.19958726,0.747764466
Kuwait,KWT,2019,KWT2019,,,,7.28925,8.415,27.1337963,0.091738889,26.7122752,0.363957185
Kyrgyzstan,KGZ,1990,KGZ1990,,0.0362163,23155.4,8.54,8.782,3.3903539,0.487847701,1.966063348,2.707056075
Kyrgyzstan,KGZ,1991,KGZ1991,,-0.0981171,21012.1,8.639555556,8.927,2.832245243,0.495291123,1.382073986,2.592612571
Kyrgyzstan,KGZ,1992,KGZ1992,,-0.1610678,17903.6,8.738222222,9.03,2.69265377,0.505238104,1.371475416,2.957246911
Kyrgyzstan,KGZ,1993,KGZ1993,,-0.1682253,15145.8,8.837777778,9.035,2.015967771,0.67767023,0.839766767,3.254996979
Kyrgyzstan,KGZ,1994,KGZ1994,,-0.2238543,12119.2,8.937666667,9.029,2.695326491,0.470320283,1.233490243,2.892834957
Kyrgyzstan,KGZ,1995,KGZ1995,,-0.0657476,11358.3,9.036,9.12,3.082102984,0.333716052,1.18532592,2.647692387
Kyrgyzstan,KGZ,1996,KGZ1996,,0.0536472,11994.7,9.135555556,9.257,2.221231749,0.469835094,0.630657771,2.798606931
Kyrgyzstan,KGZ,1997,KGZ1997,,0.0799537,13608.6,9.333888889,9.393,3.579401582,0.397718593,2.095931288,2.365968076
Kyrgyzstan,KGZ,1998,KGZ1998,,0.005656,14133,9.433666667,9.538,3.183413207,0.687322433,2.067272478,3.290222709
Kyrgyzstan,KGZ,1999,KGZ1999,,0.0210448,14473.5,9.731444444,9.681,3.782692689,0.584072551,1.565299838,3.215092385
Kyrgyzstan,KGZ,2000,KGZ2000,,0.0409342,15344.1,9.731444444,9.795,3.680426651,0.461587946,1.255434153,2.867394495
Kyrgyzstan,KGZ,2001,KGZ2001,,0.0423596,15662.1,9.830888889,9.89,3.842112905,0.444941145,1.768260477,2.834789806
Kyrgyzstan,KGZ,2002,KGZ2002,,-0.0093525,15285,9.929333333,9.982,3.907294783,0.668387425,2.228651179,3.177337709
Kyrgyzstan,KGZ,2003,KGZ2003,,0.0574573,16741.8,9.929333333,10.087,2.973578487,0.705427559,1.279342649,3.162250774
Kyrgyzstan,KGZ,2004,KGZ2004,,0.0558086,17932.8,10.02866667,10.212,4.231353149,0.569029383,2.129134282,2.753959163
Kyrgyzstan,KGZ,2005,KGZ2005,,-0.0130357,17639.4,10.12933333,10.327,3.715368526,0.521421562,1.629988012,2.661553871
Kyrgyzstan,KGZ,2006,KGZ2006,,0.0198068,17794,10.12933333,10.436,4.049944864,0.464347796,2.499193222,2.617716041
Kyrgyzstan,KGZ,2007,KGZ2007,0.264790588,0.0724392,18975.2,10.24066667,10.536,4.212644485,0.469353672,2.494647329,2.684425986
Kyrgyzstan,KGZ,2008,KGZ2008,0.295257092,0.0711706,20368.4,10.25644444,10.639,3.729388927,0.417851684,2.18637671,2.499774664
Kyrgyzstan,KGZ,2009,KGZ2009,-0.146529198,0.0163816,20698,10.37122222,10.767,3.55099041,0.536569537,1.695087018,2.915729804
Kyrgyzstan,KGZ,2010,KGZ2010,0.009744114,-0.0166555,20349.6,10.58366667,10.896,3.847579747,0.589463989,2.274209941,3.06081309
Kyrgyzstan,KGZ,2011,KGZ2011,0.227167024,0.0456874,21293.4,10.599,11.028,3.445541247,0.551927792,1.868011932,2.825739771
Kyrgyzstan,KGZ,2012,KGZ2012,0.097366492,-0.0175411,20916.2,10.71288889,11.214,2.877828462,0.405505758,1.181752559,2.269488572
Kyrgyzstan,KGZ,2013,KGZ2013,0.074550258,0.080333,22735.2,10.72855556,11.439,4.194521075,0.493974486,2.294728934,2.508173637
Kyrgyzstan,KGZ,2014,KGZ2014,0.012208091,,23180.3,10.84788889,11.672,2.921285613,0.45098415,1.250346921,2.470006351
Kyrgyzstan,KGZ,2015,KGZ2015,-0.130114873,,23495.2,10.91333333,11.914,4.201563073,0.552747025,2.215776062,2.776650787
Kyrgyzstan,KGZ,2016,KGZ2016,,,,10.87666667,12.16,4.285901125,0.701023743,2.661984405,3.287812004
Kyrgyzstan,KGZ,2017,KGZ2017,,,,10.84,12.395,3.636399064,0.521505831,1.970331796,2.633411617
Kyrgyzstan,KGZ,2018,KGZ2018,,,,10.80777778,12.646,3.575653236,0.482653249,1.859077669,2.759983036
Kyrgyzstan,KGZ,2019,KGZ2019,,,,11.00333333,12.914,4.177610399,0.454400431,2.4090926,2.660697899
Lao,LAO,1990,LAO1990,,0.0357824,1621.1,2.817111111,8.5134,24.19298844,2.027088403,22.26596971,5.941935338
Lao,LAO,1991,LAO1991,,0.0129477,1642.9,2.907888889,8.7598,24.37570086,1.672914496,22.55107899,5.349386588
Lao,LAO,1992,LAO1992,,0.0252629,1685.9,2.998666667,9.0002,23.85313901,1.691798368,22.03126971,5.169337046
Lao,LAO,1993,LAO1993,,0.0293755,1737.4,3.089666667,9.2406,23.96368873,1.387603025,22.01653406,4.975162301
Lao,LAO,1994,LAO1994,,0.0517099,1831.2,3.180555556,9.4738,24.13231793,1.944274538,22.19204323,6.353132895
Lao,LAO,1995,LAO1995,,0.0429396,1913.5,3.271277778,9.6929,23.93068336,1.790720224,22.19498674,5.633259681
Lao,LAO,1996,LAO1996,,0.043632,2001.4,3.271277778,9.9017,23.58373191,1.983523964,21.91240809,5.78698103
Lao,LAO,1997,LAO1997,,0.0446173,2095.7,3.362222222,10.1003,24.07304272,1.745106555,22.27832158,5.595756032
Lao,LAO,1998,LAO1998,,0.0186759,2138.2,3.453111111,10.2917,24.84547911,1.656751205,23.23439503,4.41679438
Lao,LAO,1999,LAO1999,,0.0519922,2254.6,3.453111111,10.4691,23.76554272,2.019789342,21.84643776,5.386242525
Lao,LAO,2000,LAO2000,,0.0394994,2346.7,3.544,10.6463,23.82140581,1.84309236,21.91697979,5.691767019
Lao,LAO,2001,LAO2001,,0.0408379,2444.2,3.634833333,10.8191,24.06051646,2.091036877,22.22872214,5.577842259
Lao,LAO,2002,LAO2002,,0.0438708,2552.4,3.634833333,10.9866,24.11668709,2.129347598,22.30511629,6.07706188
Lao,LAO,2003,LAO2003,,0.0456756,2670,3.725722222,11.153,24.11218196,1.612216029,22.39180036,4.854800858
Lao,LAO,2004,LAO2004,,0.0474933,2799.7,3.8165,11.324,23.87677871,1.749872199,22.04211088,5.155425244
Lao,LAO,2005,LAO2005,,0.05273,2953.7,3.8165,11.503,24.25759921,1.899641814,22.46108147,5.462529305
Lao,LAO,2006,LAO2006,,0.0646602,3156.7,3.907444444,11.693,24.20522934,1.917187122,22.49838509,5.348925214
Lao,LAO,2007,LAO2007,0.11328125,0.0535132,3338.9,3.998333333,11.892,23.906662,1.85440381,22.37260833,5.339544479
Lao,LAO,2008,LAO2008,0.13432169,0.0546259,3537.2,3.998333333,12.095,23.53039566,2.104295854,21.50876823,5.802009822
Lao,LAO,2009,LAO2009,0.158772469,0.0515675,3736,4.089111111,12.299,24.16246265,1.658089013,22.4459412,5.272369877
Lao,LAO,2010,LAO2010,0.124243498,0.0616522,3985,4.180055556,12.497,24.67334559,1.762214307,22.98799289,5.261471179
Lao,LAO,2011,LAO2011,,0.0578709,4233.4,4.361888889,12.694,23.44320378,2.174206716,21.48263259,5.986432229
Lao,LAO,2012,LAO2012,,0.0598731,4498.1,4.543611111,12.891,24.51515464,1.865531534,22.69358955,5.203462762
Lao,LAO,2013,LAO2013,,0.0598427,4799.8,4.664166667,13.08,24.12515465,2.06620806,22.32265051,5.733344475
Lao,LAO,2014,LAO2014,,,5076.2,4.600111111,13.28,24.27379085,1.548598872,22.43248039,5.111946443
Lao,LAO,2015,LAO2015,,,5341.3,4.718444444,13.482,24.67881069,1.552186001,22.76678138,5.221886595
Lao,LAO,2016,LAO2016,,,,4.836222222,13.691,24.64562733,1.89879799,22.75300175,5.277852872
Lao,LAO,2017,LAO2017,,,,4.860222222,13.907,24.16573063,2.061557605,22.36305158,5.832606925
Lao,LAO,2018,LAO2018,,,,4.860222222,14.122,24.1520349,1.853572542,22.3340951,6.224688288
Lao,LAO,2019,LAO2019,,,,4.953777778,14.34,24.90012897,1.436129419,23.52174649,4.380290988
Latvia,LVA,1990,LVA1990,,-0.0813409,323025.8,11.76428571,5.325,7.303217592,0.849328055,7.620207048,2.562111954
Latvia,LVA,1991,LVA1991,,-0.1298891,318929.9,11.79285714,5.302,6.642662037,0.673609722,6.906529678,2.103374172
Latvia,LVA,1992,LVA1992,,-0.3736397,287633.8,11.83571429,5.228,6.964560185,0.634100833,7.10553027,1.869125014
Latvia,LVA,1993,LVA1993,,-0.0313948,265122,11.87857143,5.126,5.809537037,0.676753889,5.781167828,2.15756632
Latvia,LVA,1994,LVA1994,,0.0384011,234328,11.90714286,5.041,6.106365741,0.662736667,6.17215883,2.11814173
Latvia,LVA,1995,LVA1995,,0.0047656,210592.3,11.95,4.97,6.553472222,0.688711389,6.790154003,2.025719376
Latvia,LVA,1996,LVA1996,,0.0484719,217470.6,11.96428571,4.914,5.183310185,0.581533889,5.134095445,1.677155921
Latvia,LVA,1997,LVA1997,,0.0895437,237218.5,11.97857143,4.866,6.313333333,0.729941111,6.328160117,2.169990473
Latvia,LVA,1998,LVA1998,,0.0555756,247667.8,11.99285714,4.819,6.126435185,0.757100833,6.035871823,2.470524742
Latvia,LVA,1999,LVA1999,,0.0540598,249164.3,12.02142857,4.78,7.152314815,0.625699444,7.211612585,1.931146644
Latvia,LVA,2000,LVA2000,,0.0764931,264436.7,12.03571429,4.736,7.514490741,0.650381111,7.581553242,1.919360439
Latvia,LVA,2001,LVA2001,0.075590801,0.0902786,282644.9,12.10714286,4.674,6.575694444,0.791532778,6.5488224,2.253066852
Latvia,LVA,2002,LVA2002,0.165401363,0.0743351,298718.8,12.19285714,4.62,7.035833333,0.5831725,7.185371362,1.882875268
Latvia,LVA,2003,LVA2003,0.288297844,0.0791522,328603,12.27857143,4.576,6.304930555,0.638009722,6.359290567,1.899915124
Latvia,LVA,2004,LVA2004,0.26252327,0.0941305,356881.6,12.35,4.526,6.431273148,0.694073056,6.365525148,2.097508559
Latvia,LVA,2005,LVA2005,,0.1115639,395173.7,12.23142857,4.477,6.384236111,0.633439722,6.301357692,1.848790057
Latvia,LVA,2006,LVA2006,,0.1245817,441090.9,12.33428571,4.437,6.927847222,0.5974875,7.166167105,1.664577771
Latvia,LVA,2007,LVA2007,0.26368618,0.1032684,488981.7,12.52428571,4.4,7.195162037,0.718368333,7.296691582,2.190456419
Latvia,LVA,2008,LVA2008,0.334644318,-0.0328528,476351.9,12.51,4.353,7.669189815,0.706426667,7.753463302,2.234847363
Latvia,LVA,2009,LVA2009,0.190961838,-0.181392,414776.7,12.7,4.284,6.575092593,0.740784167,6.505910615,2.223454755
Latvia,LVA,2010,LVA2010,0.07471625,0.0173721,407475,13.00142857,4.195,5.599074074,0.828772778,5.704041633,2.36054511
Latvia,LVA,2011,LVA2011,0.159173965,0.0698509,440721.2,12.43571429,4.12,7.163009259,0.643039167,7.204367517,1.928589061
Latvia,LVA,2012,LVA2012,0.172712708,0.0611938,464076.3,13.39857143,4.068,6.135277778,0.813273889,6.07492418,2.507510499
Latvia,LVA,2013,LVA2013,0.085313797,,483222.9,13.60571429,4.025,7.032615741,0.6498825,6.933967884,1.855039611
Latvia,LVA,2014,LVA2014,0.037545204,,499304.9,13.3,3.987,7.303703704,0.672547778,7.475478123,2.116351658
Latvia,LVA,2015,LVA2015,0.034968376,,512673.2,13.51,3.956,7.892314815,0.577607778,7.86411219,1.867617138
Latvia,LVA,2016,LVA2016,0.044044018,,,13.61714286,3.92,7.068171296,0.7222425,7.13892605,2.249409783
Latvia,LVA,2017,LVA2017,,,,13.72142857,3.884,6.838263889,0.827364444,6.858332983,2.442831392
Latvia,LVA,2018,LVA2018,,,,13.72142857,3.855,7.511759259,0.570563333,7.783869665,1.521375522
Latvia,LVA,2019,LVA2019,,,,13.72142857,3.826,7.936898148,0.674680278,8.18565339,2.069818678
Lebanon,LBN,1990,LBN1990,,0.2255179,7734.4,,,15.29329365,0.447227143,15.23854617,1.172381558
Lebanon,LBN,1991,LBN1991,,0.3054064,10496.9,,,15.28801587,0.928232857,15.06854068,1.873815981
Lebanon,LBN,1992,LBN1992,,0.019117,10699.5,,,14.1715873,0.916050476,13.70366725,2.150790585
Lebanon,LBN,1993,LBN1993,,0.0400308,11136.5,,,15.20690476,0.499834762,14.83058649,1.379801869
Lebanon,LBN,1994,LBN1994,,0.0518727,11729.4,,,16.00305555,0.960891905,15.51065446,2.305013128
Lebanon,LBN,1995,LBN1995,,0.0437422,12253.9,,,15.42805556,0.466002857,14.94764368,1.228188292
Lebanon,LBN,1996,LBN1996,,0.0377774,12725.7,,,15.83063492,0.658169048,15.36275147,1.556056732
Lebanon,LBN,1997,LBN1997,,-0.0301857,12347.4,,,14.98896825,0.666078095,14.5706019,1.694828678
Lebanon,LBN,1998,LBN1998,,0.0284339,12703.6,,,16.43599206,0.592891905,15.88514492,1.561204997
Lebanon,LBN,1999,LBN1999,,-0.0181575,12475,,,16.3718254,0.367343809,16.010362,1.005078169
Lebanon,LBN,2000,LBN2000,,-0.0112662,12335,,,15.67896825,0.686524286,15.02890094,1.616623252
Lebanon,LBN,2001,LBN2001,,0.0016936,12347.6,,,16.52444445,0.676219524,15.8197374,1.382011726
Lebanon,LBN,2002,LBN2002,,-0.0128028,12173.7,,,16.11920635,0.766757143,15.31888481,1.973246686
Lebanon,LBN,2003,LBN2003,,-0.016584,11961.3,,,16.1556746,0.963281429,15.1694385,2.41586514
Lebanon,LBN,2004,LBN2004,,0.0287766,12317.4,,,16.00603175,0.670301905,15.18203501,1.755018207
Lebanon,LBN,2005,LBN2005,,-0.0073374,12258.1,7.518333333,9.397,15.88202381,0.625265238,14.94398918,1.707313767
Lebanon,LBN,2006,LBN2006,,-0.0071478,12239.2,7.6185,9.519,15.77265873,0.592382857,14.95832969,1.472406239
Lebanon,LBN,2007,LBN2007,,0.075281,13297.1,7.819,9.534,16.13456349,0.570582381,15.2942804,1.636970489
Lebanon,LBN,2008,LBN2008,,0.075961,14422.3,7.819,9.529,16.3009127,0.431761905,15.48340761,1.193403531
Lebanon,LBN,2009,LBN2009,,0.0836137,15632.7,7.919333333,9.626,16.34718254,0.648115714,15.37789137,1.860622938
Lebanon,LBN,2010,LBN2010,,0.0549938,16277.7,7.919333333,9.906,17.7252381,0.493874762,17.14320897,1.166618758
Lebanon,LBN,2011,LBN2011,,0.010288,15683.6,8.019333333,10.405,15.71666667,0.743195714,14.81748475,1.801937159
Lebanon,LBN,2012,LBN2012,,0.012202,14946.1,8.119833333,11.078,16.53138889,0.842605238,15.48917093,2.341846999
Lebanon,LBN,2013,LBN2013,,-0.0005975,14046,8.320166667,11.83,16.3972619,0.667696191,15.42284788,1.639661805
Lebanon,LBN,2014,LBN2014,,,13471.8,8.420333333,12.523,16.52694445,0.56297,15.70690699,1.202539647
Lebanon,LBN,2015,LBN2015,,,13117.3,8.520666667,13.067,16.16880953,0.686234286,15.49294269,1.639117722
Lebanon,LBN,2016,LBN2016,,,,8.620833333,13.422,16.63873016,0.650083333,16.10356816,1.63474906
Lebanon,LBN,2017,LBN2017,,,,8.721166667,13.624,16.3393254,0.357136667,15.87165488,1.189308092
Lebanon,LBN,2018,LBN2018,,,,8.721166667,13.7,17.11642857,0.771252857,16.56037315,1.850696862
Lebanon,LBN,2019,LBN2019,,,,8.721166667,13.712,16.51333333,0.825732381,15.80862482,2.114252546
Lesotho,LSO,1990,LSO1990,,0.0374802,5620.1,4.082909091,3.4065,12.14954293,0.677828939,10.63577639,2.739256534
Lesotho,LSO,1991,LSO1991,,0.0194743,5654.5,4.175818182,3.4863,12.37118939,0.942505485,10.93495547,3.545251836
Lesotho,LSO,1992,LSO1992,,0.0502993,5877.2,4.175818182,3.564,12.96190404,0.505728515,11.63915027,2.049747775
Lesotho,LSO,1993,LSO1993,,0.0130246,5895.8,4.175818182,3.644,12.66205303,0.764282455,11.21097289,3.256774704
Lesotho,LSO,1994,LSO1994,,0.0335539,6048.7,4.268636364,3.7216,11.79882576,0.605748273,10.36748897,2.648588069
Lesotho,LSO,1995,LSO1995,,0.0032757,6032.5,4.268636364,3.798,12.26326768,0.738492364,11.04247774,3.013918782
Lesotho,LSO,1996,LSO1996,,0.0364595,6231.6,4.361363636,3.8684,11.75390656,0.955025515,9.895625197,3.654961198
Lesotho,LSO,1997,LSO1997,,0.0274855,6392.8,4.361363636,3.9358,11.99158081,0.852896303,10.21414108,3.283044728
Lesotho,LSO,1998,LSO1998,,0.0062884,6430,4.454181818,3.9949,12.54143434,0.961779576,11.11161435,3.086723054
Lesotho,LSO,1999,LSO1999,,-0.0058217,6395.3,4.454181818,4.0398,12.94658333,0.768031636,11.3446939,2.748261932
Lesotho,LSO,2000,LSO2000,,0.0411351,6669.4,4.547,4.0653,11.85261869,0.906725121,10.34680587,3.487326295
Lesotho,LSO,2001,LSO2001,,0.0332268,6894.8,4.639636364,4.0725,12.27175,0.967442606,10.44629241,3.391800578
Lesotho,LSO,2002,LSO2002,,-0.0021363,6879.9,4.732545455,4.0592,12.31724242,0.772835667,10.60027418,3.111157806
Lesotho,LSO,2003,LSO2003,,0.0388311,7152.4,4.732545455,4.0358,12.65313131,0.637348849,11.40559844,2.578388847
Lesotho,LSO,2004,LSO2004,,0.0156972,7265.5,4.825363636,4.0133,12.84698737,0.74514303,11.14079928,3.073551839
Lesotho,LSO,2005,LSO2005,,0.0194828,7408.6,4.926818182,3.9931,12.92136869,0.656154576,11.54457405,2.915649553
Lesotho,LSO,2006,LSO2006,,0.034636,7669.9,5.028636364,3.981,12.28467929,1.015508939,10.16452271,3.609002947
Lesotho,LSO,2007,LSO2007,,0.0383582,7970.1,5.130090909,3.9751,12.73764141,0.770069697,10.87562597,2.508265442
Lesotho,LSO,2008,LSO2008,,0.0473933,8356.4,5.044727273,3.9743,12.76539646,0.781230849,11.16894281,2.586391956
Lesotho,LSO,2009,LSO2009,,0.0241062,8557.8,5.519909091,3.9795,12.57668434,0.841908212,10.967372,2.738225804
Lesotho,LSO,2010,LSO2010,,0.0589843,9140.5,5.246636364,3.9919,13.0100404,0.948462606,11.75987334,2.969814172
Lesotho,LSO,2011,LSO2011,,0.0177748,9405.9,5.437,4.0077,12.28536111,0.936835909,10.34235349,2.9466592
Lesotho,LSO,2012,LSO2012,,0.0522864,9758.4,5.534,4.0295,12.57259596,0.736783121,10.97617969,2.786368121
Lesotho,LSO,2013,LSO2013,,0.0462149,10067.8,5.631090909,4.0584,12.57635354,0.621064939,11.47136572,2.393510942
Lesotho,LSO,2014,LSO2014,,,10304.9,5.728,4.0854,12.79433081,0.709434091,11.48201717,2.791163428
Lesotho,LSO,2015,LSO2015,,,10351.3,5.694636364,4.1166,13.22826768,0.508521606,12.36685296,2.048950134
Lesotho,LSO,2016,LSO2016,,,,5.849727273,4.1507,13.40520202,0.651999091,11.9829922,2.815814361
Lesotho,LSO,2017,LSO2017,,,,5.820818182,4.1819,12.96345202,0.690815364,11.63752254,2.592020369
Lesotho,LSO,2018,LSO2018,,,,5.886090909,4.2161,13.14025758,0.595009939,11.58559477,2.449196156
Lesotho,LSO,2019,LSO2019,,,,5.978,4.2508,13.80491414,0.701296182,12.9178642,2.193603588
Liberia,LBR,1990,LBR1990,,-0.697875,872.8,,,25.35037698,2.205882302,24.81957154,6.566972191
Liberia,LBR,1991,LBR1991,,-0.1357821,762,,,25.28418651,2.383772619,24.70071129,6.609073888
Liberia,LBR,1992,LBR1992,,-0.4138399,503.8,,,25.1471627,2.428955794,24.52094805,6.261398398
Liberia,LBR,1993,LBR1993,,-0.3890456,341.4,,,25.22025132,2.32836627,24.67519955,6.886227553
Liberia,LBR,1994,LBR1994,,-0.2517782,265.4,,,25.17164683,2.440563413,24.67167326,6.362711604
Liberia,LBR,1995,LBR1995,,-0.0732532,246.7,,,25.43224207,2.50666746,25.03313439,7.250405141
Liberia,LBR,1996,LBR1996,,0.0592829,261.7,,,25.40740079,2.731425317,24.72592635,7.224964865
Liberia,LBR,1997,LBR1997,,0.65062,501.7,,,25.44527117,2.23994619,24.79698894,6.34775796
Liberia,LBR,1998,LBR1998,,0.1816956,604,,,25.97656085,2.495552143,25.30730386,6.959235695
Liberia,LBR,1999,LBR1999,,0.1368616,686.1,2.7629375,5.4,25.35170635,2.677025159,24.74589046,6.450687263
Liberia,LBR,2000,LBR2000,,0.1753889,836.5,2.84425,5.6964,25.35238757,2.508522302,24.66161907,6.148451631
Liberia,LBR,2001,LBR2001,,0.1633713,830.3,2.84425,5.9071,25.3543254,2.641725714,24.6708109,6.672153477
Liberia,LBR,2002,LBR2002,,0.253123,841.4,2.9255,6.0502,25.59258598,2.578957063,24.78207043,7.115755702
Liberia,LBR,2003,LBR2003,,-0.4152634,577.7,3.0066875,6.1552,25.58766534,2.650508175,24.88183472,7.253694965
Liberia,LBR,2004,LBR2004,,-0.0716046,581.5,3.0066875,6.2708,25.66462302,2.60244754,24.79742787,7.122284664
Liberia,LBR,2005,LBR2005,,0.0641994,596.3,3.087875,6.4352,25.79089286,2.549664841,24.86461473,7.187351248
Liberia,LBR,2006,LBR2006,,0.0587345,622.4,3.087875,6.6567,25.63970899,2.697108571,24.86400155,6.925445815
Liberia,LBR,2007,LBR2007,,0.1059067,655.1,3.1693125,6.9241,25.69841931,2.470550794,24.91247147,7.18237401
Liberia,LBR,2008,LBR2008,,0.0583092,673.2,3.2504375,7.2164,25.30162698,2.523165873,24.88967048,7.146177589
Liberia,LBR,2009,LBR2009,,0.0892384,681.3,3.2504375,7.5077,25.47578704,2.541137698,24.92860878,5.854416432
Liberia,LBR,2010,LBR2010,,0.0687329,697.9,3.33175,7.781,25.88132275,2.805011429,25.06849146,7.567097058
Liberia,LBR,2011,LBR2011,,0.0570984,732.6,3.413,8.0335,25.5696164,2.714500079,24.85676667,6.394835327
Liberia,LBR,2012,LBR2012,,0.0706955,770.3,3.4944375,8.2731,25.33923281,2.293638571,24.7201059,6.498211029
Liberia,LBR,2013,LBR2013,,0.0826876,817.2,3.5756875,8.4972,25.50849868,2.514890079,24.91872235,6.303012687
Liberia,LBR,2014,LBR2014,,,803.7,3.5756875,8.7194,25.5602381,2.756569048,24.76735337,7.050753386
Liberia,LBR,2015,LBR2015,,,786.9,3.5756875,8.9457,25.74463624,2.408687302,25.02633825,6.347612592
Liberia,LBR,2016,LBR2016,,,,3.6569375,9.176,26.03964286,2.694812698,25.3472441,6.697063214
Liberia,LBR,2017,LBR2017,,,,3.8193125,9.404,25.90322751,2.410393492,25.09421738,7.82732991
Liberia,LBR,2018,LBR2018,,,,3.8193125,9.6364,25.71548281,2.539225556,24.94671673,7.852484724
Liberia,LBR,2019,LBR2019,,,,3.900625,9.8739,25.54279101,2.52272873,25.30251523,8.182783861
Libya,LBY,1990,LBY1990,,,21804.5,3.8115,8.873,22.25693298,0.05267976,21.29671239,0.105564854
Libya,LBY,1991,LBY1991,,,25461.5,4.012,9.089,21.8791781,0.054421099,20.90822712,0.144638023
Libya,LBY,1992,LBY1992,,,24769.2,4.2125,9.302,21.46580897,0.048685171,20.36652724,0.075406754
Libya,LBY,1993,LBY1993,,,23875.1,4.313,9.509,22.06789025,0.043859235,21.08859931,0.093424794
Libya,LBY,1994,LBY1994,,,24339.9,4.5135,9.71,22.26153463,0.061340101,21.03783732,0.104626434
Libya,LBY,1995,LBY1995,,,21340.2,4.714,9.898,22.22929748,0.065110335,21.19497541,0.095468835
Libya,LBY,1996,LBY1996,,,21888.1,4.9145,10.073,22.26904205,0.052511735,21.32934332,0.093699478
Libya,LBY,1997,LBY1997,,,21736.8,5.015,10.236,22.30540384,0.056088826,21.0792629,0.078877027
Libya,LBY,1998,LBY1998,,,21518.7,5.2155,10.394,22.56843937,0.050710985,21.25200558,0.072754771
Libya,LBY,1999,LBY1999,,,21588.4,5.416,10.553,22.93769248,0.044646799,21.66404411,0.090327158
Libya,LBY,2000,LBY2000,,0.0201187,21997.5,5.61675,10.716,22.2231256,0.045543593,20.74896052,0.079722038
Libya,LBY,2001,LBY2001,,-0.0597631,21247.3,5.8175,10.886,22.86238772,0.043776931,21.60341837,0.046740191
Libya,LBY,2002,LBY2002,,-0.0285043,20700.2,5.9175,11.062,22.67652477,0.043262252,21.50695913,0.085330465
Libya,LBY,2003,LBY2003,,0.1069385,23015.7,6.11825,11.242,22.75376658,0.053786001,21.51928521,0.086202044
Libya,LBY,2004,LBY2004,,0.0276171,23646.1,6.319,11.42,22.60026571,0.040743064,21.41921384,0.081742656
Libya,LBY,2005,LBY2005,,0.0786457,26004.8,6.419,11.597,22.47837122,0.048526873,21.53957146,0.112453041
Libya,LBY,2006,LBY2006,,0.0410096,27200.1,6.61975,11.774,22.50937378,0.063151422,21.41068636,0.115876715
Libya,LBY,2007,LBY2007,,0.0415911,28396,6.8205,11.949,22.62469341,0.045464787,21.50140783,0.083566771
Libya,LBY,2008,LBY2008,,0.0210509,28652.4,7.02075,12.118,22.77908803,0.052241027,21.59445767,0.114570154
Libya,LBY,2009,LBY2009,,0.0059999,28033.9,7.12125,12.268,22.71189975,0.036530005,21.53063863,0.056219222
Libya,LBY,2010,LBY2010,,0.0361067,29173.6,7.322,12.395,23.55448354,0.034250641,22.99314053,0.04988665
Libya,LBY,2011,LBY2011,,-0.9799127,11023.4,7.322,12.495,22.24196565,0.050287103,21.15959901,0.11150688
Libya,LBY,2012,LBY2012,,0.706937,22560.3,7.322,12.572,22.6159038,0.047774378,21.59243903,0.071420767
Libya,LBY,2013,LBY2013,,-0.1059855,19557.1,7.322,12.64,22.66323418,0.047049096,22.03703937,0.064602147
Libya,LBY,2014,LBY2014,,,14880,7.322,12.725,22.6125873,0.049191553,22.17526698,0.065241913
Libya,LBY,2015,LBY2015,,,13320.8,7.322,12.836,22.30737497,0.050471729,21.50250761,0.097477826
Libya,LBY,2016,LBY2016,,,,7.322,12.984,22.71952919,0.031143851,22.5600114,0.04362256
Libya,LBY,2017,LBY2017,,,,7.62275,13.161,22.26784218,0.054421104,21.15621077,0.112749221
Libya,LBY,2018,LBY2018,,,,7.62275,13.357,22.67545699,0.050571866,22.83746714,0.088186041
Libya,LBY,2019,LBY2019,,,,7.62275,13.554,22.35755816,0.056986664,21.75272823,0.099373473
Liechtenstein,LIE,1990,LIE1990,,0.0103448,19034.4,,,7.805,1.14498,6.014329542,4.827158409
Liechtenstein,LIE,1991,LIE1991,,0.0050961,19263.3,,,6.853333333,1.00356,5.298041283,4.643235889
Liechtenstein,LIE,1992,LIE1992,,0.0218694,19374.7,,,7.635,1.11694,6.085552475,4.815907852
Liechtenstein,LIE,1993,LIE1993,,0.0282109,19270.7,,,7.098333333,1.18558,5.676459258,5.046582335
Liechtenstein,LIE,1994,LIE1994,,0.0518478,19752.5,,,8.27,1.17456,7.2098353,4.980600361
Liechtenstein,LIE,1995,LIE1995,,0.0423546,20217.2,,,7.133333333,1.26784,5.592454525,5.655195729
Liechtenstein,LIE,1996,LIE1996,,0.0518642,20564.7,,,6.441666667,1.08884,5.03266805,4.958760073
Liechtenstein,LIE,1997,LIE1997,,0.0548185,21066.3,,,7.71,1.00564,6.34104055,4.599889015
Liechtenstein,LIE,1998,LIE1998,,0.0600881,21645.3,,,7.388333333,1.1124,5.599524433,4.970168317
Liechtenstein,LIE,1999,LIE1999,,0.0852026,23527.5,,,7.346666667,1.40792,5.67505035,6.546166628
Liechtenstein,LIE,2000,LIE2000,,0.0190134,28009.2,10.2,0.0332,8.053333333,1.23804,6.374881983,5.776756307
Liechtenstein,LIE,2001,LIE2001,,-0.018835,34885,10.4,0.0336,7.395,1.31024,6.052097583,6.143175997
Liechtenstein,LIE,2002,LIE2002,,-0.0202719,43949.4,10.5,0.0339,8.063333333,1.34782,6.646447767,5.583683761
Liechtenstein,LIE,2003,LIE2003,,-0.0289829,54996.8,10.7,0.0342,7.9,0.88652,6.620802817,3.798422384
Liechtenstein,LIE,2004,LIE2004,,0.0210742,67821.9,10.8,0.0345,7.248333333,1.00402,5.962411475,4.642139965
Liechtenstein,LIE,2005,LIE2005,,0.0386235,82219.2,11,0.0347,7.053333333,1.0156,5.578408808,4.860669258
Liechtenstein,LIE,2006,LIE2006,,0.0746592,97983.1,11.2,0.035,7.825,1.06152,6.360454825,4.688686439
Liechtenstein,LIE,2007,LIE2007,,0.0247567,114908.3,11.4,0.0352,7.971666667,1.1863,6.479173283,5.398433396
Liechtenstein,LIE,2008,LIE2008,,0.0100908,132789.2,11.7,0.0355,7.591666667,1.10114,6.39698435,5.338533321
Liechtenstein,LIE,2009,LIE2009,,-0.0191739,84134.3,11.8,0.0357,7.673333333,1.07184,6.559040325,4.985646903
Liechtenstein,LIE,2010,LIE2010,,,92634.4,12.1,0.036,6.543333333,1.14232,5.468642171,5.350278652
Liechtenstein,LIE,2011,LIE2011,,,93773.2,12.2,0.0363,8.436666667,1.0491,7.404805756,4.745812425
Liechtenstein,LIE,2012,LIE2012,,,93404,12.3,0.0366,7.765,1.22318,6.323373413,5.544926991
Liechtenstein,LIE,2013,LIE2013,,,92867.4,12.4,0.0369,7.386666667,1.16228,5.87571106,4.979116614
Liechtenstein,LIE,2014,LIE2014,,,94009.3,12.4,0.0372,8.68,1.07314,7.742876943,5.079301617
Liechtenstein,LIE,2015,LIE2015,,,95355.5,12.4,0.0375,8.703333333,0.95458,7.378081258,4.682022938
Liechtenstein,LIE,2016,LIE2016,,,,12.5,0.0377,8.106666667,1.24572,6.998391724,5.276604405
Liechtenstein,LIE,2017,LIE2017,,,,12.5,0.0378,8.178333333,1.24016,6.529295858,5.333575265
Liechtenstein,LIE,2018,LIE2018,,,,12.5,0.0379,8.948333333,0.91152,7.73470459,4.196977253
Liechtenstein,LIE,2019,LIE2019,,,,12.5,0.038,8.618333333,1.20498,7.210392253,5.254454736
Lithuania,LTU,1990,LTU1990,,,131707.3,8.828909091,7.397,7.91453373,0.804295738,8.216002651,2.448151267
Lithuania,LTU,1991,LTU1991,,-0.0601321,130080.4,9.025090909,7.408,7.19956746,0.623769357,7.322500926,1.879481997
Lithuania,LTU,1992,LTU1992,,-0.23792,117355.5,9.221272727,7.401,7.493775794,0.652386476,7.680817179,1.881486268
Lithuania,LTU,1993,LTU1993,,-0.1723167,108207.8,9.319363636,7.364,6.372291667,0.701452214,6.376649069,2.19807477
Lithuania,LTU,1994,LTU1994,,-0.0958244,95672.9,9.515272727,7.313,6.805007937,0.682128524,7.019936099,2.205030612
Lithuania,LTU,1995,LTU1995,,0.0400684,86012.5,9.711818182,7.258,7.035343254,0.705082786,7.202589379,2.163247963
Lithuania,LTU,1996,LTU1996,,0.0581318,90796.3,9.810272727,7.204,5.543017857,0.549025429,5.506364878,1.725495682
Lithuania,LTU,1997,LTU1997,,0.0794118,98034.7,10.00581818,7.151,6.755517857,0.69608481,6.871897568,2.07086197
Lithuania,LTU,1998,LTU1998,,0.0807626,104508.9,10.20136364,7.099,6.670507937,0.793804572,6.66604047,2.518892604
Lithuania,LTU,1999,LTU1999,,-0.0036954,103258.4,10.39890909,7.048,7.724063492,0.661470714,7.760226812,2.007107733
Lithuania,LTU,2000,LTU2000,,0.0390239,107411.4,10.53636364,7,8.108434524,0.628726643,8.148079575,1.959789798
Lithuania,LTU,2001,LTU2001,,0.0734257,113913.7,10.73454545,6.943,7.143063492,0.769334595,7.117977008,2.290371461
Lithuania,LTU,2002,LTU2002,0.132971191,0.07441,120747.2,10.95181818,6.887,7.73290873,0.624908143,7.909400688,1.94834191
Lithuania,LTU,2003,LTU2003,0.301188087,0.105673,134112.5,11.12636364,6.831,6.847910714,0.638535833,6.948651887,1.770836288
Lithuania,LTU,2004,LTU2004,0.227795458,0.0821615,144484.4,11.29272727,6.754,6.900198413,0.701340952,6.839193037,2.196443052
Lithuania,LTU,2005,LTU2005,0.137159443,0.0914122,156495,11.60545455,6.645,6.856728175,0.650198619,6.867918855,1.969323098
Lithuania,LTU,2006,LTU2006,0.14048605,0.091487,167902.2,11.77727273,6.54,7.348478175,0.615676953,7.50559789,1.748029526
Lithuania,LTU,2007,LTU2007,0.265071297,0.1057323,189375.7,11.83545455,6.463,7.776831349,0.773248667,7.809496067,2.287977108
Lithuania,LTU,2008,LTU2008,0.221065807,0.039139,196744.4,11.96909091,6.396,8.166248016,0.697111762,8.25433866,2.099491582
Lithuania,LTU,2009,LTU2009,-0.231986332,-0.1483814,169944,11.28090909,6.327,7.124230159,0.737439976,7.092338067,2.055479554
Lithuania,LTU,2010,LTU2010,0.004576492,0.0341837,178280.8,11.33545455,6.192,6.291793651,0.86391431,6.225450788,2.392705581
Lithuania,LTU,2011,LTU2011,0.195852375,0.0808535,193370.9,11.51818182,6.056,7.636992063,0.675539595,7.59660212,1.896241188
Lithuania,LTU,2012,LTU2012,-0.003558445,0.049744,203493.3,11.42363636,5.975,6.78196627,0.798525952,6.78072792,2.352212041
Lithuania,LTU,2013,LTU2013,0.071535873,,212820.5,11.62636364,5.915,7.531285714,0.694230119,7.423456023,1.892379198
Lithuania,LTU,2014,LTU2014,0.051741695,,221167.8,12.31363636,5.864,7.84247619,0.653215572,8.014098805,1.924271868
Lithuania,LTU,2015,LTU2015,,,226404.2,12.50454545,5.811,8.415005952,0.584894595,8.422696981,1.830676267
Lithuania,LTU,2016,LTU2016,,,,12.61,5.738,7.721373016,0.77585669,7.746495937,2.313564602
Lithuania,LTU,2017,LTU2017,,,,12.70545455,5.657,7.480605159,0.850389976,7.57227689,2.491464466
Lithuania,LTU,2018,LTU2018,,,,12.70545455,5.6038,8.161015873,0.587422048,8.338593976,1.594409202
Lithuania,LTU,2019,LTU2019,,,,12.80454545,5.5722,8.636730159,0.6249035,8.96840193,1.791745343
Luxembourg,LUX,1990,LUX1990,,0.039315,56437.3,8.8,0.382,10.20833333,0.8708,9.450319317,2.442819601
Luxembourg,LUX,1991,LUX1991,,0.0695112,60499.9,8.9,0.387,9.2,0.6962,8.490120558,1.872018559
Luxembourg,LUX,1992,LUX1992,,0.0047495,60787.9,9,0.392,9.975,0.8402,9.169537583,2.306889276
Luxembourg,LUX,1993,LUX1993,,0.0277243,62496.8,9.1,0.397,9.416666667,0.9192,8.600112575,2.530642899
Luxembourg,LUX,1994,LUX1994,,0.0238789,64007.1,9.2,0.403,10.59166667,0.8697,9.7038098,2.665278672
Luxembourg,LUX,1995,LUX1995,,0.000173,64018.2,9.3,0.409,9.975,0.94,9.2083734,2.796878788
Luxembourg,LUX,1996,LUX1996,,0.0014264,64109.6,9.5,0.414,8.325,0.6582,7.4650141,1.977863887
Luxembourg,LUX,1997,LUX1997,,0.0451466,67070.2,9.7,0.419,9.85,0.8277,8.835836008,2.434744904
Luxembourg,LUX,1998,LUX1998,,0.0504544,70541,9.9,0.425,9.775,0.9154,8.635510567,2.614614408
Luxembourg,LUX,1999,LUX1999,,0.0673395,75454.8,10.1,0.43,10.29166667,0.9674,9.237812858,2.687918193
Luxembourg,LUX,2000,LUX2000,,0.0676031,80732.2,10.3,0.436,10.54166667,1.0046,9.468857608,2.891314242
Luxembourg,LUX,2001,LUX2001,,0.0129622,81494.3,10.5,0.442,9.975,1.0859,8.963455508,2.816627906
Luxembourg,LUX,2002,LUX2002,,0.0296107,83564.9,10.7,0.446,10.45833333,1.0315,9.5196318,2.674447192
Luxembourg,LUX,2003,LUX2003,,0.0043657,83709.4,10.9,0.452,10.3,0.6977,9.491818058,2.013332374
Luxembourg,LUX,2004,LUX2004,,0.0285646,86168.4,11.1,0.458,9.825,0.8372,8.801012058,2.186848505
Luxembourg,LUX,2005,LUX2005,,0.0358962,87589.5,11.3,0.465,10.05833333,0.7255,9.1426566,2.00916072
Luxembourg,LUX,2006,LUX2006,,0.0322299,90609,11.5,0.473,10.40833333,0.8491,9.601494383,2.463891914
Luxembourg,LUX,2007,LUX2007,,0.0483573,96711,11.7,0.48,10.61666667,0.9715,9.613503467,2.748988045
Luxembourg,LUX,2008,LUX2008,,-0.0252479,94196.8,11.7,0.489,10.04166667,0.9089,8.928400725,2.724383322
Luxembourg,LUX,2009,LUX2009,,-0.075683,87496.5,11.8,0.498,10.16666667,0.8795,9.1535499,2.457260564
Luxembourg,LUX,2010,LUX2010,,0.012289,90790.8,11.8,0.507,8.933333333,0.9223,7.963445487,2.46705238
Luxembourg,LUX,2011,LUX2011,,-0.0033559,91073.3,11.8,0.518,10.71666667,0.7511,9.859941839,2.049811614
Luxembourg,LUX,2012,LUX2012,,-0.0257742,88159.1,11.8,0.531,9.991666667,0.9082,9.018049474,2.741562289
Luxembourg,LUX,2013,LUX2013,,-0.0016789,89889.4,11.8,0.543,9.466666667,0.8759,8.440799311,2.660833018
Luxembourg,LUX,2014,LUX2014,,,91368.1,12,0.556,11.23333333,0.8422,10.24267862,2.578930087
Luxembourg,LUX,2015,LUX2015,,,93552.6,12,0.57,10.68333333,0.7439,9.746672649,2.145032582
Luxembourg,LUX,2016,LUX2016,,,,12.1,0.582,10.275,0.8951,9.279396434,2.663748328
Luxembourg,LUX,2017,LUX2017,,,,12.2,0.596,10.58333333,0.825,9.707976688,2.435881189
Luxembourg,LUX,2018,LUX2018,,,,12.2,0.608,11.26666667,0.7481,10.5371607,2.134948779
Luxembourg,LUX,2019,LUX2019,,,,12.3,0.62,10.96666667,0.8269,10.02755439,2.643072213
Madagascar,MDG,1990,MDG1990,,0.0009093,1660.7,,,21.67420996,1.185632282,21.36600538,3.536842296
Madagascar,MDG,1991,MDG1991,,-0.0952463,1509.8,,,21.71040983,1.434856793,21.41856739,3.858157177
Madagascar,MDG,1992,MDG1992,,-0.0184754,1482.2,,,21.68605677,1.617814071,21.10249055,3.584673507
Madagascar,MDG,1993,MDG1993,,-0.0097633,1467.8,,,21.59974228,1.59387149,20.97989121,3.879817077
Madagascar,MDG,1994,MDG1994,,-0.031547,1422.2,,,21.98957969,1.399488981,21.07417062,4.677177225
Madagascar,MDG,1995,MDG1995,,-0.014187,1402.2,,,21.86467338,1.573752848,21.29288374,4.210273019
Madagascar,MDG,1996,MDG1996,,-0.0102112,1387.9,,,21.71987977,1.630720263,21.1266466,4.145593805
Madagascar,MDG,1997,MDG1997,,0.0046066,1394.4,,,21.94938611,1.648531276,21.22985199,4.390827514
Madagascar,MDG,1998,MDG1998,,0.0069042,1404,,,22.21619197,1.726456912,21.53237261,4.339039588
Madagascar,MDG,1999,MDG1999,,0.0140866,1423.9,,,21.77255763,1.430952029,21.11247598,3.256936109
Madagascar,MDG,2000,MDG2000,,0.0154112,1446,4.443391304,31.534,21.9192392,1.451477105,21.16258656,4.203474899
Madagascar,MDG,2001,MDG2001,,0.0277313,1486.7,4.443391304,32.524,21.90118697,1.619953413,21.39832573,3.728567734
Madagascar,MDG,2002,MDG2002,,-0.1658667,1259.5,4.52873913,33.532,21.92711811,1.674304249,21.30247664,4.406193609
Madagascar,MDG,2003,MDG2003,,0.0633784,1341.9,4.614173913,34.558,22.10485406,1.562042967,21.35330004,4.525786616
Madagascar,MDG,2004,MDG2004,,0.0216347,1371.2,4.69973913,35.606,21.88972741,1.596861456,21.34851248,4.655969363
Madagascar,MDG,2005,MDG2005,,0.0157632,1393,4.785130435,36.674,22.03211159,1.548127231,21.39934772,3.720220145
Madagascar,MDG,2006,MDG2006,,0.0201357,1421.4,4.870565217,37.761,21.93178597,1.564879364,21.65345683,3.484609375
Madagascar,MDG,2007,MDG2007,,0.0320044,1467.6,4.956,38.869,22.01909538,1.554741309,21.44186648,4.948806407
Madagascar,MDG,2008,MDG2008,,0.0405708,1528.3,5.041521739,39.993,21.7783381,1.589929425,21.28454266,4.280118672
Madagascar,MDG,2009,MDG2009,,-0.0691156,1426.3,5.041521739,41.139,22.03446451,1.597749182,21.58034245,4.16291767
Madagascar,MDG,2010,MDG2010,,-0.0318035,1390.4,5.157086957,42.305,22.36651288,1.452047159,21.90573444,4.042744205
Madagascar,MDG,2011,MDG2011,,-0.0178248,1371.6,5.27226087,43.49,22.24178599,1.435456651,21.66678106,4.088949968
Madagascar,MDG,2012,MDG2012,,-0.0046458,1374.2,5.300608696,44.694,22.17368529,1.464561107,21.44531661,4.474626369
Madagascar,MDG,2013,MDG2013,,-0.00716,1366.6,5.328,45.923,22.10015602,1.575316837,21.47786592,3.868950083
Madagascar,MDG,2014,MDG2014,,,1370.7,5.354304348,47.178,22.33432349,1.570369234,21.63074531,4.106515926
Madagascar,MDG,2015,MDG2015,,,1373.3,5.379869565,48.468,22.38428806,1.434241199,21.65942517,5.194171278
Madagascar,MDG,2016,MDG2016,,,,5.404521739,49.79,22.22916928,1.289084867,21.58661956,3.716815272
Madagascar,MDG,2017,MDG2017,,,,5.42826087,51.144,22.49569177,1.434528063,21.92031473,4.208979098
Madagascar,MDG,2018,MDG2018,,,,5.451434783,52.524,22.29650593,1.584471701,21.66117573,4.241267814
Madagascar,MDG,2019,MDG2019,,,,5.451434783,53.941,22.53981489,1.599539589,22.07538722,4.303477549
Malawi,MWI,1990,MWI1990,,0.0185224,746.5,2.574071429,18.81,22.58792124,0.837291013,21.92528004,2.657018269
Malawi,MWI,1991,MWI1991,,0.0616733,795.1,2.574071429,19.201,22.42749898,1.072227949,21.56377765,3.251879062
Malawi,MWI,1992,MWI1992,,-0.0866553,730.8,2.676928571,19.373,22.95879731,0.660489878,22.4083203,2.231831511
Malawi,MWI,1993,MWI1993,,0.088292,800.4,2.667071429,19.42,22.60162088,1.003329756,21.7970798,3.099189374
Malawi,MWI,1994,MWI1994,,-0.1132334,716.4,2.759857143,19.493,22.58845238,0.763583394,21.78197601,2.561589422
Malawi,MWI,1995,MWI1995,,0.1433459,828,2.750714286,19.688,23.07945462,0.951776325,22.18735143,2.829548268
Malawi,MWI,1996,MWI1996,,0.0517988,872.2,2.8435,20.044,22.65087403,1.109611307,21.81462058,3.300806487
Malawi,MWI,1997,MWI1997,,0.0128078,882.9,2.835071429,20.529,22.71818885,1.24197105,21.62765216,4.25121239
Malawi,MWI,1998,MWI1998,,0.0101677,891,2.927785714,21.105,23.08557692,0.899192466,22.19819209,2.734025521
Malawi,MWI,1999,MWI1999,,0.00118,891.2,3.0205,21.709,22.44715914,1.214884798,21.51043896,3.17072653
Malawi,MWI,2000,MWI2000,,-0.0120156,880.1,3.012642857,22.296,22.45057184,1.16513757,21.49629639,3.867983423
Malawi,MWI,2001,MWI2001,,-0.0773267,814.6,3.101642857,22.864,22.68117827,1.244430537,21.77088008,3.342898855
Malawi,MWI,2002,MWI2002,,-0.0089288,807.6,3.190214286,23.429,22.84409239,0.941350293,21.71731318,2.998374777
Malawi,MWI,2003,MWI2003,,0.0277206,832.4,3.279,24,22.93125254,1.003780146,21.6822858,3.481563715
Malawi,MWI,2004,MWI2004,,0.0207417,855,3.268571429,24.605,22.80229345,1.174800427,21.4936513,3.529358244
Malawi,MWI,2005,MWI2005,,0.000099,859.4,3.379428571,25.251,23.58696785,0.814887827,22.38976481,2.351617698
Malawi,MWI,2006,MWI2006,,-0.0087763,874.8,3.589857143,25.949,22.9852442,0.821602247,21.82914953,3.413896323
Malawi,MWI,2007,MWI2007,,0.0606068,931.4,3.801142857,26.684,23.00180098,1.115744652,21.77291657,3.760062613
Malawi,MWI,2008,MWI2008,,0.0496129,973.2,3.913,27.455,22.75085165,1.088218779,21.56596036,3.173701725
Malawi,MWI,2009,MWI2009,,0.0561936,1023.1,4.125571429,28.257,22.81027472,1.099715604,21.68151278,3.268829669
Malawi,MWI,2010,MWI2010,,-0.1299046,1060.7,4.338642857,29.08,23.31125356,0.8890979,22.12088525,3.315930514
Malawi,MWI,2011,MWI2011,,0.0134228,1078.9,4.313285714,29.924,22.68380952,1.150297106,22.06268238,2.90947234
Malawi,MWI,2012,MWI2012,,-0.0099473,1066,4.288857143,30.792,22.68870167,1.064759646,21.95264446,3.259337024
Malawi,MWI,2013,MWI2013,,0.0202287,1087.6,4.364714286,31.678,22.70558303,1.065187375,21.87310166,3.300107063
Malawi,MWI,2014,MWI2014,,,1114.8,4.341857143,32.579,22.78071123,0.948391074,21.99855974,3.307918432
Malawi,MWI,2015,MWI2015,,,1113,4.320071429,33.49,23.15171652,0.968024591,22.30010066,3.199878763
Malawi,MWI,2016,MWI2016,,,,4.396428571,34.409,23.05351954,0.93032094,22.44419897,2.866420808
Malawi,MWI,2017,MWI2017,,,,4.396428571,35.341,22.81336182,1.144393968,22.02839238,3.580021084
Malawi,MWI,2018,MWI2018,,,,4.494285714,36.286,22.84122812,1.171654237,22.00932897,3.335300466
Malawi,MWI,2019,MWI2019,,,,4.592071429,37.259,23.09572446,1.423920342,22.13592174,4.062667621
Malaysia,MYS,1990,MYS1990,,0.0581987,86155.1,6.4445625,36.0602,27.02701867,2.173490922,25.55622529,6.127882284
Malaysia,MYS,1991,MYS1991,,0.0641445,92515.5,6.6428125,37.0397,26.96866981,2.512057412,25.26915227,7.211206233
Malaysia,MYS,1992,MYS1992,,0.0590028,98839.4,6.841125,38.0061,26.92107502,2.233770344,25.23375954,6.284063348
Malaysia,MYS,1993,MYS1993,,0.068841,106646.3,7.0395,38.9686,26.80166079,2.692961919,25.03120522,7.533255328
Malaysia,MYS,1994,MYS1994,,0.0628048,114417.9,7.3369375,39.9551,26.89150177,2.568450342,25.16737731,6.796051822
Malaysia,MYS,1995,MYS1995,,0.068403,123546.8,7.53525,40.9767,26.95750375,2.919925816,25.21541033,7.876329404
Malaysia,MYS,1996,MYS1996,,0.0698741,133796.9,7.733625,42.0343,26.87974508,2.8465929,25.07521924,7.378855684
Malaysia,MYS,1997,MYS1997,,0.0453122,141365.6,7.9319375,43.126,27.21137858,2.286707501,25.23151988,6.483868458
Malaysia,MYS,1998,MYS1998,,-0.1013178,128771.2,8.1300625,44.2287,27.60970148,2.443806371,25.98250934,6.921996656
Malaysia,MYS,1999,MYS1999,,0.0356545,134058.5,8.328375,45.3243,26.84397885,3.048642556,24.94088596,7.75467264
Malaysia,MYS,2000,MYS2000,,0.062224,142555.6,8.526625,46.389,27.03627877,2.98254386,25.16339693,7.372422134
Malaysia,MYS,2001,MYS2001,,-0.0161691,139332.2,8.328375,47.4186,27.14312351,2.618967265,25.18981654,7.365515487
Malaysia,MYS,2002,MYS2002,,0.0323136,142409,8.1300625,48.4141,27.44097612,2.345856738,25.77522094,5.571662085
Malaysia,MYS,2003,MYS2003,,0.0369276,146221.5,7.9319375,49.3976,27.21512647,2.833267085,25.62147064,6.131654783
Malaysia,MYS,2004,MYS2004,,0.0467513,152179.5,7.733625,50.3821,27.17119074,2.376651641,25.69605582,5.713490655
Malaysia,MYS,2005,MYS2005,,0.0332644,157378.4,7.53525,51.3826,27.1819041,2.521444012,25.92438658,5.99374786
Malaysia,MYS,2006,MYS2006,0.126116467,0.0358055,164772,8.1300625,52.4032,27.0133998,2.797622166,25.19918149,7.247902053
Malaysia,MYS,2007,MYS2007,0.118414497,0.0427617,171569,8.7248125,53.4408,26.98384509,2.795461861,25.12135022,8.011453635
Malaysia,MYS,2008,MYS2008,0.116840998,0.0291346,175505.2,9.3200625,54.4723,26.836539,3.083226427,24.92735844,8.204992396
Malaysia,MYS,2009,MYS2009,-0.074647999,-0.0329678,167576.8,9.5185625,55.4709,27.1004235,2.958125708,25.40139366,7.310108874
Malaysia,MYS,2010,MYS2010,0.156766955,0.0543032,181242,9.7169375,56.4163,27.38542387,2.703396727,25.67774157,7.368282381
Malaysia,MYS,2011,MYS2011,0.124327564,0.0330638,187799.7,10.014,57.3007,27.02745899,3.037461405,25.1156482,7.600159974
Malaysia,MYS,2012,MYS2012,0.046128527,0.0382798,195006,10.014,58.1359,27.19861765,2.930274319,25.20624473,7.712702255
Malaysia,MYS,2013,MYS2013,0.026399422,0.0296277,201185.8,10.014,58.9382,27.2998015,2.812883198,25.38722884,7.291649902
Malaysia,MYS,2014,MYS2014,0.122041893,,210126.2,10.014,59.7344,27.28420231,2.444585006,25.47142384,7.434177243
Malaysia,MYS,2015,MYS2015,-0.253585847,,217411,10.113625,60.5426,27.42572445,2.389510712,25.63444313,6.42103151
Malaysia,MYS,2016,MYS2016,,,,10.113625,61.3699,27.71835537,2.477057656,26.17899592,6.340388244
Malaysia,MYS,2017,MYS2017,,,,10.113625,62.2102,27.23989528,2.698575909,25.44300445,7.876440534
Malaysia,MYS,2018,MYS2018,,,,10.113625,63.0575,27.27332661,2.811443583,25.55432597,7.184497442
Malaysia,MYS,2019,MYS2019,,,,10.31225,63.8988,27.63590571,2.260027134,25.94562332,5.932049967
Maldives,MDV,1990,MDV1990,,,,,,0,0,,
Maldives,MDV,1991,MDV1991,,,,,,0,0,,
Maldives,MDV,1992,MDV1992,,,,,,0,0,,
Maldives,MDV,1993,MDV1993,,,,,,0,0,,
Maldives,MDV,1994,MDV1994,,,,,,0,0,,
Maldives,MDV,1995,MDV1995,,,,3.071571429,0.5082,0,0,,
Maldives,MDV,1996,MDV1996,,,,2.983714286,0.5182,0,0,,
Maldives,MDV,1997,MDV1997,,,,2.896142857,0.5279,0,0,,
Maldives,MDV,1998,MDV1998,,,,2.808142857,0.5365,0,0,,
Maldives,MDV,1999,MDV1999,,,,2.720571429,0.5474,0,0,,
Maldives,MDV,2000,MDV2000,,,,2.632714286,0.5583,0,0,,
Maldives,MDV,2001,MDV2001,,,,2.720571429,0.5723,0,0,,
Maldives,MDV,2002,MDV2002,,0.0416455,,2.808142857,0.5882,0,0,,
Maldives,MDV,2003,MDV2003,,0.1153615,,2.896142857,0.6057,0,0,,
Maldives,MDV,2004,MDV2004,,0.1006828,,2.983714286,0.6218,0,0,,
Maldives,MDV,2005,MDV2005,,-0.1079335,,3.071571429,0.6395,0,0,,
Maldives,MDV,2006,MDV2006,,0.1613766,,3.334857143,0.6547,0,0,,
Maldives,MDV,2007,MDV2007,,0.0826349,,3.422714286,0.67,0,0,,
Maldives,MDV,2008,MDV2008,,0.0970827,,3.773714286,0.6865,0,0,,
Maldives,MDV,2009,MDV2009,,-0.0553926,,4.124714286,0.7062,0,0,,
Maldives,MDV,2010,MDV2010,,0.0495073,,4.332857143,0.7322,0,0,,
Maldives,MDV,2011,MDV2011,,0.0436826,,4.628857143,0.761,0,0,,
Maldives,MDV,2012,MDV2012,,-0.0060978,,4.925,0.7939,0,0,,
Maldives,MDV,2013,MDV2013,,0.0172132,,5.131142857,0.832,0,0,,
Maldives,MDV,2014,MDV2014,,,,5.607428571,0.8697,0,0,,
Maldives,MDV,2015,MDV2015,,,,6.085714286,0.9095,0,0,,
Maldives,MDV,2016,MDV2016,,,,6.200285714,0.9519,0,0,,
Maldives,MDV,2017,MDV2017,,,,6.222285714,0.9923,0,0,,
Maldives,MDV,2018,MDV2018,,,,6.222285714,1.0317,0,0,,
Maldives,MDV,2019,MDV2019,,,,6.405,1.0616,0,0,,
Mali,MLI,1990,MLI1990,,-0.0361417,893.3,0.853222222,16.8991,28.82557616,0.518008366,28.38130856,1.303300864
Mali,MLI,1991,MLI1991,,-0.004648,976.3,0.853222222,17.2721,28.60788162,0.578102761,28.13196273,1.509891047
Mali,MLI,1992,MLI1992,,0.0566692,921.7,0.974888889,17.6996,28.27925832,0.550000049,27.64034451,1.448222789
Mali,MLI,1993,MLI1993,,-0.0468493,925.9,0.974888889,18.1736,28.77117465,0.514674823,28.30191481,1.31633584
Mali,MLI,1994,MLI1994,,-0.016837,935,1.097,18.6686,28.08799183,0.715451305,27.3936123,1.8490647
Mali,MLI,1995,MLI1995,,0.0343857,918.5,1.097,19.1721,28.49594021,0.564813605,27.8718904,1.472409605
Mali,MLI,1996,MLI1996,,0.0060533,957.4,1.191666667,19.676,28.86271313,0.54690071,28.3738593,1.305053157
Mali,MLI,1997,MLI1997,,0.0397215,977.3,1.167111111,20.188,28.744189,0.572413592,28.05703742,1.29190692
Mali,MLI,1998,MLI1998,,0.0324923,1023.5,1.259333333,20.722,29.12435568,0.60054706,28.5976789,1.411065234
Mali,MLI,1999,MLI1999,,0.0382637,1052.4,1.236666667,21.287,28.36900884,0.709889432,27.63184864,1.580024792
Mali,MLI,2000,MLI2000,,0.0035029,1022.2,1.326333333,21.894,28.63128774,0.534979122,28.02404851,1.32566465
Mali,MLI,2001,MLI2001,,0.0851949,1138.2,1.414111111,22.545,28.83851657,0.567607523,28.37277512,1.167012431
Mali,MLI,2002,MLI2002,,0.0108583,1192.1,1.507333333,23.234,29.14036392,0.480833445,28.65632005,1.213704962
Mali,MLI,2003,MLI2003,,0.0412718,1305.7,1.597777778,23.967,29.01824823,0.673462855,28.51591119,1.574735172
Mali,MLI,2004,MLI2004,,-0.009375,1187.5,1.685888889,24.738,29.13274821,0.596522375,28.72520873,1.097841077
Mali,MLI,2005,MLI2005,,0.0276912,1269.2,1.771111111,25.55,29.20740567,0.591151749,28.73757636,1.258721117
Mali,MLI,2006,MLI2006,,0.0506268,1382.1,1.750666667,26.405,28.85155241,0.6057409,28.22895208,1.204856321
Mali,MLI,2007,MLI2007,,0.0101397,1448,1.846222222,27.487,28.98578907,0.56788971,28.2483936,1.251835761
Mali,MLI,2008,MLI2008,,0.0166721,1534.4,1.941666667,28.598,28.59883687,0.658759784,27.86954762,1.443851551
Mali,MLI,2009,MLI2009,,0.0120685,1659.7,1.934777778,29.718,29.0381817,0.611979711,28.41474331,1.31923284
Mali,MLI,2010,MLI2010,,0.0255812,1782.7,2.03,30.839,29.32602989,0.739198153,28.90553468,1.619995365
Mali,MLI,2011,MLI2011,,-0.0034007,1862.9,2.023888889,31.954,29.07529134,0.53772706,28.52184616,1.135312761
Mali,MLI,2012,MLI2012,,-0.0339419,2011,2.118888889,33.069,28.66761551,0.675158576,27.96979561,1.407746768
Mali,MLI,2013,MLI2013,,-0.0084548,2089.9,2.213777778,34.194,28.91626321,0.630793112,28.54687758,1.223922375
Mali,MLI,2014,MLI2014,,,2187.5,2.251555556,34.901,28.90327457,0.613941908,28.4519324,1.173738333
Mali,MLI,2015,MLI2015,,,2285.3,2.006222222,35.652,29.02155005,0.622565037,28.33072699,1.345978012
Mali,MLI,2016,MLI2016,,,,2.056888889,36.446,29.26004199,0.622955415,28.80412228,1.300531582
Mali,MLI,2017,MLI2017,,,,2.109,37.283,29.1648824,0.555857585,28.77579271,1.179639319
Mali,MLI,2018,MLI2018,,,,2.162666667,38.156,29.11261189,0.664553306,28.68493544,1.448479862
Mali,MLI,2019,MLI2019,,,,2.162666667,39.316,28.78752772,0.665344237,28.59000755,1.505424819
Mauritania,MRT,1990,MRT1990,,-0.0453525,2815.7,2.061076923,4.06784,29.17774161,0.1358966,28.28810975,0.244262141
Mauritania,MRT,1991,MRT1991,,-0.010152,2787.4,2.154769231,4.17521,28.91190498,0.130677333,27.77549272,0.254569814
Mauritania,MRT,1992,MRT1992,,-0.009654,2760.7,2.248538462,4.28567,28.76505947,0.12527376,27.64959554,0.195540501
Mauritania,MRT,1993,MRT1993,,0.0285244,2840.7,2.342230769,4.39834,28.95971507,0.164398363,27.6634278,0.347759646
Mauritania,MRT,1994,MRT1994,,-0.0599292,2675.3,2.342230769,4.51191,28.4890896,0.185698297,27.35779562,0.408596987
Mauritania,MRT,1995,MRT1995,,0.0645693,2853.4,2.435769231,4.62689,28.90699627,0.195666667,27.66558998,0.407866997
Mauritania,MRT,1996,MRT1996,,0.0272551,2931.7,2.529615385,4.74667,29.21329979,0.135528705,28.14183774,0.282727409
Mauritania,MRT,1997,MRT1997,,-0.0707685,2730.9,2.623153846,4.86775,29.31602616,0.159845084,28.00284073,0.318597918
Mauritania,MRT,1998,MRT1998,,0.0145249,2724,2.623153846,4.99194,29.67003419,0.176444272,28.41908585,0.35760711
Mauritania,MRT,1999,MRT1999,,0.0443884,2846.6,2.716846154,5.12314,28.69966105,0.224302041,27.38984139,0.349248229
Mauritania,MRT,2000,MRT2000,,-0.034435,2749.1,2.810692308,5.26024,29.0279569,0.185443835,27.91826963,0.386843055
Mauritania,MRT,2001,MRT2001,,-0.01041,2719,2.810692308,5.40566,29.50953998,0.162378133,28.57589369,0.247280858
Mauritania,MRT,2002,MRT2002,,-0.0237278,2653.4,2.892769231,5.55576,29.4044074,0.133918771,28.24037228,0.182038301
Mauritania,MRT,2003,MRT2003,,0.0278641,2726.9,2.975230769,5.71396,29.27516215,0.226307337,28.18064127,0.476638667
Mauritania,MRT,2004,MRT2004,,0.0260646,2798.8,3.057461538,5.87758,29.34592691,0.180643595,28.13918805,0.23300052
Mauritania,MRT,2005,MRT2005,,0.0566317,2963.6,3.139769231,6.0481,29.52122016,0.20666988,28.46597113,0.331384588
Mauritania,MRT,2006,MRT2006,,0.1441695,3427.5,3.129923077,6.22393,29.31574451,0.16110605,28.06576424,0.273543247
Mauritania,MRT,2007,MRT2007,,-0.0121013,3432.5,3.212230769,6.40497,29.32735214,0.177003619,27.9525322,0.28742584
Mauritania,MRT,2008,MRT2008,,0.0070607,3381.9,3.358538462,6.59386,29.30766834,0.214512494,28.13505509,0.300733966
Mauritania,MRT,2009,MRT2009,,-0.0391344,3263.1,3.502769231,6.78995,29.15524777,0.211513128,28.09297452,0.29960495
Mauritania,MRT,2010,MRT2010,,0.0159,3333.7,3.645076923,6.99526,29.91865007,0.258495037,29.09848463,0.49984161
Mauritania,MRT,2011,MRT2011,,0.0136885,3403.5,3.785692308,7.20687,29.34394016,0.166521999,28.27508518,0.240692454
Mauritania,MRT,2012,MRT2012,,0.0427529,3511.3,3.882769231,7.42234,29.07920611,0.228655491,27.76263015,0.37280892
Mauritania,MRT,2013,MRT2013,,0.0404577,3633.2,3.979769231,7.64511,29.51247293,0.204258254,28.40389422,0.295330063
Mauritania,MRT,2014,MRT2014,,,3693.5,4.174,7.87299,29.21696548,0.159052225,28.33460347,0.19331992
Mauritania,MRT,2015,MRT2015,,,3710.2,4.174,8.10277,29.54699559,0.192945109,28.50299181,0.324104917
Mauritania,MRT,2016,MRT2016,,,,4.271,8.3377,29.62297267,0.186060581,28.88222692,0.290197682
Mauritania,MRT,2017,MRT2017,,,,4.368,8.5761,29.58842718,0.163693867,28.88307622,0.201671659
Mauritania,MRT,2018,MRT2018,,,,4.465153846,8.8163,29.06865772,0.179057832,28.1617168,0.234605889
Mauritania,MRT,2019,MRT2019,,,,4.562230769,9.0606,29.12576207,0.169255786,28.31463068,0.277302446
Mauritius,MUS,1990,MUS1990,,0.0600518,7567.5,5.398,2.1176,23.12561728,1.356218518,22.96077625,2.10478323
Mauritius,MUS,1991,MUS1991,,0.0326043,7818.3,5.493,2.14,23.48858024,1.634874074,23.10012196,2.109666677
Mauritius,MUS,1992,MUS1992,,0.0499366,8218.7,5.58725,2.1684,23.05123457,1.340796296,22.63980225,2.320707112
Mauritius,MUS,1993,MUS1993,,0.037716,8534.6,5.682,2.1948,23.17839506,2.295296296,22.67833787,2.245575031
Mauritius,MUS,1994,MUS1994,,0.0265283,8764,5.77675,2.2263,23.35833333,1.796507407,23.05454304,1.826310936
Mauritius,MUS,1995,MUS1995,,0.0333843,9061.5,5.96625,2.2446,23.24444444,1.986762963,22.85328756,3.835395784
Mauritius,MUS,1996,MUS1996,,0.0441454,9470.5,5.87175,2.268,22.99537037,1.435481481,22.65336899,2.262368276
Mauritius,MUS,1997,MUS1997,,0.0427953,9884.6,5.87175,2.2954,23.33395062,1.770737037,22.81250117,2.173080571
Mauritius,MUS,1998,MUS1998,,0.0484208,10375,5.87175,2.3208,23.6212963,2.000166667,23.14602805,2.194382095
Mauritius,MUS,1999,MUS1999,,0.0130603,10511.4,5.87175,2.3502,23.26635803,1.125022222,22.8571338,1.321660438
Mauritius,MUS,2000,MUS2000,,0.0765951,11348.1,5.87175,2.3736,23.17438272,1.527207407,22.6980261,2.289568365
Mauritius,MUS,2001,MUS2001,,0.0145098,11548.6,6.061,2.3929,23.64537037,1.470207407,23.08492713,2.079031439
Mauritius,MUS,2002,MUS2002,,0.012353,11711.1,6.25025,2.4101,23.60648148,1.809462963,23.12773294,2.477896569
Mauritius,MUS,2003,MUS2003,,0.0255458,12051.8,6.43975,2.4264,23.77716049,1.981818519,23.34738213,2.263148095
Mauritius,MUS,2004,MUS2004,,0.0472567,12664.6,6.62925,2.4416,23.64104938,1.8397,23.02471156,2.600336301
Mauritius,MUS,2005,MUS2005,,0.0043694,12746.1,6.8185,2.4569,23.48395062,2.220351852,23.09067836,2.826385225
Mauritius,MUS,2006,MUS2006,,0.031149,13187.6,7.008,2.468,23.67407407,2.012974074,23.1496323,2.583748688
Mauritius,MUS,2007,MUS2007,,0.0510938,13901,7.1975,2.4792,23.69351852,1.763033333,23.13642203,2.598061698
Mauritius,MUS,2008,MUS2008,,0.0471997,14614.1,7.38675,2.4884,23.62654321,1.905655556,23.02339839,2.86484177
Mauritius,MUS,2009,MUS2009,,0.0245372,15019.8,7.57625,2.4945,24.12530864,1.862422222,23.41809435,2.785109499
Mauritius,MUS,2010,MUS2010,,0.0356674,15598.5,7.76575,2.5006,24.15092593,1.957744444,23.55067385,2.066236559
Mauritius,MUS,2011,MUS2011,,0.0337838,16179.3,8.04975,2.5046,24.10709877,1.790807407,23.50258841,2.070946315
Mauritius,MUS,2012,MUS2012,,0.0277977,16654.3,8.14425,2.5127,23.96944445,1.602140741,23.27698639,2.018280531
Mauritius,MUS,2013,MUS2013,,0.0275287,17147.6,8.42875,2.5178,23.97746913,1.755285185,23.29839214,2.346543955
Mauritius,MUS,2014,MUS2014,,,17736.9,8.618,2.5219,24.35123457,1.631796296,23.53215168,2.720717559
Mauritius,MUS,2015,MUS2015,,,18333.4,8.618,2.5259,24.30216049,2.073644444,23.58085397,3.253463519
Mauritius,MUS,2016,MUS2016,,,,8.80725,2.526,24.09475309,1.454240741,23.34454196,2.17219452
Mauritius,MUS,2017,MUS2017,,,,8.80725,2.53,24.47191358,1.673544444,23.62800851,2.821460109
Mauritius,MUS,2018,MUS2018,,,,8.902,2.53,24.25864198,2.533040741,23.47587178,3.594376821
Mauritius,MUS,2019,MUS2019,,,,8.997,2.532,24.56450617,1.919814815,23.91219504,2.368875546
Mexico,MEX,1990,MEX1990,0.138162166,0.0288994,389617.2,5.354121212,167.979,21.05216043,0.973831484,19.84599938,2.937189481
Mexico,MEX,1991,MEX1991,0.158579439,0.0205106,398684.8,5.548787879,171.119,21.10963196,0.870336826,19.92699926,2.914697464
Mexico,MEX,1992,MEX1992,0.117607325,0.0146146,405330.3,5.743424242,174.247,20.77310328,0.930286169,19.46675535,3.107805607
Mexico,MEX,1993,MEX1993,-0.025737539,0.0189087,413440.3,5.938121212,177.349,21.00610402,0.887321093,19.95835704,2.775848122
Mexico,MEX,1994,MEX1994,0.013162881,0.0258029,424013.8,6.035363636,180.41,21.3369122,0.795134457,20.37256212,2.361425522
Mexico,MEX,1995,MEX1995,-0.405451015,-0.078907,395663.1,6.230030303,183.425,21.31551159,0.92078132,20.32970977,2.848670095
Mexico,MEX,1996,MEX1996,0.128708914,0.0383018,411936.6,6.327393939,186.395,21.04473445,0.846785963,19.96675111,2.647551603
Mexico,MEX,1997,MEX1997,0.165770337,0.049296,430670,6.327393939,189.324,21.05211359,0.877672409,19.86862843,2.750823828
Mexico,MEX,1998,MEX1998,0.043193802,0.0288128,443946.8,6.424757576,192.218,21.52397635,0.97185456,20.44374559,2.64188395
Mexico,MEX,1999,MEX1999,0.121225327,0.0101829,446404.2,6.424757576,195.078,20.95749117,0.941152669,19.89515814,2.599846207
Mexico,MEX,2000,MEX2000,0.162302926,0.0365086,461493.1,6.522090909,197.904,21.13561118,0.852431766,20.05610852,2.414979571
Mexico,MEX,2001,MEX2001,0.066284508,-0.0200905,460127.1,6.631151515,202.384,20.96831322,0.850998412,19.89681933,2.502357362
Mexico,MEX,2002,MEX2002,0.030066401,-0.0117325,452322.7,6.837818182,206.829,21.20476117,0.885881966,20.08752087,2.538470092
Mexico,MEX,2003,MEX2003,-0.033099979,0.0017169,453779.7,6.947090909,211.298,21.28014053,0.914921574,20.2429733,2.580353557
Mexico,MEX,2004,MEX2004,0.059719086,0.0298704,468947.4,7.252212121,215.834,21.02196506,0.990031785,19.79291453,2.51223662
Mexico,MEX,2005,MEX2005,0.337547734,0.0176059,474869.6,7.459878788,220.487,21.23112454,0.849576791,20.31457587,2.517013482
Mexico,MEX,2006,MEX2006,0.095861286,0.0363744,489427.7,7.864484848,225.272,21.3633942,0.98591395,20.17424985,2.803512006
Mexico,MEX,2007,MEX2007,0.059791744,0.0184716,593628.7,7.875848485,230.18,21.13112984,0.937316875,20.04135401,2.779716642
Mexico,MEX,2008,MEX2008,0.048797369,0.0013171,602255.2,7.887272727,235.162,21.03986604,0.939020818,19.9476414,2.949120784
Mexico,MEX,2009,MEX2009,-0.229779959,-0.0607178,536318.4,8.095545455,240.154,21.5711712,0.805032615,20.46789757,2.441466423
Mexico,MEX,2010,MEX2010,0.145115852,0.0373456,554862.6,7.908848485,245.108,20.7439298,0.956522447,19.69587777,3.124947931
Mexico,MEX,2011,MEX2011,0.09644264,0.0272166,568897.3,8.331363636,244.933,21.52072258,0.850540981,20.45944411,2.497546078
Mexico,MEX,2012,MEX2012,0.004113734,0.0266833,583463.2,8.557090909,244.705,21.50170199,0.86114984,20.32846667,2.536062074
Mexico,MEX,2013,MEX2013,0.032610029,-0.0015654,583290.4,8.384121212,244.426,21.17483019,1.10334142,20.10290134,3.257129695
Mexico,MEX,2014,MEX2014,0.00085488,,588588.3,8.40969697,244.093,21.28355884,1.033477475,20.16139903,2.93711783
Mexico,MEX,2015,MEX2015,,,595826.7,8.635393939,243.715,21.52103585,0.876286857,20.36141175,2.963746934
Mexico,MEX,2016,MEX2016,,,,8.635393939,246.664,21.71244054,0.92938974,20.44289613,2.812777606
Mexico,MEX,2017,MEX2017,,,,8.635393939,249.552,21.93423174,0.952324514,20.65593236,2.808254269
Mexico,MEX,2018,MEX2018,,,,8.635393939,252.382,21.61762165,0.962779154,20.36059861,2.881029159
Mexico,MEX,2019,MEX2019,,,,8.836121212,255.151,21.9555744,0.874609733,20.8565423,2.506458129
mibia,M,1990,M1990,,,,5.425142857,2866.2,21.0688606,0.358598114,21.98321324,1.258286024
mibia,M,1991,M1991,,,,5.425142857,2952.9,20.92968148,0.393467938,21.41450683,1.447953751
mibia,M,1992,M1992,,,,5.425142857,3033.8,21.2349843,0.181345027,22.29921051,0.659668387
mibia,M,1993,M1993,,,,5.425142857,3110.1,21.1685749,0.369575638,21.91874334,1.273686308
mibia,M,1994,M1994,,,,5.521928571,3184.1,21.07016669,0.27807038,21.80233484,0.995793864
mibia,M,1995,M1995,,,,5.521928571,3254.9,21.28434133,0.224500059,22.34636711,0.858986434
mibia,M,1996,M1996,,,,5.425142857,3324.8,20.97362246,0.263247151,21.78324624,0.898740329
mibia,M,1997,M1997,,,,5.425142857,3396.4,21.19402136,0.426697724,21.56420245,1.3835201
mibia,M,1998,M1998,,,,5.425142857,3464.5,21.38572442,0.236297845,22.74246093,0.901616643
mibia,M,1999,M1999,,,,5.425142857,3528.5,21.26509827,0.353999022,21.95407945,1.207760776
mibia,M,2000,M2000,,,,5.425142857,3588.9,21.09851945,0.400326835,21.4831113,1.149383283
mibia,M,2001,M2001,,,,5.572785714,3649.1,21.15174128,0.37105148,21.41867745,1.362420033
mibia,M,2002,M2002,,,,5.529785714,3704.8,21.164355,0.363966976,22.08283873,1.077506958
mibia,M,2003,M2003,,,,5.489071429,3757.5,21.36564308,0.360053611,22.37449528,1.042200605
mibia,M,2004,M2004,,,,5.544571429,3815.7,21.3550244,0.374006266,21.78230105,1.310729034
mibia,M,2005,M2005,,,,5.601,3876.1,21.55566349,0.324426591,22.599592,1.137724437
mibia,M,2006,M2006,,,,5.565285714,3942,21.0967396,0.516333605,20.79486583,1.849111556
mibia,M,2007,M2007,,,,5.671285714,4013.7,21.1093416,0.350838666,22.17397358,0.705391348
mibia,M,2008,M2008,,,,5.6845,4085.7,21.18389777,0.372989265,21.46246107,1.547936564
mibia,M,2009,M2009,,,,5.790571429,4163.7,21.53520424,0.448609625,21.5945096,1.529725345
mibia,M,2010,M2010,,,,5.802785714,4238.9,21.42268538,0.360148896,21.90776244,1.453059822
mibia,M,2011,M2011,,,,5.908571429,4314,21.05235359,0.448037908,20.65420787,2.110518998
mibia,M,2012,M2012,,,,6.014571429,4391.1,21.11718446,0.390667485,21.47355098,1.391607223
mibia,M,2013,M2013,,,,6.2145,4467.4,21.2653566,0.325357369,22.49752009,0.901863995
mibia,M,2014,M2014,,,,6.308857143,4545.5,21.43902316,0.414025209,21.69589104,1.271335821
mibia,M,2015,M2015,,,,6.402928571,4629.9,21.71055453,0.291779106,23.02864373,0.780754036
mibia,M,2016,M2016,,,,6.402928571,4716.4,21.61475792,0.309145077,23.22726535,0.893326687
mibia,M,2017,M2017,,,,6.497142857,4805.2,21.21657042,0.381694276,22.19801866,1.494747801
mibia,M,2018,M2018,,,,6.497142857,4896.2,21.0284415,0.369944738,22.65642038,1.094825834
mibia,M,2019,M2019,,,,6.591285714,4989.1,21.39100938,0.36207558,23.74677525,0.72844602
Micronesia (Federated States of),FSM,1990,FSM1990,,0.0131987,2763.1,,,27.53917749,3.841285714,26.38041584,9.045372348
Micronesia (Federated States of),FSM,1991,FSM1991,,0.0463371,2894.1,,,27.40692641,4.120687013,26.19808095,10.31622772
Micronesia (Federated States of),FSM,1992,FSM1992,,0.013204,2932.6,,,27.47554113,3.226592208,26.21046854,6.421258692
Micronesia (Federated States of),FSM,1993,FSM1993,,0.053669,3094.3,,,27.27954545,4.231358442,26.05714823,11.90217934
Micronesia (Federated States of),FSM,1994,FSM1994,,-0.0255513,3016.2,,,27.46125541,3.712593507,26.33138682,8.901451908
Micronesia (Federated States of),FSM,1995,FSM1995,,0.0544084,3184.8,,,27.53603896,3.623416883,26.47092337,9.183281994
Micronesia (Federated States of),FSM,1996,FSM1996,,-0.0388911,3063.4,,,27.45,3.945328571,26.38799184,9.957986418
Micronesia (Federated States of),FSM,1997,FSM1997,,-0.0640877,2873.2,,,27.19848485,3.523676623,26.28508404,8.934889222
Micronesia (Federated States of),FSM,1998,FSM1998,,0.0316205,2965.5,,,27.35703463,2.978371429,26.58436228,5.849640487
Micronesia (Federated States of),FSM,1999,FSM1999,,0.0177046,3018.5,,,27.17781385,3.990667533,26.14076386,9.346864729
Micronesia (Federated States of),FSM,2000,FSM2000,,0.0481342,3167.3,4.8,0.107,27.68885281,4.168003896,26.18474731,10.91965633
Micronesia (Federated States of),FSM,2001,FSM2001,,0.0197441,3230.5,5.1,0.107,27.81125541,3.77794026,26.34139405,10.00123351
Micronesia (Federated States of),FSM,2002,FSM2002,,0.0077276,3255.5,5.3,0.107,27.80952381,4.092176623,26.35339,10.89679046
Micronesia (Federated States of),FSM,2003,FSM2003,,0.0196561,3320.2,5.5,0.107,27.65930736,4.195320779,26.47017822,10.66958427
Micronesia (Federated States of),FSM,2004,FSM2004,,-0.0305875,3220.1,5.8,0.107,27.81937229,4.091576624,26.42102204,9.690978176
Micronesia (Federated States of),FSM,2005,FSM2005,,0.0249191,3301.4,6,0.106,27.86818182,3.993138961,26.50277863,9.468812098
Micronesia (Federated States of),FSM,2006,FSM2006,,0.0031975,3312.2,6.3,0.105,27.81396104,3.801848052,26.45084281,8.598387513
Micronesia (Federated States of),FSM,2007,FSM2007,,-0.0152233,3262.5,6.5,0.104,27.76396104,3.8018,26.45499573,9.383792446
Micronesia (Federated States of),FSM,2008,FSM2008,,-0.0202137,3197.4,6.7,0.104,27.5741342,3.491209091,26.14208883,9.47788544
Micronesia (Federated States of),FSM,2009,FSM2009,,0.0145141,3244.1,7,0.103,27.63690476,3.631237662,26.48998923,9.338617635
Micronesia (Federated States of),FSM,2010,FSM2010,,0.0284974,3337.1,7.2,0.103,27.47532468,3.737049351,26.44462484,9.129007609
Micronesia (Federated States of),FSM,2011,FSM2011,,0.0221821,3410.3,7.3,0.103,27.56125541,4.168401299,26.24169566,11.77750493
Micronesia (Federated States of),FSM,2012,FSM2012,,0.0046077,3428.2,7.3,0.105,27.80822511,4.059920779,26.36736705,10.11060621
Micronesia (Federated States of),FSM,2013,FSM2013,,0.0049581,3299.7,7.4,0.106,28.03365801,3.612511688,26.62392069,8.565780746
Micronesia (Federated States of),FSM,2014,FSM2014,,,3177.4,7.5,0.107,27.77987013,3.913425974,26.62585856,9.985688065
Micronesia (Federated States of),FSM,2015,FSM2015,,,3209.3,7.6,0.109,27.83625541,4.152903896,26.55135498,10.34001439
Micronesia (Federated States of),FSM,2016,FSM2016,,,,7.6,0.11,28.15746753,3.543836363,26.96847941,7.012475534
Micronesia (Federated States of),FSM,2017,FSM2017,,,,7.7,0.111,28.16796537,3.996192208,26.86219432,9.484749171
Micronesia (Federated States of),FSM,2018,FSM2018,,,,7.7,0.113,28.10887446,4.097287013,26.70608927,10.06012383
Micronesia (Federated States of),FSM,2019,FSM2019,,,,7.8,0.114,28.01904762,3.827251948,26.73607534,9.564237669
Moldova,MDA,1990,MDA1990,,-0.0283594,6439.7,8.0566,5.938,10.93114584,0.4013575,11.22280404,1.272189856
Moldova,MDA,1991,MDA1991,,-0.1770554,5397.7,8.1572,5.951,9.888454862,0.534293334,9.400397173,1.96376089
Moldova,MDA,1992,MDA1992,,-0.3447089,3824.9,8.2582,5.955,10.10574653,0.442601042,9.880684861,1.4038055
Moldova,MDA,1993,MDA1993,,-0.0109935,3784.1,8.3588,5.946,9.515798611,0.502287917,9.080730294,1.622854015
Moldova,MDA,1994,MDA1994,,-0.3666421,2621.9,8.56,5.929,11.07302084,0.387404167,10.86954131,1.225615539
Moldova,MDA,1995,MDA1995,,-0.0089691,2596.4,8.6606,5.905,10.13368056,0.5768725,9.604575426,1.779748328
Moldova,MDA,1996,MDA1996,,-0.0513986,2466.3,8.7612,5.892,9.626857639,0.553600209,8.678036388,1.97124855
Moldova,MDA,1997,MDA1997,,0.0195718,2515,8.862,5.871,9.366024306,0.630165209,8.824419063,1.890134464
Moldova,MDA,1998,MDA1998,,-0.0668048,2352.5,8.862,5.868,10.17064236,0.52755875,9.739735825,1.703212481
Moldova,MDA,1999,MDA1999,,-0.0330212,2276.1,8.9626,5.859,11.15569445,0.483804792,10.70575865,1.665659712
Moldova,MDA,2000,MDA2000,,0.0228161,2328.6,9.063,5.848,11.1814757,0.431075834,10.88679414,1.481951833
Moldova,MDA,2001,MDA2001,,0.0614481,2476.2,9.3668,5.835,10.57947917,0.542049792,10.03702896,1.739432292
Moldova,MDA,2002,MDA2002,,0.0774233,2675.5,9.6686,5.821,11.06975694,0.515948542,10.65974748,1.577616161
Moldova,MDA,2003,MDA2003,,0.0667293,2860.2,9.8696,5.804,9.9378125,0.419289792,9.663620715,1.338419903
Moldova,MDA,2004,MDA2004,,0.0739582,3079.7,10.1716,5.79,10.50576389,0.564995417,10.14049461,1.608873541
Moldova,MDA,2005,MDA2005,,0.0747667,3318.4,10.4732,5.776,10.4475,0.560417917,10.22421086,1.784698873
Moldova,MDA,2006,MDA2006,,0.0495164,3487.3,10.6834,5.761,10.19885417,0.484064792,9.958200433,1.465052547
Moldova,MDA,2007,MDA2007,,0.0325357,3602.6,10.994,5.746,11.86138889,0.448833542,11.79733045,1.422807428
Moldova,MDA,2008,MDA2008,,0.0766848,3889.7,11.004,5.736,11.38737847,0.479224792,11.13572344,1.753723656
Moldova,MDA,2009,MDA2009,,-0.0605022,3661.4,11.112,5.729,11.41526042,0.439937917,11.18681918,1.216219713
Moldova,MDA,2010,MDA2010,,0.0695361,3925,11.224,5.723,10.85715278,0.641267292,10.4320501,2.038263769
Moldova,MDA,2011,MDA2011,,0.0663659,4179.2,11.232,5.72,10.56222222,0.394573958,10.21563447,1.189169974
Moldova,MDA,2012,MDA2012,,-0.0068934,4150.5,11.544,5.719,11.18276042,0.515115417,11.10034152,1.467838757
Moldova,MDA,2013,MDA2013,,0.0854057,4541.7,11.746,5.718,11.25532986,0.522723333,11.0585029,1.739267856
Moldova,MDA,2014,MDA2014,,,4762.6,11.746,5.714,11.27987847,0.559335417,10.84377193,1.59527287
Moldova,MDA,2015,MDA2015,,,4741.8,11.746,5.67,11.88307292,0.442647292,11.73809714,1.3296989
Moldova,MDA,2016,MDA2016,,,,11.746,5.605,11.42946181,0.540236667,11.1650635,1.773637592
Moldova,MDA,2017,MDA2017,,,,11.746,5.511,11.34251736,0.522325209,10.91142848,1.581263917
Moldova,MDA,2018,MDA2018,,,,11.746,5.411,11.46970486,0.503808125,10.98023619,1.368833343
Moldova,MDA,2019,MDA2019,,,,11.848,5.316,12.34564236,0.371198958,11.93509882,1.210647583
Mongolia,MNG,1990,MNG1990,,-0.052313,107774.4,7.471333333,4.368,0.164260066,0.32611292,0.87283384,1.065737278
Mongolia,MNG,1991,MNG1991,,-0.1062953,82898.1,7.471333333,4.437,-0.462914464,0.28724784,0.355041958,0.935537815
Mongolia,MNG,1992,MNG1992,,-0.1086038,76436.9,7.471333333,4.487,-0.189174052,0.258401576,0.617860082,0.878788587
Mongolia,MNG,1993,MNG1993,,-0.0409429,76146.5,7.568333333,4.526,-0.548878271,0.321802039,0.008514405,1.051518947
Mongolia,MNG,1994,MNG1994,,0.0135065,71994.3,7.568333333,4.561,0.335259765,0.322536489,0.823600792,1.019611422
Mongolia,MNG,1995,MNG1995,,0.0541503,71534.8,7.568333333,4.596,0.606826779,0.245984711,0.994934103,0.82286175
Mongolia,MNG,1996,MNG1996,,0.0140717,70760.2,7.6655,4.633,-0.541719328,0.235273454,-0.05818787,0.778605717
Mongolia,MNG,1997,MNG1997,,0.0300053,66597.4,7.762666667,4.672,0.465118555,0.248339394,1.401965865,0.79259612
Mongolia,MNG,1998,MNG1998,,0.0243721,62003.6,7.762666667,4.712,1.197792704,0.30967702,1.396713852,1.008235273
Mongolia,MNG,1999,MNG1999,,0.0215436,64379.6,7.859666667,4.752,0.734146256,0.242310727,0.958505797,0.802179418
Mongolia,MNG,2000,MNG2000,,0.0024815,63616.5,7.956833333,4.795,-0.152120646,0.241335897,0.448938458,0.777889426
Mongolia,MNG,2001,MNG2001,0.069910981,0.0198841,61212.3,8.053833333,4.84,0.365898037,0.226507466,0.740964915,0.722162432
Mongolia,MNG,2002,MNG2002,-0.012052688,0.0365533,60905.8,8.150666667,4.886,0.864687444,0.217430433,1.379813855,0.718756276
Mongolia,MNG,2003,MNG2003,0.041030775,0.0573741,69384.5,8.150666667,4.938,-0.153495574,0.280466802,0.237655152,0.952192372
Mongolia,MNG,2004,MNG2004,0.301692746,0.0898399,101789.2,8.247833333,4.992,0.853220864,0.189164251,1.21956723,0.73114053
Mongolia,MNG,2005,MNG2005,0.254153338,0.0579796,120794.5,8.344666667,5.052,-0.466912673,0.211337057,0.53815687,0.704636616
Mongolia,MNG,2006,MNG2006,0.246681994,0.0691235,127854.1,8.514166667,5.118,0.604724061,0.208165799,1.433660507,0.70020104
Mongolia,MNG,2007,MNG2007,0.226860653,0.08376,136305.6,8.5875,5.187,2.089070279,0.203231138,2.739743283,0.686482106
Mongolia,MNG,2008,MNG2008,0.36474436,0.0708151,143270.5,8.6605,5.265,0.910080734,0.251463404,1.651824495,0.769912927
Mongolia,MNG,2009,MNG2009,-0.285401973,-0.027617,135849.8,8.7315,5.348,0.206941099,0.2383716,1.008903088,0.683485823
Mongolia,MNG,2010,MNG2010,0.35188766,0.0466602,137918.6,9.090833333,5.44,-0.896370551,0.244019555,0.079504607,0.725893346
Mongolia,MNG,2011,MNG2011,0.3355981,0.1462125,159023,9.354,5.54,-0.316279989,0.244054168,0.632187594,0.746989635
Mongolia,MNG,2012,MNG2012,0.161873167,0.1016709,175457.7,9.424833333,5.648,-1.097974511,0.2961408,-0.214782323,0.822105079
Mongolia,MNG,2013,MNG2013,0.127127842,0.0959177,192388.4,9.403166667,5.765,0.461681122,0.306254502,0.922901398,0.792268803
Mongolia,MNG,2014,MNG2014,-0.029977755,,203939.7,9.474166667,5.881,0.916723473,0.242897523,1.500242022,0.725656182
Mongolia,MNG,2015,MNG2015,-0.068733757,,205144.8,9.547,5.997,1.257150616,0.208174982,1.749385953,0.72820916
Mongolia,MNG,2016,MNG2016,,,,9.526166667,6.112,0.308827638,0.283885807,0.825045076,0.852743126
Mongolia,MNG,2017,MNG2017,,,,9.597333333,6.228,1.387215812,0.20964147,1.893148792,0.634614238
Mongolia,MNG,2018,MNG2018,,,,9.577,6.341,0.794511826,0.298432949,1.190472599,0.869690833
Mongolia,MNG,2019,MNG2019,,,,9.670333333,6.45,0.955834041,0.243849491,1.722292523,0.751234001
Monte Negro,MNE,1990,MNE1990,,,9057.3,,,11.27106481,1.040625,10.16575434,4.051549348
Monte Negro,MNE,1991,MNE1991,,,9166.2,,,10.21111111,1.3325,8.7601678,4.667235014
Monte Negro,MNE,1992,MNE1992,,,9219.2,,,11.05486111,1.133852778,9.641371747,4.004005698
Monte Negro,MNE,1993,MNE1993,,,9169.7,,,10.76898148,1.208763889,9.723687308,3.962315416
Monte Negro,MNE,1994,MNE1994,,,9399,,,11.92384259,1.106472222,10.64790174,3.686886631
Monte Negro,MNE,1995,MNE1995,,,9620.1,,,10.59074074,1.548322222,9.134922855,5.300421398
Monte Negro,MNE,1996,MNE1996,,,9785.5,,,10.27430556,1.693211111,9.160291511,6.094848506
Monte Negro,MNE,1997,MNE1997,,,10024.1,,,10.58263889,1.174752778,9.322222922,3.759713443
Monte Negro,MNE,1998,MNE1998,,0.0492499,10547.4,,,11.10347222,1.353608333,9.587757269,4.612582062
Monte Negro,MNE,1999,MNE1999,,-0.0977677,9582.2,,,11.27962963,1.548625,10.10022793,4.991040275
Monte Negro,MNE,2000,MNE2000,,0.0308089,9896.4,,,11.97361111,1.150683333,10.37818371,4.224668355
Monte Negro,MNE,2001,MNE2001,,0.0104018,9965.1,,,11.33819444,1.329586111,10.04834479,4.938213816
Monte Negro,MNE,2002,MNE2002,,0.0175144,10113.8,,,11.79467593,1.368105556,10.26217568,4.942095852
Monte Negro,MNE,2003,MNE2003,,0.0228603,10325.3,,,11.32916667,1.144902778,10.14218484,4.359643973
Monte Negro,MNE,2004,MNE2004,,0.0410695,10760.6,,,11.01296296,1.612955556,9.807805426,6.011525867
Monte Negro,MNE,2005,MNE2005,,0.0392728,11195.2,,,10.4775463,1.596241667,9.047927884,5.533266013
Monte Negro,MNE,2006,MNE2006,,0.0808236,12139.1,10.657,1.231,11.09791667,1.226113889,9.550529322,4.278955408
Monte Negro,MNE,2007,MNE2007,,0.1001212,13414.3,10.7545,1.231,11.90555556,1.362566667,10.61057435,4.442302388
Monte Negro,MNE,2008,MNE2008,,0.0653503,14317.5,10.85,1.234,12.00625,1.374280556,10.47958147,4.627274863
Monte Negro,MNE,2009,MNE2009,,-0.0599151,13478.6,10.9475,1.236,11.83356481,1.649541667,10.34049102,5.669284125
Monte Negro,MNE,2010,MNE2010,,0.0236115,13785.4,11.0425,1.239,11.30439815,1.888741667,10.15912332,7.113887489
Monte Negro,MNE,2011,MNE2011,,0.030877,14215.6,11.04,1.24,11.56898148,0.999488889,10.4341491,2.924208875
Monte Negro,MNE,2012,MNE2012,,-0.0260217,13816.7,11.035,1.242,11.97662037,1.274844444,10.71992552,4.705034205
Monte Negro,MNE,2013,MNE2013,,0.0339153,14293.1,11.1315,1.242,11.95671297,1.603127778,10.62945709,5.854857878
Monte Negro,MNE,2014,MNE2014,,,14534,11.22,1.244,12.20787037,1.740194444,10.77468216,5.724936184
Monte Negro,MNE,2015,MNE2015,,,15010.5,11.21,1.244,12.21458333,1.279780556,10.9127718,3.589859582
Monte Negro,MNE,2016,MNE2016,,,,11.3025,1.244,11.97222222,1.483277778,10.69368641,5.655766317
Monte Negro,MNE,2017,MNE2017,,,,11.3925,1.244,11.98703704,1.2237,10.49006849,4.374078944
Monte Negro,MNE,2018,MNE2018,,,,11.385,1.244,12.65902778,1.261872222,11.29918291,5.222142622
Monte Negro,MNE,2019,MNE2019,,,,11.4825,1.244,12.67013889,1.589519444,11.07971879,5.099908992
Morocco,MAR,1990,Mar-90,,0.0204779,21356.9,2.039875,49.614,17.98573421,0.328638991,17.52662391,0.921460459
Morocco,MAR,1991,Mar-91,,0.0483918,22369.8,2.1325,50.52,17.13657398,0.390642699,16.50227729,1.052659155
Morocco,MAR,1992,Mar-92,,-0.0586904,21402.3,2.225125,51.422,17.24381219,0.296801795,16.45079813,0.758934126
Morocco,MAR,1993,Mar-93,,-0.0270079,20773.8,2.327625,52.311,16.95800388,0.32310694,16.09354475,0.955661047
Morocco,MAR,1994,Mar-94,,0.0823647,22488.9,2.5235,53.17,17.77532423,0.256971609,17.39096651,0.786867086
Morocco,MAR,1995,Mar-95,,-0.0836636,20855.2,2.62625,53.989,18.34642414,0.303875088,17.46591581,0.903269022
Morocco,MAR,1996,Mar-96,,0.100183,23014.9,2.728625,54.765,17.67481536,0.638644724,16.75170648,1.65233013
Morocco,MAR,1997,Mar-97,,-0.0370723,22291.8,2.831,55.51,18.26403643,0.409732911,17.32836968,1.183839923
Morocco,MAR,1998,Mar-98,,0.0598796,23571,2.933125,56.22,18.00990396,0.261261307,17.56576659,0.765455454
Morocco,MAR,1999,Mar-99,,-0.007806,23543.8,3.035375,56.91,17.70808555,0.337724779,16.99355729,0.8482012
Morocco,MAR,2000,Mar-00,,0.0035948,23759.9,3.2325,57.587,17.97385835,0.306890476,17.37300325,0.814509337
Morocco,MAR,2001,1-Mar,,0.0614347,25295.3,3.334875,58.252,18.43852286,0.296764669,18.00833127,0.635633783
Morocco,MAR,2002,2-Mar,,0.0219464,25907.5,3.436875,58.909,18.11701365,0.387134555,17.5042331,1.003566052
Morocco,MAR,2003,3-Mar,,0.0511156,27520.3,3.539,59.565,18.23239063,0.431286624,17.57175685,1.155309575
Morocco,MAR,2004,4-Mar,,0.0371015,28269.5,3.629125,60.231,17.95228603,0.332486808,17.01443413,0.846294668
Morocco,MAR,2005,5-Mar,,0.0197024,29101.8,3.72,60.912,17.98913675,0.272784091,17.26792087,0.633480987
Morocco,MAR,2006,6-Mar,,0.0652817,31201.6,3.8115,61.612,18.28544311,0.390534604,17.4516946,1.024674978
Morocco,MAR,2007,7-Mar,,0.0173429,32213.3,3.808125,62.332,17.9389751,0.313510577,17.11774817,0.787407059
Morocco,MAR,2008,8-Mar,,0.0446417,33808.3,3.9005,63.08,17.91779345,0.439845758,16.9547397,1.14462751
Morocco,MAR,2009,9-Mar,,0.035817,34788.7,3.992875,63.865,18.41357943,0.428714888,17.5986801,1.204377717
Morocco,MAR,2010,10-Mar,-0.019434195,0.0238232,35594,3.9905,64.694,18.66610181,0.573767604,17.99800248,1.501818546
Morocco,MAR,2011,11-Mar,0.073993133,0.0352394,36967.1,4.178375,65.574,18.297489,0.423007183,17.47294697,1.089608354
Morocco,MAR,2012,12-Mar,-0.049090019,0.011992,37553.9,4.366375,66.495,18.17655616,0.369894385,17.48328499,0.939417112
Morocco,MAR,2013,13-Mar,0.083684811,0.0280372,38773.9,4.55425,67.445,18.04325715,0.330747522,17.36480873,0.929940157
Morocco,MAR,2014,14-Mar,,,39160.6,4.742125,68.398,18.42294016,0.347617157,17.61358694,1.086434385
Morocco,MAR,2015,15-Mar,,,40339,4.742125,69.341,18.54668483,0.261828313,17.80192709,0.877585346
Morocco,MAR,2016,16-Mar,,,,5.12175,70.266,18.69572457,0.351016228,18.04685317,0.938282555
Morocco,MAR,2017,17-Mar,,,,5.2165,71.178,18.88203926,0.260230852,18.72491161,0.62047537
Morocco,MAR,2018,18-Mar,,,,5.2165,72.074,17.65644867,0.509761819,16.79432912,1.380086424
Morocco,MAR,2019,19-Mar,,,,5.311375,72.959,18.26460001,0.281239484,17.89654587,0.72303239
Mozambique,MOZ,1990,MOZ1990,,-0.002905,2267.5,0.86025,25.975,23.96981425,0.793232789,23.57629705,2.002024146
Mozambique,MOZ,1991,MOZ1991,,0.024124,2322.4,1.07525,26.657,24.00077728,0.895353724,23.44957953,2.297175206
Mozambique,MOZ,1992,MOZ1992,,-0.0847537,2129.4,1.182833333,27.61,24.56898722,0.636165425,24.21329915,1.654560476
Mozambique,MOZ,1993,MOZ1993,,0.0458806,2230,1.290166667,28.742,24.22091631,0.935816248,23.51528148,2.231594585
Mozambique,MOZ,1994,MOZ1994,,0.0285373,2280.2,1.397833333,29.896,23.83044713,0.76351481,23.24169451,1.844127578
Mozambique,MOZ,1995,MOZ1995,,-0.0069535,2253.8,1.613083333,30.965,24.37603594,0.787275355,23.67931152,1.995852415
Mozambique,MOZ,1996,MOZ1996,,0.0416849,2775.9,1.828083333,31.921,23.97309345,0.992935498,23.25663158,2.486326568
Mozambique,MOZ,1997,MOZ1997,,0.0704391,3057.1,2.043083333,32.794,24.0566546,1.116599154,23.26069583,2.925239322
Mozambique,MOZ,1998,MOZ1998,,0.0769391,3278.6,2.14675,33.627,24.51439896,0.955610507,23.78891234,2.394217052
Mozambique,MOZ,1999,MOZ1999,,0.0525942,3489.2,2.250166667,34.486,24.01135894,1.11660114,23.14019252,2.848787381
Mozambique,MOZ,2000,MOZ2000,,-0.0156253,3869,2.3535,35.424,23.76365673,1.246935603,23.01976059,3.312506811
Mozambique,MOZ,2001,MOZ2001,-0.081997568,0.0848967,4227.2,2.5635,36.444,24.07088452,1.096638836,23.42659794,2.793840365
Mozambique,MOZ,2002,MOZ2002,0.025396737,0.0564586,4542.2,2.66625,37.529,24.22912428,0.773092505,23.55629427,1.860330422
Mozambique,MOZ,2003,MOZ2003,0.086953337,0.0302429,4724.4,2.769,38.663,24.38420961,0.885140999,23.5852027,2.331339371
Mozambique,MOZ,2004,MOZ2004,0.179057772,0.0560158,4974.9,2.988916667,39.822,24.31541315,1.023288448,23.52178117,2.396673794
Mozambique,MOZ,2005,MOZ2005,0.118195707,0.0555901,5273.9,3.10175,40.987,24.91056146,0.785491098,24.25042352,1.7451611
Mozambique,MOZ,2006,MOZ2006,0.058445324,0.0342051,5706.2,3.107666667,42.16,24.37295732,0.883017482,23.64446674,2.313261948
Mozambique,MOZ,2007,MOZ2007,0.099162795,0.0435933,5983.5,3.22025,43.349,24.46634799,0.922318032,23.66730931,2.630381316
Mozambique,MOZ,2008,MOZ2008,0.182825912,0.0397528,6218.3,3.333,44.554,24.31419449,0.907371343,23.54016137,2.105230705
Mozambique,MOZ,2009,MOZ2009,-0.031177998,0.0354616,6471.9,3.337916667,45.79,24.36140141,0.853924215,23.53043449,2.04923362
Mozambique,MOZ,2010,MOZ2010,,0.0428296,6713.5,3.450083333,47.063,24.69998446,0.87366661,24.00346492,2.277806468
Mozambique,MOZ,2011,MOZ2011,,0.0453635,6991.6,2.698833333,48.374,24.21094631,0.923631672,23.74895088,2.08582821
Mozambique,MOZ,2012,MOZ2012,,0.0449238,7286.2,2.9145,49.725,24.34634142,0.898197618,23.78566109,2.074354621
Mozambique,MOZ,2013,MOZ2013,,0.0443448,7590.1,3.022583333,51.123,24.23189137,0.934123975,23.53650439,2.346450454
Mozambique,MOZ,2014,MOZ2014,,,7930.1,3.238416667,52.571,24.35129337,0.919153243,23.55654264,2.452725584
Mozambique,MOZ,2015,MOZ2015,,,8197.9,3.346333333,54.084,24.7559157,0.825821158,24.10592419,2.06250777
Mozambique,MOZ,2016,MOZ2016,,,,3.56225,55.66,24.67597066,0.812325072,24.23983322,1.923079601
Mozambique,MOZ,2017,MOZ2017,,,,3.670333333,57.297,24.39233706,1.081774981,23.53755155,2.627751785
Mozambique,MOZ,2018,MOZ2018,,,,3.778083333,58.992,24.58316898,0.947592893,23.77746505,2.220789655
Mozambique,MOZ,2019,MOZ2019,,,,3.778083333,60.733,24.83639033,1.034187135,24.07451037,2.559856068
Myanmar,MMR,1990,MMR1990,,,680.3,2.3034,82.67,25.01768616,2.200714764,23.62373662,6.908014859
Myanmar,MMR,1991,MMR1991,,,718.1,2.3992,83.781,24.96124338,2.318202384,23.80856284,7.137444228
Myanmar,MMR,1992,MMR1992,,,754.4,2.3992,84.803,24.55571746,2.336432835,23.14944215,6.191638476
Myanmar,MMR,1993,MMR1993,,,797.8,2.495333333,85.78,24.68459112,2.057193292,23.50584812,6.32621103
Myanmar,MMR,1994,MMR1994,,,845.8,2.5912,86.766,24.86859715,2.514311495,23.63711149,7.310506842
Myanmar,MMR,1995,MMR1995,,,899.1,2.5912,87.803,24.93050226,2.438051651,23.90730755,6.587106806
Myanmar,MMR,1996,MMR1996,,,948.6,2.687266667,88.903,24.68451689,2.616780165,23.64469241,6.874959402
Myanmar,MMR,1997,MMR1997,,,968.6,2.783266667,90.054,24.71725648,2.333780689,23.55376567,6.394125407
Myanmar,MMR,1998,MMR1998,,,874.4,2.783266667,91.223,25.40566784,2.219285567,24.55746831,5.590129015
Myanmar,MMR,1999,MMR1999,,,972.5,2.879266667,92.362,24.86206487,2.5477277,23.78903589,7.076138161
Myanmar,MMR,2000,MMR2000,,,1119.1,2.975133333,93.439,24.62057264,2.455791008,23.41066937,6.749732357
Myanmar,MMR,2001,MMR2001,,,1262.9,3.0754,94.448,24.97819691,2.351699643,23.66932246,6.376503918
Myanmar,MMR,2002,MMR2002,,,1425.8,3.176,95.404,24.92201888,2.596413788,23.77259984,6.740962566
Myanmar,MMR,2003,MMR2003,,,1645,3.2768,96.297,24.83491969,2.27086778,23.75805962,6.361804575
Myanmar,MMR,2004,MMR2004,,,1908.1,3.377733333,97.129,24.74289754,2.36022124,23.688361,6.330125794
Myanmar,MMR,2005,MMR2005,,,2223.1,3.382333333,97.9,25.11042142,2.335891751,24.13087545,6.479318556
Myanmar,MMR,2006,MMR2006,,,2574.6,3.5804,98.602,25.00341735,2.631188326,23.76831176,6.818350216
Myanmar,MMR,2007,MMR2007,,,2940.9,3.6822,99.244,24.82344843,2.608933239,23.57704351,7.239667398
Myanmar,MMR,2008,MMR2008,,,3085.6,3.784133333,99.858,24.69774804,2.40888465,23.47380336,7.363133621
Myanmar,MMR,2009,MMR2009,,,3245.7,3.886266667,100.5,25.16791895,2.386033776,24.04853905,6.646170649
Myanmar,MMR,2010,MMR2010,,,3434.9,3.988866667,101.203,25.57048314,2.505599085,24.532119,6.000653889
Myanmar,MMR,2011,MMR2011,,,3683.2,4.188933333,101.983,24.75169643,2.832524239,23.38694597,7.246338469
Myanmar,MMR,2012,MMR2012,,,3989.1,4.389533333,102.829,25.10214457,2.12553258,23.89924736,6.766197012
Myanmar,MMR,2013,MMR2013,,,4344.5,4.5906,103.705,24.82951417,2.547581969,23.84130414,6.725804038
Myanmar,MMR,2014,MMR2014,,,4706,4.6944,104.563,25.06630569,2.001172479,24.01261881,5.889627376
Myanmar,MMR,2015,MMR2015,,,4861.1,4.7984,105.362,25.10999492,2.250981714,23.9854374,6.475752856
Myanmar,MMR,2016,MMR2016,,,,4.804533333,106.092,25.34450985,2.545287267,24.23078915,6.418139998
Myanmar,MMR,2017,MMR2017,,,,4.9026,106.766,25.07325303,2.757017608,24.00758105,6.698043499
Myanmar,MMR,2018,MMR2018,,,,4.9026,107.417,24.85354933,2.380679278,23.77182575,7.008652493
Myanmar,MMR,2019,MMR2019,,,,4.9026,108.092,25.41771856,2.23284828,24.31579535,6.209116771
Nepal,NPL,1990,NPL1990,,0.0211855,5439,1.897,37.811,13.94283839,1.438405515,12.65536274,6.195169612
Nepal,NPL,1991,NPL1991,,0.0367491,5636.6,1.991666667,38.811,13.83312121,1.158439576,12.60112741,4.966520081
Nepal,NPL,1992,NPL1992,,0.0146476,5711.4,1.991666667,39.876,13.62716161,1.048727636,12.47403191,4.391225416
Nepal,NPL,1993,NPL1993,,0.0118372,5771.8,2.0865,40.98,14.05866667,1.129060545,12.69907142,5.777851547
Nepal,NPL,1994,NPL1994,,0.0530135,6082.5,2.0865,42.082,14.12566667,1.169428303,12.72844941,4.989067517
Nepal,NPL,1995,NPL1995,,0.0084267,6137.2,2.0865,43.152,14.21532323,1.217071333,12.51878646,5.941077617
Nepal,NPL,1996,NPL1996,,0.0265827,6313.5,2.1815,44.18,14.25177778,1.248723636,12.60399227,5.788298912
Nepal,NPL,1997,NPL1997,,0.0243686,6486.5,2.187833333,45.169,13.38036869,1.461409818,11.53847407,5.456963429
Nepal,NPL,1998,NPL1998,,0.0056139,6544.7,2.193833333,46.116,14.51516667,1.457760303,12.95273423,6.300287886
Nepal,NPL,1999,NPL1999,,0.0202336,6702.2,2.1995,47.021,14.75852525,1.516163212,13.31534536,5.601302011
Nepal,NPL,2000,NPL2000,,0.0386152,6996.7,2.301,47.882,14.28100505,1.434653455,12.42384345,5.991061396
Nepal,NPL,2001,NPL2001,,0.0267718,7217.1,2.402333333,48.695,14.59654546,1.369148485,12.75895513,5.176432288
Nepal,NPL,2002,NPL2002,,-0.0175491,7120.3,2.402333333,49.453,14.56718182,1.390494848,12.49280488,5.732861173
Nepal,NPL,2003,NPL2003,,0.0213082,7301.9,2.4985,50.162,14.47574747,1.37429497,12.48409437,6.075601012
Nepal,NPL,2004,NPL2004,,0.0297299,7549,2.594666667,50.837,14.6920303,1.335503939,12.73485386,5.295933261
Nepal,NPL,2005,NPL2005,,0.0194572,7721.8,2.690666667,51.49,14.53795455,1.091515758,12.67931798,4.997250219
Nepal,NPL,2006,NPL2006,,0.0196617,7897.5,2.786833333,52.133,14.98314647,1.21094097,13.24466238,4.848829221
Nepal,NPL,2007,NPL2007,,0.0212954,8082.6,2.879166667,52.766,14.85311111,1.236383273,12.94504285,6.758908993
Nepal,NPL,2008,NPL2008,,0.0477845,8490.9,2.971333333,53.334,14.47892425,1.38730703,12.8944958,5.995558329
Nepal,NPL,2009,NPL2009,,0.0331377,8786.5,3.063666667,53.768,15.19541414,1.099303818,13.49078804,5.126812235
Nepal,NPL,2010,NPL2010,,0.035762,9112.8,3.1565,54.026,15.22768182,1.304879091,13.63135659,6.014866631
Nepal,NPL,2011,NPL2011,,0.0221518,9319.4,3.153333333,54.082,14.49130303,1.702027515,12.7284991,6.218166797
Nepal,NPL,2012,NPL2012,,0.0357419,9651,3.824,53.979,14.40067172,1.330474303,12.54179289,5.484944801
Nepal,NPL,2013,NPL2013,,0.0254299,9928.8,4.017166667,53.836,14.25222222,1.36371006,12.65673411,6.208576344
Nepal,NPL,2014,NPL2014,,,10337,4.306,53.814,14.32662626,0.738277939,12.55402507,5.410952364
Nepal,NPL,2015,NPL2015,,,10557.5,4.499333333,54.03,14.37657576,1.33109406,12.70844668,5.105945426
Nepal,NPL,2016,NPL2016,,,,4.692666667,54.523,15.06176263,1.342646182,13.64376305,5.983644728
Nepal,NPL,2017,NPL2017,,,,4.501,55.254,14.80056566,1.322875455,13.17934109,5.75135426
Nepal,NPL,2018,NPL2018,,,,4.692666667,56.175,14.53606061,1.324864909,13.01671267,5.924807789
Nepal,NPL,2019,NPL2019,,,,4.788333333,57.218,14.34032828,1.239548424,12.6550329,6.145316271
Netherlands,NLD,1990,NLD1990,,0.034094,376493.6,10.11807692,29.902,10.72455808,0.725432244,10.8485121,2.180065367
Netherlands,NLD,1991,NLD1991,,0.0162174,382854.6,10.11807692,30.139,9.463545612,0.657121638,9.639896959,1.897238917
Netherlands,NLD,1992,NLD1992,,0.0093563,386442.5,10.21761538,30.367,10.37936001,0.814240152,10.50199492,2.297933796
Netherlands,NLD,1993,NLD1993,,0.0055278,388423.6,10.31815385,30.58,9.465100222,0.868513447,9.5611685,2.628203119
Netherlands,NLD,1994,NLD1994,,0.0231515,397645.2,10.31815385,30.765,10.50802557,0.887501941,10.55246337,2.520474224
Netherlands,NLD,1995,NLD1995,,0.0257449,408111.5,10.41538462,30.919,10.27151989,0.797540152,10.33047221,2.155508723
Netherlands,NLD,1996,NLD1996,0.00512886,0.0288839,420214.4,10.51461538,31.058,8.388076073,0.58796572,8.421938056,1.78363902
Netherlands,NLD,1997,NLD1997,-0.059666951,0.0367468,432569.6,10.51461538,31.221,10.11311948,0.669853125,10.0320691,2.008546763
Netherlands,NLD,1998,NLD1998,0.04038461,0.0323181,446058,10.61538462,31.413,10.19964883,1.020348343,10.13717619,3.087625079
Netherlands,NLD,1999,NLD1999,0.000564814,0.0391248,463034.4,10.71307692,31.623,10.83651752,0.896585369,10.73291192,2.463849453
Netherlands,NLD,2000,NLD2000,-0.074311892,0.0315059,480347.3,10.71307692,31.852,10.83300584,0.883084991,10.71162341,2.644353217
Netherlands,NLD,2001,NLD2001,0.022185246,0.0115271,489291,10.90769231,32.091,10.26069681,0.92991321,10.14628716,2.772082268
Netherlands,NLD,2002,NLD2002,0.081597964,-0.0056201,485549.9,11.00923077,32.299,10.72189867,0.910238494,10.64850472,2.676512555
Netherlands,NLD,2003,NLD2003,0.207458417,-0.0013677,486468.4,11.20769231,32.452,10.53167614,0.630628125,10.44278772,1.834833346
Netherlands,NLD,2004,NLD2004,0.117114941,0.018644,493057.9,11.41153846,32.564,10.28876657,0.842831534,10.31701372,2.436381558
Netherlands,NLD,2005,NLD2005,0.037551324,0.0179214,502712.7,11.52846154,32.641,10.50237532,0.811228362,10.5462401,2.204251308
Netherlands,NLD,2006,NLD2006,0.069869916,0.0317724,523510.9,11.72538462,32.691,10.88257576,0.754705871,10.99930213,2.276518811
Netherlands,NLD,2007,NLD2007,0.146354119,0.036282,541730.4,11.89538462,32.765,11.02950994,0.901472112,11.08299886,2.67842376
Netherlands,NLD,2008,NLD2008,0.109300772,0.0139869,555805.8,11.89461538,32.892,10.53100931,0.84287429,10.44957084,2.423603998
Netherlands,NLD,2009,NLD2009,-0.09131964,-0.0425081,526906.9,11.80615385,33.061,10.46105193,0.751715578,10.38391185,2.232563349
Netherlands,NLD,2010,NLD2010,-0.023608049,0.0100325,532712.4,11.93,33.23,9.023086332,0.794816856,8.895935991,2.310667287
Netherlands,NLD,2011,NLD2011,0.07030352,0.0047367,539054.4,11.91923077,33.386,10.87235243,0.759102652,10.76602927,2.241371033
Netherlands,NLD,2012,NLD2012,-0.076906363,-0.0162507,531386.3,11.98846154,33.508,10.19237689,0.847411032,10.10396461,2.679731705
Netherlands,NLD,2013,NLD2013,0.028803031,-0.0111976,527196.1,11.99,33.608,9.701759786,0.721436127,9.691924128,2.197593581
Netherlands,NLD,2014,NLD2014,0.01432085,,530613.6,11.98923077,33.731,11.60282907,0.760543419,11.51599956,2.420248913
Netherlands,NLD,2015,NLD2015,,,538890.5,12.07846154,33.88,10.83442235,0.818954072,10.74334149,2.381519452
Netherlands,NLD,2016,NLD2016,,,,12.07923077,34.06,10.65271859,0.781615862,10.72440749,2.193199822
Netherlands,NLD,2017,NLD2017,,,,12.18846154,34.262,10.87545376,0.856663589,10.92594134,2.484790477
Netherlands,NLD,2018,NLD2018,,,,12.18230769,34.463,11.3447167,0.635685085,11.39152717,1.846752519
Netherlands,NLD,2019,NLD2019,,,,12.27307692,34.666,11.23316761,0.809222301,11.2631091,2.371935848
New Zealand,NZL,1990,NZL1990,,-0.0072117,24237.4,11.166875,6.6608,11.61542617,1.633754989,10.91261967,4.030509628
New Zealand,NZL,1991,NZL1991,,-0.0595951,22840,11.265,6.9896,10.80079998,1.645597233,10.00251548,4.041433763
New Zealand,NZL,1992,NZL1992,,-0.00000623,22855.7,11.265,7.0636,10.18570911,1.661138301,9.373838282,4.007353959
New Zealand,NZL,1993,NZL1993,,0.050763,24046.4,11.265,7.1449,10.41174675,1.427771436,9.659821177,3.685076066
New Zealand,NZL,1994,NZL1994,,0.0371936,24941,11.265,7.2417,10.87195643,1.646741602,10.08784474,4.118756024
New Zealand,NZL,1995,NZL1995,,0.0291112,25707.1,11.265,7.3461,11.2901623,1.920241787,10.35124622,4.683572026
New Zealand,NZL,1996,NZL1996,,0.0199302,26223.6,11.265,7.4656,11.15338552,1.683533308,10.20055498,4.409723588
New Zealand,NZL,1997,NZL1997,,0.0066713,26393,11.265,7.5617,10.90621344,1.447817738,10.01251063,3.88250628
New Zealand,NZL,1998,NZL1998,,-0.0033615,26319.1,11.265,7.6294,12.0422417,1.701291872,11.38742781,4.457942763
New Zealand,NZL,1999,NZL1999,,0.0486973,27624.2,11.265,7.6693,11.84793326,1.614567834,11.02631878,3.798862211
New Zealand,NZL,2000,NZL2000,,0.0209557,28222.3,11.265,7.714,11.3768276,1.532091246,10.53240429,4.015119981
New Zealand,NZL,2001,NZL2001,0.008336131,0.0288387,29020.4,11.265,7.7609,11.47542637,1.643842903,10.66780147,3.947372786
New Zealand,NZL,2002,NZL2002,0.159273084,0.029579,29910.7,11.265,7.8977,11.24749695,1.632332072,10.47387713,3.967885629
New Zealand,NZL,2003,NZL2003,0.233584595,0.0237554,30685.9,11.265,8.0532,11.25575653,1.500727746,10.49217083,3.900373615
New Zealand,NZL,2004,NZL2004,0.182214546,0.0211484,31384.9,11.265,8.1752,10.64061929,1.654473316,9.927164383,4.651683364
New Zealand,NZL,2005,NZL2005,0.110410372,0.0229871,32087.9,11.36125,8.2681,11.68083333,1.420191992,11.03783442,3.509258427
New Zealand,NZL,2006,NZL2006,-0.034165255,0.0153533,32626.6,11.36125,8.3696,11.00801708,1.526370572,10.16564048,4.25557808
New Zealand,NZL,2007,NZL2007,0.183884811,0.018042,33249.8,11.459375,8.4491,11.33653864,1.404586758,10.63530605,3.615786932
New Zealand,NZL,2008,NZL2008,0.043770536,-0.0289504,32537.1,11.455625,8.5205,11.38538075,1.708430995,10.6645874,3.952657069
New Zealand,NZL,2009,NZL2009,-0.098134677,-0.0120147,32040.3,11.551875,8.6062,10.95785426,1.533623287,10.07736022,3.91640958
New Zealand,NZL,2010,NZL2010,0.149924469,0.006016,32120.3,11.64875,8.7025,11.64408594,1.622432263,10.86930849,4.297837068
New Zealand,NZL,2011,NZL2011,0.127872022,0.0151973,32734.4,11.64625,8.7671,11.51268903,1.777858276,10.66315538,4.391699432
New Zealand,NZL,2012,NZL2012,0.048314095,0.0167172,33446.3,11.7425,8.8156,11.13626551,1.570649541,10.21101831,4.012863313
New Zealand,NZL,2013,NZL2013,,0.0162521,33714.4,11.7425,8.8852,11.74360955,1.602441,11.19663879,3.957666997
New Zealand,NZL,2014,NZL2014,,,34262.7,11.838125,9.0196,11.34164125,1.504167608,10.65845638,3.957573781
New Zealand,NZL,2015,NZL2015,,,34762.4,12.033125,9.1911,11.21484913,1.607140534,10.55256182,3.770284533
New Zealand,NZL,2016,NZL2016,,,,12.226875,9.387,11.98535478,1.513765874,11.30845946,4.360463023
New Zealand,NZL,2017,NZL2017,,,,12.325,9.5877,11.74516787,1.552052665,11.10832705,4.243354966
New Zealand,NZL,2018,NZL2018,,,,12.325,9.6809,11.9254614,1.595834489,11.25343668,4.599236217
New Zealand,NZL,2019,NZL2019,,,,12.420625,9.8361,11.78217412,1.788971866,11.31521739,4.031325696
Nicaragua,NIC,1990,NIC1990,,-0.0234569,17680.4,3.639,8.346,25.69925379,1.804270514,24.94093488,4.09849255
Nicaragua,NIC,1991,NIC1991,,-0.0256394,17218.9,3.72775,8.536,25.79331435,1.844898827,25.10772445,3.486968603
Nicaragua,NIC,1992,NIC1992,,-0.0206695,16872,3.81625,8.729,25.80910973,1.830757436,25.19754015,3.415487053
Nicaragua,NIC,1993,NIC1993,,-0.028498,16416.8,3.905,8.924,25.73748562,2.001292443,24.85883813,5.100666709
Nicaragua,NIC,1994,NIC1994,,0.0091267,16593.4,3.994,9.118,25.82452266,1.612254331,25.05924955,3.468756647
Nicaragua,NIC,1995,NIC1995,,0.0352303,17218.8,4.0825,9.304,25.82471963,2.106132005,25.02220881,4.946599524
Nicaragua,NIC,1996,NIC1996,,0.0408709,17973.1,4.1715,9.484,25.31975788,2.265372844,24.71161088,4.692520152
Nicaragua,NIC,1997,NIC1997,,0.0196111,18373.5,4.26025,9.656,25.90663389,1.854536336,25.15151799,3.810576695
Nicaragua,NIC,1998,NIC1998,,0.0184505,18771.1,4.349,9.822,26.06595209,2.07993097,25.52650745,4.850834662
Nicaragua,NIC,1999,NIC1999,,0.0511726,19828.8,4.44675,9.982,25.1942144,2.044066063,24.448918,4.766843437
Nicaragua,NIC,2000,NIC2000,,0.024421,20408.1,4.545,10.139,25.44050495,1.833134627,24.73784511,3.601390792
Nicaragua,NIC,2001,NIC2001,,0.0144346,20788.6,4.643,10.29,25.83368846,1.782885628,24.99424631,3.535299681
Nicaragua,NIC,2002,NIC2002,,-0.006281,20753.5,4.71875,10.438,25.96668823,1.811771877,25.15820316,3.938950123
Nicaragua,NIC,2003,NIC2003,,0.0117775,21103,4.8785,10.583,26.04226478,2.017648982,25.23358736,3.943253169
Nicaragua,NIC,2004,NIC2004,,0.0389747,22052.4,5.03425,10.73,25.87516247,2.12071432,25.06236946,3.911575288
Nicaragua,NIC,2005,NIC2005,,0.0292181,22819.7,5.1855,10.878,25.80274471,2.03150999,25.11119567,5.027601547
Nicaragua,NIC,2006,NIC2006,,0.0279846,23458.2,5.33375,11.027,25.90547072,2.123587198,25.06225795,4.074293631
Nicaragua,NIC,2007,NIC2007,,0.0388279,24377.3,5.479,11.18,25.76908644,1.920740839,24.99053388,4.748844922
Nicaragua,NIC,2008,NIC2008,,0.015253,24748,5.536,11.335,25.72318697,2.340129106,24.70826775,5.010162266
Nicaragua,NIC,2009,NIC2009,,-0.0411881,23759.3,5.591,11.491,26.07073413,1.850178192,25.05314148,4.056151595
Nicaragua,NIC,2010,NIC2010,,0.0188544,24213.9,5.6435,11.648,25.8135999,2.17706508,24.96032707,5.934163828
Nicaragua,NIC,2011,NIC2011,,0.0565555,25412.6,5.694,11.806,25.7411692,1.999371359,24.76201614,4.803950514
Nicaragua,NIC,2012,NIC2012,,0.0184405,26517.3,5.8355,11.965,25.75500489,1.85088197,24.91147207,4.002644992
Nicaragua,NIC,2013,NIC2013,,0.0303286,27401.1,5.92825,12.124,25.85700483,1.965431694,25.0922649,4.511140313
Nicaragua,NIC,2014,NIC2014,,,28326.8,6.0205,12.286,25.96722452,1.756751311,25.23840136,4.241309087
Nicaragua,NIC,2015,NIC2015,,,29390.2,6.0205,12.446,26.1791566,1.812785007,25.51533171,4.044576187
Nicaragua,NIC,2016,NIC2016,,,,6.206,12.608,26.19218139,1.882474016,25.48073583,4.810399478
Nicaragua,NIC,2017,NIC2017,,,,6.2985,12.77,26.05392943,2.06293392,25.03855502,5.39916995
Nicaragua,NIC,2018,NIC2018,,,,6.2985,12.931,25.60337302,1.842270583,25.07352396,4.356387017
Nicaragua,NIC,2019,NIC2019,,,,6.39125,13.092,25.99404618,1.721301121,25.55690799,4.011923976
Niger,NER,1990,NER1990,,-0.0436051,905.7,0.8515,16.0539,28.89510215,0.25590717,27.85240934,0.348026092
Niger,NER,1991,NER1991,,-0.0070182,899.1,0.8515,16.578,28.67588176,0.350083811,27.49881127,0.549822976
Niger,NER,1992,NER1992,,-0.1001005,813.3,0.973,17.133,28.04996702,0.327502934,26.82555023,0.46641114
Niger,NER,1993,NER1993,,-0.0192053,797.7,0.973,17.72,28.66589409,0.258326584,27.58978107,0.332050867
Niger,NER,1994,NER1994,,0.004908,801.5,0.973,18.336,28.28343963,0.424280669,26.9901816,0.592217084
Niger,NER,1995,NER1995,,-0.0092781,794,1.094875,18.979,28.74845235,0.280350317,27.62764939,0.437528649
Niger,NER,1996,NER1996,,-0.0020122,792.4,1.094875,19.652,28.89563062,0.27878822,27.77746642,0.305807287
Niger,NER,1997,NER1997,,-0.0090155,785.3,1.2165,20.356,28.98483387,0.265015875,27.61796435,0.401681787
Niger,NER,1998,NER1998,,0.0626384,836.1,1.2165,21.092,29.13723271,0.363375551,27.57520101,0.676969934
Niger,NER,1999,NER1999,,-0.0422686,801.5,1.3125,21.86,28.91370167,0.407794308,27.21311416,0.726874081
Niger,NER,2000,NER2000,,-0.0506634,761.8,1.28725,22.664,28.48724016,0.293005554,27.11967328,0.35468215
Niger,NER,2001,NER2001,,0.0323018,786.6,1.26225,23.503,28.70345453,0.317614442,27.40679539,0.421711718
Niger,NER,2002,NER2002,,-0.0067135,781.1,1.35,24.38,28.9233629,0.290525212,27.72973766,0.45118548
Niger,NER,2003,NER2003,,0.0153519,792.9,1.3235,25.295,29.0028992,0.391392072,27.83021776,0.492178024
Niger,NER,2004,NER2004,,-0.0354471,765.1,1.405125,26.252,29.13432813,0.289259629,28.01374272,0.30357129
Niger,NER,2005,NER2005,,0.0073305,770.5,1.377,27.248,29.22824263,0.391152237,28.26288266,0.456817286
Niger,NER,2006,NER2006,,0.0194556,785.5,1.349125,28.289,29.12317856,0.326404015,27.99722968,0.38439955
Niger,NER,2007,NER2007,,-0.0061569,780.5,1.459,29.371,29.14077798,0.336082507,27.80315171,0.470926087
Niger,NER,2008,NER2008,,0.0541837,823.7,1.464625,30.502,28.57190226,0.344924982,27.27259382,0.382535941
Niger,NER,2009,NER2009,,-0.0447756,787.2,1.469875,31.686,29.68366429,0.305227826,28.48106265,0.339402086
Niger,NER,2010,NER2010,,0.0424939,820.7,1.47475,32.928,29.73214175,0.354073464,28.53444662,0.590142476
Niger,NER,2011,NER2011,,-0.0152782,807.2,1.584875,34.229,29.33371044,0.289283751,28.14926519,0.346001821
Niger,NER,2012,NER2012,,0.0644513,867.3,1.695375,35.59,29.10019463,0.383197265,27.93988802,0.581276209
Niger,NER,2013,NER2013,,-0.0005266,877,1.801375,37.009,29.23538986,0.333218863,28.31717106,0.444633575
Niger,NER,2014,NER2014,,,901.8,1.801375,38.479,29.35939359,0.321320746,28.194926,0.518831162
Niger,NER,2015,NER2015,,,897.4,1.907375,40.004,28.9024632,0.331836431,27.60127919,0.540903424
Niger,NER,2016,NER2016,,,,2.013375,41.578,29.47013266,0.360354923,28.43882431,0.56056356
Niger,NER,2017,NER2017,,,,2.11925,43.205,29.00156074,0.342055793,27.85677138,0.568292977
Niger,NER,2018,NER2018,,,,2.11925,44.885,29.07450381,0.375885487,28.12422483,0.522844931
Niger,NER,2019,NER2019,,,,2.225125,46.623,28.86050072,0.346687084,28.12211531,0.616768591
Nigeria,NGA,1990,NGA1990,,0.094321,12387.3,,,26.91070361,1.404888228,26.6641092,3.800065538
Nigeria,NGA,1991,NGA1991,,-0.0316816,11998,,,26.71502323,1.549178093,26.33956736,4.023344435
Nigeria,NGA,1992,NGA1992,,-0.020909,11747,,,26.44756588,1.322223547,25.97170415,3.776303644
Nigeria,NGA,1993,NGA1993,,-0.0043699,11650.6,,,26.7217628,1.327538865,26.37558211,3.764007942
Nigeria,NGA,1994,NGA1994,,-0.0159144,11425.7,,,26.56143295,1.455156249,26.07389817,4.208284654
Nigeria,NGA,1995,NGA1995,,-0.0280323,11073.3,,,26.82845641,1.515875739,26.42910416,4.192437602
Nigeria,NGA,1996,NGA1996,,0.0237608,11304.9,,,26.87832276,1.528519937,26.44528993,3.821032613
Nigeria,NGA,1997,NGA1997,,0.0026451,11302.9,,,26.84253965,1.551894934,26.4100501,3.77223336
Nigeria,NGA,1998,NGA1998,,0.0017729,11293,,,27.29556368,1.380546886,26.97407294,3.573781626
Nigeria,NGA,1999,NGA1999,,-0.0203189,11038,,,26.87064355,1.508457845,26.31056238,4.260129517
Nigeria,NGA,2000,NGA2000,,0.0267232,11310,,,26.80442367,1.381085762,26.36104593,3.637204739
Nigeria,NGA,2001,NGA2001,,0.0180256,11492.1,,,26.9532233,1.385309325,26.39969501,3.449679685
Nigeria,NGA,2002,NGA2002,,0.0119171,11607.2,,,27.08566664,1.406361536,26.51324744,3.788943552
Nigeria,NGA,2003,NGA2003,,0.0731161,12465.3,5.288342105,263.799,27.20819107,1.521594027,26.70664431,3.537057087
Nigeria,NGA,2004,NGA2004,,0.2650075,16221.1,5.205289474,270.641,27.14254859,1.436423108,26.72929836,3.644169047
Nigeria,NGA,2005,NGA2005,,0.0078359,16324.8,5.129184211,277.729,27.29465096,1.410535455,26.99335443,3.50384011
Nigeria,NGA,2006,NGA2006,,0.0525483,17183.5,5.058894737,285.077,27.26644616,1.44827173,26.95131656,3.70355901
Nigeria,NGA,2007,NGA2007,,0.0393917,17854.3,4.994026316,292.68,27.24046793,1.442102708,26.66494379,3.747647846
Nigeria,NGA,2008,NGA2008,,0.0338647,18452.4,4.933684211,300.539,26.93484505,1.47492159,26.40832427,3.783412537
Nigeria,NGA,2009,NGA2009,,0.0398221,19212.1,5.042394737,308.65,27.45961929,1.422087231,26.93002774,3.810124664
Nigeria,NGA,2010,NGA2010,,0.0480106,20170.4,5.149710526,317.006,27.62231554,1.505820244,27.11993144,3.895434622
Nigeria,NGA,2011,NGA2011,,0.0177868,20594.9,5.559026316,325.613,27.24564315,1.324514312,26.67515822,3.623434774
Nigeria,NGA,2012,NGA2012,,0.0374019,20905.9,5.875868421,334.462,27.07790638,1.46129651,26.43705435,4.013898064
Nigeria,NGA,2013,NGA2013,,0.042599,21450.4,6.199815789,343.537,27.2635311,1.318828701,26.69897392,3.730690018
Nigeria,NGA,2014,NGA2014,,,22205.2,6.347973684,352.814,27.38904436,1.406685678,26.64728525,4.115492165
Nigeria,NGA,2015,NGA2015,,,22203,6.392947368,362.277,27.23246316,1.315807577,26.77011935,3.649884958
Nigeria,NGA,2016,NGA2016,,,,6.440026316,371.919,27.59447527,1.461101375,27.00799677,4.194526531
Nigeria,NGA,2017,NGA2017,,,,6.488263158,381.745,27.31602532,1.393193538,27.04271293,3.786470425
Nigeria,NGA,2018,NGA2018,,,,6.538263158,391.747,27.28414738,1.467420789,26.82455928,3.839302922
Nigeria,NGA,2019,NGA2019,,,,6.739684211,401.927,27.14764082,1.553183222,26.87329383,4.344744795
North Macedonia,MKD,1990,MKD1990,,,78938,,,10.5546875,0.530441071,10.66441847,1.494001366
North Macedonia,MKD,1991,MKD1991,,-0.0612529,73816.8,,,9.415550595,0.666469643,9.131236726,1.853864461
North Macedonia,MKD,1992,MKD1992,,-0.0620345,68832.4,,,10.0516369,0.58716875,10.12705767,1.66738704
North Macedonia,MKD,1993,MKD1993,,-0.0705424,63574,,,9.880729166,0.497259821,10.27847799,1.465088904
North Macedonia,MKD,1994,MKD1994,,-0.0125957,62237.7,,,10.98928571,0.630369643,11.43401015,1.589948828
North Macedonia,MKD,1995,MKD1995,,-0.0102742,61150.2,,,9.913318453,0.751464286,9.505226508,2.348581473
North Macedonia,MKD,1996,MKD1996,,0.0076214,61270.9,,,9.604166667,0.683426786,9.619577109,2.213524327
North Macedonia,MKD,1997,MKD1997,,0.00599,61384.1,,,9.720163689,0.563260714,9.589483651,1.724695456
North Macedonia,MKD,1998,MKD1998,,0.0225271,62598.1,,,10.37894345,0.678429464,10.16688006,2.060310317
North Macedonia,MKD,1999,MKD1999,,0.0319176,64483.3,,,10.74010417,0.696748214,10.47667529,2.075961573
North Macedonia,MKD,2000,MKD2000,,0.035852,66718.2,6.513111111,4.07,11.01584821,0.454773214,10.73305352,1.298092367
North Macedonia,MKD,2001,MKD2001,,-0.0526092,64152.6,6.813555556,4.087,10.75647321,0.530964286,10.40828963,1.87465418
North Macedonia,MKD,2002,MKD2002,,0.0039846,65145.3,7.114222222,4.097,10.83154762,0.767116071,10.43228941,2.260894745
North Macedonia,MKD,2003,MKD2003,,0.0246831,66420,7.515222222,4.106,10.35758929,0.684860714,10.30427163,1.977074254
North Macedonia,MKD,2004,MKD2004,,0.0429005,68272.9,7.815888889,4.114,10.37842262,0.68208125,10.22740014,2.190732486
North Macedonia,MKD,2005,MKD2005,,0.040534,70711.8,8.216444444,4.119,9.874553573,0.718740179,9.628404894,2.282069159
North Macedonia,MKD,2006,MKD2006,,0.047286,74571.3,8.372444444,4.126,10.14546131,0.7201375,10.02734753,2.124327983
North Macedonia,MKD,2007,MKD2007,,0.0583269,78836.2,8.430555556,4.131,11.03824405,0.742195536,11.19816681,1.993496024
North Macedonia,MKD,2008,MKD2008,,0.0472895,84694.1,8.589111111,4.134,11.06934524,0.603053571,11.23313681,1.589587733
North Macedonia,MKD,2009,MKD2009,,-0.0100973,84440.6,8.748888889,4.138,10.92686012,0.809235714,10.61580088,2.607469406
North Macedonia,MKD,2010,MKD2010,,0.0277985,89198.6,8.908888889,4.143,10.99241071,0.814776786,10.77046546,2.535057892
North Macedonia,MKD,2011,MKD2011,,0.0268192,91059.2,9.069777778,4.145,10.38854167,0.485551786,10.53827683,1.42528924
North Macedonia,MKD,2012,MKD2012,,-0.0048086,90421.6,9.063888889,4.149,11.16190476,0.653405357,11.26831665,1.987822574
North Macedonia,MKD,2013,MKD2013,,0.0297777,92843.6,9.155333333,4.153,11.22127976,0.611791964,11.32724317,2.035493938
North Macedonia,MKD,2014,MKD2014,,,95961.6,9.247,4.156,11.22299107,0.892183929,11.16176501,2.644763987
North Macedonia,MKD,2015,MKD2015,,,99316,9.338333333,4.158,11.06822917,0.74188125,11.08893636,2.136852006
North Macedonia,MKD,2016,MKD2016,,,,9.332333333,4.161,11.23370536,0.79191875,11.16261416,2.107742672
North Macedonia,MKD,2017,MKD2017,,,,9.424,4.164,11.0703869,0.703183929,10.99874175,2.031051046
North Macedonia,MKD,2018,MKD2018,,,,9.418111111,4.165,11.69114583,0.662338393,11.51801602,2.390290601
North Macedonia,MKD,2019,MKD2019,,,,9.510222222,4.166,11.82455357,0.7087875,11.74573996,1.857761372
Norway,NOR,1990,NOR1990,,0.0156434,688977.7,11.4075,8.482,4.016339124,1.282147574,3.135551738,4.206630599
Norway,NOR,1991,NOR1991,,0.025817,711425.4,11.50625,8.523,3.0820507,1.044869506,2.191071879,3.286334997
Norway,NOR,1992,NOR1992,,0.0288533,735082,11.50625,8.572,3.486661799,1.245282749,2.440497355,3.758974834
Norway,NOR,1993,NOR1993,,0.0215324,751711.6,11.6075,8.624,2.418602058,1.038427258,1.441166233,3.264144022
Norway,NOR,1994,NOR1994,,0.0435859,783063.7,11.6075,8.673,2.53077684,1.089548568,1.481596119,3.41848109
Norway,NOR,1995,NOR1995,,0.0358196,806801.1,11.70625,8.718,2.654347444,1.12418595,1.663878469,3.534686924
Norway,NOR,1996,NOR1996,,0.0446711,836100,11.70625,8.762,1.852016766,0.931944442,0.886202263,2.773295959
Norway,NOR,1997,NOR1997,,0.0471003,867961.7,11.805,8.81,3.355704931,1.052988487,2.274504485,3.555792991
Norway,NOR,1998,NOR1998,0.006201092,0.0205198,878775.4,11.805,8.862,2.64622848,1.190503033,1.639977029,3.677993644
Norway,NOR,1999,NOR1999,0.006222223,0.0132078,885764,11.90375,8.924,3.261880094,1.300653594,2.232754989,3.776209562
Norway,NOR,2000,NOR2000,-0.056800391,0.0255273,908544.3,11.90375,8.983,3.898586855,1.343956245,2.861692357,4.112395537
Norway,NOR,2001,NOR2001,0.039365066,0.0146451,924520.8,12.11125,9.028,2.575290872,1.146062788,1.423532015,3.394929247
Norway,NOR,2002,NOR2002,0.156157945,0.0095158,939924.8,12.115,9.076,3.393430002,1.050369088,2.449048291,3.134236753
Norway,NOR,2003,NOR2003,0.157085469,0.0038957,945651.7,12.1225,9.131,3.394800481,1.078157249,2.593124467,3.387306675
Norway,NOR,2004,NOR2004,0.0979937,0.0329366,970628.1,12.7025,9.184,3.447407162,1.145043047,2.624917224,3.705452599
Norway,NOR,2005,NOR2005,0.101988742,0.0187492,986269,12.425,9.247,3.508041548,1.139451333,2.858726902,3.722620034
Norway,NOR,2006,NOR2006,0.079861239,0.0146737,995909.9,12.265,9.322,3.951038547,1.237327952,3.203500298,3.715135137
Norway,NOR,2007,NOR2007,0.156158347,0.0158371,1015012.2,12.43,9.419,3.566768345,1.229084567,2.582247478,3.87809351
Norway,NOR,2008,NOR2008,0.137951098,-0.0117874,1030500.8,12.60625,9.536,3.870798044,1.217658559,2.74413557,3.745258452
Norway,NOR,2009,NOR2009,-0.105235752,-0.0290957,1007693.7,12.61875,9.657,3.289506762,1.142192827,2.156096288,3.580860246
Norway,NOR,2010,NOR2010,0.076339571,-0.0076869,999160.3,12.6275,9.777,1.28121361,0.973084477,0.020320397,2.944283479
Norway,NOR,2011,NOR2011,0.129200885,0.000351,995821,12.72125,9.907,3.878211137,1.250997755,2.886897887,4.384921409
Norway,NOR,2012,NOR2012,0.009342143,0.015417,1009825,12.505,10.036,2.693371854,1.230283217,1.586256177,3.85206689
Norway,NOR,2013,NOR2013,0.027443936,-0.0065439,1007637.6,12.6075,10.159,3.185541737,1.069018267,2.208051908,3.626321432
Norway,NOR,2014,NOR2014,-0.030398218,,1018404.3,12.42125,10.273,4.541816424,1.142970176,3.701427339,3.828980827
Norway,NOR,2015,NOR2015,,,1022992.2,12.4275,10.379,3.910878072,1.309950932,3.071862481,4.313834844
Norway,NOR,2016,NOR2016,,,,12.5325,10.47,3.561579578,1.067712651,2.825175348,3.481344298
Norway,NOR,2017,NOR2017,,,,12.73125,10.554,3.352451933,1.314930067,2.469325211,4.057702616
Norway,NOR,2018,NOR2018,,,,12.71875,10.622,3.571760391,1.012517226,2.938208616,3.348817624
Norway,NOR,2019,NOR2019,,,,12.8325,10.695,3.499998757,1.223577608,2.678773454,3.828098882
Oman,OMN,1990,OMN1990,,-0.0391098,35036.5,,,27.35507576,0.065605455,27.73738762,0.145936378
Oman,OMN,1991,OMN1991,,0.0184043,35589.8,,,26.90386364,0.043434545,27.44575308,0.055204708
Oman,OMN,1992,OMN1992,,0.0389425,36877.8,,,26.65143939,0.083255455,26.46183147,0.283209003
Oman,OMN,1993,OMN1993,,0.0195989,37472,,,27.34386364,0.040531818,27.22755739,0.050402774
Oman,OMN,1994,OMN1994,,0.0065606,37591.3,,,27.285,0.036543636,27.52881817,0.058694381
Oman,OMN,1995,OMN1995,,0.0274853,38527.4,,,27.15015152,0.092858182,27.24737954,0.315135998
Oman,OMN,1996,OMN1996,,0.0201224,39201.9,,,27.05780303,0.059626364,26.9174717,0.229550061
Oman,OMN,1997,OMN1997,,0.0577926,41421,,,27.03628788,0.106939091,27.30220527,0.39328167
Oman,OMN,1998,OMN1998,,0.0291101,42566.6,,,27.8855303,0.072643636,28.04926889,0.103086418
Oman,OMN,1999,OMN1999,,-0.0017793,42502.8,,,27.55636364,0.04488,27.71519865,0.075173559
Oman,OMN,2000,OMN2000,,0.0433276,44520,5.3,2.268,27.45984848,0.033330909,27.44983943,0.030937841
Oman,OMN,2001,OMN2001,,0.0511674,45837.2,5.6,2.295,27.6175,0.031077273,27.50038933,0.020782874
Oman,OMN,2002,OMN2002,,-0.0051591,44344.3,5.9,2.335,27.57371212,0.054083636,27.36973173,0.09398813
Oman,OMN,2003,OMN2003,,-0.0313715,42041.1,6.4,2.386,27.72666667,0.037024545,27.60577239,0.096536701
Oman,OMN,2004,OMN2004,,0.0025738,41486.4,6.6,2.446,27.81454545,0.052686364,27.42615942,0.085389059
Oman,OMN,2005,OMN2005,,0.0157684,41524.1,6.8,2.511,27.54818182,0.045515455,27.50674528,0.089156014
Oman,OMN,2006,OMN2006,,0.0407068,42958.2,7,2.581,27.66893939,0.065124545,27.44320703,0.13399824
Oman,OMN,2007,OMN2007,,0.0599984,44172.6,7.3,2.657,27.91037879,0.109089091,27.72412341,0.210695753
Oman,OMN,2008,OMN2008,,0.1112333,46739.8,8.1,2.751,27.32113636,0.029575455,27.09610714,0.057147289
Oman,OMN,2009,OMN2009,,-0.0155803,47625.3,7.7,2.876,27.87325758,0.057514545,27.75042454,0.079577265
Oman,OMN,2010,OMN2010,,0.0034181,46832.3,7.9,3.041,28.10219697,0.042385455,27.93165312,0.130935624
Oman,OMN,2011,OMN2011,,-0.0322876,42479.2,8.3,3.251,27.67492424,0.03862,27.54746289,0.211686718
Oman,OMN,2012,OMN2012,,-0.042663,41186.3,8.6,3.498,27.65992424,0.044207273,27.70460454,0.063087521
Oman,OMN,2013,OMN2013,,-0.0422834,38835.4,8.9,3.765,27.47083333,0.074751818,27.27235915,0.122215467
Oman,OMN,2014,OMN2014,,,36854.5,9.3,4.027,27.62181818,0.086248182,27.44824487,0.070175563
Oman,OMN,2015,OMN2015,,,35982.8,9.5,4.267,28.06583333,0.028412727,27.92490496,0.074099965
Oman,OMN,2016,OMN2016,,,,9.6,4.479,27.9494697,0.043029091,27.71514979,0.104064669
Oman,OMN,2017,OMN2017,,,,9.7,4.666,28.06924242,0.048406364,27.78359171,0.062021009
Oman,OMN,2018,OMN2018,,,,9.7,4.829,27.91136364,0.039012727,27.88993335,0.195166301
Oman,OMN,2019,OMN2019,,,,9.7,4.975,28.11575758,0.05145,27.91106607,0.13049443
Pakistan,PAK,1990,PAK1990,0.042157531,0.0141561,19355.02985,2.421888889,233.354,16.99270208,0.559552439,15.1438459,2.472593501
Pakistan,PAK,1991,PAK1991,0.05596149,0.0215182,19820.40902,2.527222222,240.141,16.33699794,0.469739663,14.41491245,2.431432313
Pakistan,PAK,1992,PAK1992,0.053153634,0.0477799,20998.17851,2.632444444,246.93,16.19563249,0.586767196,14.18176245,2.743853571
Pakistan,PAK,1993,PAK1993,-0.005100965,-0.0082081,21070.89966,2.737666667,253.816,16.84382958,0.422003789,14.97162603,2.093737288
Pakistan,PAK,1994,PAK1994,0.0554775,0.0111427,21161.92852,2.843,260.916,16.57974682,0.627095276,14.42898849,2.667763956
Pakistan,PAK,1995,PAK1995,0.068514466,0.022538,21410.84127,2.948444444,268.316,16.3224009,0.604582608,14.26847899,2.559619856
Pakistan,PAK,1996,PAK1996,-0.033126831,0.0208897,22063.33963,3.053555556,276.06,16.33779768,0.606749169,14.41450766,2.447455078
Pakistan,PAK,1997,PAK1997,-0.008041143,-0.0165605,21763.34844,3.158888889,284.1,15.80935611,0.552183606,13.98737936,2.349025162
Pakistan,PAK,1998,PAK1998,-0.026954889,-0.0009831,21718.38158,3.264111111,292.306,16.80051668,0.515525777,15.33515261,2.181382119
Pakistan,PAK,1999,PAK1999,-0.048779726,0.011165,21195.31302,3.369555556,300.504,17.49800072,0.424235608,15.4442841,1.992621793
Pakistan,PAK,2000,PAK2000,-0.034805536,0.0188519,21408.93862,3.474777778,308.564,17.21342362,0.413323688,15.42148553,1.501355313
Pakistan,PAK,2001,PAK2001,-0.100240111,-0.0011829,21178.83486,3.685333333,316.444,17.26682121,0.430104169,15.38336683,1.683920262
Pakistan,PAK,2002,PAK2002,0.097518921,0.0126041,21155.78748,4.001333333,324.187,17.26092796,0.419206904,15.59110708,1.668405154
Pakistan,PAK,2003,PAK2003,0.108021021,0.0292769,21526.52295,4.211888889,331.868,16.73153504,0.652695545,14.82237806,2.301494383
Pakistan,PAK,2004,PAK2004,0.119569421,0.0533356,22359.50846,4.527666667,339.61,17.46492512,0.474671045,15.65549962,1.780913898
Pakistan,PAK,2005,PAK2005,-0.845624804,0.055863,23596.01095,4.738111111,347.499,16.57605927,0.54848962,14.47509781,2.088473877
Pakistan,PAK,2006,PAK2006,0.137782693,0.0415375,24559.02335,4.633,355.561,17.27781356,0.677256541,15.70822451,2.284901245
Pakistan,PAK,2007,PAK2007,,0.0285864,25241.78215,4.633,363.765,17.30400655,0.504901782,15.51343491,2.034323598
Pakistan,PAK,2008,PAK2008,,-0.001742,25164.38155,4.649333333,371.146,17.21118433,0.593046791,15.1887344,2.063130178
Pakistan,PAK,2009,PAK2009,,0.0096141,25364.48636,4.770888889,378.602,17.44566764,0.488014138,15.39170483,1.78736294
Pakistan,PAK,2010,PAK2010,,-0.0018639,25266.12793,4.998777778,386.11,17.5046848,0.720606047,15.85746771,2.317228727
Pakistan,PAK,2011,PAK2011,,0.010204,25439.96147,5.120333333,393.65,17.25240285,0.526733856,15.16212711,2.14172437
Pakistan,PAK,2012,PAK2012,0.069540262,0.0225225,25796.5227,5.134888889,401.244,16.68137314,0.47517663,14.4802581,1.961650077
Pakistan,PAK,2013,PAK2013,,0.0424149,26373.16399,5.148666667,404.74,17.35539099,0.632580053,14.95808278,2.117933083
Pakistan,PAK,2014,PAK2014,,,27061.60236,5.267222222,408.375,16.99121489,0.485183281,14.6126079,2.057957574
Pakistan,PAK,2015,PAK2015,,,27984.6686,5.18,412.172,17.05734229,0.756034576,14.88444028,2.481460501
Pakistan,PAK,2016,PAK2016,,,,5.097111111,416.134,17.71085241,0.526826951,16.05851019,1.757529283
Pakistan,PAK,2017,PAK2017,,,,5.018555556,420.235,17.46426984,0.492411159,15.67262903,2.051671973
Pakistan,PAK,2018,PAK2018,,,,5.040666667,424.426,17.77264658,0.391465892,15.52934868,1.721586197
Pakistan,PAK,2019,PAK2019,,,,5.040666667,433.127,16.86280482,0.600594132,14.80719127,2.235613538
Palestine,PSE,1990,PSE1990,,,2841.4,,,19.33381283,0.312421429,19.20018828,0.75511879
Palestine,PSE,1991,PSE1991,,,2679,,,19.36909722,0.612244643,19.16436475,1.184269994
Palestine,PSE,1992,PSE1992,,,2728.6,,,18.36486442,0.584641865,18.01677683,1.335405414
Palestine,PSE,1993,PSE1993,,,2780.2,,,19.30615079,0.325808532,18.98566812,0.706883422
Palestine,PSE,1994,PSE1994,,,2723.4,,,19.85160384,0.614794048,19.51511226,1.242888983
Palestine,PSE,1995,PSE1995,,,2789.7,,,19.36755953,0.239413294,19.07227224,0.579232614
Palestine,PSE,1996,PSE1996,,,2861.7,,,19.95949074,0.347899603,19.37764588,0.869107083
Palestine,PSE,1997,PSE1997,,,3391.3,,,19.28477183,0.467191468,18.91470428,1.06420429
Palestine,PSE,1998,PSE1998,,,4163.6,,,20.42430556,0.295171429,20.01555596,0.775523351
Palestine,PSE,1999,PSE1999,,,4787.3,,,20.01807209,0.192787897,20.0435685,0.44858
Palestine,PSE,2000,PSE2000,,,4202.9,,,19.30631614,0.396447222,19.38228917,0.868380104
Palestine,PSE,2001,PSE2001,,,3832.4,,,20.1625496,0.333453572,20.01055186,0.710349978
Palestine,PSE,2002,PSE2002,,,3682.8,,,20.04310516,0.448188095,19.85051097,1.096088347
Palestine,PSE,2003,PSE2003,,,3930.8,,,19.89297288,0.473962103,19.654925,0.978673689
Palestine,PSE,2004,PSE2004,,,4164.8,7.724428571,6.475,19.75864749,0.344293254,19.67900307,0.802789671
Palestine,PSE,2005,PSE2005,,,4503.8,7.824714286,6.64,19.66964286,0.29885,19.61337411,0.769502158
Palestine,PSE,2006,PSE2006,,,4188.9,7.925285714,6.813,19.56073082,0.312247222,19.43650467,0.762074992
Palestine,PSE,2007,PSE2007,,,4012.7,8.025428571,6.989,19.83968254,0.295143651,19.74948123,0.749837576
Palestine,PSE,2008,PSE2008,,,3563.8,8.226142857,7.183,20.13156415,0.269423611,19.95820204,0.662284317
Palestine,PSE,2009,PSE2009,,,4187.3,8.527,7.378,20.24285714,0.280338691,20.0607796,0.788044884
Palestine,PSE,2010,PSE2010,,,4162.7,8.527,7.572,21.62982804,0.347888294,21.41449947,0.650859706
Palestine,PSE,2011,PSE2011,,,4356.3,8.720285714,7.767,19.74293982,0.333010516,19.40808465,0.939509327
Palestine,PSE,2012,PSE2012,,,4841.8,9.013857143,7.96,20.54809855,0.398466468,20.07119797,0.975686191
Palestine,PSE,2013,PSE2013,,,4498.3,8.906857143,8.154,20.33791336,0.430349405,20.08210634,0.819934588
Palestine,PSE,2014,PSE2014,,,4319.5,8.899857143,8.346,20.41073082,0.366073016,20.16229874,0.711175465
Palestine,PSE,2015,PSE2015,,,4714.9,9,8.54,20.24973545,0.38522996,20.04403219,0.970363369
Palestine,PSE,2016,PSE2016,,,,9.100142857,8.734,20.66942791,0.344803572,20.54508683,0.78986198
Palestine,PSE,2017,PSE2017,,,,9.100142857,8.911,20.29545304,0.169806746,20.24300564,0.523466449
Palestine,PSE,2018,PSE2018,,,,9.100142857,9.138,20.98716931,0.444554167,20.95274065,1.20516429
Palestine,PSE,2019,PSE2019,,,,9.199857143,9.369,20.39708995,0.385674603,20.20328436,0.996900683
Pama,PAN,1990,PAN1990,,0.0568221,50057.5,5.686384615,4.94114,25.58271991,2.469655139,24.04997451,8.107515018
Pama,PAN,1991,PAN1991,,0.0691761,53409.1,5.764230769,5.04539,25.61409722,2.392602222,24.0295521,7.738148408
Pama,PAN,1992,PAN1992,,0.0581772,56375.2,5.92,5.15085,25.66153935,2.272286528,24.07623565,7.350354733
Pama,PAN,1993,PAN1993,,0.0325765,58015,5.997846154,5.26091,25.68296296,2.369574167,24.02685406,7.973007674
Pama,PAN,1994,PAN1994,,0.0075659,58239.9,6.153692308,5.36837,25.53740741,2.338205694,23.95448334,8.117420777
Pama,PAN,1995,PAN1995,,-0.0032229,57849.3,6.231461538,5.48094,25.61475694,2.423679583,23.97893258,9.326134954
Pama,PAN,1996,PAN1996,,0.0070692,58065.1,6.309538462,5.59161,25.16592593,2.483187361,23.74722069,8.998940944
Pama,PAN,1997,PAN1997,0.047332393,0.0419449,61276.8,6.387384615,5.70838,25.61113426,2.435684167,24.39808503,6.921882938
Pama,PAN,1998,PAN1998,0.048897584,0.0502423,64310.7,6.465230769,5.82435,25.84390046,2.401401389,24.58607287,8.971687014
Pama,PAN,1999,PAN1999,-0.001200358,0.0179791,64292.3,6.543307692,5.94322,24.97707176,2.510803056,23.43880216,10.41971283
Pama,PAN,2000,PAN2000,-0.013472451,0.0065786,64587.9,6.621,6.0611,25.04555556,2.382465694,23.61429971,8.469465993
Pama,PAN,2001,PAN2001,0.05299441,-0.014237,65709.3,6.699,6.17898,25.49247685,2.419654583,23.89042647,8.015124318
Pama,PAN,2002,PAN2002,0.012185097,0.0023318,65343.8,6.776769231,6.29795,25.65099537,2.491496528,24.22830577,7.657395885
Pama,PAN,2003,PAN2003,0.021100309,0.0217692,67107.7,6.854769231,6.41783,25.70086806,2.561731528,24.19038765,8.970711307
Pama,PAN,2004,PAN2004,0.072212961,0.0534152,70684.6,6.932307692,6.53781,25.48296296,2.579376667,24.11295568,8.468895707
Pama,PAN,2005,PAN2005,0.03462606,0.0506733,76123.6,7.010692308,6.65919,25.4778125,2.412506806,24.10341801,9.195004379
Pama,PAN,2006,PAN2006,0.057116085,0.0634144,80488.6,7.088538462,6.7843,25.54209491,2.351987917,24.03315199,8.58201237
Pama,PAN,2007,PAN2007,0.130312231,0.0962616,90873.9,7.166153846,6.9075,25.39939815,2.547159722,23.96182089,9.868539139
Pama,PAN,2008,PAN2008,0.132073349,0.0697951,95304.9,7.166153846,7.0307,25.178125,2.545895139,23.72235719,9.571119977
Pama,PAN,2009,PAN2009,0.024294906,0.0215738,95176.3,7.244,7.1599,25.648125,2.415984028,24.12067196,8.608648116
Pama,PAN,2010,PAN2010,0.042992062,0.0397924,98966,7.244,7.2853,25.63863426,2.616913472,24.18403477,11.03025128
Pama,PAN,2011,PAN2011,,0.0855305,108804.7,7.244,7.4116,25.41165509,2.568775139,23.80502858,9.98795091
Pama,PAN,2012,PAN2012,,0.0811139,116886.1,7.399692308,7.541,25.61528935,2.224344028,24.02336951,8.406974797
Pama,PAN,2013,PAN2013,,0.064072,122594.9,7.556230769,7.6683,25.81002315,2.216661944,24.16320704,7.89059878
Pama,PAN,2014,PAN2014,,,127937,7.711923077,7.8017,25.95050926,2.423352083,24.31231942,8.141347016
Pama,PAN,2015,PAN2015,,,133206.6,7.711923077,7.9383,26.04946759,2.248801806,24.71699882,7.844776545
Pama,PAN,2016,PAN2016,,,,7.789153846,8.0736,26.05336806,2.264691111,24.59703926,8.642482717
Pama,PAN,2017,PAN2017,,,,7.945538462,8.2145,25.62490741,2.3427275,24.40563309,8.377296102
Pama,PAN,2018,PAN2018,,,,7.945538462,8.3544,25.55871528,2.500866111,24.19053696,8.124058595
Pama,PAN,2019,PAN2019,,,,7.945538462,8.4922,25.90075232,2.498810556,24.64488181,7.019312021
Papua New Guinea,PNG,1990,PNG1990,,-0.0550366,1606.7,2.438913043,9.2335,24.07588073,3.14730278,21.62793258,11.07026585
Papua New Guinea,PNG,1991,PNG1991,,0.0665025,1717.1,2.544956522,9.4525,23.8242699,2.889562959,21.52543613,10.37839607
Papua New Guinea,PNG,1992,PNG1992,,0.1048404,1906.9,2.757043478,9.6745,24.06391009,2.734474864,21.42593772,10.03267651
Papua New Guinea,PNG,1993,PNG1993,,0.142104,2198,2.863043478,9.8966,23.85114,2.530887486,21.37087043,9.835666292
Papua New Guinea,PNG,1994,PNG1994,,0.0322655,2270.1,2.96926087,10.1338,23.82762443,2.513377177,21.36778706,10.54881067
Papua New Guinea,PNG,1995,PNG1995,,-0.0594971,2139.2,3.075173913,10.3721,23.70890711,3.049966729,21.63320328,11.81471002
Papua New Guinea,PNG,1996,PNG1996,,0.0483127,2245.4,3.181304348,10.6277,23.72293941,3.195689499,21.64173937,10.71643419
Papua New Guinea,PNG,1997,PNG1997,,-0.0662865,2101.8,3.287304348,10.8943,23.70110956,2.994289656,21.44458656,8.11674151
Papua New Guinea,PNG,1998,PNG1998,,-0.06496,1970,3.287304348,11.1645,23.8414725,3.029906964,22.02965361,11.17656863
Papua New Guinea,PNG,1999,PNG1999,,-0.0079899,1954.8,3.393347826,11.4328,23.73512972,3.039414472,21.54737045,10.153711
Papua New Guinea,PNG,2000,PNG2000,,-0.0513083,1857.3,3.499304348,11.695,23.75131664,3.017843336,21.5392632,10.66070955
Papua New Guinea,PNG,2001,PNG2001,,-0.0268606,1808.4,3.499304348,11.9521,23.76350818,3.030146846,21.56849434,11.10103539
Papua New Guinea,PNG,2002,PNG2002,,-0.0268699,1760.6,3.605478261,12.1983,23.78509207,3.030189552,21.59626273,9.594206572
Papua New Guinea,PNG,2003,PNG2003,,-0.0035458,1754.6,3.605478261,12.4454,23.89333479,3.018584495,21.64535271,11.10783965
Papua New Guinea,PNG,2004,PNG2004,,0.0021426,1758.5,3.711565217,12.7107,23.86696241,3.023951911,21.55802363,10.3115051
Papua New Guinea,PNG,2005,PNG2005,,0.010836,1825,3.711565217,12.9899,23.7779143,3.024552211,21.59907343,11.68167981
Papua New Guinea,PNG,2006,PNG2006,,0.001234,1822.1,3.817434783,13.2944,23.74402418,3.020094754,21.46241592,11.96239448
Papua New Guinea,PNG,2007,PNG2007,,0.0455083,1906.2,3.923608696,13.6158,23.72617139,3.050967186,21.60839179,11.70053662
Papua New Guinea,PNG,2008,PNG2008,,0.0411786,1984.7,4.029565217,13.9544,23.72043792,3.040656838,21.49834284,11.31900292
Papua New Guinea,PNG,2009,PNG2009,,0.0303117,2058.3,4.135652174,14.2889,23.77420977,3.065267966,21.58574043,11.71859005
Papua New Guinea,PNG,2010,PNG2010,,0.0542354,2166.5,4.241608696,14.6215,23.84198681,3.075591218,21.97664123,10.75230255
Papua New Guinea,PNG,2011,PNG2011,,0.063969,2345.1,4.347695652,14.947,23.75440885,3.034769254,21.46367383,12.22603206
Papua New Guinea,PNG,2012,PNG2012,,0.0552348,2480.3,4.453695652,15.2634,23.78546659,3.051084749,21.45815732,12.38464872
Papua New Guinea,PNG,2013,PNG2013,,0.0313008,2562.5,4.559782609,15.5789,23.80191593,3.031754917,21.62484999,12.91454948
Papua New Guinea,PNG,2014,PNG2014,,,2723.5,4.559782609,15.8943,23.79684679,3.036252029,21.56537598,12.60528396
Papua New Guinea,PNG,2015,PNG2015,,,2750.8,4.559782609,16.2158,23.81077639,3.00939152,21.62690247,10.18201885
Papua New Guinea,PNG,2016,PNG2016,,,,4.877826087,16.5433,23.86920984,3.025371112,22.04738846,13.07798075
Papua New Guinea,PNG,2017,PNG2017,,,,4.877826087,16.8769,23.83696177,3.024308671,21.82797589,13.40248271
Papua New Guinea,PNG,2018,PNG2018,,,,4.877826087,17.2144,23.81896073,3.01183848,21.75041717,12.00742471
Papua New Guinea,PNG,2019,PNG2019,,,,4.983956522,17.555,23.80859459,3.048659269,21.70138715,12.4100112
Paraguay,PRY,1990,PRY1990,,0.0140693,94811.3,5.382666667,8.447,22.26188278,1.885869018,21.87642905,5.679784698
Paraguay,PRY,1991,PRY1991,,0.0086454,95612.1,5.382666667,8.668,22.82867827,1.467522557,22.57559711,4.41648264
Paraguay,PRY,1992,PRY1992,,-0.0082212,94814.9,5.475833333,8.891,22.02034066,1.853784557,21.61648798,5.218217912
Paraguay,PRY,1993,PRY1993,,0.0237788,96256.1,5.5685,9.112,22.48510623,1.374986711,22.08564006,4.49828898
Paraguay,PRY,1994,PRY1994,,0.0280219,98094.2,5.5685,9.332,23.24500244,1.616922066,22.8261528,5.019289698
Paraguay,PRY,1995,PRY1995,,0.0427973,101453.6,5.661333333,9.554,22.69439072,1.221185897,22.44412054,4.286307248
Paraguay,PRY,1996,PRY1996,,-0.0070071,99878,5.661333333,9.775,22.13605311,1.830855143,21.92247306,5.90792393
Paraguay,PRY,1997,PRY1997,,0.0194871,101079.5,5.5685,9.996,23.14520024,1.690323429,22.91081393,5.459979415
Paraguay,PRY,1998,PRY1998,,-0.0208834,98428.7,5.5685,10.215,22.30271246,2.01945222,22.01163982,6.385651611
Paraguay,PRY,1999,PRY1999,,-0.0348911,94761.2,5.475833333,10.432,22.52797619,1.280573165,22.32629125,4.302945171
Paraguay,PRY,2000,PRY2000,,-0.0441745,90685.4,5.475833333,10.646,22.42484066,1.594684037,22.21204754,4.676345028
Paraguay,PRY,2001,PRY2001,,-0.0287942,88562.6,5.754166667,10.856,23.27046581,1.363357297,22.75807056,4.847039666
Paraguay,PRY,2002,PRY2002,,-0.0202927,87588.2,6.0325,11.065,23.28849084,1.895897494,23.20128477,4.805909321
Paraguay,PRY,2003,PRY2003,,0.0225764,90809.5,6.553333333,11.267,22.86437729,1.552052718,22.70901491,4.247337356
Paraguay,PRY,2004,PRY2004,,0.0204303,94257.7,6.7,11.461,22.54439805,1.446246132,22.38224459,3.655949775
Paraguay,PRY,2005,PRY2005,,0.0021588,96285.5,6.9395,11.648,22.70339927,1.273486908,22.6753394,3.93473055
Paraguay,PRY,2006,PRY2006,,0.0283904,101112.6,6.795,11.825,23.1582149,1.455742974,23.2229161,3.89880092
Paraguay,PRY,2007,PRY2007,0.217312256,0.0345922,106901.6,6.837666667,11.997,22.57169475,1.478850154,22.58138397,4.040558021
Paraguay,PRY,2008,PRY2008,0.327406327,0.0437367,114029.5,7.116166667,12.163,22.59087058,1.303890344,22.33550135,3.661055679
Paraguay,PRY,2009,PRY2009,-0.15557615,-0.0581676,108065,6.721833333,12.327,22.71349939,1.579181062,22.69270943,4.070653126
Paraguay,PRY,2010,PRY2010,0.162515322,0.1054968,120599.5,7.384,12.497,22.34866911,1.514666124,22.13101304,4.464521034
Paraguay,PRY,2011,PRY2011,0.272442261,0.0251087,124159.1,7.469833333,12.668,22.64283761,1.41578674,22.28490374,4.054471005
Paraguay,PRY,2012,PRY2012,-0.099492868,-0.0297013,120979.3,7.460333333,12.843,23.41584432,1.354606886,23.33943402,3.413808001
Paraguay,PRY,2013,PRY2013,0.206317425,0.1100465,136114,7.939166667,13.02,22.54347497,1.441184139,22.21574037,4.196839009
Paraguay,PRY,2014,PRY2014,0.093822797,,140652.8,7.842666667,13.201,23.45546215,1.900508322,23.14306571,5.384464791
Paraguay,PRY,2015,PRY2015,-0.227475882,,143003.3,8.130166667,13.378,23.43991819,1.873979956,23.20376137,5.612316575
Paraguay,PRY,2016,PRY2016,,,,8.034833333,13.555,22.47939377,1.635468454,22.0040116,4.273258321
Paraguay,PRY,2017,PRY2017,,,,8.034833333,13.734,23.33733089,1.705208447,23.25114104,4.658406899
Paraguay,PRY,2018,PRY2018,,,,8.034833333,13.913,22.7504707,1.581207062,22.53871738,3.98807586
Paraguay,PRY,2019,PRY2019,,,,8.130166667,14.09,23.28166789,1.480429853,23.34716922,3.759888694
Peru,PER,1990,PER1990,-0.183988239,-0.0735161,118103.7,6.189285714,44.143,16.34661368,1.080717472,15.22174616,4.917551032
Peru,PER,1991,PER1991,0.161971528,0.0013603,120756.4,6.283142857,45.044,16.43554243,0.91110052,15.32538675,4.70433121
Peru,PER,1992,PER1992,0.002307954,-0.0237457,117598.8,6.470714286,45.934,16.91003242,0.930535475,15.35392272,4.649518035
Peru,PER,1993,PER1993,-0.028431333,0.0276506,122062.6,6.564428571,46.817,16.6876251,1.186750221,15.10438681,5.54426431
Peru,PER,1994,PER1994,0.197004671,0.102196,130351.9,6.658142857,47.703,16.61484258,1.186114412,15.11693728,5.576011871
Peru,PER,1995,PER1995,0.151422438,0.0645471,136274,6.845571429,48.598,16.61498256,0.921041466,15.58043993,4.596768234
Peru,PER,1996,PER1996,,0.0072021,135217.2,6.939571429,49.508,15.97619981,1.040679734,15.07961752,4.715244858
Peru,PER,1997,PER1997,,0.049141,138304.9,7.027142857,50.423,17.1701456,1.096582725,15.83780286,4.860480702
Peru,PER,1998,PER1998,,-0.0232812,132163.5,7.208571429,51.317,17.37794846,1.11429033,16.20903364,5.348748382
Peru,PER,1999,PER1999,,-0.0068265,129106.3,7.297,52.156,16.19354914,1.209361395,15.00290369,4.901520991
Peru,PER,2000,PER2000,,0.0140202,128814,7.478857143,52.921,16.37487489,1.257271332,15.0187323,4.890576994
Peru,PER,2001,PER2001,,-0.0120702,128008.7,7.569571429,53.598,16.21986139,1.337219288,15.13011689,4.868790965
Peru,PER,2002,PER2002,0.034740011,0.0355157,136145.1,7.754,54.202,16.64319768,1.232771986,15.43137102,4.905113649
Peru,PER,2003,PER2003,0.065202336,0.0375421,140572.2,7.844428571,54.744,16.5927316,1.126676224,15.48759156,4.535744765
Peru,PER,2004,PER2004,0.144368192,0.0362659,146631.5,8.029571429,55.247,16.66936654,1.125187646,15.35039323,4.525026865
Peru,PER,2005,PER2005,0.125435392,0.0493615,153721.3,8.160571429,55.731,16.51817039,0.912222913,15.58213843,4.229016588
Peru,PER,2006,PER2006,0.149656753,0.0615621,160075.8,7.632857143,56.205,16.70260115,1.151361581,15.53654394,4.70983199
Peru,PER,2007,PER2007,0.138991972,0.0711873,168782.4,7.632142857,56.666,16.05833503,1.037028782,15.42255196,4.632313417
Peru,PER,2008,PER2008,0.15554889,0.0770498,179187.8,7.914428571,57.124,16.37304289,1.118987557,15.2888465,4.833048248
Peru,PER,2009,PER2009,0.014471593,-0.0002878,178703.9,7.905285714,57.585,16.71304998,1.258539651,15.60305973,5.240474691
Peru,PER,2010,PER2010,0.168376582,0.0698357,189399.2,7.976714286,58.056,16.63144242,0.955042782,15.86796212,4.416672787
Peru,PER,2011,PER2011,0.072871382,0.050567,199005.7,8.598,58.529,16.41272018,1.221084976,15.33136476,4.834478248
Peru,PER,2012,PER2012,0.067506989,0.0452892,208061.5,8.108428571,59.014,16.6700069,0.986098542,15.42687072,5.212354422
Peru,PER,2013,PER2013,0.010662417,0.0437352,217314.5,8.297571429,59.549,16.18893324,1.081308579,15.40506248,4.97982497
Peru,PER,2014,PER2014,-0.019082685,,219568.6,8.862714286,60.18,16.64480293,1.052950344,15.55609909,5.087413906
Peru,PER,2015,PER2015,,,223805.1,8.579285714,60.942,17.22741395,1.052587522,15.91867922,5.157328419
Peru,PER,2016,PER2016,,,,8.862714286,61.852,17.1372862,1.167614711,16.09482894,4.658878868
Peru,PER,2017,PER2017,,,,8.957285714,62.889,16.89771517,1.133351596,15.78151926,5.520419843
Peru,PER,2018,PER2018,,,,9.146571429,63.979,16.45325542,1.112520622,15.5123141,4.983046245
Peru,PER,2019,PER2019,,,,9.146571429,65.02,16.737731,1.136497391,15.87806565,5.315673773
Philippines,PHL,1990,PHL1990,0.014067393,0.0047731,18950.4,6.110555556,126.152,26.20260409,2.50095069,24.82180903,6.615063768
Philippines,PHL,1991,PHL1991,-0.022114497,-0.0301627,18403.6,6.203111111,129.33,26.18350793,2.047338707,24.71803454,5.725099529
Philippines,PHL,1992,PHL1992,0.129979537,-0.0202942,18034.6,6.295722222,132.52,26.02505409,1.966325747,24.72901803,5.533962233
Philippines,PHL,1993,PHL1993,0.009646636,-0.0021831,18015.6,6.388277778,135.729,26.13587461,2.32225482,24.65809813,6.68995361
Philippines,PHL,1994,PHL1994,0.149919547,0.0201452,18416.9,6.480722222,138.965,26.2583412,2.266295149,24.60249164,6.355592825
Philippines,PHL,1995,PHL1995,0.11493063,0.0231215,18891.1,6.573388889,142.232,26.12698103,2.699209657,24.68831436,7.7957741
Philippines,PHL,1996,PHL1996,0.059172562,0.0343942,19599.2,6.665944444,145.532,25.99662624,2.517698256,24.50786154,7.597996737
Philippines,PHL,1997,PHL1997,-0.03324461,0.0283782,20206.2,6.758555556,148.847,26.08729185,2.084088357,24.58311784,5.763873721
Philippines,PHL,1998,PHL1998,-0.260858472,-0.0276938,19682.7,6.851111111,152.195,26.76831751,2.176245531,25.41106933,6.349331956
Philippines,PHL,1999,PHL1999,0.13657519,0.0087475,19876.4,6.977277778,154.931,26.11581425,3.322232402,24.47720088,8.775508301
Philippines,PHL,2000,PHL2000,-0.033809757,0.0219018,20335.4,7.197333333,157.693,26.25134427,3.097920146,24.56238004,8.708042065
Philippines,PHL,2001,PHL2001,-0.111429628,0.0075546,20513.1,7.230222222,160.483,26.299508,2.806705304,24.6657616,7.427729046
Philippines,PHL,2002,PHL2002,0.025357787,0.0151431,20862.8,7.451277778,163.301,26.17893547,2.398754277,24.73112098,6.179010332
Philippines,PHL,2003,PHL2003,0.038560699,0.0283183,21524,7.578666667,166.106,26.05488765,2.740519982,24.69056005,6.59692452
Philippines,PHL,2004,PHL2004,0.068881203,0.0453282,22623.3,8.150166667,169.42,26.15617415,2.42988583,24.73212751,6.24681119
Philippines,PHL,2005,PHL2005,0.096291177,0.0279711,23414.2,8.248277778,172.655,26.2623352,2.529221489,24.78572819,6.979545302
Philippines,PHL,2006,PHL2006,0.153854931,0.0332548,24409.9,8.345944444,175.779,26.30382516,2.502835208,24.80627929,7.217119617
Philippines,PHL,2007,PHL2007,0.188846841,0.0469454,25845.4,8.444222222,178.814,26.29844062,2.744899236,24.86429362,7.239332683
Philippines,PHL,2008,PHL2008,0.141451219,0.0239989,28750.9,8.541888889,181.808,25.97784658,3.120048314,24.56334535,8.513307735
Philippines,PHL,2009,PHL2009,-0.052635109,-0.0052086,28706.3,8.545444444,184.831,26.00575683,2.793036023,24.69861617,8.277303151
Philippines,PHL,2010,PHL2010,0.143941262,0.0567375,27731.1,8.454,187.935,26.28025629,2.591090774,25.16891071,7.003150039
Philippines,PHL,2011,PHL2011,0.108566761,0.018667,28304.7,8.552944444,191.14,26.04381854,3.32120079,24.5108487,9.347878225
Philippines,PHL,2012,PHL2012,-0.112614435,0.0486798,29723.4,8.651333333,194.428,26.39024089,2.933220434,24.74780829,8.048687689
Philippines,PHL,2013,PHL2013,0.268043939,0.0518875,31315.6,8.654777778,197.745,26.3946793,2.700885628,24.85181983,8.36179215
Philippines,PHL,2014,PHL2014,0.042121775,,32710.5,8.753833333,201.027,26.25733069,2.491767062,24.71879445,8.12091443
Philippines,PHL,2015,PHL2015,0.00160868,,34073.3,8.852666667,204.227,26.47149381,2.346502188,24.95408868,6.49803001
Philippines,PHL,2016,PHL2016,,,,8.856333333,207.33,26.81021305,2.475188506,25.35937686,7.580087312
Philippines,PHL,2017,PHL2017,,,,8.955333333,210.347,26.3606244,3.136197565,24.96209543,9.044408547
Philippines,PHL,2018,PHL2018,,,,8.955333333,213.306,26.55806116,2.764498557,25.09817613,7.286881294
Philippines,PHL,2019,PHL2019,,,,8.955333333,216.232,26.62366195,2.370810918,25.2038097,6.319753543
Poland,POL,1990,POL1990,,,134539.1,9.802352941,76.366,9.072857556,0.568330336,9.231472333,1.984957755
Poland,POL,1991,POL1991,,-0.076285,124770.4,9.902058824,76.493,8.088627232,0.535587405,7.938536929,1.913025264
Poland,POL,1992,POL1992,,0.0217719,127524.5,10.10311765,76.728,8.746738488,0.536727944,8.769731293,1.846158927
Poland,POL,1993,POL1993,,0.0341568,131754.1,10.20311765,76.923,7.792249297,0.583804772,7.725728117,1.98945612
Poland,POL,1994,POL1994,,0.0494648,137920.7,10.40294118,77.086,8.865577567,0.603504162,8.933385294,2.068703148
Poland,POL,1995,POL1995,,0.0658514,146378.6,10.50294118,77.191,8.165957238,0.572270754,8.178273879,2.048364549
Poland,POL,1996,POL1996,0.103201717,0.0597596,153985,10.60235294,77.247,6.625010748,0.56375137,6.549205393,1.999423523
Poland,POL,1997,POL1997,0.001962841,0.0678101,164561.8,10.70411765,77.299,7.84052538,0.627854086,7.793369198,2.173026765
Poland,POL,1998,POL1998,0.095976979,0.0482577,172191.1,10.80411765,77.326,8.265762546,0.684509921,8.182142507,2.293086924
Poland,POL,1999,POL1999,-0.035372198,0.0443315,178659,10.90235294,77.321,8.865942667,0.621100461,8.850839656,2.121404061
Poland,POL,2000,POL2000,0.029767334,0.0521591,188711.5,11.10235294,76.519,9.474300285,0.632750114,9.50310436,2.122333144
Poland,POL,2001,POL2001,0.10209772,0.0122568,190477.7,11.09882353,76.496,8.30738829,0.718867687,8.110871731,2.400517182
Poland,POL,2002,POL2002,0.032736659,0.014795,193249.9,11.39647059,76.459,9.078085524,0.634640993,9.111509221,2.128843236
Poland,POL,2003,POL2003,0.086345613,0.0386175,200754.2,11.49823529,76.41,8.347562624,0.496417556,8.311976464,1.632144941
Poland,POL,2004,POL2004,0.161869049,0.0526537,211796.6,11.60352941,76.364,8.325216911,0.605681643,8.285575797,2.015710804
Poland,POL,2005,POL2005,0.169196963,0.0359712,218307.9,11.6,76.33,8.227058738,0.588094433,8.241110388,1.930247338
Poland,POL,2006,POL2006,0.111410737,0.0610464,231727.6,11.69823529,76.282,8.61869678,0.562401837,8.688433945,1.892595023
Poland,POL,2007,POL2007,0.215000987,0.0661929,249065.6,11.80764706,76.244,9.337423528,0.677799103,9.365303333,2.24387157
Poland,POL,2008,POL2008,0.221746147,0.0498583,259623.3,11.90411765,76.252,9.418024037,0.604333335,9.394914877,2.044763351
Poland,POL,2009,POL2009,-0.18007952,0.0170762,264950.2,12.10176471,76.305,8.687964616,0.688230202,8.55519831,2.146388141
Poland,POL,2010,POL2010,0.067839265,0.0371815,275044.7,12.20352941,76.085,7.642826141,0.806014487,7.260462625,2.634655391
Poland,POL,2011,POL2011,0.094520867,0.0344281,288665.6,12.29588235,76.127,8.912778295,0.552289309,8.877513189,1.853884966
Poland,POL,2012,POL2012,-0.04959476,0.0188272,293175.2,11.69588235,76.127,8.580938017,0.609572157,8.470063434,2.028435821
Poland,POL,2013,POL2013,0.04957521,0.0157491,297063.6,12.10588235,76.082,8.640830956,0.652870354,8.344326102,2.094702458
Poland,POL,2014,POL2014,0.038128793,,307044.5,12.11058824,76.024,9.810453869,0.646345653,9.748046881,2.071637522
Poland,POL,2015,POL2015,,,318353.1,12.20294118,75.974,9.766367292,0.520644353,9.90121584,1.670307958
Poland,POL,2016,POL2016,,,,12.30235294,75.94,9.276976893,0.683278736,9.320036979,2.217845346
Poland,POL,2017,POL2017,,,,12.30529412,75.951,9.057359768,0.728856715,8.935324024,2.5208366
Poland,POL,2018,POL2018,,,,12.30411765,75.949,9.921320271,0.516356624,10.0290919,1.738400348
Poland,POL,2019,POL2019,,,,12.49764706,75.943,10.15600715,0.553714561,10.38911639,1.879294639
Portugal,PRT,1990,PRT1990,,0.0409243,103250.2,6.1155,19.929,16.30613001,0.742554297,15.80531483,1.811372962
Portugal,PRT,1991,PRT1991,,0.0450597,107128.4,6.214125,19.969,15.92031274,0.690271542,15.59050094,1.640528507
Portugal,PRT,1992,PRT1992,,0.0116133,107995.4,6.214125,19.905,15.95694539,0.595556984,15.43640769,1.48759252
Portugal,PRT,1993,PRT1993,,-0.0218676,105124.8,6.31275,19.929,15.33496126,0.781491746,14.72679503,1.962611398
Portugal,PRT,1994,PRT1994,,0.0069112,104887.2,6.31275,19.984,16.12986867,0.650983027,15.56574838,1.682939214
Portugal,PRT,1995,PRT1995,,0.038474,109200,6.31275,20.052,16.72497638,0.831150034,16.48261516,2.065544632
Portugal,PRT,1996,PRT1996,,0.0324611,112888.2,6.4115,20.127,15.8944794,1.14198364,15.39991003,2.607079135
Portugal,PRT,1997,PRT1997,,0.0386608,123871.7,6.4115,20.219,16.63502551,1.020788084,16.18025033,2.646701905
Portugal,PRT,1998,PRT1998,,0.0450535,126987.8,6.608625,20.321,16.43540061,0.64036737,15.9711881,1.637714717
Portugal,PRT,1999,PRT1999,,0.0342676,130162.1,6.608625,20.436,16.16834467,0.739313515,15.45633451,1.821042256
Portugal,PRT,2000,PRT2000,,0.0313801,133484.3,6.70725,20.579,16.11605253,0.878306893,15.50533163,2.244523619
Portugal,PRT,2001,PRT2001,0.020923138,0.0125028,135457.9,6.80575,20.725,16.32999244,0.894479773,15.63334319,2.426032012
Portugal,PRT,2002,PRT2002,0.096595383,0.0021386,135921.9,6.9195,20.838,16.12262094,0.899174059,15.59491938,2.254227409
Portugal,PRT,2003,PRT2003,0.211066818,-0.012907,134634.6,7.11375,20.919,16.49356859,0.912519365,15.82185398,2.166366128
Portugal,PRT,2004,PRT2004,0.13832612,0.0130915,136665,7.33125,20.968,16.27604592,0.660894331,15.74833727,1.614293369
Portugal,PRT,2005,PRT2005,0.046547365,0.0058656,137557.9,7.44,21.006,16.18804705,0.650560612,15.62188552,1.651248157
Portugal,PRT,2006,PRT2006,0.064003563,0.0125757,139906.8,7.51225,21.044,16.61642668,0.910930454,15.99564763,2.313842555
Portugal,PRT,2007,PRT2007,0.133639669,0.0214151,142949,7.60925,21.086,16.13929422,0.649741519,15.41652335,1.626549331
Portugal,PRT,2008,PRT2008,0.084337568,-0.0015269,142344.5,7.720875,21.116,16.24831822,0.775752097,15.41928394,1.839471517
Portugal,PRT,2009,PRT2009,-0.06756897,-0.0304682,137453.3,7.824,21.136,16.650291,0.858648447,15.99551071,2.099230826
Portugal,PRT,2010,PRT2010,-0.013946724,0.0187199,139534.5,8.023125,21.146,16.38743197,1.250493243,15.7529837,2.898488614
Portugal,PRT,2011,PRT2011,0.03384099,-0.0111128,137166.3,8.193625,21.116,16.65537132,0.775858526,15.98380524,1.941098345
Portugal,PRT,2012,PRT2012,-0.115729284,-0.0287843,132155.8,8.389625,21.031,16.32968348,0.750165578,15.57337419,1.809817879
Portugal,PRT,2013,PRT2013,0.04324255,-0.0085048,131394.1,8.481875,20.914,16.23115363,0.874061814,15.64480383,2.122824572
Portugal,PRT,2014,PRT2014,0.031834221,,133301.3,8.73275,20.802,16.58318216,0.862203345,15.76421853,2.304505302
Portugal,PRT,2015,PRT2015,-0.137234735,,135925.6,8.922125,20.717,16.61272959,0.622828911,16.10572713,1.534868691
Portugal,PRT,2016,PRT2016,,,,8.925625,20.651,16.63018613,0.90174797,16.09517753,2.032829894
Portugal,PRT,2017,PRT2017,,,,9.048875,20.602,17.02856293,0.622963311,16.61955465,1.4225402
Portugal,PRT,2018,PRT2018,,,,9.030625,20.567,16.27590325,0.894402596,15.76384067,2.104265467
Portugal,PRT,2019,PRT2019,,,,9.084125,20.538,16.64406463,0.644149955,16.09520655,1.67957276
Qatar,QAT,1990,QAT1990,,,58275.3,5.4,0.476,27.44166667,0.061066667,26.71307633,0.138574931
Qatar,QAT,1991,QAT1991,,,58162.9,5.5,0.487,26.98333333,0.085133333,26.08759526,0.157622109
Qatar,QAT,1992,QAT1992,,,65623.6,5.6,0.495,26.225,0.064166667,25.44541505,0.467865574
Qatar,QAT,1993,QAT1993,,,65972.4,5.7,0.501,27.11944444,0.103366667,26.26544807,0.179853708
Qatar,QAT,1994,QAT1994,,,67903.3,5.8,0.507,27.55,0.0445,26.78627638,0.050449967
Qatar,QAT,1995,QAT1995,,,70125.9,5.9,0.513,27.13333333,0.100266667,26.21695092,0.492968802
Qatar,QAT,1996,QAT1996,,,72882.5,6.3,0.523,27.62777778,0.106333333,26.86499128,0.232499734
Qatar,QAT,1997,QAT1997,,,93281.3,6.7,0.535,27.07222222,0.109566667,26.28999479,0.403161337
Qatar,QAT,1998,QAT1998,,,100894,7.1,0.552,28.31944444,0.0774,27.69682398,0.17192495
Qatar,QAT,1999,QAT1999,,,102758.6,7.5,0.57,28.51944444,0.080133333,27.73102918,0.103990615
Qatar,QAT,2000,QAT2000,,,109415.1,7.9,0.592,27.925,0.071566667,27.05835958,0.143268393
Qatar,QAT,2001,QAT2001,,0.0026794,109926.2,8,0.615,28.16666667,0.0148,27.26852254,0.025824697
Qatar,QAT,2002,QAT2002,,0.0400087,113982.8,8.1,0.641,28,0.062166667,27.25397061,0.118080088
Qatar,QAT,2003,QAT2003,,-0.0129799,112246.5,8.2,0.682,28.07222222,0.065933333,27.26985082,0.14765854
Qatar,QAT,2004,QAT2004,,0.0886051,122133.2,8.4,0.753,27.97777778,0.071366667,27.30504385,0.131640029
Qatar,QAT,2005,QAT2005,,-0.0586807,114840.4,8.8,0.865,27.70833333,0.064933333,27.00300728,0.127269757
Qatar,QAT,2006,QAT2006,,0.0683591,122682.9,9.2,1.023,27.96666667,0.0661,27.31329143,0.323251298
Qatar,QAT,2007,QAT2007,,-0.0094432,121358.4,9.6,1.218,28.11111111,0.040666667,27.37348055,0.074945176
Qatar,QAT,2008,QAT2008,,-0.0022804,121204.5,9.7,1.437,27.93888889,0.033366667,27.02493307,0.103256446
Qatar,QAT,2009,QAT2009,,-0.0275164,118453.3,9.2,1.655,28.19166667,0.099366667,27.18283472,0.188153845
Qatar,QAT,2010,QAT2010,,0.0425319,127670.6,8.4,1.856,28.80555556,0.034033333,27.90017125,0.062393954
Qatar,QAT,2011,QAT2011,,0.0498106,134117.4,8.7,2.036,28,0.060766667,27.06722607,0.161694563
Qatar,QAT,2012,QAT2012,,-0.0452373,132972.3,9.2,2.196,28.20277778,0.045066667,27.22548295,0.095745974
Qatar,QAT,2013,QAT2013,,-0.0020104,133395.4,9.9,2.337,27.90277778,0.0374,26.74810243,0.21658252
Qatar,QAT,2014,QAT2014,,,134447.8,9.8,2.459,28.14722222,0.081966667,27.17880253,0.140029648
Qatar,QAT,2015,QAT2015,,,135321.7,9.7,2.566,28.51388889,0.049133333,27.69719665,0.182921588
Qatar,QAT,2016,QAT2016,,,,9.7,2.654,28.64444444,0.022533333,27.21175772,0.173008218
Qatar,QAT,2017,QAT2017,,,,9.7,2.725,28.53055556,0.146633333,27.56241252,0.279902469
Qatar,QAT,2018,QAT2018,,,,9.7,2.782,28.9,0.0557,28.00737872,0.151233038
Qatar,QAT,2019,QAT2019,,,,9.7,2.832,28.62777778,0.170833333,27.7784135,0.29432395
Romania,ROU,1990,ROU1990,,,450236,9.031888889,46.402,10.23938351,0.480165232,10.22226279,1.856216824
Romania,ROU,1991,ROU1991,,,395644.7,9.132111111,46.001,9.122851795,0.714743939,8.784559869,2.531843069
Romania,ROU,1992,ROU1992,,,364373.5,9.232222222,45.588,9.680550042,0.515225512,9.564700715,1.858622696
Romania,ROU,1993,ROU1993,,,370591.4,9.332777778,45.527,9.11824065,0.582574091,8.809455302,2.078440111
Romania,ROU,1994,ROU1994,,,385873.9,9.433222222,45.46,10.78842472,0.535991457,10.62523342,1.92394766
Romania,ROU,1995,ROU1995,,,414418.9,9.533555556,45.368,9.583748467,0.7138592,9.147865266,2.438800929
Romania,ROU,1996,ROU1996,-0.017742936,,432153.4,9.633888889,45.238,9.300328294,0.650002808,8.54979491,2.344755456
Romania,ROU,1997,ROU1997,-0.033017135,,412596.3,9.734555556,45.109,9.008005548,0.724237304,8.551551808,2.469449951
Romania,ROU,1998,ROU1998,0.138164725,,398614.4,9.734555556,45.016,9.600639428,0.720524288,9.259604052,2.312631608
Romania,ROU,1999,ROU1999,-0.161686523,,395220.9,9.834888889,44.943,10.30036096,0.726046401,9.987318597,2.532563832
Romania,ROU,2000,ROU2000,-0.114507596,,396933.4,9.935444444,44.886,10.73417657,0.444151166,10.4070901,1.629989129
Romania,ROU,2001,ROU2001,0.108453966,,428714.1,9.734222222,44.263,10.08749937,0.687532199,9.912750136,2.265861901
Romania,ROU,2002,ROU2002,0.136817739,,457506.6,9.634333333,43.58,10.66315701,0.611431227,10.28252277,2.223941041
Romania,ROU,2003,ROU2003,0.259287925,,487023.7,9.733777778,43.307,9.636214972,0.532155387,9.42617542,1.822843672
Romania,ROU,2004,ROU2004,0.252943993,,533421,9.933555556,43.125,9.945483226,0.728116569,9.619553656,2.297323554
Romania,ROU,2005,ROU2005,0.214129278,,547146.3,10.132,42.944,9.56921336,0.799044104,9.186953466,2.912567636
Romania,ROU,2006,ROU2006,0.224904776,,595134.8,10.33222222,42.779,9.824463287,0.665867941,9.685078658,2.195479082
Romania,ROU,2007,ROU2007,0.313470454,,643232.5,10.53333333,42.421,11.19461107,0.701805757,11.08346266,2.142833558
Romania,ROU,2008,ROU2008,0.181725423,,700932.8,10.64,42.043,10.93541346,0.618950294,10.59906852,1.972363227
Romania,ROU,2009,ROU2009,-0.188287644,,656737.5,10.64111111,41.839,10.96192584,0.649434425,10.65126095,2.022855777
Romania,ROU,2010,ROU2010,-0.007270995,,655264.1,10.74,41.68,10.39270459,0.826027541,9.867929101,2.623468392
Romania,ROU,2011,ROU2011,0.064766407,,665341.5,10.84111111,41.501,10.03370751,0.477244032,9.708348499,1.583982731
Romania,ROU,2012,ROU2012,-0.003897145,,672484.3,10.93333333,40.115,10.76607834,0.607510739,10.48318593,1.981676735
Romania,ROU,2013,ROU2013,0.100729806,,698709.9,10.93,39.967,10.88311154,0.661747033,10.54002431,2.170885815
Romania,ROU,2014,ROU2014,0.038245655,,722079.4,10.93222222,39.819,11.23465416,0.780687885,10.60609511,2.503969665
Romania,ROU,2015,ROU2015,,,751947.4,10.93777778,39.631,11.24766697,0.622217009,10.94844114,1.988817085
Romania,ROU,2016,ROU2016,,,,11.03555556,39.405,10.86975536,0.731400169,10.43679717,2.425577751
Romania,ROU,2017,ROU2017,,,,11.03333333,39.173,10.84051618,0.656051648,10.24000132,2.103004734
Romania,ROU,2018,ROU2018,,,,11.02888889,38.946,11.39094837,0.64417964,10.71198518,2.15757889
Romania,ROU,2019,ROU2019,,,,11.13222222,38.713,11.89141395,0.551307193,11.30208687,1.889195944
Russian Federation,RUS,1990,RUS1990,,-0.0343171,1402890.5,9.219888889,295.938,1.309289785,0.558240825,1.378745399,1.936593558
Russian Federation,RUS,1991,RUS1991,,-0.0540238,1329596.6,9.421,296.788,1.122434293,0.494874718,1.285475269,1.697509586
Russian Federation,RUS,1992,RUS1992,,-0.1574546,1136309.9,9.520444444,297.075,0.275473084,0.52320349,0.364094176,1.765366267
Russian Federation,RUS,1993,RUS1993,,-0.0895376,1039369.8,9.721777778,296.918,0.320089901,0.515988899,0.264341947,1.763156607
Russian Federation,RUS,1994,RUS1994,,-0.1330893,910184.3,9.921111111,296.815,0.306350025,0.490971456,0.322857895,1.704558444
Russian Federation,RUS,1995,RUS1995,-0.024497961,-0.0410028,872556.3,10.02155556,296.752,2.127383371,0.527766973,2.28483487,1.867191042
Russian Federation,RUS,1996,RUS1996,-0.061093104,-0.0367931,824340.4,10.32155556,296.32,0.526707619,0.463359824,0.521029391,1.617281261
Russian Federation,RUS,1997,RUS1997,,0.0155562,817263.5,10.62444444,295.829,0.623761877,0.537990206,0.429600477,1.871847099
Russian Federation,RUS,1998,RUS1998,,-0.0528012,817490.6,10.82333333,295.342,0.290297614,0.523564281,0.173598961,1.760579576
Russian Federation,RUS,1999,RUS1999,-0.449656364,0.0651281,833372.9,11.12444444,294.431,1.021307433,0.493608316,0.961969551,1.65550279
Russian Federation,RUS,2000,RUS2000,0.221318936,0.0995163,886379.2,11.32555556,293.192,1.280000233,0.508683023,1.174967262,1.684140064
Russian Federation,RUS,2001,RUS2001,0.212988273,0.0539068,956308.2,11.42666667,291.952,1.076261771,0.538416782,1.050274518,1.781398674
Russian Federation,RUS,2002,RUS2002,0.133597148,0.0502476,1014425.9,11.42666667,290.613,1.1224045,0.529630034,1.040086788,1.716740058
Russian Federation,RUS,2003,RUS2003,0.224201276,0.0755259,1089633.6,11.42666667,289.299,1.165139946,0.504827176,1.165394003,1.654362655
Russian Federation,RUS,2004,RUS2004,0.300994922,0.0751685,1136727.2,11.42666667,288.133,1.182847564,0.570441679,1.218404817,1.825944646
Russian Federation,RUS,2005,RUS2005,0.216729916,0.0667418,1157743.8,11.42666667,287.036,1.79874502,0.510647886,2.040634874,1.701968499
Russian Federation,RUS,2006,RUS2006,0.269778179,0.0827688,1245087.6,11.42666667,286.1,0.736294361,0.526000217,0.950832527,1.754601267
Russian Federation,RUS,2007,RUS2007,0.291479135,0.0845199,1342768.4,11.42666667,285.611,2.100922359,0.518589624,2.402087876,1.723656922
Russian Federation,RUS,2008,RUS2008,0.230184736,0.0522647,1415839,11.42666667,285.483,1.917963975,0.519209029,2.202224744,1.739701057
Russian Federation,RUS,2009,RUS2009,-0.236717019,-0.0811111,1390910.5,11.52444444,285.571,0.96808356,0.522296258,1.176619967,1.676795343
Russian Federation,RUS,2010,RUS2010,0.195893777,0.0407019,1397111,11.52444444,285.698,1.294458031,0.507215107,1.521325053,1.607683364
Russian Federation,RUS,2011,RUS2011,0.214870984,0.0377559,1455507.7,11.52444444,285.921,1.558322514,0.514787284,1.723976508,1.656694678
Russian Federation,RUS,2012,RUS2012,0.060303247,0.03223,1504132.6,11.62555556,286.403,1.564346179,0.523630735,1.866693285,1.655979667
Russian Federation,RUS,2013,RUS2013,0.049088683,0.0108553,1520099.6,11.71444444,287.014,1.812001346,0.536095658,1.990387938,1.709291149
Russian Federation,RUS,2014,RUS2014,-0.09669182,,1503764.6,11.70111111,287.641,1.551901367,0.493466243,1.618134883,1.595766799
Russian Federation,RUS,2015,RUS2015,,,1444606.9,11.79111111,288.194,2.27036741,0.519019151,2.42044324,1.678005327
Russian Federation,RUS,2016,RUS2016,,,,11.78222222,288.684,2.076740794,0.552417898,2.32919578,1.749678309
Russian Federation,RUS,2017,RUS2017,,,,11.98111111,288.993,2.031016102,0.548767655,2.218041193,1.747787005
Russian Federation,RUS,2018,RUS2018,,,,12.18111111,288.955,1.753240711,0.49679374,1.956605729,1.580913457
Russian Federation,RUS,2019,RUS2019,,,,12.18111111,288.747,2.294013055,0.513150828,2.508322649,1.680348284
Rwanda,RWA,1990,RWA1990,,-0.0230246,850.4,1.779333333,14.577,18.77058823,1.122363529,18.86931218,4.905466825
Rwanda,RWA,1991,RWA1991,,0.008514,851.1,1.779333333,14.168,18.75034314,1.126037647,18.62575856,4.841478889
Rwanda,RWA,1992,RWA1992,,0.1204916,949.2,1.779333333,13.404,18.73566176,1.090305588,18.73284788,4.293193365
Rwanda,RWA,1993,RWA1993,,-0.0085907,929.3,1.931166667,12.528,18.71303922,1.071951765,18.97029879,3.654867538
Rwanda,RWA,1994,RWA1994,,-0.6408247,485.8,1.980666667,11.872,18.77531863,1.232803824,18.69963455,4.411308871
Rwanda,RWA,1995,RWA1995,,0.3131087,666.2,2.134,11.673,19.05012255,1.192831765,18.93391669,4.125215005
Rwanda,RWA,1996,RWA1996,,0.0741138,728.3,2.180166667,12.026,18.79534314,1.128315294,18.79079099,4.088034423
Rwanda,RWA,1997,RWA1997,,0.0423888,777.1,2.334833333,12.84,18.99627451,1.210567647,19.04764517,4.623783613
Rwanda,RWA,1998,RWA1998,,-0.0177045,781,2.378166667,13.926,18.93529412,1.222980588,19.42086059,4.131985502
Rwanda,RWA,1999,RWA1999,,-0.0179648,780.7,2.534166667,15.001,18.97188726,1.032599118,18.79317145,3.457526879
Rwanda,RWA,2000,RWA2000,,0.0131002,799.6,2.692166667,15.867,19.16970588,1.053837059,19.1619238,3.235835194
Rwanda,RWA,2001,RWA2001,,0.0406447,836.8,2.765833333,16.462,19.23323529,1.374063824,18.74722596,4.319397404
Rwanda,RWA,2002,RWA2002,,0.1010844,926.5,2.837833333,16.854,19.5002451,1.164507059,19.24229691,4.023585171
Rwanda,RWA,2003,RWA2003,,-0.0008995,924,2.908166667,17.114,19.50360294,1.216445882,19.41044318,3.244192671
Rwanda,RWA,2004,RWA2004,,0.0532064,972.3,2.976833333,17.361,19.23132353,0.845539706,19.32055799,3.670509495
Rwanda,RWA,2005,RWA2005,,0.067672,1018.8,3.044166667,17.68,19.2439951,0.972162353,19.47800764,3.668513026
Rwanda,RWA,2006,RWA2006,,0.0578036,1086,3.141666667,18.086,19.1255147,1.314847941,19.05408936,4.746082624
Rwanda,RWA,2007,RWA2007,,0.0462057,1137.9,3.346833333,18.547,19.15453431,1.284041176,18.94455598,3.827759131
Rwanda,RWA,2008,RWA2008,,0.076799,1229.9,3.443166667,19.051,19.05098039,1.092149118,18.89585335,3.604598725
Rwanda,RWA,2009,RWA2009,,0.031027,1271.3,3.539166667,19.567,19.52154412,1.213754118,19.14051946,4.162461124
Rwanda,RWA,2010,RWA2010,,0.0320197,1328.6,4.062666667,20.078,19.48382353,1.344057353,19.41629854,4.084579562
Rwanda,RWA,2011,RWA2011,,0.0439622,1397.2,4.047333333,20.586,18.99938725,1.382407353,18.68898235,4.637605077
Rwanda,RWA,2012,RWA2012,,0.0427758,1483.4,3.926833333,21.1,18.89286765,1.09385,18.80996888,4.499683797
Rwanda,RWA,2013,RWA2013,,0.0173412,1516.3,4.019833333,21.623,19.0832598,1.207969706,19.16817634,4.249817075
Rwanda,RWA,2014,RWA2014,,,1584.9,4.218,22.167,18.88943627,1.193293235,19.11429527,3.66816935
Rwanda,RWA,2015,RWA2015,,,1655.2,4.205166667,22.738,18.94590686,1.240518235,19.42778424,4.179905742
Rwanda,RWA,2016,RWA2016,,,,4.310333333,23.338,19.19794118,1.233921765,19.82564858,3.479990974
Rwanda,RWA,2017,RWA2017,,,,4.5205,23.963,19.3557598,1.124079118,19.36877864,3.61426508
Rwanda,RWA,2018,RWA2018,,,,4.5205,24.605,18.94671569,1.128347353,18.89486308,4.810512479
Rwanda,RWA,2019,RWA2019,,,,4.6255,25.254,19.14335784,1.349495294,19.30585972,4.320930104
Saint Kitts and Nevis,K,1990,K1990,,,,,,0,0,,
Saint Kitts and Nevis,K,1991,K1991,,,,,,0,0,,
Saint Kitts and Nevis,K,1992,K1992,,,,,,0,0,,
Saint Kitts and Nevis,K,1993,K1993,,,,,,0,0,,
Saint Kitts and Nevis,K,1994,K1994,,,,,,0,0,,
Saint Kitts and Nevis,K,1995,K1995,,,,,,0,0,,
Saint Kitts and Nevis,K,1996,K1996,,,,,,0,0,,
Saint Kitts and Nevis,K,1997,K1997,,,,,,0,0,,
Saint Kitts and Nevis,K,1998,K1998,,,,,,0,0,,
Saint Kitts and Nevis,K,1999,K1999,,,,,,0,0,,
Saint Kitts and Nevis,K,2000,K2000,,,,,,0,0,,
Saint Kitts and Nevis,K,2001,K2001,,,,,,0,0,,
Saint Kitts and Nevis,K,2002,K2002,,,,,,0,0,,
Saint Kitts and Nevis,K,2003,K2003,,,,,,0,0,,
Saint Kitts and Nevis,K,2004,K2004,,,,,,0,0,,
Saint Kitts and Nevis,K,2005,K2005,,,,7.2,,0,0,,
Saint Kitts and Nevis,K,2006,K2006,,,,7.3,,0,0,,
Saint Kitts and Nevis,K,2007,K2007,,,,7.4,0.047015,0,0,,
Saint Kitts and Nevis,K,2008,K2008,,,,7.6,0.047156,0,0,,
Saint Kitts and Nevis,K,2009,K2009,,,,7.7,0.047286,0,0,,
Saint Kitts and Nevis,K,2010,K2010,,,,7.8,0.047403,0,0,,
Saint Kitts and Nevis,K,2011,K2011,,,,8,0.047581,0,0,,
Saint Kitts and Nevis,K,2012,K2012,,,,8.1,0.047727,0,0,,
Saint Kitts and Nevis,K,2013,K2013,,,,8.3,0.047767,0,0,,
Saint Kitts and Nevis,K,2014,K2014,,,,8.4,0.047789,0,0,,
Saint Kitts and Nevis,K,2015,K2015,,,,8.4,0.04779,0,0,,
Saint Kitts and Nevis,K,2016,K2016,,,,8.4,0.047788,0,0,,
Saint Kitts and Nevis,K,2017,K2017,,,,8.4,0.047785,0,0,,
Saint Kitts and Nevis,K,2018,K2018,,,,8.5,0.047761,0,0,,
Saint Kitts and Nevis,K,2019,K2019,,,,8.7,0.047712,0,0,,
Saint Lucia,LCA,1990,LCA1990,,0.1951938,,,,26.54166667,2.047775,25.75297444,2.250689387
Saint Lucia,LCA,1991,LCA1991,,0.0122068,,,,26.57916667,2.1235,25.60685375,2.247221438
Saint Lucia,LCA,1992,LCA1992,,0.0552769,,,,26.43541667,2.3348,25.63527322,2.609547577
Saint Lucia,LCA,1993,LCA1993,,0.0137904,,,,26.75208334,2.08965,25.71144513,2.443278577
Saint Lucia,LCA,1994,LCA1994,,0.0025487,,,,26.42708334,1.95055,25.60238291,2.13541854
Saint Lucia,LCA,1995,LCA1995,,0.0201839,,,,26.71041667,2.22785,25.97759653,2.472484455
Saint Lucia,LCA,1996,LCA1996,,0.0397694,,,,26.49583334,2.4029,25.74069366,2.593007899
Saint Lucia,LCA,1997,LCA1997,,-0.0095205,,,,26.65,1.74685,25.93840434,2.147849193
Saint Lucia,LCA,1998,LCA1998,,0.0479659,,,,27.1875,2.5439,26.33761751,2.728476808
Saint Lucia,LCA,1999,LCA1999,,0.0102852,,,,26.70833334,1.966375,25.88596243,2.400878089
Saint Lucia,LCA,2000,LCA2000,,-0.0054001,,7.034666667,0.3138,26.42916667,2.08905,25.59278768,2.544862107
Saint Lucia,LCA,2001,LCA2001,,-0.0599318,,7.135,0.316,26.76041667,1.90515,25.85889081,2.172448309
Saint Lucia,LCA,2002,LCA2002,,-0.0087181,,7.235666667,0.3183,26.90208334,1.742775,25.96886851,2.307533752
Saint Lucia,LCA,2003,LCA2003,,0.0339073,,7.336,0.3215,26.89375,2.2044,26.01859946,2.453087407
Saint Lucia,LCA,2004,LCA2004,,0.0702092,,7.436666667,0.3237,26.64166667,2.96975,25.84004872,3.143723559
Saint Lucia,LCA,2005,LCA2005,,-0.0309557,,7.537,0.326,27.0375,2.689025,26.1661087,3.801950525
Saint Lucia,LCA,2006,LCA2006,,0.0753311,,7.637666667,0.3304,26.83541667,1.960025,26.04410452,2.687980794
Saint Lucia,LCA,2007,LCA2007,,0.0350373,,7.738,0.3358,26.71458334,2.008775,26.03914288,2.637406957
Saint Lucia,LCA,2008,LCA2008,,0.0306381,,7.838666667,0.3403,26.50833334,2.317075,25.72623598,2.746413816
Saint Lucia,LCA,2009,LCA2009,,-0.0148376,,7.939333333,0.3447,26.92083333,1.84205,26.04426981,2.260194606
Saint Lucia,LCA,2010,LCA2010,,-0.0197758,,8.441666667,0.3481,27.175,2.78115,26.44372965,3.770262276
Saint Lucia,LCA,2011,LCA2011,,0.0034083,,8.441666667,0.3513,26.86041667,2.843525,25.84366506,3.621785193
Saint Lucia,LCA,2012,LCA2012,,-0.0217961,,8.441666667,0.3535,26.85625,2.325725,25.95655975,2.927211783
Saint Lucia,LCA,2013,LCA2013,,-0.0130746,,8.441666667,0.3557,26.95,1.984575,25.97719218,2.592014513
Saint Lucia,LCA,2014,LCA2014,,,,8.441666667,0.3559,26.91666667,1.951125,25.9147583,2.198497517
Saint Lucia,LCA,2015,LCA2015,,,,8.441666667,0.358,27.12291667,1.5509,26.19515381,1.813558852
Saint Lucia,LCA,2016,LCA2016,,,,8.542333333,0.3602,27.10208334,2.375175,26.29684855,2.934351234
Saint Lucia,LCA,2017,LCA2017,,,,8.542333333,0.3624,26.93333334,2.3443,26.09461619,2.720442659
Saint Lucia,LCA,2018,LCA2018,,,,8.542333333,0.3635,26.57916667,2.061625,25.85883993,2.582106041
Saint Lucia,LCA,2019,LCA2019,,,,8.542333333,0.3657,26.8875,1.58095,26.16486766,2.1359206
Saint Vincent and the Gredines,VCT,1990,VCT1990,,0.0452355,5576.9,,,26.025,2.4253,25.49385988,2.665213634
Saint Vincent and the Gredines,VCT,1991,VCT1991,,0.0033345,5624.4,,,25.90833333,2.3883,25.34570465,2.82370563
Saint Vincent and the Gredines,VCT,1992,VCT1992,,0.0707792,5972.5,,,25.75,2.599,25.45851543,3.117879872
Saint Vincent and the Gredines,VCT,1993,VCT1993,,0.0006848,6220.9,,,26.05,2.4514,25.5355011,2.900385371
Saint Vincent and the Gredines,VCT,1994,VCT1994,,-0.0307887,6141.5,,,25.675,2.3836,25.37223969,2.568793653
Saint Vincent and the Gredines,VCT,1995,VCT1995,,0.0100325,6618.9,,,26.06666667,2.561,25.75201062,2.865963892
Saint Vincent and the Gredines,VCT,1996,VCT1996,,0.0137195,6706.8,,,25.825,2.7563,25.55856477,3.119423704
Saint Vincent and the Gredines,VCT,1997,VCT1997,,0.1253588,6946.9,,,26.01666667,2.1594,25.6758718,2.605396818
Saint Vincent and the Gredines,VCT,1998,VCT1998,,0.0511798,7236.2,,,26.59166667,2.9984,26.13546904,3.507558584
Saint Vincent and the Gredines,VCT,1999,VCT1999,,0.0435149,7435.4,,,26.075,2.4967,25.62888233,3.050921655
Saint Vincent and the Gredines,VCT,2000,VCT2000,,-0.0058158,7555.9,7.5,0.108,25.76666667,2.5545,25.38266398,3.006610908
Saint Vincent and the Gredines,VCT,2001,VCT2001,,0.0155059,7678.6,7.6,0.108,26.125,2.0877,25.5422404,2.88201741
Saint Vincent and the Gredines,VCT,2002,VCT2002,,0.0592318,8151.9,7.7,0.108,26.20833333,2.1995,25.71602022,2.803466438
Saint Vincent and the Gredines,VCT,2003,VCT2003,,0.0712352,8762.3,7.8,0.108,26.3,2.3856,25.77633057,3.03039157
Saint Vincent and the Gredines,VCT,2004,VCT2004,,0.0388408,9108.9,7.8,0.109,26.1,3.1709,25.70292307,4.081469485
Saint Vincent and the Gredines,VCT,2005,VCT2005,,0.0226037,9319.6,7.9,0.109,26.45,2.9639,26.07178905,4.404908919
Saint Vincent and the Gredines,VCT,2006,VCT2006,,0.0724554,10018.9,8,0.109,26.25,2.4563,25.86181286,3.166194171
Saint Vincent and the Gredines,VCT,2007,VCT2007,,0.0310603,9844.2,8,0.109,26.025,2.3077,25.83845927,3.292749063
Saint Vincent and the Gredines,VCT,2008,VCT2008,,0.0152626,10495.7,8.1,0.108,25.925,2.5678,25.55533753,3.301082877
Saint Vincent and the Gredines,VCT,2009,VCT2009,,-0.0224274,10266.9,8.2,0.108,26.29166667,2.149,25.80395406,2.764455508
Saint Vincent and the Gredines,VCT,2010,VCT2010,,-0.0342095,9915.9,8.3,0.108,26.6,3.0442,26.26884359,4.511132742
Saint Vincent and the Gredines,VCT,2011,VCT2011,,-0.0040425,9871.6,8.3,0.108,26.25,3.1513,25.7641566,4.354999275
Saint Vincent and the Gredines,VCT,2012,VCT2012,,0.0156499,10008.6,8.4,0.108,26.15,2.5045,25.78273163,3.349143401
Saint Vincent and the Gredines,VCT,2013,VCT2013,,0.0279364,10176.4,8.4,0.109,26.3,2.3861,25.74892069,3.197068091
Saint Vincent and the Gredines,VCT,2014,VCT2014,,,10240.1,8.5,0.109,26.25833333,2.2257,25.6663859,2.427114547
Saint Vincent and the Gredines,VCT,2015,VCT2015,,,10379.1,8.5,0.109,26.5,1.8053,25.89282633,2.157352234
Saint Vincent and the Gredines,VCT,2016,VCT2016,,,,8.6,0.109,26.475,2.6807,26.09868774,3.234949254
Saint Vincent and the Gredines,VCT,2017,VCT2017,,,,8.6,0.11,26.30833333,2.7694,25.89490916,3.76597658
Saint Vincent and the Gredines,VCT,2018,VCT2018,,,,8.7,0.11,25.95833333,2.4242,25.61494344,2.881972362
Saint Vincent and the Gredines,VCT,2019,VCT2019,,,,8.8,0.111,26.25,1.9249,25.93350372,2.494377036
Samoa,WSM,1990,WSM1990,,-0.0505409,3649.2,7.6,0.163,27.25,2.6067,24.04346688,7.710772003
Samoa,WSM,1991,WSM1991,,-0.0306584,3539,7.7,0.164,27.25833333,3.2384,24.27761365,8.302053535
Samoa,WSM,1992,WSM1992,,-0.0110726,3500,7.8,0.165,27.24166667,3.5198,24.10787167,6.828221699
Samoa,WSM,1993,WSM1993,,0.0303372,3607.8,8,0.167,27.05833333,3.2642,23.8892244,7.194343355
Samoa,WSM,1994,WSM1994,,-0.0351548,3483.2,8.1,0.169,27.14166667,3.404,24.00575155,7.021676624
Samoa,WSM,1995,WSM1995,,0.0554113,3685.7,8.2,0.17,27.46666667,2.6769,24.03504468,7.94661631
Samoa,WSM,1996,WSM1996,,0.0636703,3924.5,8.3,0.171,27.65,3.3843,23.87115919,7.734880805
Samoa,WSM,1997,WSM1997,,0.0026746,3928.8,8.5,0.172,27.5,2.8318,23.77487963,7.604593691
Samoa,WSM,1998,WSM1998,,0.0190979,3996.7,8.6,0.173,27.625,1.6157,23.99123823,6.190438455
Samoa,WSM,1999,WSM1999,,0.0180659,4065.7,8.7,0.174,27.45833333,3.2735,23.76231893,6.909152154
Samoa,WSM,2000,WSM2000,,0.0629815,4325.7,8.8,0.174,27.65833333,3.2063,23.75962439,6.747335814
Samoa,WSM,2001,WSM2001,,0.063071,4600.8,8.9,0.175,28.16666667,2.7322,23.90029026,7.929444312
Samoa,WSM,2002,WSM2002,,0.0373171,4772.8,9.1,0.176,28.15,3.0118,24.25597874,7.115154111
Samoa,WSM,2003,WSM2003,,0.0404134,4957.9,9.2,0.177,27.65833333,3.0698,24.12605778,8.193245257
Samoa,WSM,2004,WSM2004,,0.0405408,5154.8,9.3,0.179,27.60833333,2.4447,24.2839318,7.171213232
Samoa,WSM,2005,WSM2005,,0.0342985,5335.2,9.4,0.18,27.86666667,3.5935,24.25556419,7.448540165
Samoa,WSM,2006,WSM2006,,0.0133371,5405.8,9.5,0.181,27.55833333,3.7769,23.98347203,9.594337281
Samoa,WSM,2007,WSM2007,,0.0114157,5710.9,9.7,0.182,27.91666667,3.6616,24.12140639,8.674184269
Samoa,WSM,2008,WSM2008,,0.0368461,5730.7,9.8,0.183,27.65,3.062,23.68911404,7.174161564
Samoa,WSM,2009,WSM2009,,-0.0594632,5417.9,9.9,0.185,27.59166667,3.1677,23.98293762,6.544568583
Samoa,WSM,2010,WSM2010,,-0.0018346,5405,10,0.186,27.68333333,3.2428,24.26290758,7.264976343
Samoa,WSM,2011,WSM2011,,0.0067667,5674.5,10.5,0.187,27.28333333,2.7619,23.68346541,6.724390536
Samoa,WSM,2012,WSM2012,,0.0212129,5653,10.5,0.189,27.36666667,3.0428,23.99526265,8.22748781
Samoa,WSM,2013,WSM2013,,-0.0116607,5500.4,10.5,0.191,27.63333333,3.1577,24.17237413,7.678563397
Samoa,WSM,2014,WSM2014,,,5523.9,10.6,0.192,27.45833333,3.0894,24.11296895,7.839101416
Samoa,WSM,2015,WSM2015,,,5574.1,10.6,0.194,27.38333333,3.6488,24.12923008,7.629752708
Samoa,WSM,2016,WSM2016,,,,10.6,0.195,27.86666667,2.7289,24.57560594,6.675745494
Samoa,WSM,2017,WSM2017,,,,10.6,0.195,27.69166667,3.181,24.34499105,9.162726875
Samoa,WSM,2018,WSM2018,,,,10.6,0.196,27.56666667,3.7694,24.20546366,8.905704494
Samoa,WSM,2019,WSM2019,,,,10.8,0.197,27.79166667,3.4865,24.55411716,7.952759967
Sao Tome & Principe,STP,1990,STP1990,,,1778.7,2.7604,0.23813,24.48177083,2.3260875,24.94984928,4.176911348
Sao Tome & Principe,STP,1991,STP1991,,,1808.1,2.8558,0.24397,24.48385417,2.06153125,24.99163519,4.630839394
Sao Tome & Principe,STP,1992,STP1992,,,1808.8,2.951,0.24959,24.29166667,1.89013125,24.72144328,3.122354472
Sao Tome & Principe,STP,1993,STP1993,,,1850.4,3.1414,0.25401,24.48958333,2.09096875,25.03966026,3.678122531
Sao Tome & Principe,STP,1994,STP1994,,,1895.4,3.2364,0.25843,24.43802083,2.0865875,24.94845338,3.264423041
Sao Tome & Principe,STP,1995,STP1995,,,1937.1,3.332,0.26363,24.69322917,2.2398125,25.26065357,4.005158019
Sao Tome & Principe,STP,1996,STP1996,,,1965.2,3.5222,0.26784,24.51510417,2.3458375,24.98634406,3.963123088
Sao Tome & Principe,STP,1997,STP1997,,,1981.9,3.6172,0.27183,24.38645833,2.2559125,24.93963691,4.146629639
Sao Tome & Principe,STP,1998,STP1998,,,2016.4,3.7124,0.27583,25.04479167,2.33798125,25.68110188,4.397706092
Sao Tome & Principe,STP,1999,STP1999,,,2060.9,3.903,0.28003,24.66979167,2.4926875,25.0114476,4.317941412
Sao Tome & Principe,STP,2000,STP2000,,,2080,3.9982,0.28434,24.73333334,2.43203125,24.92770284,3.937144409
Sao Tome & Principe,STP,2001,STP2001,,0.0146517,2102.8,4.0932,0.28976,24.74479167,2.25975,24.80453616,3.830377279
Sao Tome & Principe,STP,2002,STP2002,,0.001087,2106.4,4.0932,0.29449,24.940625,2.5549,25.04670868,4.369599904
Sao Tome & Principe,STP,2003,STP2003,,0.0445723,2194.7,4.1884,0.30044,24.9953125,2.1352875,25.22382309,5.549999294
Sao Tome & Principe,STP,2004,STP2004,,0.0217682,2227.4,4.1884,0.3078,24.75833333,2.15015,25.06447613,3.851807123
Sao Tome & Principe,STP,2005,STP2005,,-0.0085135,2332.3,4.2838,0.31447,24.83958333,1.85800625,25.08252191,3.07458496
Sao Tome & Principe,STP,2006,STP2006,,0.0923066,2489,4.2838,0.32368,24.8890625,1.959025,25.1364962,4.374101781
Sao Tome & Principe,STP,2007,STP2007,,-0.0086958,2514.1,4.379,0.3323,24.88697917,2.77471875,25.1509296,6.344306726
Sao Tome & Principe,STP,2008,STP2008,,0.0575327,2661.2,4.4742,0.34233,24.7390625,2.3857,25.02359246,4.851377237
Sao Tome & Principe,STP,2009,STP2009,,0.0102316,2708.5,4.5692,0.35216,24.83072917,2.20788125,25.14608776,4.967631733
Sao Tome & Principe,STP,2010,STP2010,,0.0157404,2768.8,4.6532,0.35993,25.0296875,1.8641125,25.29952251,3.18172946
Sao Tome & Principe,STP,2011,STP2011,,0.0208622,2839.9,4.7378,0.36949,24.69427083,2.14258125,25.00447094,3.552602544
Sao Tome & Principe,STP,2012,STP2012,,0.0127105,2906.4,4.822,0.37593,24.765625,2.537725,24.97668129,5.229310843
Sao Tome & Principe,STP,2013,STP2013,,0.0135299,2963.2,4.9068,0.38437,24.81041667,2.12325,24.97924788,3.739780685
Sao Tome & Principe,STP,2014,STP2014,,,3030.2,4.9914,0.3917,24.89322917,2.10366875,24.91551191,4.763561035
Sao Tome & Principe,STP,2015,STP2015,,,3043.9,5.2882,0.39804,24.96145833,1.9109,24.9608811,3.396491054
Sao Tome & Principe,STP,2016,STP2016,,,,5.491,0.40628,25.05989583,2.0169,25.43778862,5.292298904
Sao Tome & Principe,STP,2017,STP2017,,,,5.789,0.41362,24.97447917,2.15616875,25.2650108,3.942942318
Sao Tome & Principe,STP,2018,STP2018,,,,6.0872,0.42206,25.11041667,2.30334375,25.22667903,5.034685907
Sao Tome & Principe,STP,2019,STP2019,,,,6.0998,0.43041,24.94427083,2.23278125,25.5290941,4.810453298
Saudi Arabia,SAU,1990,SAU1990,,0.0460462,35342.6,5.654166667,32.479,25.14586364,0.11326346,24.62956291,0.129356042
Saudi Arabia,SAU,1991,SAU1991,,0.054721,37352.2,5.753333333,33.557,24.92960864,0.113085252,24.64887874,0.172325114
Saudi Arabia,SAU,1992,SAU1992,,0.0144401,37940.1,5.753333333,34.577,24.2256824,0.118474328,23.24987643,0.267460283
Saudi Arabia,SAU,1993,SAU1993,,-0.0279799,36906.3,5.9515,35.539,24.92422154,0.145466869,24.22569529,0.258772472
Saudi Arabia,SAU,1994,SAU1994,,-0.0177823,36175.5,5.9515,36.442,25.26615035,0.104721741,24.54398041,0.158560953
Saudi Arabia,SAU,1995,SAU1995,,-0.0181398,35324.9,6.150166667,37.292,25.10301203,0.128838738,24.34901088,0.30527237
Saudi Arabia,SAU,1996,SAU1996,,0.0182572,35617.9,6.249166667,38.082,25.44303026,0.124254149,24.80553068,0.271932893
Saudi Arabia,SAU,1997,SAU1997,,0.0143851,35659,6.3485,38.829,24.87922238,0.123492541,24.14999864,0.317105753
Saudi Arabia,SAU,1998,SAU1998,,0.0163658,35780.1,6.447833333,39.58,25.78396728,0.112551903,25.27871625,0.230396762
Saudi Arabia,SAU,1999,SAU1999,,-0.0248759,34619.2,6.547,40.404,25.90455224,0.113953264,25.2330547,0.171293306
Saudi Arabia,SAU,2000,SAU2000,,0.0211488,35342.2,6.646,41.343,25.43254027,0.102993865,24.81394018,0.160158401
Saudi Arabia,SAU,2001,SAU2001,,-0.030952,34541.6,6.745333333,42.422,25.72870562,0.107932653,24.94483291,0.164385979
Saudi Arabia,SAU,2002,SAU2002,,-0.0424395,33578.5,6.943666667,43.626,25.63064429,0.116265661,24.82567218,0.211217472
Saudi Arabia,SAU,2003,SAU2003,,0.0336317,35082.8,7.043,44.93,25.69925701,0.096038141,25.17565445,0.176706118
Saudi Arabia,SAU,2004,SAU2004,,0.0404079,37217.8,7.439666667,46.282,25.55169754,0.103916309,24.94783676,0.205885113
Saudi Arabia,SAU,2005,SAU2005,,0.0349806,38805.7,7.538833333,47.65,25.48665907,0.097952239,25.00896238,0.206280923
Saudi Arabia,SAU,2006,SAU2006,,0.0270253,39882.3,7.737166667,49.014,25.58464669,0.102032469,24.98321887,0.213705877
Saudi Arabia,SAU,2007,SAU2007,,0.0369937,41196.8,8.034833333,50.388,25.64317382,0.102683418,25.01465446,0.126632118
Saudi Arabia,SAU,2008,SAU2008,,0.0636658,43567.3,8.233166667,51.796,25.62276234,0.100823008,24.68056953,0.156249856
Saudi Arabia,SAU,2009,SAU2009,,0.0019487,43285.2,8.530666667,53.279,25.89402965,0.091969359,25.17654873,0.149034308
Saudi Arabia,SAU,2010,SAU2010,,0.0546161,44246.8,8.828333333,54.863,26.61337728,0.099695334,25.93531791,0.134642451
Saudi Arabia,SAU,2011,SAU2011,,0.0639276,47474,9.026833333,56.555,25.54550808,0.104037845,24.79470574,0.137168403
Saudi Arabia,SAU,2012,SAU2012,,0.0377196,48830,9.323833333,58.33,25.89879924,0.107192992,25.21284426,0.120100813
Saudi Arabia,SAU,2013,SAU2013,,0.0183318,48963.5,9.4235,60.126,25.59188042,0.107830766,24.8090691,0.221583152
Saudi Arabia,SAU,2014,SAU2014,,,49618.9,9.4235,61.857,25.83777439,0.104366232,25.13405125,0.145706173
Saudi Arabia,SAU,2015,SAU2015,,,50284,9.721,63.459,26.04825069,0.099336692,25.60056556,0.184078521
Saudi Arabia,SAU,2016,SAU2016,,,,9.820833333,64.909,26.04235419,0.102608262,25.40011416,0.20933239
Saudi Arabia,SAU,2017,SAU2017,,,,10.01816667,66.222,26.01644579,0.104690367,25.64583096,0.154215767
Saudi Arabia,SAU,2018,SAU2018,,,,10.11783333,67.424,26.26138317,0.113215859,25.62198218,0.261143874
Saudi Arabia,SAU,2019,SAU2019,,,,10.11783333,68.561,25.98598213,0.118124212,25.56155299,0.208154982
Senegal,SEN,1990,SEN1990,,-0.0377165,1863.6,1.791545455,15.052,28.03631018,0.589927445,27.38513854,1.246388831
Senegal,SEN,1991,SEN1991,,-0.0056223,1853.2,1.791545455,15.511,27.81855555,0.582996889,27.05570698,1.363152624
Senegal,SEN,1992,SEN1992,,-0.01832,1819.6,1.710181818,15.98,27.74204167,0.635065445,26.99288525,1.150853069
Senegal,SEN,1993,SEN1993,,-0.0171073,1788.8,1.701363636,16.453,27.86927778,0.646763556,27.08989098,1.47552322
Senegal,SEN,1994,SEN1994,,-0.0290412,1737.6,1.692727273,16.922,27.54671759,0.748727667,26.79608891,1.602964606
Senegal,SEN,1995,SEN1995,,0.0248097,1781.3,1.684727273,17.378,27.77571759,0.735338167,27.09915121,1.65130171
Senegal,SEN,1996,SEN1996,,-0.0060002,1770.6,1.597636364,17.826,28.16499074,0.615272778,27.34318627,1.359667151
Senegal,SEN,1997,SEN1997,,0.006043,1781.3,1.591,18.262,28.3442963,0.654875722,27.49329449,1.30437719
Senegal,SEN,1998,SEN1998,,0.0331916,1841.5,1.584909091,18.696,28.71838889,0.688807833,27.84241398,1.073052301
Senegal,SEN,1999,SEN1999,,0.0372524,1911.6,1.5,19.138,27.69064815,0.924483222,26.51582958,1.566936941
Senegal,SEN,2000,SEN2000,,0.0065274,1923.9,1.494818182,19.596,27.94772222,0.755871889,26.92705957,1.499458852
Senegal,SEN,2001,SEN2001,,0.0190208,1960.8,1.803636364,20.072,28.36898611,0.656075,27.44295756,1.430936883
Senegal,SEN,2002,SEN2002,,-0.0198954,1922.1,1.876272727,20.568,28.32366204,0.5072315,27.30357093,1.098849474
Senegal,SEN,2003,SEN2003,,0.0377751,1996,1.870909091,21.082,28.25391667,0.816303,26.93734543,1.547663933
Senegal,SEN,2004,SEN2004,,0.0298738,2056.6,1.865545455,21.62,28.32251852,0.616468056,27.21503278,0.999705249
Senegal,SEN,2005,SEN2005,,0.0274272,2114.1,1.860545455,22.181,28.54208333,0.926025389,27.46033829,1.229848848
Senegal,SEN,2006,SEN2006,,-0.0029968,2108.2,1.868636364,22.764,28.21525,0.763566833,27.18187412,1.134689289
Senegal,SEN,2007,SEN2007,,0.0207799,2153,1.876272727,23.374,28.24546759,0.692606,27.1907856,1.246620819
Senegal,SEN,2008,SEN2008,,0.0085092,2171.6,1.883727273,24.01,28.30080556,0.861908167,27.32175658,1.637955202
Senegal,SEN,2009,SEN2009,,-0.0040975,2162.1,1.890818182,24.67,27.91451852,0.860235889,26.93180603,1.536903955
Senegal,SEN,2010,SEN2010,,0.013289,2187.2,1.897818182,25.358,28.74065741,0.948636944,27.76351106,1.726831597
Senegal,SEN,2011,SEN2011,,-0.0084773,2159,1.904272727,26.069,28.15409722,0.668625556,27.28382605,1.173661386
Senegal,SEN,2012,SEN2012,,0.0047253,2185,2.308545455,26.803,28.16334722,0.948414111,27.12289537,1.711031106
Senegal,SEN,2013,SEN2013,,0.0104432,2191.1,2.431545455,27.567,28.28126852,0.7958115,27.31573343,1.602334916
Senegal,SEN,2014,SEN2014,,,2215.2,2.382909091,28.351,28.2062963,0.670582056,27.33090095,1.055607201
Senegal,SEN,2015,SEN2015,,,2287.7,2.490454545,29.158,28.41593056,0.787043889,27.25992253,1.625217097
Senegal,SEN,2016,SEN2016,,,,2.490454545,29.987,28.61615278,0.768951556,27.76065881,1.381532126
Senegal,SEN,2017,SEN2017,,,,2.450090909,30.838,28.65781019,0.737004278,27.79670707,1.252781745
Senegal,SEN,2018,SEN2018,,,,2.404636364,28.184,28.002875,0.690783889,27.21102706,1.344718371
Senegal,SEN,2019,SEN2019,,,,2.914090909,28.969,28.10003241,0.739878111,27.46116583,1.2499755
Serbia,SRB,1990,SRB1990,,,243930,8.068,15.172,11.56441239,0.559285876,11.413087,1.54318112
Serbia,SRB,1991,SRB1991,,-0.1042174,211890,8.169,15.192,10.29360755,0.806191881,9.869305339,2.081097569
Serbia,SRB,1992,SRB1992,,-0.3235759,174115.7,8.3706,15.293,11.39504452,0.636518697,11.24117209,1.748361071
Serbia,SRB,1993,SRB1993,,-0.3708576,147594.7,8.5728,15.398,10.81634794,0.601214039,10.46958216,1.675501662
Serbia,SRB,1994,SRB1994,,0.0201141,154560.7,8.674,15.469,12.18569267,0.609180684,11.87083872,1.700959613
Serbia,SRB,1995,SRB1995,,0.0586499,164958.1,8.8744,15.251,10.95308939,0.827341838,10.45447446,2.318159117
Serbia,SRB,1996,SRB1996,,0.0790056,169592,8.9756,15.236,10.43017984,0.823149915,9.809667299,2.371624008
Serbia,SRB,1997,SRB1997,,0.1039341,182786.1,9.0766,15.193,10.68305912,0.695022393,10.03729993,2.121632937
Serbia,SRB,1998,SRB1998,,0.0177379,188456.6,9.2792,15.135,11.16337785,0.754600662,10.73928075,1.822509399
Serbia,SRB,1999,SRB1999,,-0.1151638,166622.8,9.3802,15.081,11.3747151,0.890684231,10.84770336,2.599758452
Serbia,SRB,2000,SRB2000,,0.0552123,180621.1,9.4792,15.032,12.34228633,0.469094274,12.19082729,1.23997544
Serbia,SRB,2001,SRB2001,,0.0533627,190440.3,9.6816,15.006,11.35303419,0.798160577,10.93668522,2.483978312
Serbia,SRB,2002,SRB2002,,0.0408534,204690.5,9.7828,14.992,12.12925036,0.732954786,11.66675763,2.08996813
Serbia,SRB,2003,SRB2003,,0.0289893,214086.1,9.9852,14.961,11.3033369,0.640906945,10.9456285,1.714567961
Serbia,SRB,2004,SRB2004,,0.0912595,233892.4,10.0842,14.926,11.17598113,0.852420748,10.7042413,2.337745604
Serbia,SRB,2005,SRB2005,,0.0555968,247481.1,10.2868,14.881,10.63012464,0.889025556,9.9234073,2.547915438
Serbia,SRB,2006,SRB2006,,0.0392992,260522.1,10.2864,14.823,11.32764067,0.732127244,10.81161891,2.124493762
Serbia,SRB,2007,SRB2007,,0.056647,276857.7,10.2836,14.763,12.41560007,0.778845983,11.92169765,2.190570521
Serbia,SRB,2008,SRB2008,,0.041553,292825.8,10.486,14.701,12.34636218,0.708905192,11.87216566,1.796921847
Serbia,SRB,2009,SRB2009,,-0.0316771,284710.5,10.483,14.641,12.22750178,0.80290438,11.57710422,2.386719817
Serbia,SRB,2010,SRB2010,,0.0140368,287395.7,10.482,14.583,11.46325855,1.014161774,10.92634823,2.603347368
Serbia,SRB,2011,SRB2011,0.033354739,0.0234452,293597.5,10.6696,14.467,11.67297009,0.514409167,11.00854306,1.367028337
Serbia,SRB,2012,SRB2012,,-0.0104942,291895.4,10.5548,14.398,12.25818554,0.66134297,11.71816336,1.846726914
Serbia,SRB,2013,SRB2013,,0.0291509,300723.2,10.4424,14.328,12.217151,0.77259218,11.81641511,1.960473729
Serbia,SRB,2014,SRB2014,,,296605.8,10.728,14.262,12.68840456,0.953260812,11.8846434,2.968490346
Serbia,SRB,2015,SRB2015,0.055081765,,300120.2,11.03,14.191,12.52081909,0.702111539,12.00896996,1.930620098
Serbia,SRB,2016,SRB2016,,,,11.13,14.116,12.0977119,0.891375898,11.5615074,2.428382268
Serbia,SRB,2017,SRB2017,,,,11.13,14.043,12.19215278,0.684492137,11.6547502,1.762582993
Serbia,SRB,2018,SRB2018,,,,11.232,13.965,12.9371136,0.722139829,12.11278543,2.36820257
Serbia,SRB,2019,SRB2019,,,,11.232,13.89,13.11877493,0.764684573,12.46823129,1.942950716
Sierra Leone,SLE,1990,SLE1990,,0.0205906,1372.7,1.374266667,8.64,26.41959325,2.377456488,25.57631547,7.327268327
Sierra Leone,SLE,1991,SLE1991,,0.0206339,1399.8,1.459933333,8.696,26.46551587,2.453697857,25.49650078,6.468257508
Sierra Leone,SLE,1992,SLE1992,,-0.2055552,1138.5,1.459933333,8.695,26.23868056,3.245761786,25.1865837,7.567674122
Sierra Leone,SLE,1993,SLE1993,,0.0236969,1164.6,1.546,8.659,26.37948413,2.657497738,25.33981593,7.467219643
Sierra Leone,SLE,1994,SLE1994,,-0.0096218,1152.4,1.6318,8.618,26.15712302,2.872082738,25.32891809,7.31651765
Sierra Leone,SLE,1995,SLE1995,,-0.0771751,1065.9,1.717733333,8.607,26.36854167,2.828299405,25.68756172,7.283265082
Sierra Leone,SLE,1996,SLE1996,,0.0192715,1085.9,1.717733333,8.627,26.52544147,2.765957381,25.51449517,7.25869558
Sierra Leone,SLE,1997,SLE1997,,-0.0627615,1019.4,1.803466667,8.67,26.47475695,2.594552024,25.61250849,6.522659096
Sierra Leone,SLE,1998,SLE1998,,0.0091869,1028.2,1.8896,8.762,26.98064484,3.122089821,26.11099806,6.702722263
Sierra Leone,SLE,1999,SLE1999,,-0.0371518,989.9,1.8896,8.924,26.27498016,2.830586548,25.49972346,6.796932456
Sierra Leone,SLE,2000,SLE2000,,0.037647,1026.6,1.975333333,9.17,26.38895337,2.819016071,25.34987151,7.53444502
Sierra Leone,SLE,2001,SLE2001,,-0.1110504,917.3,2.061066667,9.508,26.59808036,2.810964881,25.43306485,7.043914011
Sierra Leone,SLE,2002,SLE2002,,0.1883168,1105.4,2.1472,9.931,26.77072917,2.808827321,25.59437706,7.278835846
Sierra Leone,SLE,2003,SLE2003,,0.0419364,1150.4,2.1472,10.403,26.68374504,2.634346012,25.6712947,7.786775094
Sierra Leone,SLE,2004,SLE2004,,0.0175058,1168.2,2.232933333,10.871,26.8005754,2.822808929,25.52696828,7.20219843
Sierra Leone,SLE,2005,SLE2005,,0.0042474,1170.6,2.318866667,11.291,26.8353621,2.595042441,25.50469785,7.540021147
Sierra Leone,SLE,2006,SLE2006,,0.0240496,1194.8,2.404666667,11.658,26.81600198,3.201085476,25.6721381,6.806507147
Sierra Leone,SLE,2007,SLE2007,,0.052093,1255.6,2.404666667,11.981,26.87912698,2.693986726,25.67194326,7.709854781
Sierra Leone,SLE,2008,SLE2008,,0.0306633,1292.1,2.490733333,12.27,26.58123512,2.800680357,25.54006011,6.961942129
Sierra Leone,SLE,2009,SLE2009,,0.0124634,1322.2,2.5994,12.545,26.49269345,2.801579405,25.77560677,6.406650242
Sierra Leone,SLE,2010,SLE2010,,0.0335339,1362.1,2.708333333,12.832,26.9712252,2.845149643,25.79525471,7.345224741
Sierra Leone,SLE,2011,SLE2011,,0.0390066,1414.9,2.7298,13.125,26.77946925,2.812084643,25.5799175,6.697385371
Sierra Leone,SLE,2012,SLE2012,,0.1225851,1591.6,2.838933333,13.428,26.57751984,2.801046607,25.39312216,7.699584383
Sierra Leone,SLE,2013,SLE2013,,0.1643735,1875.5,2.948466667,13.727,26.71900298,2.804089286,25.61992915,6.62817987
Sierra Leone,SLE,2014,SLE2014,,,1919.2,2.893533333,14.034,26.63889881,2.792509643,25.49427947,7.210534302
Sierra Leone,SLE,2015,SLE2015,,,1496.9,2.935266667,14.343,26.8034127,2.828152262,25.66266457,6.677912101
Sierra Leone,SLE,2016,SLE2016,,,,2.897133333,14.658,27.08173115,2.821146071,25.95795835,8.203645602
Sierra Leone,SLE,2017,SLE2017,,,,2.949266667,14.976,27.00550595,2.805628214,25.92524503,7.622152618
Sierra Leone,SLE,2018,SLE2018,,,,3.124133333,15.301,26.84900298,2.807448929,25.71587368,7.747058674
Sierra Leone,SLE,2019,SLE2019,,,,3.302733333,15.626,26.69265873,2.567008274,26.08634074,8.720915593
Singapore,SGP,1990,SGP1990,,0.0568312,34298,5.8,3.047,27.49242424,2.085972727,26.69253183,5.945253632
Singapore,SGP,1991,SGP1991,,0.0362591,35565,6.1,3.135,27.45,2.454027273,26.48203939,7.884416671
Singapore,SGP,1992,SGP1992,,0.0384393,36958.6,6.4,3.231,27.37954545,2.523327273,26.43496348,7.08320993
Singapore,SGP,1993,SGP1993,,0.0838835,40192.8,6.7,3.313,27.30151515,2.696245455,26.37783712,7.292845762
Singapore,SGP,1994,SGP1994,,0.0723451,43207.4,7,3.419,27.37651515,2.406327273,26.47450409,6.064666028
Singapore,SGP,1995,SGP1995,,0.0375303,44860.3,7.3,3.525,27.48030303,3.051890909,26.45171763,8.311015321
Singapore,SGP,1996,SGP1996,,0.0319739,46317.9,7.6,3.671,27.41818182,2.702709091,26.38483836,6.961730619
Singapore,SGP,1997,SGP1997,,0.0460874,48502.1,8,3.796,27.79772727,1.690981818,26.57913361,5.375554184
Singapore,SGP,1998,SGP1998,,-0.0564824,45838.8,8.3,3.927,28.08939394,2.267918182,27.09520873,7.110406664
Singapore,SGP,1999,SGP1999,,0.0511777,48245.7,8.6,3.959,27.40075758,2.492072727,26.3881012,6.721779918
Singapore,SGP,2000,SGP2000,,0.0679078,51636.2,8.9,4.028,27.57575758,2.7454,26.45975902,6.757039305
Singapore,SGP,2001,SGP2001,,-0.036536,49783.4,9.2,4.138,27.68409091,2.717036364,26.52362723,7.414026962
Singapore,SGP,2002,SGP2002,,0.0321128,51408.8,9.5,4.176,28.01439394,2.197581818,26.6918223,5.815272161
Singapore,SGP,2003,SGP2003,,0.0581614,54486.5,9.8,4.115,27.7219697,2.862981818,26.68355714,6.472459257
Singapore,SGP,2004,SGP2004,,0.0786692,58946.9,10.2,4.167,27.68636364,2.480172727,26.71360676,5.934912333
Singapore,SGP,2005,SGP2005,,0.0487144,61889.5,10.6,4.266,27.70984848,2.337727273,26.91211853,5.677362603
Singapore,SGP,2006,SGP2006,,0.0536013,65297.3,10.5,4.401,27.54318182,2.686709091,26.59168397,6.862514769
Singapore,SGP,2007,SGP2007,,0.0455481,68339.8,10.3,4.589,27.51893939,2.881145454,26.43041128,8.167204796
Singapore,SGP,2008,SGP2008,,-0.0354975,65956.5,10.5,4.839,27.38560606,2.883290909,26.32356161,7.230193509
Singapore,SGP,2009,SGP2009,,-0.0362162,63610.8,10.5,4.988,27.64318182,2.492072727,26.7364034,5.757031807
Singapore,SGP,2010,SGP2010,,0.1241434,72017.9,11,5.077,27.925,2.732290909,26.90197652,6.927189534
Singapore,SGP,2011,SGP2011,,0.0379477,74910.2,11.1,5.184,27.61969697,2.8359,26.46690013,6.983416921
Singapore,SGP,2012,SGP2012,,0.0002044,75777.4,11.1,5.312,27.72272727,2.670481818,26.60027466,7.114888848
Singapore,SGP,2013,SGP2013,,0.0215805,78046.2,11.2,5.399,27.87651515,2.836809091,26.70312398,7.069334039
Singapore,SGP,2014,SGP2014,,,79550.9,11.3,5.47,27.87651515,2.171818182,26.80185598,6.420067764
Singapore,SGP,2015,SGP2015,,,80191.5,11.6,5.535,28.00530303,1.980472727,26.80720673,5.669703668
Singapore,SGP,2016,SGP2016,,,,11.6,5.607,28.20151515,2.516427273,27.1933075,6.883811109
Singapore,SGP,2017,SGP2017,,,,11.4,5.612,27.80606061,2.606063636,26.81889496,7.535740578
Singapore,SGP,2018,SGP2018,,,,11.6,5.639,27.84393939,2.552927273,26.79294739,7.210893236
Singapore,SGP,2019,SGP2019,,,,11.6,5.704,28.22272727,1.857454546,27.10804138,6.010033375
Slovakia,SVK,1990,SVK1990,,-0.0314692,113447.3,10.922,10.679,8.981746032,0.691809921,8.863054067,2.071218143
Slovakia,SVK,1991,SVK1991,,-0.1582921,106074.9,11.024,10.663,7.815178571,0.719509127,7.749944373,2.074043382
Slovakia,SVK,1992,SVK1992,,-0.0699051,93599,11.124,10.682,8.916104498,0.64304008,8.884299601,1.889183301
Slovakia,SVK,1993,SVK1993,,-0.0415191,95032,11.226,10.704,8.248544974,0.626843651,8.017180702,1.835633656
Slovakia,SVK,1994,SVK1994,,0.0562655,100549.7,11.43,10.724,9.496593915,0.732925794,9.337597677,2.068816174
Slovakia,SVK,1995,SVK1995,,0.053865,106132.8,11.532,10.735,8.404861111,0.789454762,8.211310396,2.321552993
Slovakia,SVK,1996,SVK1996,0.087110221,0.0649938,112981,11.328,10.746,7.170502645,0.793,7.045438915,2.390661185
Slovakia,SVK,1997,SVK1997,-0.009935498,0.0416112,119732.9,11.124,10.766,7.997387566,0.711428572,7.749251675,2.271050672
Slovakia,SVK,1998,SVK1998,0.065219164,0.0413442,124363.9,10.922,10.781,8.579861112,0.78435754,8.393809883,2.357297835
Slovakia,SVK,1999,SVK1999,0.024087191,-0.0006432,123979.1,10.62,10.792,8.800958994,0.82205754,8.520102136,2.446208049
Slovakia,SVK,2000,SVK2000,-0.055825591,0.0149449,125798.6,10.418,10.778,9.682010581,0.681273413,9.500929243,2.09723601
Slovakia,SVK,2001,SVK2001,0.074005842,0.0360575,130169,10.298,10.757,8.532605821,0.772231349,8.326499154,2.260402166
Slovakia,SVK,2002,SVK2002,0.129809976,0.0451733,136172.4,10.398,10.754,9.312996033,0.787128572,9.094453156,2.210801859
Slovakia,SVK,2003,SVK2003,0.278547883,0.0473035,143759.1,10.502,10.746,8.698974868,0.574755556,8.68563845,1.553881564
Slovakia,SVK,2004,SVK2004,0.197735548,0.0495441,151425,10.708,10.744,8.478505291,0.775065476,8.172910654,2.285699569
Slovakia,SVK,2005,SVK2005,0.064097166,0.0643331,161645.8,10.904,10.746,8.106911376,0.809712302,7.927587925,2.523797536
Slovakia,SVK,2006,SVK2006,0.139597654,0.0801082,175552.1,10.994,10.746,8.58475529,0.700609127,8.633371819,2.125435554
Slovakia,SVK,2007,SVK2007,0.19578445,0.0994987,194614.1,11.198,10.75,9.609391533,0.781363492,9.663360074,2.231703361
Slovakia,SVK,2008,SVK2008,0.158612967,0.0550546,204871.3,11.3,10.759,9.663888889,0.738630952,9.487274478,2.170603806
Slovakia,SVK,2009,SVK2009,-0.133131027,-0.051906,193963.7,11.514,10.772,9.305456349,0.832276587,9.185679712,2.268682063
Slovakia,SVK,2010,SVK2010,0.005133152,0.0400459,203437.4,11.716,10.782,8.292989418,1.074821032,7.955950847,3.058220191
Slovakia,SVK,2011,SVK2011,0.0971421,0.0282694,208943.7,12.24,10.797,9.048082011,0.588656349,9.049010322,1.761476621
Slovakia,SVK,2012,SVK2012,-0.038876772,0.0161381,211759.7,12.44,10.816,9.232870371,0.655274603,9.268375039,1.968578194
Slovakia,SVK,2013,SVK2013,0.033953071,,214546.7,12.33,10.827,9.135648149,0.775023809,8.938818857,2.305389829
Slovakia,SVK,2014,SVK2014,0.025316358,,219743.7,12.438,10.839,10.26183862,0.842772222,10.21127228,2.551886828
Slovakia,SVK,2015,SVK2015,,,227416.4,12.622,10.847,10.00625,0.667921032,9.936625104,1.904199522
Slovakia,SVK,2016,SVK2016,,,,12.722,10.862,9.450330686,0.896277381,9.356458479,2.365107777
Slovakia,SVK,2017,SVK2017,,,,12.742,10.878,9.299206349,0.786661111,9.190978129,2.225262549
Slovakia,SVK,2018,SVK2018,,,,12.736,10.893,10.23369709,0.704419445,10.28037398,1.981193948
Slovakia,SVK,2019,SVK2019,,,,12.84,10.908,10.342791,0.760302778,10.21069402,2.228211837
Slovenia,SVN,1990,SVN1990,,,189332.4,10.74461538,3.9951,9.491986332,1.345391799,9.609247101,3.296357887
Slovenia,SVN,1991,SVN1991,,-0.0938479,191551,10.84384615,3.9981,8.568998016,1.288867857,8.558149726,3.339448326
Slovenia,SVN,1992,SVN1992,,-0.0547193,192595,10.84384615,3.9928,9.759848985,1.339441667,9.907749525,3.244885475
Slovenia,SVN,1993,SVN1993,,0.0304204,191491.9,10.94153846,3.9833,9.164610891,1.262445238,9.128264444,3.190324074
Slovenia,SVN,1994,SVN1994,,0.0530612,196203.3,11.03923077,3.979,10.42332451,1.31059332,10.33364327,3.193693393
Slovenia,SVN,1995,SVN1995,,0.0355622,200736.1,11.03923077,3.98,9.171059303,1.438646892,9.085793512,3.701526235
Slovenia,SVN,1996,SVN1996,,0.0364531,207832.9,11.13846154,3.9784,8.422067902,1.49518168,7.894985629,3.705978924
Slovenia,SVN,1997,SVN1997,,0.0497283,219588.9,11.23615385,3.9724,9.413045634,1.198842262,9.033184951,3.185045871
Slovenia,SVN,1998,SVN1998,,0.0367267,227230,11.23615385,3.9634,9.554987875,1.408018849,9.27562066,3.528413998
Slovenia,SVN,1999,SVN1999,,0.0511722,236924.9,11.33538462,3.9661,9.552849426,1.40813631,9.095909075,3.677663412
Slovenia,SVN,2000,SVN2000,,0.0388099,247471.8,11.43384615,3.9781,10.41818783,1.319225198,10.30660452,3.4000193
Slovenia,SVN,2001,SVN2001,0.080348969,0.0273976,252964,11.33538462,3.984,9.54586089,1.175642526,9.622968093,3.259141574
Slovenia,SVN,2002,SVN2002,0.148453554,0.0363153,261363.6,11.33538462,3.9898,10.18662368,1.370891005,9.957312591,3.518070923
Slovenia,SVN,2003,SVN2003,0.247776349,0.0282765,265330.2,11.33538462,3.9913,9.803940697,1.016738426,9.674322296,2.581633361
Slovenia,SVN,2004,SVN2004,0.169076522,0.0424361,275967.6,11.82846154,3.9932,9.151460538,1.461964947,8.883125747,3.75479552
Slovenia,SVN,2005,SVN2005,0.052990278,0.0375584,285683,11.53384615,3.9999,8.738949515,1.360041336,8.500651949,3.275638879
Slovenia,SVN,2006,SVN2006,0.075123469,0.0536579,298813.5,11.63,4.0142,9.635218254,1.154714153,9.407227959,3.091818957
Slovenia,SVN,2007,SVN2007,0.18653067,0.0608526,318360.9,11.63,4.0349,10.29065807,1.254630622,10.19295826,3.245741126
Slovenia,SVN,2008,SVN2008,0.131037871,0.0336823,329761.8,11.72923077,4.0428,10.15901124,1.372094312,9.846316473,3.71094017
Slovenia,SVN,2009,SVN2009,-0.104711056,-0.0925058,300223.9,11.92769231,4.0807,10.02804233,1.45379623,9.860639599,3.573464462
Slovenia,SVN,2010,SVN2010,-0.056308031,0.0093403,303396.7,11.92769231,4.0971,9.101449515,1.536746362,8.686555655,4.047854926
Slovenia,SVN,2011,SVN2011,0.066479365,0.0048983,304729,12.02384615,4.1066,10.28664572,1.012306746,10.13616372,2.368974967
Slovenia,SVN,2012,SVN2012,-0.113698721,-0.0274181,295820.2,11.53384615,4.114,10.21967042,1.325159921,10.03418675,3.341372812
Slovenia,SVN,2013,SVN2013,0.018809477,,292213.3,11.53461538,4.1193,9.849630733,1.532319775,9.623312623,3.794492235
Slovenia,SVN,2014,SVN2014,0.047042211,,300823.2,11.73076923,4.1231,10.70455247,1.72789213,10.67487687,4.629804142
Slovenia,SVN,2015,SVN2015,-0.174670855,,309214.1,11.73615385,4.1272,10.53570877,1.385066204,10.47857358,3.006622118
Slovenia,SVN,2016,SVN2016,,,,11.83461538,4.1297,10.15693342,1.643016733,10.11591707,3.821543479
Slovenia,SVN,2017,SVN2017,,,,12.13076923,4.133,10.11141424,1.482733995,10.14277728,3.773337629
Slovenia,SVN,2018,SVN2018,,,,12.33,4.15,10.92701168,1.370416799,10.58240956,3.540159708
Slovenia,SVN,2019,SVN2019,,,,12.52615385,4.1737,10.87569445,1.556599405,10.73441287,3.836597781
Solomon Islands,SLB,1990,SLB1990,,,1792.6,,,26.44621212,3.1677,25.39784763,9.742852992
Solomon Islands,SLB,1991,SLB1991,,0.0301218,1847.4,,,25.86363636,3.157463636,25.29441988,9.611849801
Solomon Islands,SLB,1992,SLB1992,,0.0911359,2023.7,,,25.86439394,3.300063636,25.0388518,8.493378682
Solomon Islands,SLB,1993,SLB1993,,0.010594,2045.2,,,25.83484848,3.300063636,24.93754998,8.658478831
Solomon Islands,SLB,1994,SLB1994,,0.0596108,2170.8,,,25.83106061,3.300063636,25.07256302,9.577920067
Solomon Islands,SLB,1995,SLB1995,,0.0508376,2284.1,,,25.90909091,3.300063636,25.37810203,10.15156013
Solomon Islands,SLB,1996,SLB1996,,-0.0120818,2256.6,,,25.88257576,3.300063636,25.32834781,9.998450271
Solomon Islands,SLB,1997,SLB1997,,-0.0423211,2163.1,,,25.82121212,3.300063636,25.05708191,7.280277472
Solomon Islands,SLB,1998,SLB1998,,-0.0099232,2141.8,,,25.94318182,3.300063636,25.40463356,10.79010687
Solomon Islands,SLB,1999,SLB1999,,-0.0321942,2073.9,4.5,0.402,25.92878788,3.300063636,25.13952907,10.25597935
Solomon Islands,SLB,2000,SLB2000,,-0.18101,1730.5,4.6,0.413,25.93787879,3.300063636,25.19732409,10.27083645
Solomon Islands,SLB,2001,SLB2001,,-0.1099321,1550.3,4.6,0.424,25.82121212,3.300063636,25.30008759,10.60389502
Solomon Islands,SLB,2002,SLB2002,,-0.0548476,1467.6,4.7,0.435,25.84621212,3.300063636,25.29836414,11.04817483
Solomon Islands,SLB,2003,SLB2003,,0.0369751,1522.8,4.7,0.447,25.85984848,3.300063636,25.35584296,9.776939237
Solomon Islands,SLB,2004,SLB2004,,0.0224002,1557.4,4.8,0.459,25.90681818,3.300063636,25.17120543,11.88745213
Solomon Islands,SLB,2005,SLB2005,,0.0280299,1601.7,4.8,0.47,25.89242424,3.300063636,25.42147254,10.34367746
Solomon Islands,SLB,2006,SLB2006,,0.0430779,1672.3,4.9,0.481,25.88106061,3.300063636,25.19059599,12.34091628
Solomon Islands,SLB,2007,SLB2007,,0.0472024,1753.3,4.9,0.492,25.85530303,3.300063636,25.4432118,10.81806805
Solomon Islands,SLB,2008,SLB2008,,0.0456557,1835.4,5,0.503,25.82121212,3.300063636,25.16117574,10.3376134
Solomon Islands,SLB,2009,SLB2009,,-0.0708647,1710,5,0.515,25.89166667,3.300063636,25.37023588,11.0800642
Solomon Islands,SLB,2010,SLB2010,,0.0532283,1788.3,5.1,0.528,25.96060606,3.300063636,25.48909574,10.39556979
Solomon Islands,SLB,2011,SLB2011,,0.0799854,1976.4,5.2,0.542,25.82121212,3.300063636,25.32473289,9.508704296
Solomon Islands,SLB,2012,SLB2012,,0.0261084,2025.1,5.2,0.556,25.82121212,3.300063636,25.28204104,11.64327772
Solomon Islands,SLB,2013,SLB2013,,0.0081343,2043.3,5.3,0.571,25.82121212,3.300063636,25.374963,12.5360598
Solomon Islands,SLB,2014,SLB2014,,,2032.5,5.3,0.587,25.82121212,3.300063636,25.37634931,11.79113997
Solomon Islands,SLB,2015,SLB2015,,,2057.6,5.4,0.603,25.82121212,3.300063636,25.32462341,11.39278246
Solomon Islands,SLB,2016,SLB2016,,,,5.4,0.619,25.82121212,3.300063636,25.65230654,12.16523143
Solomon Islands,SLB,2017,SLB2017,,,,5.5,0.636,25.82121212,3.300063636,25.55789486,12.06856235
Solomon Islands,SLB,2018,SLB2018,,,,5.5,0.653,25.82121212,3.300063636,25.47638097,12.51402179
Solomon Islands,SLB,2019,SLB2019,,,,5.7,0.67,25.82121212,3.300063636,25.51695624,11.72941239
Somalia,SOM,1990,SOM1990,,,622.3,,,26.86073698,0.303743499,26.47910221,0.962377208
Somalia,SOM,1991,SOM1991,,,602.7,,,26.92588687,0.255833721,26.34890919,0.803958678
Somalia,SOM,1992,SOM1992,,,575.4,,,26.8227812,0.261315089,26.32168391,0.727328671
Somalia,SOM,1993,SOM1993,,,559.6,,,26.67365411,0.283821969,26.20444496,0.814541073
Somalia,SOM,1994,SOM1994,,,553,,,26.77719391,0.320258883,25.94084022,1.219260006
Somalia,SOM,1995,SOM1995,,,553.9,,,27.00433137,0.291490442,26.29035631,0.904287236
Somalia,SOM,1996,SOM1996,,,567.1,,,26.95749951,0.26308315,26.11601356,0.702988521
Somalia,SOM,1997,SOM1997,,,569.8,,,26.86031981,0.375689213,25.9349154,1.930427809
Somalia,SOM,1998,SOM1998,,,568,,,27.14920741,0.29256716,26.69127795,0.757465148
Somalia,SOM,1999,SOM1999,,,564.7,,,26.77391712,0.288714257,26.21045049,0.738944353
Somalia,SOM,2000,SOM2000,,,564.7,,,26.88503027,0.311186302,26.14817202,0.765789448
Somalia,SOM,2001,SOM2001,,,517.6,,,26.94771359,0.282258862,26.31335622,0.801386712
Somalia,SOM,2002,SOM2002,,,470.5,,,27.21867867,0.311726144,26.34915724,1.000531721
Somalia,SOM,2003,SOM2003,,,470.5,,,27.16247585,0.310038772,26.51038549,0.858421804
Somalia,SOM,2004,SOM2004,,,564.7,,,26.99984366,0.316238274,26.33243069,1.037123033
Somalia,SOM,2005,SOM2005,,,564.7,,,27.00849406,0.306444769,26.36936044,0.713849151
Somalia,SOM,2006,SOM2006,,,564.7,1.825263158,21.526,27.05517777,0.320561724,26.36501978,1.152968081
Somalia,SOM,2007,SOM2007,,,564.7,2.247894737,22.161,26.96615623,0.325777156,26.69995375,0.757211225
Somalia,SOM,2008,SOM2008,,,564.7,2.661473684,22.794,26.8137578,0.301517437,26.20425431,0.699928493
Somalia,SOM,2009,SOM2009,,,564.7,3.084105263,23.435,27.38459481,0.290895999,26.70144773,0.761867335
Somalia,SOM,2010,SOM2010,,,564.7,3.497684211,24.088,27.06162259,0.292873716,26.76271233,0.693194659
Somalia,SOM,2011,SOM2011,,,539.6,3.920368421,24.753,27.1105272,0.326739529,26.46704069,0.895640774
Somalia,SOM,2012,SOM2012,,,495.6,4.333894737,25.43,26.99645172,0.295283718,26.50600358,0.842481896
Somalia,SOM,2013,SOM2013,,,439.2,4.360736842,26.129,27.217117,0.325985429,26.30713318,1.127874417
Somalia,SOM,2014,SOM2014,,,376.4,4.405789474,26.847,27.17200952,0.301040875,26.62955221,0.702456887
Somalia,SOM,2015,SOM2015,,,378.1,4.486736842,27.592,27.35413582,0.330214438,26.67808189,1.082213618
Somalia,SOM,2016,SOM2016,,,,4.522631579,28.37,27.46133841,0.320035763,26.86126352,0.630787882
Somalia,SOM,2017,SOM2017,,,,4.567684211,29.177,27.27930047,0.380211289,26.78707026,0.689132244
Somalia,SOM,2018,SOM2018,,,,4.612526316,30.016,26.93420772,0.331671166,26.31875195,0.994737254
Somalia,SOM,2019,SOM2019,,,,4.657578947,30.885,27.26457097,0.364051031,26.85587943,1.118047701
South Africa,ZAF,1990,ZAF1990,,-0.0235436,18024.9,6.2541,73.603,17.64964725,0.47354564,17.32287829,1.585523412
South Africa,ZAF,1991,ZAF1991,,-0.0308483,17239.4,6.3504,75.439,17.7072929,0.592230854,17.3576246,1.87425072
South Africa,ZAF,1992,ZAF1992,,-0.0424674,16204.7,6.9277,77.348,18.36564295,0.39096665,17.97831106,1.259156049
South Africa,ZAF,1993,ZAF1993,,-0.0088569,15748,7.2162,79.269,18.16010497,0.559034842,17.71133885,1.647924725
South Africa,ZAF,1994,ZAF1994,,0.0104592,15697.4,7.6009,81.128,17.38166007,0.480257311,17.15755219,1.403777098
South Africa,ZAF,1995,ZAF1995,,0.0090593,15845.1,7.8902,82.872,17.83041557,0.6263181,17.30547628,1.877039283
South Africa,ZAF,1996,ZAF1996,,0.0199136,16497.6,7.9858,84.483,17.25478601,0.705312566,16.45298212,2.154654486
South Africa,ZAF,1997,ZAF1997,0.011711333,0.003242,16532.4,8.082,85.977,17.55645378,0.618951369,16.79470224,1.898614424
South Africa,ZAF,1998,ZAF1998,-0.129608525,-0.0183507,15996.8,8.1787,87.365,18.10271458,0.611706339,17.53704702,1.790461725
South Africa,ZAF,1999,ZAF1999,-0.017038769,-0.0008333,16132.8,8.369,88.677,18.31479392,0.523388315,17.73249999,1.753342872
South Africa,ZAF,2000,ZAF2000,-0.010177294,0.0159355,16377.3,8.4625,89.936,17.35265494,0.799693782,16.61946251,2.43602169
South Africa,ZAF,2001,ZAF2001,-0.127371841,0.0065218,16383.5,7.2104,91.144,17.70988751,0.655710952,17.03070182,2.052164778
South Africa,ZAF,2002,ZAF2002,-0.089199543,0.0162016,16843.7,8.1701,92.302,17.79574417,0.488260892,17.44495933,1.54078349
South Africa,ZAF,2003,ZAF2003,0.389782853,0.0160404,17144.1,8.4553,93.438,18.16920998,0.450303191,17.99190017,1.352323668
South Africa,ZAF,2004,ZAF2004,0.280922625,0.031476,17739.6,8.4537,94.583,18.37250083,0.575496519,17.68607088,1.763815094
South Africa,ZAF,2005,ZAF2005,0.104423099,0.0383239,18469.6,8.5475,95.763,18.46420047,0.464016296,18.02280478,1.609123839
South Africa,ZAF,2006,ZAF2006,0.015523487,0.0413817,19231.7,8.6424,96.979,17.86357588,0.671010986,16.87620933,2.177437584
South Africa,ZAF,2007,ZAF2007,0.09710439,0.0408115,20018.6,8.7358,98.242,18.20812992,0.505610173,17.43962721,1.413035791
South Africa,ZAF,2008,ZAF2008,-0.042909728,0.022358,20458,9.3111,99.559,18.3069356,0.523660777,17.47873275,1.508009878
South Africa,ZAF,2009,ZAF2009,0.033014509,-0.0286448,19901.5,9.6921,100.954,18.19747237,0.590530271,17.33472907,1.796295741
South Africa,ZAF,2010,ZAF2010,0.226988369,0.017613,20261.8,9.7863,102.434,18.46563902,0.563064481,17.85582919,1.829064975
South Africa,ZAF,2011,ZAF2011,0.086549653,0.0220124,20597.2,9.2085,104.008,17.79762916,0.618583667,16.99182716,1.889135634
South Africa,ZAF,2012,ZAF2012,-0.074996418,0.0109784,20730.3,9.4249,105.668,18.08149971,0.541302042,17.54960372,1.678404951
South Africa,ZAF,2013,ZAF2013,-0.115663105,0.0052949,20856.1,9.5453,107.378,18.09449955,0.514104525,17.62127818,1.568280672
South Africa,ZAF,2014,ZAF2014,,,20839.9,9.6659,109.093,18.27395105,0.546282336,17.58629375,1.733529553
South Africa,ZAF,2015,ZAF2015,,,20762.5,9.7867,110.773,18.7686636,0.44849472,18.54622133,1.170965622
South Africa,ZAF,2016,ZAF2016,,,,9.9075,112.41,18.86733352,0.527114915,18.40214387,1.49520822
South Africa,ZAF,2017,ZAF2017,,,,9.9075,114.001,18.39911123,0.530332742,17.84137031,1.642190081
South Africa,ZAF,2018,ZAF2018,,,,9.9075,115.56,18.60576042,0.480175301,18.02794431,1.365103026
South Africa,ZAF,2019,ZAF2019,,,,9.9075,117.118,19.20075894,0.492421844,18.75957787,1.411714605
South Korea,KOR,1990,KOR1990,0.133385849,0.0790505,149250.6,8.609125,85.737,12.82912698,1.653183583,12.23879459,4.221600806
South Korea,KOR,1991,KOR1991,0.158945847,0.0827988,162017.4,8.899375,86.593,12.00633787,1.408637143,11.36520835,4.005407133
South Korea,KOR,1992,KOR1992,0.058956146,0.0456601,168625,9.093375,87.495,12.27289872,1.182078413,11.58739968,3.180731773
South Korea,KOR,1993,KOR1993,0.093844223,0.0512134,176915.6,9.285875,88.39,11.60144369,1.481095419,11.04880573,4.100728088
South Korea,KOR,1994,KOR1994,0.158156713,0.0740212,191758.6,9.48,89.283,13.07124717,0.953342948,12.5206657,2.466819064
South Korea,KOR,1995,KOR1995,0.202691015,0.075479,207781.9,9.673125,90.186,12.06453893,1.076299909,11.40351332,2.845000873
South Korea,KOR,1996,KOR1996,0.059836324,0.0598669,221811.9,9.76975,91.05,11.91484883,1.185558322,11.27643711,3.069514089
South Korea,KOR,1997,KOR1997,-0.0776776,0.0466888,232998.9,9.867375,91.908,12.60434996,1.366490204,11.83897498,3.389158716
South Korea,KOR,1998,KOR1998,-0.427554258,-0.066055,218229.4,10.059875,92.574,13.2826266,1.771668571,12.62423262,4.453919104
South Korea,KOR,1999,KOR1999,0.236650884,0.094822,237903.4,10.15625,93.234,12.5921353,1.759929569,11.98240701,4.426797129
South Korea,KOR,2000,KOR2000,0.129826844,0.0762668,255379.2,10.25425,94.016,12.38711262,1.308877143,11.63337317,3.44060695
South Korea,KOR,2001,KOR2001,-0.064205587,0.036857,264280,10.351,94.74,12.64523809,1.168242086,11.81615062,2.987786068
South Korea,KOR,2002,KOR2002,0.119265437,0.0661156,281790.2,10.544,95.29,12.49933107,1.458521043,11.78434067,3.947942576
South Korea,KOR,2003,KOR2003,0.117168367,0.023943,290557.7,10.641625,95.784,12.23815193,2.020911429,11.72954352,4.564977235
South Korea,KOR,2004,KOR2004,0.124332309,0.0440798,306492,10.831875,96.165,12.90848073,1.539566621,12.44446142,3.423509315
South Korea,KOR,2005,KOR2005,0.161268771,0.036435,318257.6,11.02725,96.369,11.97392668,1.301865034,11.53036136,2.98137656
South Korea,KOR,2006,KOR2006,0.114417136,0.0456197,331981.1,11.02725,96.877,12.43502268,1.570273424,12.10616954,3.552371278
South Korea,KOR,2007,KOR2007,0.103074789,0.0485386,348765.4,11.126125,97.367,12.93123961,1.406541224,12.45996392,3.777924363
South Korea,KOR,2008,KOR2008,-0.117212951,0.0207018,354836.7,11.22,98.11,12.58072184,1.213206168,12.12763702,2.60880588
South Korea,KOR,2009,KOR2009,-0.104501009,0.0022946,356792.9,10.831875,98.616,12.57442933,1.320504853,12.09901971,3.129167473
South Korea,KOR,2010,KOR2010,0.190384448,0.0583128,380356.2,11.22,99.108,12.30034391,1.526339637,11.65251839,3.472331939
South Korea,KOR,2011,KOR2011,0.101300538,0.0287137,391443.4,11.4165,99.873,11.96642101,1.514281179,11.40003407,3.830452555
South Korea,KOR,2012,KOR2012,0.012935102,0.0181552,398622.2,11.5105,100.399,11.96313681,1.641102948,11.29268981,4.072087305
South Korea,KOR,2013,KOR2013,0.060749352,0.0249833,408506.4,11.608125,100.858,12.56559713,1.21305483,11.85220425,3.005712803
South Korea,KOR,2014,KOR2014,0.074981749,,420446.1,11.7045,101.494,12.66846561,1.279647392,12.11978076,3.151826445
South Korea,KOR,2015,KOR2015,,,429782.1,11.7045,102.032,12.94444444,1.138191111,12.39757736,2.88792946
South Korea,KOR,2016,KOR2016,,,,11.802125,102.436,13.22759637,1.352497415,12.64301839,3.525870927
South Korea,KOR,2017,KOR2017,,,,11.802125,102.724,12.85767952,0.995876281,12.1539244,2.573291807
South Korea,KOR,2018,KOR2018,,,,11.802125,103.214,12.7691232,1.473926213,12.04675487,3.547773593
South Korea,KOR,2019,KOR2019,,,,11.802125,103.417,13.30839002,1.316094739,12.60487925,3.395936512
South Sudan,SSD,1990,SSD1990,,,,,,28.06608135,0.871566919,27.6831557,2.922600443
South Sudan,SSD,1991,SSD1991,,,,,,27.70933247,1.080591921,26.95413185,3.545413467
South Sudan,SSD,1992,SSD1992,,,,,,27.17960536,0.95393559,26.76174746,3.209314419
South Sudan,SSD,1993,SSD1993,,,,,,27.67730668,1.024283234,27.15623751,2.924932462
South Sudan,SSD,1994,SSD1994,,,,,,27.29384304,0.951277769,27.03027658,3.393985339
South Sudan,SSD,1995,SSD1995,,,,,,27.57791675,1.029473546,27.24970969,3.150075209
South Sudan,SSD,1996,SSD1996,,,,,,27.61428757,1.017642397,26.85296237,3.596697346
South Sudan,SSD,1997,SSD1997,,,,,,27.91435705,0.991025915,27.10798875,3.089212406
South Sudan,SSD,1998,SSD1998,,,,,,27.92046527,0.993978479,27.71017965,3.224346088
South Sudan,SSD,1999,SSD1999,,,,,,27.42446371,1.057456295,27.11680355,3.191039429
South Sudan,SSD,2000,SSD2000,,,,,,27.9363823,0.969233638,27.26317262,2.805681928
South Sudan,SSD,2001,SSD2001,,,,,,27.97394957,0.973644284,27.2304547,2.963112121
South Sudan,SSD,2002,SSD2002,,,,,,28.37391166,1.017118533,27.80651519,2.507303385
South Sudan,SSD,2003,SSD2003,,,,,,28.29249568,1.037491237,27.81737426,2.921709922
South Sudan,SSD,2004,SSD2004,,,,,,28.48656013,0.948810963,27.93393611,2.51741517
South Sudan,SSD,2005,SSD2005,,,,,,28.65741269,0.916434943,28.19626505,2.770487204
South Sudan,SSD,2006,SSD2006,,,,,,28.42712191,1.115866687,27.66515199,2.842389379
South Sudan,SSD,2007,SSD2007,,,,,,28.57635413,1.117233239,27.64228141,2.739529705
South Sudan,SSD,2008,SSD2008,,,,,,28.60051105,1.086578197,27.63982467,2.689759718
South Sudan,SSD,2009,SSD2009,,,,,,29.26944823,0.857917791,28.38901588,2.332224716
South Sudan,SSD,2010,SSD2010,,,,4.538181818,19.016,29.00682471,1.004376181,28.16551178,2.820036597
South Sudan,SSD,2011,SSD2011,,,,4.538181818,19.664,28.25105857,0.980872,27.77232008,2.538676113
South Sudan,SSD,2012,SSD2012,,,,4.538181818,20.228,27.85749924,0.977369498,27.78000719,2.712886076
South Sudan,SSD,2013,SSD2013,,,,4.538181818,20.71,28.17237824,0.979787759,28.19883808,2.463417342
South Sudan,SSD,2014,SSD2014,,,,4.538181818,21.11,27.86405464,1.008081887,28.01584567,2.521608603
South Sudan,SSD,2015,SSD2015,,,,4.538181818,21.432,28.18383155,0.975817817,28.5791935,2.180658056
South Sudan,SSD,2016,SSD2016,,,,4.538181818,21.665,28.28033951,0.974719776,28.98406249,2.128186422
South Sudan,SSD,2017,SSD2017,,,,4.538181818,21.821,27.97251549,0.99881256,28.92083503,2.263753458
South Sudan,SSD,2018,SSD2018,,,,4.538181818,21.953,27.81534906,0.99790105,28.57714631,2.107103598
South Sudan,SSD,2019,SSD2019,,,,4.538181818,22.123,27.92550984,1.048705679,28.47462133,2.716582086
Spain,ESP,1990,ESP1990,0.251584053,0.0355977,1164980.6,5.9881,77.7339,14.26386835,0.609937244,13.72774291,1.787860689
Spain,ESP,1991,ESP1991,0.072476572,0.022863,1190342.7,6.3873,77.9325,13.49323436,0.633293879,12.93851312,1.813876316
Spain,ESP,1992,ESP1992,0.080088854,0.0059496,1192375.6,6.6866,78.3148,13.51021737,0.637705939,12.92320068,1.907304813
Spain,ESP,1993,ESP1993,-0.182708873,-0.0134776,1182140.6,7.0859,78.7233,13.14489441,0.66371782,12.5528219,1.877082595
Spain,ESP,1994,ESP1994,0.002703879,0.0208623,1201152.7,7.3852,79.0958,14.18666434,0.602108618,13.7988424,1.613406949
Spain,ESP,1995,ESP1995,0.090703196,0.0248618,1217337.1,7.68455,79.4481,14.47793876,0.596653373,13.9994956,1.723325209
Spain,ESP,1996,ESP1996,0.021487978,0.0219004,1243294.6,7.8842,79.7814,13.67634146,0.900342717,13.0548037,2.378203175
Spain,ESP,1997,ESP1997,-0.058153576,0.0354219,1281227.9,7.9841,80.1155,14.59907633,0.864188894,14.04942575,2.204772887
Spain,ESP,1998,ESP1998,0.045342022,0.0402124,1323383.4,8.0838,80.4478,14.08350329,0.558133656,13.53291721,1.660775401
Spain,ESP,1999,ESP1999,0.008266926,0.0410954,1369805.9,8.18365,80.7728,14.0240357,0.670268666,13.34371538,1.898397577
Spain,ESP,2000,ESP2000,0.026595328,0.0408395,1425488.1,8.38315,81.1352,14.08330836,0.717807232,13.52913163,1.895801221
Spain,ESP,2001,ESP2001,0.041503853,0.0238723,1466241.8,8.5003,81.7017,14.1548594,0.655195328,13.59464602,1.814630484
Spain,ESP,2002,ESP2002,0.113544729,0.0103013,1492793,8.484,82.8633,14.15409978,0.775639624,13.61699975,2.01680436
Spain,ESP,2003,ESP2003,0.22572332,0.0123422,1522936.1,8.60035,84.3762,14.48983454,0.780457042,13.95262811,2.16198719
Spain,ESP,2004,ESP2004,0.140763654,0.0148185,1544985.1,8.6593,85.8445,14.03184019,0.657003407,13.37621977,1.825355128
Spain,ESP,2005,ESP2005,0.057336648,0.0183158,1575168.7,8.9752,87.3076,13.83865633,0.552264522,13.30017011,1.579761867
Spain,ESP,2006,ESP2006,0.06678062,0.0230498,1613903.2,9.0442,88.7964,14.60464975,0.690904739,14.13821888,1.902054476
Spain,ESP,2007,ESP2007,0.148812188,0.0156895,1646685.3,9.13385,90.4567,13.91942788,0.661058621,13.22746575,1.818634986
Spain,ESP,2008,ESP2008,0.107050048,-0.0070759,1640616.1,9.14085,91.908,13.87721297,0.758437733,13.15876276,2.185215756
Spain,ESP,2009,ESP2009,-0.089227094,-0.0479347,1569549.1,9.25995,92.7263,14.49928716,0.671349141,13.88379125,1.904631903
Spain,ESP,2010,ESP2010,-0.067959309,-0.0066187,1563991.2,9.33615,93.154,13.82619599,0.830775477,13.08002165,2.257118091
Spain,ESP,2011,ESP2011,0.037033876,-0.0030505,1542857.5,9.438,93.4871,14.61810043,0.592301643,14.13034353,1.688615483
Spain,ESP,2012,ESP2012,-0.115306324,-0.0169479,1501454.2,9.5418,93.5439,14.13989753,0.584337118,13.73491756,1.728925279
Spain,ESP,2013,ESP2013,0.018323368,-0.0098648,1481202.5,9.44195,93.2401,13.93501387,0.782735006,13.28622547,2.238172952
Spain,ESP,2014,ESP2014,0.011802302,,1505852.4,9.7396,92.9637,14.75318531,0.714654341,14.12437265,2.090756775
Spain,ESP,2015,ESP2015,,,1556351.9,9.9469,92.8914,14.6701599,0.577193975,14.21748022,1.775409546
Spain,ESP,2016,ESP2016,,,,10.03885,92.9706,14.55989332,0.706837111,14.109402,2.032978384
Spain,ESP,2017,ESP2017,,,,10.1397,93.186,14.80568363,0.540292043,14.50024515,1.598592491
Spain,ESP,2018,ESP2018,,,,10.22795,93.5967,14.40508152,0.859344326,13.77705359,2.444360519
Spain,ESP,2019,ESP2019,,,,10.2011,94.1529,14.61104963,0.672571189,14.19370656,1.971419823
Sri Lanka,LKA,1990,LKA1990,,0.050806,28593.2,8.3,17.326,27.12101449,1.876430435,26.14391689,4.393008701
Sri Lanka,LKA,1991,LKA1991,,0.0302715,29545.5,8.5,17.536,27.1076087,1.501413044,26.11793496,3.992944851
Sri Lanka,LKA,1992,LKA1992,,0.0338933,30370.7,8.6,17.737,26.85434783,1.383321739,25.97230308,3.775669445
Sri Lanka,LKA,1993,LKA1993,,0.0541778,31917,8.8,17.925,26.91485507,1.898743478,25.93088653,4.905759057
Sri Lanka,LKA,1994,LKA1994,,0.0406995,33140.1,8.9,18.094,26.98115942,1.722986956,25.66295813,5.160253482
Sri Lanka,LKA,1995,LKA1995,,0.0399396,34291.6,9.1,18.243,27.14818841,1.537686957,25.93538871,4.357590649
Sri Lanka,LKA,1996,LKA1996,,0.0263284,34743,9.3,18.367,27.02898551,1.685430435,25.758762,4.541079885
Sri Lanka,LKA,1997,LKA1997,,0.049513,35982.3,9.4,18.471,27.2557971,1.916265217,26.08626867,5.014770944
Sri Lanka,LKA,1998,LKA1998,,0.0343478,36594.4,9.6,18.565,27.69782609,1.567830435,26.63496386,4.248977764
Sri Lanka,LKA,1999,LKA1999,,0.0277301,37378.4,9.8,18.663,26.97318841,1.752565217,25.61546543,4.762202474
Sri Lanka,LKA,2000,LKA2000,,0.0558579,39566.6,10,18.778,27.10507246,1.726743478,25.72842202,4.89369891
Sri Lanka,LKA,2001,LKA2001,,0.0005214,39131.2,10.2,18.912,27.28731884,1.459208696,25.92765107,4.354419779
Sri Lanka,LKA,2002,LKA2002,,0.0323057,40353.8,10.2,19.062,27.3807971,1.675886957,26.0505339,4.722106553
Sri Lanka,LKA,2003,LKA2003,,0.0444746,42226.9,10.2,19.224,27.36666667,1.6032,26.02829785,4.491814662
Sri Lanka,LKA,2004,LKA2004,,0.0394474,44137.6,10.3,19.387,27.09855072,1.879769565,25.96506643,4.848891105
Sri Lanka,LKA,2005,LKA2005,,0.0498506,46675.7,10.4,19.545,27.24637681,1.668552174,26.12504238,4.518427744
Sri Lanka,LKA,2006,LKA2006,,0.0630499,50256.8,10.5,19.696,27.20326087,2.067582609,25.88632487,5.267389623
Sri Lanka,LKA,2007,LKA2007,,0.0566846,53825.1,10.6,19.842,27.15181159,1.556917391,25.79167623,4.628589073
Sri Lanka,LKA,2008,LKA2008,,0.0489545,57257.5,11,19.984,27.07391304,1.956017391,25.6517192,5.734218341
Sri Lanka,LKA,2009,LKA2009,,0.0233183,59514.8,10.9,20.124,27.44528986,1.533578261,26.07748515,4.731131497
Sri Lanka,LKA,2010,LKA2010,,0.0672311,64459.1,10.8,20.262,27.49855072,1.797330435,26.07639211,6.088538749
Sri Lanka,LKA,2011,LKA2011,,0.0688312,69352,10.8,20.399,27.31304348,1.540304348,25.80209184,6.391980341
Sri Lanka,LKA,2012,LKA2012,,0.0877497,75122.2,10.9,20.425,27.50217391,1.669791304,26.1582208,4.76376951
Sri Lanka,LKA,2013,LKA2013,,0.0624048,77087.3,10.9,20.585,27.28188406,1.480930435,25.92540304,4.708892814
Sri Lanka,LKA,2014,LKA2014,,,80100.8,10.9,20.778,27.43115942,1.811186957,26.03306869,6.190030372
Sri Lanka,LKA,2015,LKA2015,,,83153.8,10.9,20.97,27.39021739,2.254721739,25.95486204,6.120199094
Sri Lanka,LKA,2016,LKA2016,,,,10.5,21.203,27.76268116,1.373352174,26.60993492,3.787569342
Sri Lanka,LKA,2017,LKA2017,,,,10.6,21.444,27.49202899,1.635978261,26.23716344,4.727569998
Sri Lanka,LKA,2018,LKA2018,,,,10.6,21.67,27.38115942,1.728052174,25.82670732,5.398732009
Sri Lanka,LKA,2019,LKA2019,,,,10.6,21.803,27.72717391,1.816486956,26.42379357,4.68547835
Sudan,SDN,1990,SDN1990,,-0.0839033,1753.3,1.4008125,40.296,28.35520459,0.220460025,28.15896437,0.648270624
Sudan,SDN,1991,SDN1991,,0.0431272,1828.9,1.49425,41.782,28.08628308,0.331682455,27.72746451,0.899229935
Sudan,SDN,1992,SDN1992,,0.0332197,1888.5,1.58775,43.391,27.27955124,0.315349467,26.69157832,0.887283622
Sudan,SDN,1993,SDN1993,,0.0137204,1912.1,1.681125,45.054,28.15334738,0.363307725,27.66863799,0.879137387
Sudan,SDN,1994,SDN1994,,-0.0204748,1870.7,1.7743125,46.675,27.77017894,0.408070931,27.2015711,1.024309168
Sudan,SDN,1995,SDN1995,,0.0287954,1922.8,1.8676875,48.189,27.64122727,0.346911507,27.54572872,0.973402307
Sudan,SDN,1996,SDN1996,,0.0292037,1977.2,1.9610625,49.563,28.17036351,0.31130943,27.39165672,1.200118294
Sudan,SDN,1997,SDN1997,,0.0729676,2124.2,2.0545625,50.828,28.27830138,0.316211787,27.34140889,1.041038969
Sudan,SDN,1998,SDN1998,,0.0151281,2154.1,2.147875,52.032,28.40436652,0.399415597,27.75465305,1.037838156
Sudan,SDN,1999,SDN1999,,0.0034212,2159.5,2.147875,53.253,28.31459639,0.438204273,27.81529617,1.010859401
Sudan,SDN,2000,SDN2000,,0.0339526,2232.6,2.241375,54.552,28.24630688,0.346328957,27.50497318,0.748406093
Sudan,SDN,2001,SDN2001,,0.0349736,2311.3,2.302,55.942,28.33186892,0.327455362,27.72001752,0.914344511
Sudan,SDN,2002,SDN2002,,0.0340186,2391,2.36125,57.409,28.61735451,0.315322988,28.12751496,0.689914089
Sudan,SDN,2003,SDN2003,,0.046025,2503.7,2.4184375,58.921,28.49412978,0.398050871,28.09234316,0.891477683
Sudan,SDN,2004,SDN2004,,0.0095216,2527.8,2.474375,60.426,28.59727034,0.284490477,28.11947729,0.703211886
Sudan,SDN,2005,SDN2005,,0.0436449,2640.5,2.528625,61.9,28.83468089,0.35879039,28.26688935,0.864206237
Sudan,SDN,2006,SDN2006,,0.0673053,2824.2,2.5815625,63.323,28.45545588,0.372888136,27.86106019,0.847381344
Sudan,SDN,2007,SDN2007,,0.0804533,3060.7,2.5483125,64.721,28.38267121,0.44365064,27.66466343,0.922617139
Sudan,SDN,2008,SDN2008,,0.0013197,3206.9,2.515625,66.122,28.61524491,0.337203174,28.03007118,0.714185582
Sudan,SDN,2009,SDN2009,,0.0040402,3219.4,2.699875,67.568,29.26410472,0.28341056,28.62599291,0.573152235
Sudan,SDN,2010,SDN2010,,0.0070767,3240.8,2.787125,69.087,29.49631175,0.367764346,28.84625967,0.755721078
Sudan,SDN,2011,SDN2011,,0.0576382,3478.3,2.896375,70.7,28.59537384,0.299721689,27.898551,0.665038815
Sudan,SDN,2012,SDN2012,,0.0059604,3803.5,3.006375,72.387,28.67211934,0.372357452,28.08166753,0.729623777
Sudan,SDN,2013,SDN2013,,-0.0823806,3847.2,3.1174375,74.144,28.87122466,0.366270578,28.34760389,0.718493351
Sudan,SDN,2014,SDN2014,,,3882.2,3.228875,75.955,28.51861014,0.421697426,28.23379436,0.876432873
Sudan,SDN,2015,SDN2015,,,3927.5,3.32125,77.806,28.96762968,0.323805229,28.81516616,0.557183217
Sudan,SDN,2016,SDN2016,,,,3.32125,79.694,29.05193165,0.354862095,28.89947235,0.682256463
Sudan,SDN,2017,SDN2017,,,,3.4135,81.626,28.71911983,0.352661145,28.93648899,0.621985219
Sudan,SDN,2018,SDN2018,,,,3.4135,83.604,28.61958447,0.430657528,28.60327189,0.736805679
Sudan,SDN,2019,SDN2019,,,,3.50575,85.623,28.50521791,0.453949848,28.47402178,0.991517694
Surime,SUR,1990,SUR1990,,-0.0210397,10583.6,,,26.82608333,2.826755667,25.76498832,5.603518576
Surime,SUR,1991,SUR1991,,0.0125076,10674.3,,,26.61386111,2.065476167,25.78148726,4.010849446
Surime,SUR,1992,SUR1992,,-0.0160043,10464.1,,,26.42408333,1.7701555,26.07913159,3.237775546
Surime,SUR,1993,SUR1993,,-0.0886597,9539.9,,,26.43327778,2.226418333,25.70622513,4.568171587
Surime,SUR,1994,SUR1994,,0.0187469,9683.9,,,26.57023611,2.2631855,25.54923947,4.455156216
Surime,SUR,1995,SUR1995,,-0.0025124,9624.3,,,27.074875,1.8377315,25.98166814,4.1347105
Surime,SUR,1996,SUR1996,,-0.0009163,9578.8,,,26.91454167,2.583858833,25.6689886,5.150649404
Surime,SUR,1997,SUR1997,,0.0422058,9954.6,,,27.14433333,1.9692785,25.91856862,4.221121471
Surime,SUR,1998,SUR1998,,0.0018819,9947.8,,,27.571875,1.897808667,26.37241146,4.385331484
Surime,SUR,1999,SUR1999,,-0.0225215,9725.8,,,26.95680556,2.188262,25.49330804,5.43224772
Surime,SUR,2000,SUR2000,,-0.0146114,9615.8,,,26.88704167,2.598435333,25.28964973,5.667146738
Surime,SUR,2001,SUR2001,,0.030388,9981.8,,,26.99766667,1.791138,25.50941862,4.182170609
Surime,SUR,2002,SUR2002,,0.0278631,10366.8,,,26.85620834,2.16962,25.62005467,5.262929248
Surime,SUR,2003,SUR2003,,0.0443661,10959,,,27.25877778,1.766326,26.02080185,4.11415103
Surime,SUR,2004,SUR2004,,0.0752068,11932.5,6.865833333,0.9881,27.07093056,2.056615333,26.02501155,4.792021201
Surime,SUR,2005,SUR2005,,0.0323477,12409.8,6.865833333,0.998,27.342,2.4930495,26.18039159,5.050557419
Surime,SUR,2006,SUR2006,,0.0264286,12783.8,6.865833333,1.0108,27.05466667,2.260035167,25.70933564,5.839843994
Surime,SUR,2007,SUR2007,,0.0395187,13303.1,6.836833333,1.0214,27.01015278,2.605352667,25.64565797,5.653080905
Surime,SUR,2008,SUR2008,,0.0309691,13698.4,6.809,1.0341,26.87015278,2.382479833,25.61611147,5.871195006
Surime,SUR,2009,SUR2009,,0.0204193,13949.7,6.782666667,1.0459,27.08493056,1.930065667,26.02959957,4.187644472
Surime,SUR,2010,SUR2010,,0.0321793,14510.1,6.7575,1.0586,27.40295833,2.126801167,26.12381796,6.007902508
Surime,SUR,2011,SUR2011,,0.0424667,15119.7,7.310833333,1.0703,26.98475,2.266412833,25.74161039,5.599672515
Surime,SUR,2012,SUR2012,,0.0290622,15433.8,7.779166667,1.082,26.904,2.139740667,25.87820075,5.814750261
Surime,SUR,2013,SUR2013,,0.0346531,15725.6,7.894166667,1.0948,26.87420833,2.5196115,25.65940431,5.966486047
Surime,SUR,2014,SUR2014,,,15872.6,8.009166667,1.1064,27.02779167,1.969531333,25.88740819,4.395799945
Surime,SUR,2015,SUR2015,,,15970.3,8.035333333,1.1181,27.37045833,2.286408,26.01060699,5.001711322
Surime,SUR,2016,SUR2016,,,,8.1515,1.1298,27.34468055,2.091145333,26.21642026,6.11030825
Surime,SUR,2017,SUR2017,,,,8.1765,1.1403,27.18540278,2.3032825,26.01202914,6.131280055
Surime,SUR,2018,SUR2018,,,,8.200666667,1.1519,26.94495833,2.236231,25.59776292,6.387558887
Surime,SUR,2019,SUR2019,,,,8.38,1.1626,27.26740278,1.7862195,26.1651154,5.079060994
Sweden,SWE,1990,SWE1990,,-0.0002076,620696.9,10.428,17.117,6.116932367,0.686696022,6.346978276,2.261044183
Sweden,SWE,1991,SWE1991,,-0.0183423,606868.9,10.52622222,17.234,5.059500868,0.601423711,5.325632799,1.946626006
Sweden,SWE,1992,SWE1992,,-0.0175189,598124.4,10.62555556,17.336,5.57874133,0.650794558,5.745560191,1.986804632
Sweden,SWE,1993,SWE1993,,-0.0266809,559012,10.72444444,17.439,4.547792251,0.663478536,4.714570018,2.106545529
Sweden,SWE,1994,SWE1994,-0.222712426,0.032235,583225.2,10.82444444,17.561,4.796991806,0.646968224,4.968887156,1.890691172
Sweden,SWE,1995,SWE1995,0.093989054,0.0333825,609093.4,10.82444444,17.654,4.78810837,0.64283362,4.881459645,2.028381647
Sweden,SWE,1996,SWE1996,0.089034898,0.0144021,610901.4,10.92222222,17.683,3.861715316,0.560138427,3.980755985,1.753493702
Sweden,SWE,1997,SWE1997,0.088285037,0.0261513,620942.4,11.02222222,17.691,5.280031002,0.600218748,5.411493896,1.911978921
Sweden,SWE,1998,SWE1998,-0.094072251,0.0406344,641584.4,11.12111111,17.703,4.598878497,0.769225311,4.632454777,2.412235309
Sweden,SWE,1999,SWE1999,0.002431143,0.044766,663867.1,11.22222222,17.715,5.37070887,0.717474547,5.462628254,2.24062609
Sweden,SWE,2000,SWE2000,-0.160539445,0.0419535,696678.6,11.32111111,17.743,6.096516379,0.802441765,6.166618772,2.405584499
Sweden,SWE,2001,SWE2001,-0.081463087,0.0098594,708915.8,11.43333333,17.793,4.905943695,0.68946657,4.856978262,2.09921519
Sweden,SWE,2002,SWE2002,0.096839859,0.0212764,722580.7,11.51666667,17.85,5.514918907,0.626775452,5.70082133,1.992179979
Sweden,SWE,2003,SWE2003,0.225850877,0.0193675,738967.4,11.72333333,17.918,5.208822762,0.579798195,5.39902147,1.900526099
Sweden,SWE,2004,SWE2004,0.137998218,0.0375435,768154.3,12.22111111,17.988,5.258369873,0.659716733,5.340673502,2.101244013
Sweden,SWE,2005,SWE2005,0.006264641,0.0271194,783009.4,12.32777778,18.059,5.52122319,0.603372757,5.674875961,1.959415737
Sweden,SWE,2006,SWE2006,0.078492664,0.0364493,820776.1,12.32666667,18.161,5.924110381,0.675288451,6.164283957,2.215317655
Sweden,SWE,2007,SWE2007,0.129037448,0.0251896,836614.1,12.42,18.298,5.78383485,0.705279909,5.906870206,2.154806034
Sweden,SWE,2008,SWE2008,0.055898485,-0.0139434,834109.7,12.12333333,18.439,6.057313077,0.720055495,6.104635376,2.216952533
Sweden,SWE,2009,SWE2009,-0.2164907,-0.0601044,768962.5,12.11555556,18.598,5.221600635,0.676088306,5.29642398,2.077450051
Sweden,SWE,2010,SWE2010,0.142558052,0.0549832,832179.8,12.21666667,18.757,3.465788203,0.679793025,3.38416782,2.123491835
Sweden,SWE,2011,SWE2011,0.127817835,0.0213526,847923.1,12.31555556,18.898,5.899954764,0.681742797,6.095744174,2.231015943
Sweden,SWE,2012,SWE2012,-0.041974295,0.0018411,839261.8,12.30777778,19.038,4.810594041,0.768896818,4.885176501,2.518759424
Sweden,SWE,2013,SWE2013,0.043498448,0.0075132,842493.9,12.11222222,19.201,5.339744841,0.579052511,5.441329953,1.852770039
Sweden,SWE,2014,SWE2014,,,853086.5,12.20222222,19.391,6.415688435,0.677925103,6.686005507,2.21149117
Sweden,SWE,2015,SWE2015,,,878696.3,12.29666667,19.598,6.03017084,0.684585004,6.280215973,2.301467962
Sweden,SWE,2016,SWE2016,,,,12.29333333,19.846,5.60103783,0.605576262,5.891899396,1.874090995
Sweden,SWE,2017,SWE2017,,,,12.28666667,20.116,5.381877586,0.710872426,5.674352127,2.155072996
Sweden,SWE,2018,SWE2018,,,,12.30111111,20.35,5.901749699,0.527599532,6.3965745,1.635499933
Sweden,SWE,2019,SWE2019,,,,12.40111111,20.569,5.840969572,0.702288442,6.168374112,2.294221321
Switzerland,CHE,1990,CHE1990,,0.0258185,984983.3,9.647875,13.509,7.211994048,1.281952321,5.913546607,4.161862079
Switzerland,CHE,1991,CHE1991,,-0.0216986,963702,9.647875,13.601,6.317738095,1.069745893,5.259501054,3.894222657
Switzerland,CHE,1992,CHE1992,,-0.0114626,955386.9,9.647875,13.749,6.948050595,1.25400375,5.944706612,4.344408402
Switzerland,CHE,1993,CHE1993,,-0.0103678,953829.3,9.647875,13.876,6.498705357,1.282566071,5.47874488,4.516706611
Switzerland,CHE,1994,CHE1994,,0.0046461,955739.8,9.746875,13.988,7.711979167,1.317814464,6.806094531,4.513062492
Switzerland,CHE,1995,CHE1995,,-0.0018853,947388.1,9.746875,14.082,6.694464286,1.381955536,5.461845576,4.669711605
Switzerland,CHE,1996,CHE1996,,0.0004187,952552.5,10.046875,14.143,5.895758928,1.228356786,4.849410733,4.267534007
Switzerland,CHE,1997,CHE1997,,0.0178075,979679.7,10.343375,14.179,7.170877976,1.132680179,5.980488236,3.85626322
Switzerland,CHE,1998,CHE1998,,0.0240034,1010471.5,10.74125,14.22,6.886235119,1.174343929,5.524628418,4.101056213
Switzerland,CHE,1999,CHE1999,,0.0090952,1018397.9,11.04,14.289,6.9,1.552938929,5.477749255,5.432684048
Switzerland,CHE,2000,CHE2000,,0.0304345,1059686.6,11.33875,14.369,7.498065476,1.324905179,6.064893705,4.682094483
Switzerland,CHE,2001,CHE2001,,0.0060272,1066473.5,11.5375,14.461,6.891026786,1.407118929,5.697306506,4.891138665
Switzerland,CHE,2002,CHE2002,,-0.0057127,1057070.1,11.65625,14.57,7.508883928,1.4933225,6.178521011,5.04200026
Switzerland,CHE,2003,CHE2003,,-0.0072084,1051531.7,11.76,14.679,7.350372024,0.947475179,6.336996954,3.156395305
Switzerland,CHE,2004,CHE2004,,0.0170487,1081328.7,11.855,14.778,6.788095238,1.13904375,5.495969819,3.882580119
Switzerland,CHE,2005,CHE2005,,0.0201894,1112370.5,11.95875,14.875,6.569836309,1.05765375,5.268527707,3.605564771
Switzerland,CHE,2006,CHE2006,,0.0305534,1118973.5,12.26125,14.967,7.272678571,1.262541964,6.13790828,4.090585803
Switzerland,CHE,2007,CHE2007,,0.0287992,1113099.7,12.56125,15.103,7.361264881,1.316360179,6.175532875,4.347595062
Switzerland,CHE,2008,CHE2008,,0.0087055,1094330.9,12.86375,15.296,6.963422619,1.294809107,5.781709287,4.582214133
Switzerland,CHE,2009,CHE2009,-0.029875865,-0.0320532,1060940.8,13.2675,15.488,7.179494048,1.168621429,5.874183414,4.142272139
Switzerland,CHE,2010,CHE2010,0.072554662,0.018689,1093057.9,13.24875,15.65,6.086547619,1.210883214,4.78877182,4.394415661
Switzerland,CHE,2011,CHE2011,0.178971364,0.0066257,1100461.4,13.2525,15.826,7.816383929,1.065539107,6.767449528,3.780514519
Switzerland,CHE,2012,CHE2012,-0.059084122,-0.0001846,1101066.3,13.3525,15.995,7.181056548,1.34513625,5.842846495,4.719036459
Switzerland,CHE,2013,CHE2013,0.027005489,0.0088647,1107714.2,13.3625,16.179,6.779895833,1.311371607,5.397128324,4.484070927
Switzerland,CHE,2014,CHE2014,0.017782835,,1114953.3,12.86875,16.378,8.13626488,1.258615179,6.561782581,4.565792464
Switzerland,CHE,2015,CHE2015,,,1111742.1,13.0775,16.564,8.114806547,1.00075875,6.827481929,3.839249631
Switzerland,CHE,2016,CHE2016,,,,12.97375,16.747,7.4915625,1.335605536,6.348412713,4.574045652
Switzerland,CHE,2017,CHE2017,,,,13.07625,16.905,7.621056548,1.252525,6.322559168,4.252269478
Switzerland,CHE,2018,CHE2018,,,,13.3875,17.03,8.417008929,1.01263125,7.272346544,3.943505578
Switzerland,CHE,2019,CHE2019,,,,13.375,17.149,8.072261905,1.255236964,6.665378932,4.568240573
Syria,SYR,1990,SYR1990,,0.0440261,2855,3.968466667,24.8935,17.46479837,0.280696559,17.38375289,0.62128961
Syria,SYR,1991,SYR1991,,0.0470167,3171.4,4.067733333,25.6305,17.39126514,0.514737908,17.15826289,0.990027455
Syria,SYR,1992,SYR1992,,0.0979409,3569.2,4.166866667,26.3776,16.10856864,0.499200618,15.8018908,1.046861634
Syria,SYR,1993,SYR1993,,0.0224712,3817.1,4.2662,27.1297,17.15878455,0.336537226,16.80660585,0.847311818
Syria,SYR,1994,SYR1994,,0.0459015,4005.6,4.365333333,27.8998,18.22526995,0.553930878,17.80402032,1.190411192
Syria,SYR,1995,SYR1995,,0.028145,4201.8,4.464466667,28.691,17.55148644,0.303976152,17.19565073,0.677533665
Syria,SYR,1996,SYR1996,,0.014997,4298.6,4.464466667,29.5093,17.94620797,0.465597738,17.58646023,1.090686705
Syria,SYR,1997,SYR1997,,-0.0103899,4222.9,4.464466667,30.3497,16.92425578,0.431813589,16.65234006,0.9528263
Syria,SYR,1998,SYR1998,,0.0339575,4400.2,4.464466667,31.198,18.49946307,0.375342789,18.19713819,0.852517741
Syria,SYR,1999,SYR1999,,-0.0617965,4223.4,4.563666667,32.0294,18.40679067,0.248317259,18.26832051,0.515195458
Syria,SYR,2000,SYR2000,,0.0038587,4306.2,4.563666667,32.8236,17.77485293,0.419742316,17.56894849,0.848042706
Syria,SYR,2001,SYR2001,,0.0307586,4445.3,4.762133333,33.5336,18.58923455,0.44808693,18.10822786,0.899427869
Syria,SYR,2002,SYR2002,,0.0398926,4648.8,4.663,34.1693,17.98087354,0.442278394,17.57162764,0.963873586
Syria,SYR,2003,SYR2003,,-0.0117362,4512,5.0598,34.8312,18.02845055,0.541501976,17.4684617,1.166780393
Syria,SYR,2004,SYR2004,,0.0451336,4806.2,5.3576,35.6565,17.87863217,0.417530849,17.5272597,0.948622899
Syria,SYR,2005,SYR2005,,0.0327354,5101.2,5.7542,36.724,17.84257414,0.368461377,17.45612328,0.762520706
Syria,SYR,2006,SYR2006,,0.0142989,5389.5,6.151133333,38.119,17.79973658,0.385292223,17.45497968,0.840320684
Syria,SYR,2007,SYR2007,,0.0159908,5705.2,6.448866667,39.758,18.05816782,0.367141623,17.76217178,0.838380138
Syria,SYR,2008,SYR2008,,,5930.3,6.250266667,41.326,18.2133208,0.270758021,17.94458658,0.571701443
Syria,SYR,2009,SYR2009,,,6175.3,6.5478,42.414,18.16178859,0.423434628,17.84966506,0.862303917
Syria,SYR,2010,SYR2010,,,6374.9,6.250266667,42.725,19.6651006,0.3297197,19.55078818,0.629222158
Syria,SYR,2011,SYR2011,,,5861,6.250266667,42.166,17.59065876,0.447200308,17.17899195,0.96087401
Syria,SYR,2012,SYR2012,,,4871.3,,,18.47730211,0.545914525,18.10475161,1.113768573
Syria,SYR,2013,SYR2013,,,3643.8,,,18.31915562,0.381401291,17.96716487,0.852710723
Syria,SYR,2014,SYR2014,,,3683.8,,,18.62535732,0.366126711,18.22040996,0.7451917
Syria,SYR,2015,SYR2015,,,3748.8,,,18.28074144,0.40815884,18.14869391,0.853217082
Syria,SYR,2016,SYR2016,,,,,,18.57007762,0.417478752,18.66280672,0.818400811
Syria,SYR,2017,SYR2017,,,,,,18.39224259,0.267086412,18.49879631,0.61711451
Syria,SYR,2018,SYR2018,,,,,,19.23095786,0.521167152,18.98919647,1.270020971
Syria,SYR,2019,SYR2019,,,,,,18.53256762,0.542327252,18.3146545,1.208526083
Tajikistan,TJK,1990,TJK1990,,-0.0322034,3635.3,9.824166667,10.567,6.964918415,0.642375851,5.052189487,2.277914562
Tajikistan,TJK,1991,TJK1991,,-0.0960964,3302.3,9.994333333,10.802,6.14564491,0.836557296,4.042092308,2.677466331
Tajikistan,TJK,1992,TJK1992,,-0.3618045,2299.8,10.16316667,11.003,6.039529914,0.738778065,4.156786372,2.530281718
Tajikistan,TJK,1993,TJK1993,,-0.1959296,1890.6,10.33566667,11.187,5.802909868,0.932584429,3.858768159,2.819016406
Tajikistan,TJK,1994,TJK1994,,-0.2546896,1465.5,10.50316667,11.358,6.122950661,0.683316224,4.341888602,2.367268431
Tajikistan,TJK,1995,TJK1995,,-0.1466176,1265.6,10.67416667,11.531,6.408772339,0.523166573,4.196348066,1.865668616
Tajikistan,TJK,1996,TJK1996,,-0.1961191,1040.3,10.67416667,11.702,5.863525642,0.611652378,3.648300475,2.27458674
Tajikistan,TJK,1997,TJK1997,,0.0041734,1044.7,10.67416667,11.875,6.362187256,0.665856853,4.79930944,2.059174684
Tajikistan,TJK,1998,TJK1998,,0.0389643,1086.2,10.67416667,12.055,6.461256799,0.997132704,4.995271985,2.970966387
Tajikistan,TJK,1999,TJK1999,,0.0228314,1111.3,10.67416667,12.239,7.28355672,0.781942494,4.455002014,2.721058602
Tajikistan,TJK,2000,TJK2000,,0.0648348,1185.6,10.7595,12.432,7.033529525,0.596824149,4.42117111,1.906546923
Tajikistan,TJK,2001,TJK2001,,0.0805838,1284.9,10.67916667,12.637,7.261732711,0.561697483,5.147509222,1.801530388
Tajikistan,TJK,2002,TJK2002,,0.0844715,1397.8,10.6825,12.853,7.14170746,0.827026201,5.095800202,2.441972686
Tajikistan,TJK,2003,TJK2003,,0.0849542,1521.6,10.686,13.083,6.613164335,0.872374405,4.303623946,2.627697125
Tajikistan,TJK,2004,TJK2004,,0.0776716,1644.6,10.60533333,13.325,7.678409091,0.778420979,5.207790422,2.37780176
Tajikistan,TJK,2005,TJK2005,,0.0438063,1719,10.61033333,13.578,7.100928517,0.697087855,4.387175647,2.102609757
Tajikistan,TJK,2006,TJK2006,,0.0460204,1801.2,10.60916667,13.846,7.388958819,0.680834476,5.695138177,2.018396901
Tajikistan,TJK,2007,TJK2007,,0.0528532,1900.8,10.60816667,14.126,7.405236986,0.663157133,5.466377657,2.07260935
Tajikistan,TJK,2008,TJK2008,,0.0532026,2007.2,11.03333333,14.42,7.094207458,0.587660723,5.088445959,1.847510088
Tajikistan,TJK,2009,TJK2009,,0.0139098,2038.2,10.945,14.73,7.098778166,0.839520862,4.638725506,2.637869012
Tajikistan,TJK,2010,TJK2010,,0.0391019,2123,10.945,15.054,7.446470473,0.724279837,5.397878485,2.338534228
Tajikistan,TJK,2011,TJK2011,,0.0471015,2229.4,10.86,15.394,6.940221445,0.716680769,5.167760287,2.329217136
Tajikistan,TJK,2012,TJK2012,,0.0477818,2343.2,10.77666667,15.75,6.340911034,0.724611096,3.86620608,2.058787749
Tajikistan,TJK,2013,TJK2013,,0.0468656,2460.4,10.78666667,16.119,7.487097901,0.683558298,5.318176324,1.993252553
Tajikistan,TJK,2014,TJK2014,,,2567,10.71,16.506,6.64722805,0.697211888,4.352394253,2.254435782
Tajikistan,TJK,2015,TJK2015,,,2616.2,10.635,16.908,7.399817405,0.813310116,5.291725337,2.392732558
Tajikistan,TJK,2016,TJK2016,,,,10.64666667,17.327,7.783529527,0.785386201,6.003339295,2.246016301
Tajikistan,TJK,2017,TJK2017,,,,10.74166667,17.76,7.190431234,0.61500697,5.519445091,2.129391311
Tajikistan,TJK,2018,TJK2018,,,,10.82833333,18.202,7.487373738,0.588807925,5.509904716,2.170643978
Tajikistan,TJK,2019,TJK2019,,,,10.82833333,18.643,7.441554002,0.764884638,5.408131314,2.119869939
Tanzania,TZA,1990,TZA1990,,0.0362904,24234,3.550769231,50.41,23.52772512,1.083488859,23.050199,2.935897537
Tanzania,TZA,1991,TZA1991,,-0.0123335,23787.8,3.6495,52.114,23.51896841,1.069003942,23.12716642,2.980765815
Tanzania,TZA,1992,TZA1992,,-0.0276611,23045.2,3.748115385,53.923,23.56210268,1.062269957,23.00112413,2.743194151
Tanzania,TZA,1993,TZA1993,,-0.0212028,22502,3.862730769,55.775,23.40057074,0.92339927,23.2543691,2.362653844
Tanzania,TZA,1994,TZA1994,,-0.0161958,22096,3.976576923,57.583,23.62517955,1.206299045,23.19486212,3.101707599
Tanzania,TZA,1995,TZA1995,,0.0054189,22162.5,4.089769231,59.297,23.77884629,1.041790473,23.28697234,2.750521587
Tanzania,TZA,1996,TZA1996,,0.016967,22509.5,4.1025,60.889,23.59677495,0.980140758,23.11575045,2.521199912
Tanzania,TZA,1997,TZA1997,,0.0088769,22726.5,4.238615385,62.3868,23.73645181,1.247078117,23.25436611,3.439482711
Tanzania,TZA,1998,TZA1998,,0.0117066,23082,4.273576923,63.851,23.926128,1.077073715,23.48797837,3.09436915
Tanzania,TZA,1999,TZA1999,,0.0227848,23794.6,4.307538462,65.3662,23.6916718,1.046260072,23.085853,2.564373216
Tanzania,TZA,2000,TZA2000,,0.0233039,24650.9,4.278769231,66.9999,23.69623225,0.926345136,23.2909805,2.428891339
Tanzania,TZA,2001,TZA2001,-0.020328736,0.0329244,25968.2,4.353269231,68.7748,23.77216695,0.935541308,23.14572436,2.491490669
Tanzania,TZA,2002,TZA2002,0.025804257,0.0434791,27276.2,4.327692308,70.6677,23.96565352,1.226106054,23.15772193,3.075472792
Tanzania,TZA,2003,TZA2003,0.085122108,0.0403434,28410.4,4.403769231,72.6728,24.16764493,0.760257303,23.7332333,1.963039083
Tanzania,TZA,2004,TZA2004,0.064543497,0.0484687,30809.7,4.480269231,74.757,23.67698159,1.014876571,23.36024314,2.676020999
Tanzania,TZA,2005,TZA2005,0.06544154,0.0434997,32742.1,4.781384615,76.9,23.88171729,0.808918302,23.77126595,2.18426938
Tanzania,TZA,2006,TZA2006,-0.02909783,0.0368652,33059.7,4.783807692,79.098,23.7296698,1.325041656,23.3115929,3.452410486
Tanzania,TZA,2007,TZA2007,0.13683696,0.0400442,34911.9,4.885653846,81.363,23.72837281,0.966398567,23.41503472,2.597941051
Tanzania,TZA,2008,TZA2008,0.177055064,0.0422147,35279.4,4.987576923,83.707,23.51450398,0.935382835,23.17622372,2.656337394
Tanzania,TZA,2009,TZA2009,-0.015244507,0.0286182,35811.1,4.989846154,86.146,23.91783116,0.892729785,23.67753209,2.440334661
Tanzania,TZA,2010,TZA2010,0.052204927,0.0380128,36903.5,5.092038462,88.693,24.09129909,0.916652538,23.7081572,2.61680581
Tanzania,TZA,2011,TZA2011,0.011005175,0.0322958,38572.7,5.080923077,91.347,23.71430887,1.084520916,23.43187806,2.975171575
Tanzania,TZA,2012,TZA2012,0.172375452,0.0367337,39284.7,5.467846154,94.104,23.65881194,0.821773698,23.47359699,2.662009673
Tanzania,TZA,2013,TZA2013,0.126492773,0.0370442,40819.7,5.556230769,96.966,23.83760411,1.002062032,23.47931218,2.749881588
Tanzania,TZA,2014,TZA2014,,,42309.5,5.644692308,99.923,23.79056117,1.012789444,23.486039,2.837755153
Tanzania,TZA,2015,TZA2015,,,43865.5,5.832192308,102.967,23.9352201,1.074907741,23.71899837,2.823305939
Tanzania,TZA,2016,TZA2016,,,,5.931153846,106.105,24.09683411,1.132860311,23.71929318,2.537902478
Tanzania,TZA,2017,TZA2017,,,,5.931153846,109.33,24.17267796,1.090617084,23.75469026,2.955486567
Tanzania,TZA,2018,TZA2018,,,,5.931153846,112.639,23.7616646,1.08125757,23.26864173,3.294945998
Tanzania,TZA,2019,TZA2019,,,,6.030076923,116.011,24.18544638,1.440332671,23.76418957,3.45999935
Thailand,THA,1990,THA1990,,0.0925319,382679,4.696,113.116,27.61290466,1.537831761,26.24400422,4.067792746
Thailand,THA,1991,THA1991,,0.0715407,410000.4,4.798166667,114.464,27.63082211,1.478147132,26.16905631,4.271713447
Thailand,THA,1992,THA1992,,0.0694317,438281.7,4.798166667,115.622,27.31139095,1.420373469,25.83702537,3.988496455
Thailand,THA,1993,THA1993,,0.0722213,459736.5,4.900166667,116.676,27.29434402,1.445128112,25.84735498,4.044929666
Thailand,THA,1994,THA1994,,0.0788272,498223,5.002333333,117.75,27.37571942,1.674578112,25.92925632,4.749523496
Thailand,THA,1995,THA1995,,0.079964,541189,5.104333333,118.934,27.25736702,1.776045913,25.95259672,4.925806601
Thailand,THA,1996,THA1996,0.082219429,0.0475832,625342.9,5.3085,120.26,26.90173698,1.85034299,25.57934872,5.096887446
Thailand,THA,1997,THA1997,-0.18037479,-0.0245763,603906,5.614833333,121.693,27.41820856,1.395318572,26.17371098,3.981454864
Thailand,THA,1998,THA1998,-0.267520834,-0.1225384,561279.8,5.819,123.169,28.03406036,1.682274692,26.88180025,4.105392137
Thailand,THA,1999,THA1999,0.068100349,0.0317613,556298.3,6.023,124.597,26.83298152,1.864394133,25.31277935,5.401872544
Thailand,THA,2000,THA2000,-0.053744219,0.0347871,574589.1,6.227,125.907,27.08094698,1.809673726,25.55033091,5.210024649
Thailand,THA,2001,THA2001,-0.078380623,0.0098681,583995.8,6.431333333,127.078,27.25068288,1.618211551,25.80561921,4.702544971
Thailand,THA,2002,THA2002,0.119831949,0.0403212,624012.3,6.635666667,128.139,27.3904501,1.647462691,26.07668276,4.520842467
Thailand,THA,2003,THA2003,0.135568954,0.0582009,673478.1,6.839833333,129.099,27.30625169,1.64455673,26.03184895,4.070043216
Thailand,THA,2004,THA2004,0.121531035,0.052263,716022.6,6.941833333,129.991,27.24039916,1.429070766,26.06998623,3.745761846
Thailand,THA,2005,THA2005,0.071239214,0.0377913,745677.5,7.145833333,130.832,27.40613423,1.645331336,26.20107492,4.428173296
Thailand,THA,2006,THA2006,0.163594426,0.0447374,800117.2,6.737666667,131.626,27.30313411,1.718966028,26.01212225,4.622000739
Thailand,THA,2007,THA2007,0.229552514,0.0462875,850664.1,7.261,132.364,27.20211463,1.710385294,25.94314018,4.774903742
Thailand,THA,2008,THA2008,0.051840215,0.0229001,871050.4,7.4785,133.061,26.85434255,1.783753296,25.45478008,4.850503115
Thailand,THA,2009,THA2009,-0.009445506,-0.0249632,851746.1,7.696333333,133.733,27.21724721,1.718390149,25.91698658,4.42655108
Thailand,THA,2010,THA2010,0.196853116,0.073321,913731.9,7.5035,134.39,27.84195714,1.773996979,26.59302314,4.586257251
Thailand,THA,2011,THA2011,0.110039705,-0.0018466,918470.7,7.721,135.036,26.8506693,2.048686582,25.28944656,5.250302766
Thailand,THA,2012,THA2012,0.05727467,0.0707452,981082.8,7.94,135.672,27.66429583,1.661930792,26.21030285,4.550915745
Thailand,THA,2013,THA2013,0.040970809,0.0141385,1003054.9,7.7055,136.288,27.34771685,1.873509337,25.94860932,4.60632936
Thailand,THA,2014,THA2014,,,1007164.3,7.779666667,136.877,27.43662262,1.550940873,26.05511572,4.054186622
Thailand,THA,2015,THA2015,,,1032014.9,7.752333333,137.429,27.79624278,1.554865832,26.40363356,4.011316827
Thailand,THA,2016,THA2016,,,,7.725666667,137.941,27.94910233,1.677322111,26.53173133,4.320037847
Thailand,THA,2017,THA2017,,,,7.800166667,138.419,27.46702102,2.078392997,25.93265858,5.237482372
Thailand,THA,2018,THA2018,,,,7.898833333,138.858,27.44458764,1.655180635,25.98173512,4.852466822
Thailand,THA,2019,THA2019,,,,7.997,139.251,28.02243365,1.366842651,26.7880358,3.845940233
Timor Leste,TLS,1990,TLS1990,,,927.1,,,24.7056161,1.147107415,23.90042665,4.739434853
Timor Leste,TLS,1991,TLS1991,,,978.6,,,24.56312678,1.2517925,23.67193048,3.584281741
Timor Leste,TLS,1992,TLS1992,,,1028.1,,,24.86292201,1.382851004,23.89625834,4.017984572
Timor Leste,TLS,1993,TLS1993,,,1087.2,,,24.74468305,1.078675962,23.6217123,4.404828328
Timor Leste,TLS,1994,TLS1994,,,1152.6,,,24.18187322,1.453220427,23.50098224,4.140783853
Timor Leste,TLS,1995,TLS1995,,,1225.3,,,24.44098825,1.794787201,23.58150415,5.387266489
Timor Leste,TLS,1996,TLS1996,,,1292.8,,,24.4819391,1.559177158,23.70018844,4.897219846
Timor Leste,TLS,1997,TLS1997,,,1320,,,24.29125534,1.374208291,23.59322103,3.823489724
Timor Leste,TLS,1998,TLS1998,,,1191.6,,,25.05121973,1.355728248,24.20037012,5.943388366
Timor Leste,TLS,1999,TLS1999,,,1211,,,24.11023682,1.282275641,23.36565795,5.868760517
Timor Leste,TLS,2000,TLS2000,,,1412.8,,,24.19564281,1.342393227,23.46843576,5.956808132
Timor Leste,TLS,2001,TLS2001,,,1608.6,,,24.45871617,1.132695,23.57283557,5.5610096
Timor Leste,TLS,2002,TLS2002,,,1453,2.682928571,1.8457,24.70025107,1.219064444,23.82401957,3.67062906
Timor Leste,TLS,2003,TLS2003,,,1366.5,2.7755,1.8944,24.84214922,1.378352201,23.87115445,4.223512519
Timor Leste,TLS,2004,TLS2004,,,1326.1,2.868,1.9442,24.49578526,1.347231944,23.70823939,4.47451471
Timor Leste,TLS,2005,TLS2005,,,1385,3.053,1.9893,24.76885862,1.100323803,24.03761223,3.971469172
Timor Leste,TLS,2006,TLS2006,,,1283.7,3.145642857,2.033,23.96405627,1.273112372,23.40687094,5.330480671
Timor Leste,TLS,2007,TLS2007,,,1406.5,3.238142857,2.0723,24.20629096,1.216995577,23.67937205,4.643485268
Timor Leste,TLS,2008,TLS2008,,,1579,3.700714286,2.111,24.27212607,1.294305128,23.67094069,4.963463246
Timor Leste,TLS,2009,TLS2009,,,1753.5,4.070857143,2.1477,24.44749466,1.206237137,23.93842319,4.204311001
Timor Leste,TLS,2010,TLS2010,,,1885.4,4.049857143,2.1871,24.54574074,1.421410983,23.98047858,6.341983248
Timor Leste,TLS,2011,TLS2011,,,1965.5,4.1215,2.2258,24.09813746,1.612100256,23.44685006,5.338599159
Timor Leste,TLS,2012,TLS2012,,,2038.4,4.102214286,2.2658,24.34736645,1.375604039,23.62569628,4.689314667
Timor Leste,TLS,2013,TLS2013,,,2039.4,4.084214286,2.3069,24.77680912,1.590401474,23.85619653,6.092689757
Timor Leste,TLS,2014,TLS2014,,,2094.7,4.066785714,2.3485,24.63921118,1.350838739,23.82218258,4.078148288
Timor Leste,TLS,2015,TLS2015,,,2126,4.050428571,2.3927,24.64443376,1.271698953,23.8487226,3.707240765
Timor Leste,TLS,2016,TLS2016,,,,4.034785714,2.4383,25.17292735,1.230350363,24.54006789,5.075398304
Timor Leste,TLS,2017,TLS2017,,,,4.034785714,2.4872,24.75087607,1.383867372,24.07695945,5.528223013
Timor Leste,TLS,2018,TLS2018,,,,4.034785714,2.5365,24.70965634,1.014832393,24.16998781,4.437088784
Timor Leste,TLS,2019,TLS2019,,,,4.303642857,2.5861,24.76558048,0.840578974,23.97370158,3.949552968
Togo,TGO,1990,TGO1990,,-0.0299613,1350.1,2.837428571,7.549,26.97132937,1.016060714,26.69340624,3.322948697
Togo,TGO,1991,TGO1991,,-0.033113,1306.2,2.932142857,7.726,26.74429564,1.355174206,26.34757503,3.9803983
Togo,TGO,1992,TGO1992,,-0.0654276,1223.5,3.026571429,7.891,26.65507606,0.968005357,26.23858894,3.385246305
Togo,TGO,1993,TGO1993,,-0.1877087,1014.1,3.121285714,8.058,26.78053902,1.102916072,26.48847296,3.738648896
Togo,TGO,1994,TGO1994,,0.115634,1138.4,3.215857143,8.242,26.70054563,1.142886508,26.24436522,3.843082162
Togo,TGO,1995,TGO1995,,0.0511949,1198,3.310285714,8.452,26.93826058,1.259301984,26.57847279,3.847238601
Togo,TGO,1996,TGO1996,,0.0598521,1271.6,3.404857143,8.698,26.96342593,1.152482937,26.58848872,3.330620988
Togo,TGO,1997,TGO1997,,0.1091276,1417.8,3.499571429,8.972,26.92285053,1.199123611,26.57493028,3.540251282
Togo,TGO,1998,TGO1998,,-0.0487852,1349.7,3.594,9.264,27.47304894,1.108560317,27.20638343,3.085897876
Togo,TGO,1999,TGO1999,,-0.0011797,1347.4,3.669142857,9.561,26.92256944,1.348469841,26.40814229,4.103568785
Togo,TGO,2000,TGO2000,,-0.033639,1302,3.745571429,9.848,27.164666,1.080532341,26.61384416,3.141541861
Togo,TGO,2001,TGO2001,,-0.0422676,1247.2,3.729714286,10.125,27.3218254,0.924110119,26.69071737,2.824085959
Togo,TGO,2002,TGO2002,,-0.0352543,1203,3.808,10.393,27.34712302,1.189223413,26.71720916,3.518524336
Togo,TGO,2003,TGO2003,,0.022295,1228.9,3.794571429,10.661,27.43536706,1.336484127,26.88307976,3.374020258
Togo,TGO,2004,TGO2004,,-0.0050991,1221.4,3.874285714,10.937,27.25995371,1.209583333,26.75425162,3.183660445
Togo,TGO,2005,TGO2005,,-0.0142973,1202.6,3.862714286,11.223,27.59300595,1.133063889,26.91527618,2.968520603
Togo,TGO,2006,TGO2006,,0.0137779,1217.8,3.943714286,11.525,27.49242725,1.120338095,26.93260493,3.260322077
Togo,TGO,2007,TGO2007,,-0.0032151,1212.2,3.958285714,11.84,27.44414682,1.325875794,26.7723507,3.264198657
Togo,TGO,2008,TGO2008,,-0.0038207,1205.9,3.972571429,12.167,27.15239749,1.370956349,26.70489736,3.092293626
Togo,TGO,2009,TGO2009,,0.008623,1214.8,3.986,12.502,27.49041005,1.281581349,26.94428653,3.183306567
Togo,TGO,2010,TGO2010,,0.0132258,1229.5,3.999,12.842,27.78925265,1.386691072,27.05181079,3.510490752
Togo,TGO,2011,TGO2011,,0.0216542,1255.1,4.105142857,13.192,27.44616402,1.188653175,26.83003028,3.107068964
Togo,TGO,2012,TGO2012,,0.0314223,1280.6,4.117571429,13.549,27.24892527,1.183505754,26.52358633,3.633988379
Togo,TGO,2013,TGO2013,,0.0240457,1296.2,4.223285714,13.91,27.39933863,1.090425397,26.86126945,2.955682389
Togo,TGO,2014,TGO2014,,,1337.2,4.235,14.276,27.58040675,1.261214087,26.80072803,3.684682323
Togo,TGO,2015,TGO2015,,,1373.8,4.295142857,14.646,27.65772156,1.092580754,26.88767344,3.158318356
Togo,TGO,2016,TGO2016,,,,4.264285714,15.02,27.86104498,1.12808373,27.14407079,3.718904327
Togo,TGO,2017,TGO2017,,,,4.328,15.396,27.69242725,1.128193452,27.1952459,3.326070316
Togo,TGO,2018,TGO2018,,,,4.420142857,15.778,27.65176918,1.258742659,26.88570438,3.719720847
Togo,TGO,2019,TGO2019,,,,4.604285714,16.165,27.51793982,1.483228968,27.17847175,3.925407729
Tonga,TON,1990,TON1990,,-0.0228935,3572.4,,,25.42604167,1.41907,,
Tonga,TON,1991,TON1991,,0.0605379,3795.5,8.166,,25.18125,1.42732,,
Tonga,TON,1992,TON1992,,0.0012376,3800.4,8.262166667,,25.1625,1.37935,,
Tonga,TON,1993,TON1993,,0.0354735,3937.9,8.454333333,,24.92604167,1.42112,,
Tonga,TON,1994,TON1994,,0.0467486,4126.6,8.6465,,25.13958333,1.44238,,
Tonga,TON,1995,TON1995,,0.0341922,4270.4,8.742333333,,25.484375,1.22648,,
Tonga,TON,1996,TON1996,,-0.0029164,4258.2,8.742333333,0.097602,25.63020834,1.63668,,
Tonga,TON,1997,TON1997,,-0.0050098,4237.1,8.742333333,,25.328125,1.50874,,
Tonga,TON,1998,TON1998,,0.0225164,4333.8,8.742333333,,25.69166667,0.99303,,
Tonga,TON,1999,TON1999,,0.0332896,4480.7,8.742333333,,25.45416667,1.90724,,
Tonga,TON,2000,TON2000,,0.0279747,4608.1,8.742333333,,25.675,2.00948,,
Tonga,TON,2001,TON2001,,0.0298668,4748,8.742333333,,25.946875,1.54394,,
Tonga,TON,2002,TON2002,,0.0277298,4881.9,8.742333333,,25.54895833,1.54774,,
Tonga,TON,2003,TON2003,,0.0152187,4957.1,8.8385,,25.57708333,1.49628,,
Tonga,TON,2004,TON2004,,0.0035612,4964.1,8.8385,,25.56666667,1.50494,,
Tonga,TON,2005,TON2005,,0.0171823,5010.8,8.8385,,25.72916667,1.51076,,
Tonga,TON,2006,TON2006,,-0.0226982,4925.2,9.0305,0.101991,25.48125,1.52802,,
Tonga,TON,2007,TON2007,,-0.048847,4669.6,9.414333333,,25.77083333,1.52736,,
Tonga,TON,2008,TON2008,,0.0025735,4754.2,9.703166667,,25.51145833,1.51944,,
Tonga,TON,2009,TON2009,,0.0259598,4778.6,9.992,,25.46145834,1.51498,,
Tonga,TON,2010,TON2010,,0.0275491,4952.2,10.27933333,,25.58541667,1.51542,,
Tonga,TON,2011,TON2011,,0.0240532,5030.7,10.47283333,0.103252,25.60104167,1.53494,,
Tonga,TON,2012,TON2012,,0.0047344,5040,10.47283333,,25.39375,1.51556,,
Tonga,TON,2013,TON2013,,0.001354,4887.9,10.56783333,,25.59270833,1.52484,,
Tonga,TON,2014,TON2014,,,4971.5,10.665,,25.49479167,1.52514,,
Tonga,TON,2015,TON2015,,,5021.4,10.75833333,,25.3625,1.51564,,
Tonga,TON,2016,TON2016,,,,10.75833333,0.100651,25.90104167,1.5219,,
Tonga,TON,2017,TON2017,,,,10.75833333,,25.828125,1.52046,,
Tonga,TON,2018,TON2018,,,,10.75833333,,25.52916667,1.53522,,
Tonga,TON,2019,TON2019,,,,10.75833333,,25.73333333,1.53626,,
Trinidad & Tobago,TTO,1990,TTO1990,,0.0081691,12127.9,7.8605,2.4423,26.29833333,2.1621,25.68956556,3.44337505
Trinidad & Tobago,TTO,1991,TTO1991,,0.0199375,12372.1,8.059333333,2.4582,26.30833333,1.936353333,25.50938864,3.480260165
Trinidad & Tobago,TTO,1992,TTO1992,,-0.0227535,12093.8,8.158833333,2.4741,26.00611111,1.974593333,25.59664898,3.191899433
Trinidad & Tobago,TTO,1993,TTO1993,,-0.0201753,11851.7,8.2585,2.4879,26.36222222,2.165113333,25.68995973,3.16368545
Trinidad & Tobago,TTO,1994,TTO1994,,0.0302657,12216.3,8.357833333,2.4996,26.055,2.044386667,25.53304077,3.220657399
Trinidad & Tobago,TTO,1995,TTO1995,,0.0350462,12652.2,8.457333333,2.5081,26.48277778,1.889126667,25.93734387,3.305400367
Trinidad & Tobago,TTO,1996,TTO1996,,0.0360309,13506.9,8.6565,2.5155,26.18055555,2.120286667,25.74047568,3.782729746
Trinidad & Tobago,TTO,1997,TTO1997,,0.0248498,14518.6,8.755833333,2.5198,26.31833333,1.92938,25.77316499,3.396575717
Trinidad & Tobago,TTO,1998,TTO1998,,0.0733416,15673.7,8.855333333,2.524,26.94222222,2.421866667,26.23000817,4.549297328
Trinidad & Tobago,TTO,1999,TTO1999,,0.0411799,16901.5,8.954833333,2.5282,26.44722222,2.400333333,25.6253239,4.24420816
Trinidad & Tobago,TTO,2000,TTO2000,,0.0570058,18133.4,9.153666667,2.5346,26.07,2.266206667,25.41264659,4.22448963
Trinidad & Tobago,TTO,2001,TTO2001,,0.0366922,18823.9,9.253333333,2.5431,26.32388889,1.56496,25.66275544,3.932880542
Trinidad & Tobago,TTO,2002,TTO2002,,0.0728707,20231.1,9.353,2.5548,26.28722222,1.992746667,25.7330542,4.01913538
Trinidad & Tobago,TTO,2003,TTO2003,,0.1300263,23040.8,9.452333333,2.5676,26.715,1.79412,25.9124175,3.808895983
Trinidad & Tobago,TTO,2004,TTO2004,,0.0709761,24747.5,9.750333333,2.58,26.40777778,2.317746667,25.80284596,4.583501546
Trinidad & Tobago,TTO,2005,TTO2005,,0.0509809,26154.4,9.949,2.5933,26.68722222,2.328466667,26.19501533,4.883321962
Trinidad & Tobago,TTO,2006,TTO2006,,0.123743,29467.8,9.8505,2.6055,26.60666667,2.117833333,25.95883938,3.752472521
Trinidad & Tobago,TTO,2007,TTO2007,,0.0414217,30724.5,10.42716667,2.6164,26.34722222,1.93216,25.90751117,4.440519797
Trinidad & Tobago,TTO,2008,TTO2008,,0.0284822,31618.6,10.60883333,2.6283,26.36611111,1.99332,25.68107656,4.155673634
Trinidad & Tobago,TTO,2009,TTO2009,,-0.0495112,30087.4,10.586,2.6423,26.66666667,1.706266667,25.93835548,3.672130236
Trinidad & Tobago,TTO,2010,TTO2010,,-0.0021279,29913,10.66633333,2.6562,26.97722222,2.393513333,26.40538536,4.777498772
Trinidad & Tobago,TTO,2011,TTO2011,,-0.0198953,29765,10.64283333,2.6722,26.51777778,2.402626667,25.84832555,5.290394787
Trinidad & Tobago,TTO,2012,TTO2012,,0.0118391,30018.9,10.64283333,2.6896,26.27611111,1.849793333,25.76054501,4.684294359
Trinidad & Tobago,TTO,2013,TTO2013,,0.0131024,30390.3,10.74133333,2.7089,26.41277778,2.015573333,25.95702332,3.852861697
Trinidad & Tobago,TTO,2014,TTO2014,,,30497.2,10.74133333,2.7243,26.53388889,1.867153333,25.89236838,3.507236205
Trinidad & Tobago,TTO,2015,TTO2015,,,30677.2,10.74133333,2.7406,26.89777778,1.455933333,26.11904647,2.971196808
Trinidad & Tobago,TTO,2016,TTO2016,,,,10.83966667,2.7549,26.87111111,2.120106667,26.36914483,3.566295223
Trinidad & Tobago,TTO,2017,TTO2017,,,,10.83966667,2.7682,26.725,2.188386667,26.03137595,4.597605895
Trinidad & Tobago,TTO,2018,TTO2018,,,,10.83966667,2.7784,26.36722222,1.903706667,25.78386399,3.951130786
Trinidad & Tobago,TTO,2019,TTO2019,,,,10.83966667,2.7906,26.67388889,1.5595,26.20838957,3.462026884
Tunisia,TUN,1990,TUN1990,,0.0522036,5696,3.261125,16.484,19.4775697,0.537157878,18.62371641,1.07937306
Tunisia,TUN,1991,TUN1991,,0.0184142,5801.9,3.452875,16.856,18.4576483,0.437145241,17.57205242,0.882241231
Tunisia,TUN,1992,TUN1992,,0.0547293,6128.3,3.54875,17.227,18.58669897,0.474669893,17.71035135,0.983949436
Tunisia,TUN,1993,TUN1993,,0.0021247,6202.3,3.74075,17.591,18.99410969,0.300509041,18.21132107,0.61315888
Tunisia,TUN,1994,TUN1994,,0.0132037,6244,3.836625,17.934,20.02728836,0.345964643,19.09574304,0.576001373
Tunisia,TUN,1995,TUN1995,,0.0072535,6268.2,3.932375,18.25,19.31292837,0.434847756,18.34797313,0.799182571
Tunisia,TUN,1996,TUN1996,,0.0544162,6618.8,4.12425,18.534,19.04480083,0.482990806,18.00310958,0.941119034
Tunisia,TUN,1997,TUN1997,,0.0392461,6883.8,4.220125,18.79,19.79691952,0.475428419,18.60931102,0.950215469
Tunisia,TUN,1998,TUN1998,,0.0339726,7121.6,4.41225,19.02,19.30252773,0.353703681,18.33850992,0.717399686
Tunisia,TUN,1999,TUN1999,,0.045734,7454.8,4.508,19.228,20.09646164,0.421097012,19.20714723,0.804308288
Tunisia,TUN,2000,TUN2000,,0.0347082,7727,4.699625,19.416,19.68573921,0.287888376,18.72185723,0.583614674
Tunisia,TUN,2001,TUN2001,,0.0297435,7938.8,4.891625,19.587,20.09889474,0.340451447,19.2371392,0.545536625
Tunisia,TUN,2002,TUN2002,,0.0058915,7962.7,4.9875,19.741,19.82109865,0.3621809,18.81592064,0.690505235
Tunisia,TUN,2003,TUN2003,,0.0464972,8260.1,5.17925,19.89,20.05744302,0.605914264,18.90301475,1.336387416
Tunisia,TUN,2004,TUN2004,,0.0452694,8693.4,5.371,20.044,19.47698616,0.425153428,18.42469435,0.9765723
Tunisia,TUN,2005,TUN2005,,0.0278017,8909.8,5.563,20.215,19.30469399,0.403949942,18.27649484,0.919707606
Tunisia,TUN,2006,TUN2006,,0.0451918,9285.5,5.65875,20.402,19.90274191,0.454303056,18.8154179,0.832116343
Tunisia,TUN,2007,TUN2007,,0.0508106,9814.4,5.850625,20.608,19.75845213,0.437237225,18.64667782,0.962639582
Tunisia,TUN,2008,TUN2008,,0.0362161,10127.5,6.0425,20.827,19.8095757,0.275450183,18.65260685,0.678291991
Tunisia,TUN,2009,TUN2009,,0.0247709,10325,6.1385,21.051,19.67663182,0.495600287,18.48223232,1.151342097
Tunisia,TUN,2010,TUN2010,,0.02501,10578.6,6.42625,21.27,19.89935109,0.40801413,18.93443461,0.818071433
Tunisia,TUN,2011,TUN2011,,-0.0140974,10203.8,6.618,21.484,19.5951539,0.473408141,18.4258036,1.055963346
Tunisia,TUN,2012,TUN2012,,0.0304187,10479.5,6.522125,21.693,20.11891204,0.331215079,19.06606212,0.840925117
Tunisia,TUN,2013,TUN2013,,0.0176366,10613.2,6.5325,21.906,19.73632733,0.427659832,18.84156479,0.766308362
Tunisia,TUN,2014,TUN2014,,,10748.6,6.639,22.127,20.24114647,0.360780162,19.29563816,0.837885823
Tunisia,TUN,2015,TUN2015,,,10726.1,6.745125,22.36,19.92212327,0.418756267,18.92888795,0.765470531
Tunisia,TUN,2016,TUN2016,,,,6.851125,22.608,20.20417048,0.377690488,19.52423667,0.796183643
Tunisia,TUN,2017,TUN2017,,,,6.95725,22.866,19.8490522,0.348613483,18.85869755,0.689387004
Tunisia,TUN,2018,TUN2018,,,,6.966625,23.131,19.85116707,0.426438779,19.16774802,0.88137975
Tunisia,TUN,2019,TUN2019,,,,6.966625,23.388,19.86477793,0.466227079,19.01360855,0.973934833
Turkey,TUR,1990,TUR1990,0.354234902,0.071265,514743.5,4.158461538,108.97,11.06580046,0.514064234,10.47377779,1.714616383
Turkey,TUR,1991,TUR1991,0.00506573,-0.0096568,508651.6,4.251,109.623,10.7826688,0.632012666,10.17507258,2.139902618
Turkey,TUR,1992,TUR1992,0.048301142,0.0328016,527249,4.251,110.36,9.689541303,0.576796689,8.836051148,1.961021146
Turkey,TUR,1993,TUR1993,0.107650274,0.0577678,559230.8,4.343307692,113.309,10.41650436,0.526796037,9.728751108,1.895705409
Turkey,TUR,1994,TUR1994,-0.32350884,-0.0635573,530476,4.454,112.743,11.74783956,0.620208068,11.10256157,1.98977574
Turkey,TUR,1995,TUR1995,0.234128996,0.0601809,557361.5,4.471,114.409,11.18429862,0.62195898,10.36158529,2.126646963
Turkey,TUR,1996,TUR1996,0.067189267,0.0555994,598503.3,4.674307692,116.1,11.36986246,0.651019224,10.6561735,2.177007642
Turkey,TUR,1997,TUR1997,0.044351849,0.0575201,638088.8,4.783923077,117.8,10.58213551,0.655414865,9.649332102,2.162512196
Turkey,TUR,1998,TUR1998,0.368157417,0.0074384,665873,4.987230769,122.654,11.87198459,0.684305812,11.09110371,2.124715475
Turkey,TUR,1999,TUR1999,-0.083183289,-0.0493777,632968.7,5.101923077,121.252,12.16230193,0.544321353,11.35304696,1.909136471
Turkey,TUR,2000,TUR2000,0.011307353,0.0507067,641207,5.216923077,123.955,11.37141547,0.573757469,10.37172947,1.847328611
Turkey,TUR,2001,TUR2001,-0.300528444,-0.0732108,605601.6,5.331538462,126.678,12.31738982,0.624697148,11.48122792,2.085679786
Turkey,TUR,2002,TUR2002,,0.0455321,633615.1,5.446461538,129.426,11.32680748,0.629558719,10.53811665,1.953145061
Turkey,TUR,2003,TUR2003,,0.0373247,657537.9,5.561307692,132.181,11.325413,0.640763455,10.27249279,2.015794572
Turkey,TUR,2004,TUR2004,,0.0758336,709289.4,5.848692308,134.021,11.37337979,0.571314197,10.41926412,1.895550419
Turkey,TUR,2005,TUR2005,0.202776791,0.0673369,758825.5,6.014846154,135.805,11.4570691,0.631635048,10.58923914,2.146467855
Turkey,TUR,2006,TUR2006,0.073567973,0.0537082,801163.5,5.966923077,137.513,11.46521299,0.598800364,10.75870286,1.982659034
Turkey,TUR,2007,TUR2007,0.188311512,0.0330286,828780.5,6.059230769,139.163,11.83987549,0.566467286,11.06806962,1.85492678
Turkey,TUR,2008,TUR2008,0.11650129,-0.0058315,824405.4,5.839461538,140.839,11.79045509,0.470856281,10.96784783,1.598918509
Turkey,TUR,2009,TUR2009,-0.160445596,-0.0618569,774519.2,6.250153846,142.643,11.85811282,0.742563509,10.88341293,2.366648754
Turkey,TUR,2010,TUR2010,0.19198098,0.0751116,833169.8,6.452384615,144.654,13.14959862,0.681796473,12.56487157,2.272942981
Turkey,TUR,2011,TUR2011,0.052471479,0.0714029,891382,6.644153846,146.889,11.05551238,0.630247961,10.07952545,2.053950016
Turkey,TUR,2012,TUR2012,0.044816029,0.0082876,894137.6,7.233538462,149.306,12.02302337,0.716174058,11.22196568,2.182462378
Turkey,TUR,2013,TUR2013,0.063713392,0.0271351,914855.3,7.157461538,151.859,11.94449978,0.5385484,11.25113321,1.736690188
Turkey,TUR,2014,TUR2014,-0.031816153,,926677,7.628384615,154.464,12.46712787,0.668327085,12.00412164,2.088801997
Turkey,TUR,2015,TUR2015,,,949613.7,7.525307692,157.059,11.75863433,0.677890017,11.324308,2.169164784
Turkey,TUR,2016,TUR2016,,,,7.721769231,159.643,12.16661251,0.670449481,11.49259777,2.133012871
Turkey,TUR,2017,TUR2017,,,,7.919769231,162.203,11.92542486,0.566832882,11.25858968,1.907694781
Turkey,TUR,2018,TUR2018,,,,8.014076923,164.638,13.11724404,0.711648613,12.52514612,2.291928645
Turkey,TUR,2019,TUR2019,,,,8.030076923,166.859,12.53385147,0.592804671,11.87296249,2.005484755
Turkmenistan,TKM,1990,TKM1990,,0.2760245,8353,,,15.88427434,0.15308864,16.51338527,0.552481505
Turkmenistan,TKM,1991,TKM1991,,-0.0751984,7747.9,,,15.48903638,0.184074177,16.03007741,0.647190859
Turkmenistan,TKM,1992,TKM1992,,-0.1907642,6402.3,,,14.82734673,0.221389056,15.21267371,0.686893964
Turkmenistan,TKM,1993,TKM1993,,-0.0130394,6319.3,,,14.77770281,0.197081444,15.04195629,0.689429873
Turkmenistan,TKM,1994,TKM1994,,-0.2155691,5093.9,,,15.2377588,0.15651345,15.79113405,0.602476595
Turkmenistan,TKM,1995,TKM1995,,-0.0970579,4622.7,,,16.45425656,0.121474114,16.83640615,0.464636044
Turkmenistan,TKM,1996,TKM1996,,0.0460039,4840.4,,,15.25665736,0.122508475,15.48134153,0.527154899
Turkmenistan,TKM,1997,TKM1997,,-0.1369158,4221,,,16.1368658,0.150339305,16.64325964,0.612416682
Turkmenistan,TKM,1998,TKM1998,,0.0550088,4459.7,,,15.9836021,0.178818203,16.40154484,0.69061579
Turkmenistan,TKM,1999,TKM1999,,0.14048,5132.3,,,16.62388612,0.136721575,16.73291603,0.577171338
Turkmenistan,TKM,2000,TKM2000,,0.0416301,5350.5,,,16.45979836,0.119785898,16.85346332,0.406584013
Turkmenistan,TKM,2001,TKM2001,,0.0313997,5521.2,,,16.69492858,0.128715292,17.06228886,0.433927498
Turkmenistan,TKM,2002,TKM2002,,-0.0080106,5477.1,,,16.51861972,0.187248989,16.69208442,0.70966091
Turkmenistan,TKM,2003,TKM2003,,0.0218139,5597.9,,,15.65666692,0.215950952,15.97509533,0.751910102
Turkmenistan,TKM,2004,TKM2004,,0.0383414,5816.7,,,16.55967393,0.191640322,17.0850193,0.623562711
Turkmenistan,TKM,2005,TKM2005,,0.1117828,6504.7,,,16.31565111,0.17139646,17.14806927,0.574740709
Turkmenistan,TKM,2006,TKM2006,,0.0928049,7137.2,,,16.46531783,0.152412415,17.27485066,0.48734496
Turkmenistan,TKM,2007,TKM2007,,0.0931669,7834.2,,,16.05840117,0.173966607,16.96246825,0.550632103
Turkmenistan,TKM,2008,TKM2008,,0.1249802,8877.4,,,15.80926635,0.094616836,16.68517861,0.307832419
Turkmenistan,TKM,2009,TKM2009,,0.046832,9302.7,,,16.1914478,0.199294095,16.98770711,0.711752306
Turkmenistan,TKM,2010,TKM2010,,0.0754104,10031.6,9.961857143,10.174,16.99576047,0.144719258,17.64362573,0.483591236
Turkmenistan,TKM,2011,TKM2011,,0.1243988,11360.5,9.961142857,10.348,15.66539022,0.169395668,16.31790225,0.578958577
Turkmenistan,TKM,2012,TKM2012,,0.0923847,12459.8,9.859857143,10.536,15.81236002,0.169477889,16.52344814,0.507742207
Turkmenistan,TKM,2013,TKM2013,,0.0842223,13554.8,9.859285714,10.732,16.85930245,0.151588372,17.41036479,0.479954957
Turkmenistan,TKM,2014,TKM2014,,,14761.9,9.858571429,10.932,15.75289067,0.149106665,16.26646059,0.416267959
Turkmenistan,TKM,2015,TKM2015,,,15527.4,9.858,11.13,16.59511545,0.19265202,17.0848771,0.61755231
Turkmenistan,TKM,2016,TKM2016,,,,9.854428571,11.325,16.8184089,0.18894394,17.38243021,0.643575684
Turkmenistan,TKM,2017,TKM2017,,,,9.852285714,11.515,16.3981845,0.15953434,17.05083281,0.492522561
Turkmenistan,TKM,2018,TKM2018,,,,10.35357143,11.702,16.60633256,0.155361027,17.29504877,0.48809859
Turkmenistan,TKM,2019,TKM2019,,,,10.34885714,11.884,16.81448376,0.223363829,17.44530269,0.796685982
Uganda,UGA,1990,UGA1990,,0.0271951,773.4,2.9678,34.708,22.64214506,1.186702068,21.75582033,4.917993303
Uganda,UGA,1991,UGA1991,,0.0192368,789.6,3.074,35.907,22.53176551,1.236092064,21.68362761,5.159475446
Uganda,UGA,1992,UGA1992,,-0.0006232,790.2,3.1799,37.124,22.49040858,1.13090866,21.84543288,4.375447388
Uganda,UGA,1993,UGA1993,,0.0463775,829,3.2858,38.352,22.58944702,1.066489162,22.00543976,4.180401341
Uganda,UGA,1994,UGA1994,,0.0291299,854.7,3.4979,39.587,22.49148699,1.306918034,21.81555473,4.95680026
Uganda,UGA,1995,UGA1995,,0.0767453,924.2,3.6038,40.827,22.86580688,1.239757178,22.03406614,4.544287197
Uganda,UGA,1996,UGA1996,,0.0551879,977.9,3.7098,42.066,22.5922101,1.34723164,21.77188961,4.556465924
Uganda,UGA,1997,UGA1997,,0.0186152,997.5,3.8158,43.309,22.69335648,1.357136477,22.14068785,4.741402174
Uganda,UGA,1998,UGA1998,,0.016862,1015.7,3.9219,44.581,22.78947274,1.247121984,22.4220061,4.106153835
Uganda,UGA,1999,UGA1999,,0.0460309,1064.6,4.0278,45.905,22.73566652,1.316959004,21.75994696,4.320945936
Uganda,UGA,2000,UGA2000,,-0.0012055,1064.3,4.1338,47.3,23.00190293,1.159834956,22.03402662,3.644603045
Uganda,UGA,2001,UGA2001,,0.0176203,1084,4.2399,48.778,23.15858319,1.289314114,21.7560906,4.30941672
Uganda,UGA,2002,UGA2002,,0.0501944,1140.5,4.4518,50.333,23.5021344,1.267578117,22.26177001,3.94887891
Uganda,UGA,2003,UGA2003,,0.0288078,1174.4,4.5579,51.961,23.41946612,1.216293774,22.39427395,3.809127428
Uganda,UGA,2004,UGA2004,,0.0318424,1212.8,4.6638,53.642,23.41630144,1.166101967,22.39040026,3.935863886
Uganda,UGA,2005,UGA2005,,0.0274859,1247,4.6638,55.369,23.43141902,1.082991239,22.63115632,3.904125651
Uganda,UGA,2006,UGA2006,,0.0686514,1335.8,4.8759,57.142,23.26248714,1.301777813,22.15874423,4.650891307
Uganda,UGA,2007,UGA2007,,0.0471046,1400.3,5.0509,58.971,23.30367578,1.434250675,22.19979249,4.106598394
Uganda,UGA,2008,UGA2008,,0.0499014,1472.1,5.4345,60.862,23.24210869,1.254006468,22.03707366,4.010128001
Uganda,UGA,2009,UGA2009,,0.0364137,1527,5.3997,62.821,23.77715021,1.205487377,22.59837174,3.875392433
Uganda,UGA,2010,UGA2010,,0.0233647,1553.5,5.8817,64.854,23.56272119,1.390738929,22.27963875,4.633835165
Uganda,UGA,2011,UGA2011,,0.0305194,1648.5,5.5396,66.954,23.12479644,1.266846076,22.06464154,4.577899329
Uganda,UGA,2012,UGA2012,,0.0000257,1665.8,5.4511,69.118,22.74266535,1.400947006,22.25650202,4.408082826
Uganda,UGA,2013,UGA2013,,0.0229644,1665.1,5.5676,71.39,22.91612507,1.457475661,22.29698162,4.126925849
Uganda,UGA,2014,UGA2014,,,1689.4,5.6838,73.824,22.81185993,1.200528933,22.56486575,3.901280908
Uganda,UGA,2015,UGA2015,,,1717.8,5.9035,76.45,22.83907481,1.351957756,22.82900012,4.196128416
Uganda,UGA,2016,UGA2016,,,,5.916,79.294,23.1525022,1.328183346,23.16861636,3.318676281
Uganda,UGA,2017,UGA2017,,,,6.0198,82.323,23.07122906,1.400407394,22.88797801,3.768950375
Uganda,UGA,2018,UGA2018,,,,6.3312,85.446,22.86020356,1.278134793,22.36793363,4.269932539
Uganda,UGA,2019,UGA2019,,,,6.4351,88.539,23.10350566,1.631502478,22.6500079,4.691759298
Ukraine,UKR,1990,UKR1990,,-0.0678507,253189.4,9.070333333,103.79,9.424979932,0.525152066,9.612993024,1.819237242
Ukraine,UKR,1991,UKR1991,,-0.0899432,230620.3,9.269666667,104.007,8.520022647,0.519387003,8.503001991,1.714348501
Ukraine,UKR,1992,UKR1992,,-0.1048982,206856.6,9.469666667,104.307,8.570233583,0.53159123,8.51351754,1.758052042
Ukraine,UKR,1993,UKR1993,,-0.1540104,176566.9,9.668666667,104.364,7.88860363,0.523039707,7.578727953,1.819236488
Ukraine,UKR,1994,UKR1994,,-0.2555486,136093.5,9.868166667,103.848,8.989219692,0.485304231,8.870529243,1.543042411
Ukraine,UKR,1995,UKR1995,,-0.1222052,119799.6,9.9665,103.033,8.825008931,0.596184195,8.762978976,1.979845428
Ukraine,UKR,1996,UKR1996,-0.067474948,-0.0964863,108151.3,10.16783333,102.121,7.731915218,0.568012069,7.639214125,1.841467212
Ukraine,UKR,1997,UKR1997,0.112087232,-0.0213479,105209.8,10.26583333,101.196,7.711266225,0.657765785,7.57848609,2.188556652
Ukraine,UKR,1998,UKR1998,-0.182372517,-0.0102454,103458.4,10.368,100.296,8.598770517,0.595920198,8.509709702,1.955188691
Ukraine,UKR,1999,UKR1999,-0.289028256,0.0074271,103536.5,10.565,99.354,9.604750763,0.542753641,9.651571885,1.80028775
Ukraine,UKR,2000,UKR2000,-0.009300656,0.067391,110029.4,10.66666667,98.358,9.478052353,0.517574169,9.286257255,1.776311473
Ukraine,UKR,2001,UKR2001,0.17129393,0.0980658,120655.2,10.765,97.33,8.971867736,0.62322997,8.965219083,1.941732824
Ukraine,UKR,2002,UKR2002,0.115694876,0.0606299,127541.3,10.86333333,96.41,9.451358843,0.54168986,9.496078633,1.694050687
Ukraine,UKR,2003,UKR2003,0.165798682,0.0979551,140091.8,10.965,95.632,8.283627526,0.516964356,8.164369006,1.630508108
Ukraine,UKR,2004,UKR2004,0.247233214,0.1218074,157790.6,11.065,94.908,8.913435908,0.637715943,8.8264302,1.993410531
Ukraine,UKR,2005,UKR2005,0.289436146,0.0339698,163006.6,11.16166667,94.216,9.002937791,0.593600382,9.033640115,1.804790697
Ukraine,UKR,2006,UKR2006,0.22322222,0.0772194,175122.5,11.15,93.579,8.617664952,0.553249595,8.6561867,1.713336467
Ukraine,UKR,2007,UKR2007,0.262014071,0.0820027,188549.5,11.13833333,93.017,10.15636737,0.528167944,10.26327259,1.597399514
Ukraine,UKR,2008,UKR2008,0.23923881,0.0281541,193379.7,11.24833333,92.517,9.72124438,0.546782682,9.742288439,1.785978007
Ukraine,UKR,2009,UKR2009,-0.409543232,-0.1557294,167355.8,11.25666667,92.106,9.64425726,0.560966192,9.683294675,1.631097774
Ukraine,UKR,2010,UKR2010,0.152762713,0.0451148,174065.9,11.26333333,91.742,9.427681507,0.65992079,9.623571172,1.902268028
Ukraine,UKR,2011,UKR2011,0.194365395,0.0542879,183764.3,11.27,91.412,9.018070823,0.453862402,8.927906126,1.410286247
Ukraine,UKR,2012,UKR2012,0.108243059,0.004469,184574.1,11.27833333,91.186,9.497211341,0.56171589,9.544650219,1.687660838
Ukraine,UKR,2013,UKR2013,0.040916107,0.0208663,184984.4,11.27833333,90.98,9.732227305,0.567156556,9.804597844,1.712568716
Ukraine,UKR,2014,UKR2014,-0.391616397,,182774.3,11.47666667,90.545,9.695171997,0.516428294,9.685320744,1.549271388
Ukraine,UKR,2015,UKR2015,,,165280,11.37833333,90.309,10.32790035,0.489803107,10.30915803,1.530711478
Ukraine,UKR,2016,UKR2016,,,,11.37833333,90.01,9.721626455,0.63465976,9.771581874,1.93821913
Ukraine,UKR,2017,UKR2017,,,,11.37833333,89.662,9.793611101,0.522725974,9.964963362,1.622323434
Ukraine,UKR,2018,UKR2018,,,,11.37833333,89.246,9.820727506,0.546018549,9.937368942,1.624931356
Ukraine,UKR,2019,UKR2019,,,,11.37833333,88.77,10.64592491,0.456408081,10.78869289,1.453016379
United Arab Emirates,ARE,1990,ARE1990,,0.1116872,502574.6,5.6,1.828,27.67644928,0.055213043,27.34395361,0.221911833
United Arab Emirates,ARE,1991,ARE1991,,-0.0461024,674591.7,5.9,1.937,27.33478261,0.060017391,26.89936286,0.093322852
United Arab Emirates,ARE,1992,ARE1992,,-0.0206559,813963.2,6.2,2.053,26.77862319,0.070969565,26.18933147,0.300261693
United Arab Emirates,ARE,1993,ARE1993,,-0.0398073,872781.4,6.5,2.173,27.64492754,0.082443478,27.06204676,0.254292755
United Arab Emirates,ARE,1994,ARE1994,,0.0156734,913915.5,6.8,2.294,27.85326087,0.04003913,27.34196813,0.03379095
United Arab Emirates,ARE,1995,ARE1995,,0.014865,898158.1,7.1,2.415,27.58152174,0.066391304,26.85756419,0.288760301
United Arab Emirates,ARE,1996,ARE1996,,0.004661,834963.8,7.3,2.539,27.74673913,0.078943478,27.48728137,0.248867509
United Arab Emirates,ARE,1997,ARE1997,,0.0243041,767980.2,7.6,2.671,27.4865942,0.090643478,26.86709543,0.396334896
United Arab Emirates,ARE,1998,ARE1998,,-0.0509921,643405.1,7.8,2.813,28.52862319,0.057134783,28.51621212,0.146766906
United Arab Emirates,ARE,1999,ARE1999,,-0.0210369,552498.1,8,2.966,28.54347826,0.055634783,28.22322136,0.064832965
United Arab Emirates,ARE,2000,ARE2000,,0.0581922,520028.7,8.3,3.134,28.15942029,0.0487,27.71300644,0.029770689
United Arab Emirates,ARE,2001,ARE2001,,-0.0204532,468269.4,8.4,3.303,28.31521739,0.030356522,27.74146389,0.027521587
United Arab Emirates,ARE,2002,ARE2002,0.022609847,-0.004865,457131.6,8.6,3.479,28.18224638,0.04196087,27.75291366,0.121508794
United Arab Emirates,ARE,2003,ARE2003,0.052482605,0.040268,456140.6,8.7,3.712,28.2307971,0.045208696,27.96224223,0.087600763
United Arab Emirates,ARE,2004,ARE2004,0.096789088,0.0089558,439334.7,8.9,4.069,28.37644928,0.045030435,27.80768287,0.081062871
United Arab Emirates,ARE,2005,ARE2005,0.160850661,-0.0783331,396143.1,9.1,4.588,28.01811594,0.051434783,27.78877048,0.098624648
United Arab Emirates,ARE,2006,ARE2006,0.015346527,-0.0675819,373156.5,9.3,5.3,28.24492754,0.060621739,27.88121559,0.182110773
United Arab Emirates,ARE,2007,ARE2007,-0.080872944,-0.1418018,335322,9.4,6.169,28.39456522,0.048047826,27.89721133,0.062698525
United Arab Emirates,ARE,2008,ARE2008,-0.085400309,-0.1279019,290497.4,9.6,7.089,28.0807971,0.036904348,27.44259508,0.088614137
United Arab Emirates,ARE,2009,ARE2009,-0.09715489,-0.1761062,253472.1,9.7,7.917,28.42717391,0.077173913,27.77323253,0.139900863
United Arab Emirates,ARE,2010,ARE2010,,-0.0729982,238355.1,9.9,8.55,28.88405797,0.039221739,28.47540616,0.086762528
United Arab Emirates,ARE,2011,ARE2011,,-0.0176381,239174.1,10,8.947,28.24528986,0.04246087,27.95411925,0.058960926
United Arab Emirates,ARE,2012,ARE2012,,0.0117758,249485.1,10.2,9.142,28.39565217,0.040495652,28.11269049,0.042328587
United Arab Emirates,ARE,2013,ARE2013,,,257562.5,10.3,9.198,28.1923913,0.054,27.36678605,0.185474174
United Arab Emirates,ARE,2014,ARE2014,,,267959.5,10.5,9.214,28.30289855,0.07423913,27.64979577,0.105562139
United Arab Emirates,ARE,2015,ARE2015,,,274343.6,10.6,9.263,28.68152174,0.053034783,28.43614268,0.056213264
United Arab Emirates,ARE,2016,ARE2016,,,,10.9,9.361,28.69963768,0.05846087,27.88258981,0.157690742
United Arab Emirates,ARE,2017,ARE2017,,,,12.1,9.487,28.65978261,0.06396087,28.46144489,0.130604559
United Arab Emirates,ARE,2018,ARE2018,,,,12.1,9.631,28.79311594,0.052847826,28.4669667,0.043647912
United Arab Emirates,ARE,2019,ARE2019,,,,12.1,9.771,28.67463768,0.066126087,28.30759728,0.123873624
United Kingdom,GBR,1990,GBR1990,0.415304899,0.0047732,191798.4,7.933461538,114.801,9.962956433,0.969343061,9.861507791,2.314107144
United Kingdom,GBR,1991,GBR1991,,-0.0161011,188325.3,8.636307692,115.155,9.003958058,0.866257598,8.82824437,2.17593385
United Kingdom,GBR,1992,GBR1992,,0.0101599,188103.5,9.339461538,115.179,9.264372371,1.048871331,9.080288187,2.597560461
United Kingdom,GBR,1993,GBR1993,-0.115090847,0.0319121,191958.7,10.04276923,115.461,8.874570763,1.043567337,8.705884377,2.533537943
United Kingdom,GBR,1994,GBR1994,,0.0458005,198435.9,10.74538462,115.761,9.474108351,1.075901664,9.311723039,2.578243379
United Kingdom,GBR,1995,GBR1995,,0.0320785,202069.5,11.44923077,116.071,9.828607763,0.917567006,9.583462608,2.184232483
United Kingdom,GBR,1996,GBR1996,,0.0317712,206003.2,11.44923077,116.367,8.667252133,0.819105215,8.416749329,2.089807133
United Kingdom,GBR,1997,GBR1997,,0.040009,209906.4,11.54769231,116.683,9.880788712,0.916878098,9.684173299,2.304364818
United Kingdom,GBR,1998,GBR1998,0.058010578,0.0321348,214230.2,11.54769231,117.025,9.66082566,1.128326585,9.438628717,2.824209262
United Kingdom,GBR,1999,GBR1999,0.024343729,0.0256261,218710.8,11.65,117.423,9.874272423,1.097825403,9.625468428,2.677454341
United Kingdom,GBR,2000,GBR2000,-0.009729147,0.039125,227298.3,11.74846154,117.786,9.576182717,1.223315659,9.282123689,3.084795601
United Kingdom,GBR,2001,GBR2001,-0.01176548,0.0177638,232630.9,11.86076923,118.239,9.341217672,0.963728173,8.957843553,2.472059896
United Kingdom,GBR,2002,GBR2002,0.076750755,0.0184592,237599.9,11.95923077,118.741,9.910174925,1.203362124,9.721921779,2.793114307
United Kingdom,GBR,2003,GBR2003,0.164166451,0.034073,243789.5,12.06307692,119.296,9.878225924,0.810089427,9.731845772,2.056090521
United Kingdom,GBR,2004,GBR2004,0.161355019,0.0255491,248689.4,12.15230769,119.975,9.824063008,1.014154568,9.625812198,2.571315192
United Kingdom,GBR,2005,GBR2005,0.036543846,0.0249691,253388.2,12.24538462,120.802,9.821330956,0.918904832,9.630955557,2.264319184
United Kingdom,GBR,2006,GBR2006,0.069098949,0.0198268,258892.9,12.44846154,121.692,10.06293577,0.987908098,9.93761531,2.504283364
United Kingdom,GBR,2007,GBR2007,0.140642166,0.0259115,261538.8,12.63769231,122.645,10.04134946,1.029337855,9.718953308,2.62556293
United Kingdom,GBR,2008,GBR2008,-0.074165344,-0.0155949,256585.6,12.84384615,123.614,9.539470877,1.136905907,9.14444482,2.829028617
United Kingdom,GBR,2009,GBR2009,-0.195011377,-0.0606526,242882.5,13.11846154,124.555,9.595974872,1.057118754,9.219145598,2.562614766
United Kingdom,GBR,2010,GBR2010,-0.001612902,0.0086224,245865,13.12153846,125.534,8.492924171,0.8955242,8.083090774,2.152847783
United Kingdom,GBR,2011,GBR2011,0.04215765,0.0032951,248739.8,12.9,126.516,9.97149066,0.909323956,9.850437477,2.278721437
United Kingdom,GBR,2012,GBR2012,,-0.0041068,249906.1,12.79615385,127.401,9.281773292,1.221904864,8.8512674,3.160244867
United Kingdom,GBR,2013,GBR2013,,0.0102039,253590.1,12.49461538,128.256,9.183729586,0.964034163,8.812721706,2.380230782
United Kingdom,GBR,2014,GBR2014,,,258866.8,12.59615385,129.204,10.33406441,1.171640084,10.03514681,2.850658094
United Kingdom,GBR,2015,GBR2015,,,262760.6,12.70461538,130.233,9.590181072,1.060721922,9.415556655,2.665839552
United Kingdom,GBR,2016,GBR2016,,,,12.79615385,131.223,9.730972966,1.007426405,9.518067535,2.413803729
United Kingdom,GBR,2017,GBR2017,,,,12.79,132.118,9.998925222,0.980774515,9.849436354,2.481162829
United Kingdom,GBR,2018,GBR2018,,,,12.89230769,132.921,9.905856609,0.96544315,9.868087964,2.34612393
United Kingdom,GBR,2019,GBR2019,,,,13.06769231,133.659,9.952370967,1.099147199,9.71301828,2.866898246
United States,USA,1990,USA1990,0.045402246,0.0077083,1807708.3,12.35134615,499.246,11.80030607,1.015279446,11.92346374,2.881441023
United States,USA,1991,USA1991,0.027880407,-0.0140895,1793162.9,12.45461538,505.967,11.66008996,0.954891375,11.7951673,2.763816682
United States,USA,1992,USA1992,0.048750279,0.0210662,1835359.8,12.55673077,513.028,10.89609556,0.939123528,11.02319327,2.70062339
United States,USA,1993,USA1993,0.040900268,0.0138936,1866701.8,12.66096154,519.84,10.55941118,0.961605836,10.64962152,2.838431185
United States,USA,1994,USA1994,0.060434323,0.0273083,1922922.9,12.76384615,526.253,11.24986016,0.960829442,11.22097417,2.765125202
United States,USA,1995,USA1995,0.043608366,0.0149154,1944554.1,12.76673077,532.556,11.21163261,0.93126263,11.18606122,2.733286042
United States,USA,1996,USA1996,0.050838414,0.0256218,1997414.4,12.76903846,538.79,10.6472438,1.062000595,10.53022972,3.060597789
United States,USA,1997,USA1997,0.065386436,0.0318569,2053729.3,12.77230769,545.314,10.60590064,0.934325369,10.75538016,2.69905244
United States,USA,1998,USA1998,0.039933429,0.0318795,2117621.1,12.77461538,551.711,12.00504716,0.979596046,12.06427418,2.778423681
United States,USA,1999,USA1999,0.048764622,0.035844,2187677.9,12.7775,558.08,11.59042997,0.884110843,11.77945122,2.476553657
United States,USA,2000,USA2000,0.024992195,0.0289644,2248589.3,12.78057692,564.324,11.0293531,0.889265744,11.16651208,2.445615311
United States,USA,2001,USA2001,0.02787964,-0.0004556,2271709.1,12.77884615,569.934,11.52040075,0.865555502,11.54815122,2.404304527
United States,USA,2002,USA2002,0.028522772,0.0083281,2299198.8,12.77673077,575.25,11.46282619,0.92013361,11.53476806,2.584791983
United States,USA,2003,USA2003,0.046141512,0.0189321,2352436.8,12.87519231,580.212,11.08958087,1.000399063,11.05578184,2.80568047
United States,USA,2004,USA2004,0.05896486,0.0280221,2420897.8,12.87403846,585.613,11.25599381,0.993564747,11.23613027,2.78579617
United States,USA,2005,USA2005,0.055257797,0.023746,2476447.5,12.87269231,591.034,11.58088925,0.936686515,11.62948663,2.635603171
United States,USA,2006,USA2006,0.048746782,0.0166737,2514596.2,12.87942308,596.756,12.0357404,0.947045542,12.10152482,2.627944681
United States,USA,2007,USA2007,0.035888709,0.0082303,2541085.3,12.98596154,602.464,11.6670501,0.860813302,11.83819122,2.402304955
United States,USA,2008,USA2008,0.014923376,-0.0123667,2530223.2,13.29442308,608.187,11.02071394,0.981867389,11.11584721,2.762929219
United States,USA,2009,USA2009,-0.029420909,-0.0371909,2451342.1,13.30096154,613.543,10.93798877,1.011778976,10.91553975,2.850061394
United States,USA,2010,USA2010,0.031490307,0.0164704,2492403.7,13.40826923,618.645,11.54490559,0.910318127,11.53178881,2.591030909
United States,USA,2011,USA2011,0.033837786,0.0110355,2513041,13.50942308,623.118,11.63577822,1.013828302,11.64931409,2.791867026
United States,USA,2012,USA2012,0.026031475,0.0200842,2549428.3,13.50884615,627.661,12.60701548,0.867380365,12.76615757,2.337903142
United States,USA,2013,USA2013,0.017429333,0.0114314,2568391.8,13.40711538,631.986,11.0935993,1.018416883,10.99330875,2.69215383
United States,USA,2014,USA2014,0.031082022,,2610288.2,13.40788462,636.605,10.98617648,0.984619131,10.86525305,2.62867218
United States,USA,2015,USA2015,,,2652722.2,13.4075,641.271,12.02467365,1.040386174,11.93231013,2.754327233
United States,USA,2016,USA2016,,,,13.4075,645.885,12.53238242,0.930052059,12.44940455,2.624516032
United States,USA,2017,USA2017,,,,13.50903846,649.971,12.24207418,1.013447266,12.23897191,2.813076167
United States,USA,2018,USA2018,,,,13.50903846,653.373,11.79512367,1.148037208,11.73148886,3.239202931
United States,USA,2019,USA2019,,,,13.50903846,656.478,11.6148086,1.075499525,11.4971204,3.06745504
Uruguay,URY,1990,URY1990,,-0.0037937,145068.3,6.7945,6.22,17.49494737,1.428592915,16.91251195,4.062910895
Uruguay,URY,1991,URY1991,,0.0277287,151354,6.7945,6.263,17.80081098,1.262705515,17.14628958,3.674913563
Uruguay,URY,1992,URY1992,,0.069099,164273,6.7945,6.308,17.37346404,1.242573374,16.67678926,3.490647515
Uruguay,URY,1993,URY1993,,0.018898,164431.1,6.888875,6.356,17.51164934,1.419869083,16.69586213,4.00314608
Uruguay,URY,1994,URY1994,,0.0629581,177042.1,6.888875,6.402,17.92763638,1.126841514,17.13485716,3.489883943
Uruguay,URY,1995,URY1995,,-0.0217867,173502.8,6.98325,6.448,17.37639533,1.039469981,16.81177081,2.835156129
Uruguay,URY,1996,URY1996,,0.0471094,180483.4,7.0775,6.493,17.61219723,1.023850935,17.12084091,2.941985993
Uruguay,URY,1997,URY1997,,0.0749732,195229,7.171875,6.54,18.08867849,1.25590872,17.59027642,3.38245237
Uruguay,URY,1998,URY1998,,0.0377583,201018.9,7.266375,6.582,17.32526148,1.281702764,16.62372037,4.2654258
Uruguay,URY,1999,URY1999,,-0.0247964,189466.5,7.455125,6.615,17.34202388,1.041089333,16.78730347,3.068656116
Uruguay,URY,2000,URY2000,,-0.0230951,187277.4,7.549625,6.64,17.50374787,1.426234265,16.96785958,3.965189044
Uruguay,URY,2001,URY2001,,-0.0409811,178349.6,7.549625,6.65,18.29922071,1.536428896,17.69510519,4.079622782
Uruguay,URY,2002,URY2002,,-0.0806947,173660.8,7.549625,6.652,17.84387497,1.773238422,17.17790534,5.191761503
Uruguay,URY,2003,URY2003,,0.0086486,175178.6,7.549625,6.648,17.34063376,1.441971966,16.77714043,3.794242597
Uruguay,URY,2004,URY2004,,0.0493077,184038.2,7.549625,6.643,17.81913774,1.056817782,17.32368462,2.676290358
Uruguay,URY,2005,URY2005,,0.0715488,197686.6,7.549625,6.644,17.8385798,1.312203291,17.34462359,3.240968228
Uruguay,URY,2006,URY2006,,0.0386469,205462.7,7.549625,6.649,18.04441024,1.163949624,17.49149265,3.092398399
Uruguay,URY,2007,URY2007,,0.0609151,218343,7.73825,6.665,17.20599432,1.374903316,16.79268868,3.700763098
Uruguay,URY,2008,URY2008,,0.066159,233249.1,7.936,6.679,18.08633948,0.844141184,17.42476851,2.215848725
Uruguay,URY,2009,URY2009,-0.001259302,0.0198025,242297.3,7.94525,6.699,17.76646014,1.193849318,16.93184161,3.6514588
Uruguay,URY,2010,URY2010,0.237757683,0.0772641,260316.7,7.954,6.718,17.78741696,1.222451945,16.95850317,3.385477956
Uruguay,URY,2011,URY2011,0.191117889,0.0674364,272863.6,7.962625,6.738,17.5974866,1.067399984,16.77532211,2.824422125
Uruguay,URY,2012,URY2012,,0.0326323,281606.8,8.066125,6.757,18.26721887,1.340496563,17.68089789,3.621110684
Uruguay,URY,2013,URY2013,,0.0395548,293679.2,7.898875,6.779,17.56521838,1.077006973,16.80635965,2.853394757
Uruguay,URY,2014,URY2014,,,302177.5,7.992,6.801,18.18336632,1.658252517,17.30647467,4.381516564
Uruguay,URY,2015,URY2015,,,304085.6,8.085,6.824,18.20067744,1.195204301,17.47669481,3.032113164
Uruguay,URY,2016,URY2016,,,,8.085,6.848,17.5155774,1.183054426,16.79876826,3.622689705
Uruguay,URY,2017,URY2017,,,,8.085,6.874,18.62083243,1.346145298,18.01785329,3.6350786
Uruguay,URY,2018,URY2018,,,,8.177875,6.898,18.08241677,1.330474696,17.61154436,3.031395258
Uruguay,URY,2019,URY2019,,,,8.271,6.924,17.95447549,1.326280179,17.26801326,4.074482749
Uzbekistan,UZB,1990,UZB1990,,-0.0054801,33910.8,,,13.44322541,0.351845192,12.69629464,1.176848318
Uzbekistan,UZB,1991,UZB1991,,-0.0262537,33050.9,,,12.92877284,0.39301995,12.11685015,1.302992205
Uzbekistan,UZB,1992,UZB1992,,-0.1422275,28684.9,,,12.64938411,0.390826811,11.89719073,1.265300794
Uzbekistan,UZB,1993,UZB1993,,-0.0459932,27409.8,,,12.09843675,0.518191036,11.15960306,1.547649193
Uzbekistan,UZB,1994,UZB1994,,-0.0730318,25492.3,,,12.58776622,0.374878118,11.89517058,1.197879342
Uzbekistan,UZB,1995,UZB1995,,-0.0271095,24822.6,,,13.61227232,0.227678437,12.68373049,0.865203996
Uzbekistan,UZB,1996,UZB1996,0.606079987,-0.0022697,24307,,,12.41899553,0.286417976,11.46941175,1.055544217
Uzbekistan,UZB,1997,UZB1997,0.555488893,0.0318407,25302.5,,,13.45437036,0.355171019,12.85982141,1.145243299
Uzbekistan,UZB,1998,UZB1998,0.375056096,0.0260063,25783.4,,,13.14630005,0.512246821,12.4465874,1.581493556
Uzbekistan,UZB,1999,UZB1999,0.434130669,0.0313221,26712.2,,,13.96879283,0.393390386,12.84185462,1.283157289
Uzbekistan,UZB,2000,UZB2000,0.090171337,0.0234583,27227.3,9.150714286,49.3,13.83734953,0.289694023,12.8755098,0.906437707
Uzbekistan,UZB,2001,UZB2001,0.374654089,0.0284823,28350.4,9.26,49.928,13.97213045,0.287139412,13.15730826,0.969630669
Uzbekistan,UZB,2002,UZB2002,0.396556037,0.0269824,28801.9,9.469857143,50.543,13.89823153,0.449548014,12.94372254,1.460638993
Uzbekistan,UZB,2003,UZB2003,0.28754391,0.0295052,29823.8,9.579857143,51.135,13.18389632,0.483567162,12.2455227,1.549413421
Uzbekistan,UZB,2004,UZB2004,0.190126351,0.0626417,31674.8,9.789428571,51.728,14.45293152,0.404574365,13.52044744,1.284100153
Uzbekistan,UZB,2005,UZB2005,0.355094569,0.0560251,33425.4,9.899571429,52.334,13.96467585,0.343884765,13.11434176,1.130878487
Uzbekistan,UZB,2006,UZB2006,,0.0582563,35428.9,10.00957143,52.975,13.92489761,0.34328469,13.32529807,1.062719603
Uzbekistan,UZB,2007,UZB2007,,0.0765196,38391.3,10.21171429,53.736,14.03462326,0.341285988,13.40426394,1.090319445
Uzbekistan,UZB,2008,UZB2008,,0.0701244,41178.1,10.41285714,54.605,13.43987023,0.291661285,12.93380228,0.9119894
Uzbekistan,UZB,2009,UZB2009,,0.0610131,43766.6,10.61714286,55.534,13.6816364,0.413005839,13.04612138,1.34431826
Uzbekistan,UZB,2010,UZB2010,,0.0533515,46162.4,10.82,57.125,14.290911,0.342755027,13.67904473,1.204432602
Uzbekistan,UZB,2011,UZB2011,,0.0528948,48667.2,11.02,58.678,13.32060678,0.356911579,12.86630376,1.13565031
Uzbekistan,UZB,2012,UZB2012,,0.0640902,51885.7,11.22285714,59.549,13.06444927,0.335932601,12.43308944,1.020656657
Uzbekistan,UZB,2013,UZB2013,,0.0614113,55165,11.42428571,60.485,14.29752244,0.348931766,13.61216558,1.044014612
Uzbekistan,UZB,2014,UZB2014,,,58635.8,11.42428571,61.516,12.96252584,0.372358354,12.16640588,1.093764119
Uzbekistan,UZB,2015,UZB2015,,,62230.3,11.52571429,62.597,14.17749398,0.420196214,13.35531234,1.275282767
Uzbekistan,UZB,2016,UZB2016,,,,11.52571429,63.696,14.54195793,0.414500561,13.95880602,1.245264161
Uzbekistan,UZB,2017,UZB2017,,,,11.83,64.778,13.85797637,0.327918343,13.26492061,1.117681861
Uzbekistan,UZB,2018,UZB2018,,,,11.93,65.913,13.89156774,0.304765552,13.23791176,1.06981026
Uzbekistan,UZB,2019,UZB2019,,,,11.93,67.16,14.38581228,0.364102395,13.78674827,1.192508764
Vanuatu,VUT,1990,VUT1990,,0.0845808,2549.3,,,24.4684928,2.214079012,24.52027344,5.172745011
Vanuatu,VUT,1991,VUT1991,,0.0030282,2557,,,24.23662552,2.64435463,24.17285004,5.468334162
Vanuatu,VUT,1992,VUT1992,,-0.0035801,2547.9,,,24.11293724,2.040103704,24.21881032,4.160811966
Vanuatu,VUT,1993,VUT1993,,-0.0215461,2493.6,,,23.99284979,1.468612037,23.81421347,3.739326041
Vanuatu,VUT,1994,VUT1994,,0.0595655,2646.6,,,23.97304527,2.007967284,23.84634693,5.026503176
Vanuatu,VUT,1995,VUT1995,,-0.014161,2609.4,,,24.72314815,2.032554012,24.59873579,4.376547982
Vanuatu,VUT,1996,VUT1996,,0.0020427,2614.8,,,24.63261317,2.223687346,24.6212945,6.228112116
Vanuatu,VUT,1997,VUT1997,,0.0294974,2693,,,24.26347737,2.278898457,24.19240055,4.444858759
Vanuatu,VUT,1998,VUT1998,,0.0247249,2760.4,,,25.18335905,2.650718519,24.92808675,5.403712203
Vanuatu,VUT,1999,VUT1999,,-0.0148653,2719.7,,,24.78569959,2.929995679,24.53336903,8.529147046
Vanuatu,VUT,2000,VUT2000,,0.0372707,2823,,,24.62605453,2.759577469,24.50661768,8.560050152
Vanuatu,VUT,2001,VUT2001,,-0.0580926,2663.6,,,24.51059671,2.92282963,24.63057144,5.860384655
Vanuatu,VUT,2002,VUT2002,,-0.0768113,2466.6,,,24.54717078,2.644230247,24.56986858,7.09608122
Vanuatu,VUT,2003,VUT2003,,0.016575,2507.8,,,24.45889918,2.770221296,24.41906422,4.893647916
Vanuatu,VUT,2004,VUT2004,,0.0133562,2541.6,,,24.62222222,1.983527161,24.35439761,5.123651977
Vanuatu,VUT,2005,VUT2005,,0.026325,2609.5,6.317666667,0.41817,24.59197531,2.788116358,24.49797079,5.443928341
Vanuatu,VUT,2006,VUT2006,,0.0563377,2761,6.317666667,0.42839,24.40141461,2.912114815,24.33690608,5.815338047
Vanuatu,VUT,2007,VUT2007,,0.0258572,2833.6,6.414666667,0.43851,24.71113683,3.112064815,24.87477391,6.56056364
Vanuatu,VUT,2008,VUT2008,,0.0382741,2944.3,6.414666667,0.44973,24.49840535,2.840717901,24.60489426,7.200353637
Vanuatu,VUT,2009,VUT2009,,0.0087105,2970.1,6.414666667,0.46027,24.58225309,2.407278704,24.32645189,6.500730194
Vanuatu,VUT,2010,VUT2010,,-0.0072083,2948,6.512,0.4722,24.96715535,2.616302161,24.90568151,5.976309018
Vanuatu,VUT,2011,VUT2011,,-0.0109887,2915.2,6.512,0.4857,24.43492799,2.904301235,24.61797152,8.369073537
Vanuatu,VUT,2012,VUT2012,,-0.0045876,2899,6.609,0.4986,24.24102366,2.870967901,24.45373453,8.218342549
Vanuatu,VUT,2013,VUT2013,,0.005605,2889.9,6.609,0.5137,24.27093622,2.8395,24.60978408,7.056373277
Vanuatu,VUT,2014,VUT2014,,,2891.2,6.609,0.5279,24.26190844,2.793867901,24.52279387,5.995107582
Vanuatu,VUT,2015,VUT2015,,,2920.2,6.609,0.5421,24.31738683,2.841234568,24.44957268,5.93319048
Vanuatu,VUT,2016,VUT2016,,,,6.512,0.5564,24.7614712,2.841234568,25.01814095,4.244281291
Vanuatu,VUT,2017,VUT2017,,,,6.609,0.5715,24.71033951,2.841234568,24.81236479,6.381862108
Vanuatu,VUT,2018,VUT2018,,,,6.609,0.5856,24.41705247,2.841234568,24.55209113,6.530026592
Vanuatu,VUT,2019,VUT2019,,,,6.900666667,0.6,24.43292181,2.841234568,24.62429502,5.478851251
Venezuela,VEN,1990,VEN1990,,0.0378127,286746,4.41912,39.2648,25.09590549,1.491645934,23.85081307,5.253668787
Venezuela,VEN,1991,VEN1991,,0.0689249,307549.5,4.61136,40.1931,25.12859886,1.156853681,23.88725024,4.797521958
Venezuela,VEN,1992,VEN1992,,0.035723,319041.2,4.80356,41.1153,25.21376612,1.28428573,24.12945698,4.569933657
Venezuela,VEN,1993,VEN1993,,-0.0196451,313099.8,4.8996,42.0325,25.17136127,1.354786738,24.09308463,4.824137653
Venezuela,VEN,1994,VEN1994,,-0.0455749,299385.2,5.09176,42.9498,25.11798239,1.264070094,24.08776182,4.575368282
Venezuela,VEN,1995,VEN1995,,0.0174581,304888.7,5.28392,43.865,25.39842207,1.349721619,24.44998656,4.584757135
Venezuela,VEN,1996,VEN1996,,-0.0227965,298240,5.47592,44.7731,25.24965028,1.48632535,24.12029743,4.840756152
Venezuela,VEN,1997,VEN1997,,0.041429,311084,5.57208,45.6764,25.4308843,1.143192501,24.26472322,4.082980718
Venezuela,VEN,1998,VEN1998,,-0.0169563,306072.7,5.76436,46.5785,25.94130701,1.500716487,24.76315818,5.143053894
Venezuela,VEN,1999,VEN1999,,-0.0810568,282435.7,5.9564,47.4786,25.03124601,1.677878019,23.82446617,5.319085779
Venezuela,VEN,2000,VEN2000,,0.017073,287485.2,6.1486,48.3829,24.93462826,1.319123546,23.74537703,4.693306613
Venezuela,VEN,2001,VEN2001,,0.0145917,291805.4,6.1486,49.2937,25.60893612,1.096673726,24.19710878,4.145852654
Venezuela,VEN,2002,VEN2002,,-0.1111781,261183.3,6.53284,50.2,25.65325568,1.207255262,24.20569762,4.615466284
Venezuela,VEN,2003,VEN2003,,-0.0988596,236678.4,6.72492,51.1034,25.89013421,1.360577863,24.45326935,4.785220037
Venezuela,VEN,2004,VEN2004,,0.1501097,275122.1,6.917,51.9947,25.45204598,1.589826216,24.11182276,5.323375599
Venezuela,VEN,2005,VEN2005,,0.0806605,298379.7,7.1092,52.865,25.65907879,1.654112179,24.5304525,5.125673515
Venezuela,VEN,2006,VEN2006,,0.0768985,322417.9,7.30136,53.6982,25.51654504,1.507389718,24.28946243,4.946349126
Venezuela,VEN,2007,VEN2007,,0.0669546,344973.2,7.7818,54.4944,25.5211211,1.405264229,24.3818354,4.770766115
Venezuela,VEN,2008,VEN2008,,0.034781,357446.4,7.87772,55.2705,25.37330775,1.433567485,23.98227773,5.282852537
Venezuela,VEN,2009,VEN2009,,-0.0488657,340671.7,7.97388,56.0617,25.8766102,1.055125073,24.48997525,4.299212382
Venezuela,VEN,2010,VEN2010,,-0.0309661,330564,8.55056,56.8829,26.03345019,1.807043897,24.68100046,6.168713956
Venezuela,VEN,2011,VEN2011,,0.0252781,339349.8,9.41524,57.7762,25.47664827,1.676764108,23.9516415,6.171308328
Venezuela,VEN,2012,VEN2012,,0.0394594,353354,9.31832,58.7266,25.48309761,1.340344862,24.0103087,5.255553587
Venezuela,VEN,2013,VEN2013,,-0.0015798,353136,9.51176,59.5679,25.66289583,1.231733754,24.38417569,4.785905303
Venezuela,VEN,2014,VEN2014,,,334796.3,9.60736,60.0916,25.71810384,1.031845439,24.55789945,4.219148447
Venezuela,VEN,2015,VEN2015,,,311537.7,9.70348,60.1627,26.05434739,1.019316494,24.91450006,3.953524275
Venezuela,VEN,2016,VEN2016,,,,9.89476,59.69,26.15860685,1.251682326,24.88292089,4.913211952
Venezuela,VEN,2017,VEN2017,,,,9.89476,58.7797,25.68620683,1.260356743,24.49995509,4.825261024
Venezuela,VEN,2018,VEN2018,,,,9.89476,57.7392,25.33221507,1.311577578,24.39840604,4.477368483
Venezuela,VEN,2019,VEN2019,,,,9.89476,57.0321,25.66529274,1.165929722,24.88165116,3.927114912
Vietm,VNM,1990,VNM1990,,0.0307474,103892.9,3.851571429,135.977,25.44374664,1.809654891,24.08524419,5.744161075
Vietm,VNM,1991,VNM1991,,0.0395032,89427.7,4.049142857,138.872,25.45384814,1.686137039,24.13305574,4.914917713
Vietm,VNM,1992,VNM1992,,0.0651241,72884.5,4.147857143,141.765,25.10799688,1.645680752,23.81502568,5.092477813
Vietm,VNM,1993,VNM1993,,0.0603355,61350.9,4.246571429,144.6,25.14020273,1.630379567,23.74878816,5.277810124
Vietm,VNM,1994,VNM1994,,0.0678981,63889,4.444285714,147.301,25.33120238,1.915652088,23.93276997,5.616744001
Vietm,VNM,1995,VNM1995,,0.0747253,67917.6,4.543,149.819,25.12978796,1.741420325,23.80729136,5.288137582
Vietm,VNM,1996,VNM1996,0.078885702,0.0732922,73124,4.740428571,152.136,24.89670817,1.813870216,23.52766733,6.086983118
Vietm,VNM,1997,VNM1997,0.06177094,0.0627681,77825.4,4.839142857,154.264,25.303771,1.774284087,23.90745607,5.338269564
Vietm,VNM,1998,VNM1998,-0.005392623,0.0406944,80754.5,5.015714286,156.23,25.96455706,1.710516987,24.76656843,5.323087797
Vietm,VNM,1999,VNM1999,0.03308533,0.0316312,82611.6,5.191285714,158.073,25.08411841,1.855072304,23.59754027,5.825696358
Vietm,VNM,2000,VNM2000,0.067796199,0.0522574,85704.6,5.268,159.823,25.07976643,1.700125642,23.64291346,5.635544492
Vietm,VNM,2001,VNM2001,0.034366695,0.0474137,87739.3,5.441571429,161.486,25.27426269,1.896005986,23.83286293,5.381418437
Vietm,VNM,2002,VNM2002,0.058166957,0.0496861,90062.2,5.614142857,163.071,25.40562243,1.850103475,24.19822964,5.070711713
Vietm,VNM,2003,VNM2003,0.106559587,0.055094,93657.6,5.832857143,164.606,25.4456079,1.641195565,24.20927237,4.966052864
Vietm,VNM,2004,VNM2004,0.219607441,0.0606856,99275.6,6.053142857,166.128,25.20537542,1.625402074,23.97472337,4.417283563
Vietm,VNM,2005,VNM2005,0.144673824,0.0610918,107144.9,6.274428571,167.667,25.3700713,1.789515443,24.06409585,5.264780999
Vietm,VNM,2006,VNM2006,0.144132046,0.0563545,117374.8,6.497285714,169.238,25.47044404,1.731589968,24.09895249,5.156693831
Vietm,VNM,2007,VNM2007,0.155229069,0.0580274,131336.6,6.701714286,170.84,25.18263531,1.755824236,23.91958549,5.81087465
Vietm,VNM,2008,VNM2008,0.239965969,0.0444294,145356.6,6.906142857,172.487,24.76304814,1.901921298,23.4047949,5.917342219
Vietm,VNM,2009,VNM2009,,0.0420236,151584,7.900285714,174.184,25.35630569,1.644344432,23.99809629,5.524296602
Vietm,VNM,2010,VNM2010,,0.0517598,159631.7,7.413285714,175.933,25.62588115,1.62673488,24.4893374,5.870388644
Vietm,VNM,2011,VNM2011,,0.0501483,167796.6,7.482714286,177.742,24.7388302,1.793448444,23.25342497,5.59135321
Vietm,VNM,2012,VNM2012,,0.0405788,174708.8,7.649714286,179.604,25.4906433,1.870933593,24.05625053,5.563914506
Vietm,VNM,2013,VNM2013,,0.0423131,182225.1,7.717571429,181.506,25.25812789,1.849568789,23.90572392,6.00252534
Vietm,VNM,2014,VNM2014,,,191065.3,7.59,183.431,25.45283638,1.707036921,23.99720034,5.258519879
Vietm,VNM,2015,VNM2015,,,201660.8,7.784857143,185.353,25.8153314,1.752145336,24.52097195,4.877882717
Vietm,VNM,2016,VNM2016,,,,7.882,187.277,25.78621509,1.77669992,24.53753019,5.537789903
Vietm,VNM,2017,VNM2017,,,,7.979571429,189.194,25.3842692,1.841846715,23.95230265,6.396248354
Vietm,VNM,2018,VNM2018,,,,7.979571429,191.08,25.37166883,1.766532889,24.10466719,5.785024253
Vietm,VNM,2019,VNM2019,,,,8.077,192.925,25.95341237,1.664522294,24.76876821,4.879289296
Yemen,YEM,1990,YEM1990,,,3392.1,0.298555556,23.419,23.92395063,0.20912676,23.28683162,0.897619498
Yemen,YEM,1991,YEM1991,,0.0118576,3430.6,0.398111111,24.604,23.87240535,0.246937628,23.34651728,0.762910031
Yemen,YEM,1992,YEM1992,,0.0272358,3523.3,0.398111111,25.909,23.56019513,0.356225488,22.53693264,1.148429181
Yemen,YEM,1993,YEM1993,,-0.0120177,3479.6,0.497666667,27.268,23.66150083,0.341594186,22.63051274,1.263011164
Yemen,YEM,1994,YEM1994,,0.0174084,3539.7,0.597222222,28.594,23.76763741,0.277415483,23.00209301,0.953743403
Yemen,YEM,1995,YEM1995,,0.0128824,3585.3,0.696777778,29.827,23.92307828,0.304971043,22.93054903,1.197551993
Yemen,YEM,1996,YEM1996,,0.0086697,3616.7,0.796111111,30.938,23.93287296,0.293774694,22.77744529,1.371964883
Yemen,YEM,1997,YEM1997,,0.0188147,3686,0.895666667,31.952,23.90938512,0.309183574,23.07084714,1.282960135
Yemen,YEM,1998,YEM1998,,0.029161,3796,0.994666667,32.9,24.30508895,0.336296801,23.44228251,1.394989867
Yemen,YEM,1999,YEM1999,,0.0090047,3831.3,1.093888889,33.843,23.93027677,0.436700728,23.06746704,1.177245513
Yemen,YEM,2000,YEM2000,,0.031797,3955.9,1.192777778,34.819,23.92423893,0.364017594,23.05333653,1.215022218
Yemen,YEM,2001,YEM2001,,0.0087824,3991.7,1.291555556,35.836,23.98081758,0.314061991,22.94758408,1.241220558
Yemen,YEM,2002,YEM2002,,0.0101068,4033,1.49,36.889,24.2998097,0.314810302,23.15664627,1.167770637
Yemen,YEM,2003,YEM2003,,0.0086071,4067.1,1.588666667,37.97,24.24364081,0.314266327,23.35366103,1.167500302
Yemen,YEM,2004,YEM2004,,0.0114901,4110.4,1.687555556,39.079,24.06923966,0.314480144,23.24264717,1.033091601
Yemen,YEM,2005,YEM2005,,0.0278961,4219,1.885777778,40.217,24.13011382,0.313902413,23.25046993,1.165614056
Yemen,YEM,2006,YEM2006,,0.0056205,4231.1,1.984666667,41.376,24.08592269,0.313951197,23.33865723,1.118533109
Yemen,YEM,2007,YEM2007,,0.0079621,4250,2.184444444,42.566,24.02959634,0.31799734,23.28222341,1.049207796
Yemen,YEM,2008,YEM2008,,0.0150417,4297.5,2.285,43.784,23.91761898,0.314277081,22.9529451,0.901355156
Yemen,YEM,2009,YEM2009,,0.0165673,4352.1,2.485222222,45.031,24.47358671,0.313806174,23.58504645,0.762671622
Yemen,YEM,2010,YEM2010,,0.0089253,4374.9,2.585888889,46.31,24.30927097,0.313930003,23.21333569,1.421732445
Yemen,YEM,2011,YEM2011,,-0.1870565,3616.2,2.786555556,47.617,24.11414542,0.314622999,23.17380609,0.940118149
Yemen,YEM,2012,YEM2012,,0.0011473,3609.1,2.987,48.948,24.16408248,0.313663584,23.4195184,0.803052606
Yemen,YEM,2013,YEM2013,,0.0177164,3663.3,2.988333333,50.293,24.32461088,0.313735516,23.32289675,1.007473343
Yemen,YEM,2014,YEM2014,,,3703.5,2.988333333,51.645,24.20483081,0.314242475,23.236765,1.064066672
Yemen,YEM,2015,YEM2015,,,3768.9,2.988333333,52.994,24.56857485,0.31380765,23.71580561,0.936561539
Yemen,YEM,2016,YEM2016,,,,2.988333333,54.336,24.47854844,0.314527537,23.62021448,1.251300049
Yemen,YEM,2017,YEM2017,,,,2.988333333,55.669,24.39545072,0.314319074,23.63185339,0.941347691
Yemen,YEM,2018,YEM2018,,,,3.187555556,56.996,24.17378667,0.314095229,23.33503093,1.009497253
Yemen,YEM,2019,YEM2019,,,,3.187555556,58.323,24.28353262,0.313791991,23.76778731,1.207216263
Zambia,ZMB,1990,ZMB1990,,-0.0303352,2318.3,4.4617,16.075,22.23382833,0.890829176,22.04619745,2.756211159
Zambia,ZMB,1991,ZMB1991,,-0.0247564,2257,4.7464,16.494,21.90895995,0.948200587,21.74744382,2.875478739
Zambia,ZMB,1992,ZMB1992,,-0.040974,2162.2,4.9363,16.902,22.55577707,0.764940443,22.44018613,2.353525367
Zambia,ZMB,1993,ZMB1993,,0.0425121,2252.2,5.2211,17.314,21.92622696,0.97984113,21.72259694,3.305154335
Zambia,ZMB,1994,ZMB1994,,-0.1139504,2006.7,5.5058,17.741,22.23324749,0.779222125,22.02843352,2.566212868
Zambia,ZMB,1995,ZMB1995,,-0.0533366,2012.4,5.6958,18.194,22.76807872,0.770300488,22.5444932,2.527603194
Zambia,ZMB,1996,ZMB1996,,0.0412516,2081.6,5.6958,18.679,22.33581362,0.932758813,22.11186582,2.813605346
Zambia,ZMB,1997,ZMB1997,,0.0056208,2103.1,5.7016,19.195,22.42059314,1.054702925,21.87188245,3.27602126
Zambia,ZMB,1998,ZMB1998,,-0.0460046,2038.5,5.6122,19.732,22.69901138,0.928920764,22.50972246,2.894523304
Zambia,ZMB,1999,ZMB1999,,-0.0049573,2076.4,5.6176,20.28,21.96275391,0.87044814,21.70438619,2.799901887
Zambia,ZMB,2000,ZMB2000,,0.008305,2101.1,5.623,20.833,22.0339628,1.067109938,21.5722842,3.365900703
Zambia,ZMB,2001,ZMB2001,,0.0222586,2156.6,5.7238,21.385,22.25984523,1.11268495,21.65382166,3.270899579
Zambia,ZMB,2002,ZMB2002,,0.0075451,2197.3,5.8244,21.944,22.47983651,0.890223909,22.00595465,2.635607915
Zambia,ZMB,2003,ZMB2003,,0.0249934,2291.1,5.8286,22.514,22.57522052,1.047137419,21.88006674,2.902926871
Zambia,ZMB,2004,ZMB2004,,0.0272388,2389.6,5.928,23.102,22.38011108,1.091393171,21.60161232,3.104841507
Zambia,ZMB,2005,ZMB2005,,0.0259471,2494.8,6.0279,23.713,23.28442793,0.861021747,22.71501434,2.311771103
Zambia,ZMB,2006,ZMB2006,,0.0337884,2618.5,6.1275,24.348,22.22221581,1.026821594,21.71525536,3.10243252
Zambia,ZMB,2007,ZMB2007,,0.0323435,2757.7,6.0355,25.007,22.32032496,0.973357359,21.84413375,3.297729975
Zambia,ZMB,2008,ZMB2008,,0.0304786,2886.9,6.2148,25.698,22.10602482,1.004909229,21.65739777,3.178354009
Zambia,ZMB,2009,ZMB2009,,0.0295359,3061.3,6.2029,26.432,22.33339191,1.043195011,21.51646424,3.222359385
Zambia,ZMB,2010,ZMB2010,,0.0433339,3277.2,6.2864,27.213,22.75445781,1.06736671,21.96486551,3.450742901
Zambia,ZMB,2011,ZMB2011,,0.0350997,3381.4,6.3696,28.045,22.07195646,0.941559398,21.74178294,3.003009997
Zambia,ZMB,2012,ZMB2012,,0.038323,3500.8,6.3579,28.93,22.18237532,1.151070724,21.91998677,3.076560325
Zambia,ZMB,2013,ZMB2013,,0.0291854,3623.2,6.4412,29.854,22.01697381,1.00423597,22.10136774,2.964622809
Zambia,ZMB,2014,ZMB2014,,,3710.4,6.4298,30.799,22.06682793,1.004302766,22.21958285,2.935085697
Zambia,ZMB,2015,ZMB2015,,,3657.6,6.5588,31.757,22.50569139,0.883543558,22.29810623,2.864825446
Zambia,ZMB,2016,ZMB2016,,,,6.6878,32.728,22.62332943,0.828733581,22.49321403,3.019062253
Zambia,ZMB,2017,ZMB2017,,,,6.8168,33.709,22.25011836,1.090941859,21.86704164,3.534649449
Zambia,ZMB,2018,ZMB2018,,,,6.8494,34.703,22.09429526,1.029420342,22.21894622,3.112820578
Zambia,ZMB,2019,ZMB2019,,,,6.9458,35.722,22.50838664,1.010483356,22.6138797,2.770283773
Zimbabwe,ZWE,1990,ZWE1990,,0.0390086,2526.1,4.314181818,20.865,21.15552851,0.705937664,20.82211771,1.86623603
Zimbabwe,ZWE,1991,ZWE1991,,0.0282432,2596.9,4.506090909,21.361,21.09511156,0.562078946,20.7714778,1.63971279
Zimbabwe,ZWE,1992,ZWE1992,,-0.117345,2307.7,4.697818182,21.801,21.84045809,0.495641015,21.67894364,1.452457207
Zimbabwe,ZWE,1993,ZWE1993,,-0.0102273,2282.9,4.889727273,22.185,21.21572506,0.730160453,20.6327091,2.041923477
Zimbabwe,ZWE,1994,ZWE1994,,0.0690871,2445.9,5.081090909,22.524,20.94968345,0.518868379,20.55137927,1.442129523
Zimbabwe,ZWE,1995,ZWE1995,,-0.01669,2406.5,5.285363636,22.821,21.68162973,0.502449291,21.2838722,1.519415026
Zimbabwe,ZWE,1996,ZWE1996,,0.0809771,2612.3,5.489454545,23.081,21.08718134,0.768232751,20.15698991,2.443261428
Zimbabwe,ZWE,1997,ZWE1997,,0.0097354,2641.8,5.693727273,23.304,21.13803507,0.880902842,20.1041207,2.516534781
Zimbabwe,ZWE,1998,ZWE1998,,0.0133098,2681,5.897818182,23.495,21.63524495,0.737218158,20.8247768,2.12144657
Zimbabwe,ZWE,1999,ZWE1999,,-0.0208248,2627.4,6.102090909,23.645,20.99171919,0.765946994,19.98338734,2.181523152
Zimbabwe,ZWE,2000,ZWE2000,,-0.0406263,2521.3,6.313454545,23.761,20.7685922,0.956056602,19.61655669,2.950493576
Zimbabwe,ZWE,2001,ZWE2001,,0.0076686,2536.5,6.525909091,23.848,21.14020046,0.938299829,20.17022791,2.606784647
Zimbabwe,ZWE,2002,ZWE2002,,-0.0974404,2295,6.739,23.908,21.38905946,0.465434219,20.85394893,1.172702545
Zimbabwe,ZWE,2003,ZWE2003,,-0.1888128,1892.6,6.659090909,23.965,21.50017279,0.658636486,20.62787516,2.034921302
Zimbabwe,ZWE,2004,ZWE2004,,-0.0614025,1769.7,6.676636364,24.04,21.56028014,0.817083651,20.32488914,2.205172602
Zimbabwe,ZWE,2005,ZWE2005,,-0.0601876,1653.7,6.693909091,24.155,22.33638578,0.639049646,21.50217449,1.657199764
Zimbabwe,ZWE,2006,ZWE2006,,-0.036307,1579,6.711090909,24.313,21.43998801,0.784466369,20.31087138,2.120600705
Zimbabwe,ZWE,2007,ZWE2007,,-0.0384624,1501.9,6.891,24.513,21.56505122,0.74475452,20.44516339,2.450237438
Zimbabwe,ZWE,2008,ZWE2008,,-0.1978602,1218.4,6.874272727,24.76,21.47521181,0.608632637,20.42339835,1.951664016
Zimbabwe,ZWE,2009,ZWE2009,,0.0499514,1270.1,7.054545455,25.053,21.56096266,0.706050928,20.09093823,2.01767088
Zimbabwe,ZWE,2010,ZWE2010,,0.0932556,1389,7.137272727,25.395,21.80748816,0.735878609,20.76748113,2.242836533
Zimbabwe,ZWE,2011,ZWE2011,,0.0911663,1523.6,7.122636364,25.787,21.23469846,0.838019303,20.54864596,1.980341662
Zimbabwe,ZWE,2012,ZWE2012,,0.0248095,1648.8,7.722363636,26.228,21.45006654,0.611610346,20.91278303,1.69279084
Zimbabwe,ZWE,2013,ZWE2013,,-0.0125998,1684.2,7.834818182,26.699,21.1344139,0.681420091,20.54351482,2.221727968
Zimbabwe,ZWE,2014,ZWE2014,,,1709.1,8.045454545,27.174,21.25987805,0.640643296,20.46913521,2.405640954
Zimbabwe,ZWE,2015,ZWE2015,,,1688,8.058272727,27.631,21.85374407,0.46634216,21.19687571,1.534682369
Zimbabwe,ZWE,2016,ZWE2016,,,,8.147909091,28.06,21.79283299,0.548760143,21.38437413,1.950983685
Zimbabwe,ZWE,2017,ZWE2017,,,,8.139454545,28.472,21.25735372,0.949491358,20.23775702,2.750704579
Zimbabwe,ZWE,2018,ZWE2018,,,,8.228363636,28.877,21.64635167,0.659166098,20.94835143,1.924831474
Zimbabwe,ZWE,2019,ZWE2019,,,,8.316909091,29.29,21.90255237,0.796245843,21.64098612,1.720999275
