T2_panel0,T_panel0,T2_panel1,T_panel1,T2_panel2,T_panel2,dT2_panel0,dT_panel0,dT2_panel1,dT_panel1,dT2_panel2,dT_panel2,T2_d0,T_d0,T2_d1,T_d1,T2_d2,T_d2
-.00028617567,.0057077021,-.00055350468,.010771723,.000027898966,.0080984822,.00052122946,-.014716588,.00015151096,.0021071124,-.00020502247,-.0019701154,.0026059861,-.089586414,.0085945819,-.21564673,.00081053999,.085086986
-.00084674882,.026151702,-.00039066869,.0080765625,.00023370926,.0073329704,.00060482253,-.023110708,-.00001181388,.0021325203,-.00027930364,-.0046595098,.0066953572,-.22248435,.0070218327,-.18197912,.0043166513,.045770541
-.00042291681,.015307995,-.00086761679,.017300071,.00018602143,.0036063071,.00042390492,-.015881486,.00080268731,-.0092513021,-.00022285654,.00047507166,-.0018883373,.20836507,.0001662032,.040545419,-.0012023026,.12449509
-.00055399013,.0076988698,-.00026945909,.002377525,.00044895173,-.0014358287,.00021209955,-.002326576,-2.3703292e-06,.0065699425,-.00045932611,.0030379361,-.0088159442,.22621468,.00064611714,-.018893195,-.0051214979,.12621611
-.000154383,.0011505629,-.00053253275,.0064430814,.00021552194,.0038489541,.00016981713,-.0066294158,.00033413796,.00084487791,-.00022197893,-.0031509695,.0010704485,-.025373086,.0031946267,-.093736812,.0019654091,.058583595
-.00014589822,.0047090608,-.00080075674,.017913045,.00045960804,.0049676825,.00015926015,-.012039701,.0004316651,-.0051725041,-.00045090567,.00081034435,-.0066825203,.35385484,-.0030799252,.020924451,.0030604647,.044002723
-.00054821279,.012610848,-.00068039814,.018715473,.00042021394,.00075865968,.00024344309,-.0094123408,-.00021626658,.00034377331,-.00034071144,.00087894709,.0058831484,-.22799799,8.7016351e-06,.050956085,.0046337619,.034691717
-.00031155409,.010392938,-.00081452151,.013457888,.00020680924,.0039540725,.00067532895,-.02380776,-.00022783555,.0084816925,-.00018097766,-.0058090049,.000092148599,-.0056428723,-.0082101496,.13426922,.00093845587,-.0074914959
-.00068701169,.018089792,-.00072543736,.016986651,.000019555018,.0014040708,.00060602318,-.020527374,.00071443332,-.006639028,-.00009671304,.00040546403,.00030289404,.055068847,.005610798,-.031440426,.0019739934,.069332682
-.00045216203,.0076011135,-.00085085398,.013280216,.000352731,.0044602687,.00065305224,-.01895486,.00035482619,-.00090663444,-.00035794961,-.00067503279,-.008094742,.1868165,-.013506463,.19637637,-.0011189454,.059624381
-.00021763238,.0058421078,-.00047653884,.011404567,.00021248173,-.0039248969,.00016074633,-.014944763,-.00010671501,.0038965093,-.00026306219,.00077456003,.0023630441,-.053863313,.0043973196,.0091582909,.0028784049,.06364549
-.00045910242,.010338007,-.00073814543,.012149602,.00017327425,.0013440902,.00018858266,-.0081658363,.00038400784,.00058299617,-.00016989252,-.0039630388,-.0018017815,.080946043,-.0056624487,.059307624,-.0013993601,-.0078271767
-.0004565744,.0040008235,-.00037751865,.006881149,.00045668683,-.0036693888,.00025657198,-.0066568609,.000045738954,.0033957511,-.00035090055,.00048033913,.0027885181,-.06258513,.005814149,-.099742778,.0088599585,-.15003091
-.00068168878,.022144781,-.0011226317,.022432979,.000049955208,.00688757,.0004266066,-.017388051,.0010737577,-.015911445,-.00018414149,-.0020436635,-.0087564951,.35636568,-.0087764896,.17695303,-.0019041658,-.025211565
-.00068468798,.020243326,-.0012364422,.026960464,.000057456244,.0056030685,.00035592206,-.013878368,.0011832601,-.017867399,-.00025037301,-.00061433151,.0047862283,-.1677099,.0053921794,-.12379961,.0025440005,.028315913
-.000053694384,-.002064832,-.00041632782,.010034975,.00018127754,.006794543,.00019791781,-.0078877555,-.00036901506,.0095981369,-.000040106141,-.011156159,.00051914633,.13337913,-.016671447,.37002236,-.0053192526,.16667727
-.00089445687,.022028519,-.00095686968,.019198317,.0003417409,-.0018983802,.00061890384,-.017648702,.00030943958,-.0031837004,-.00028375554,-.0007017504,-.00012990713,.043946858,.0017282093,-.057714727,.0041647241,-.061215077
-.00057530979,.020323239,-.00035027703,.0049427552,.00017937506,.0023347274,.00041492123,-.021231204,-.00029823629,.0095500732,-.0002018869,-.0043217721,.00032669536,-.010334944,.0047895275,-.085817963,.0017974441,.052382305
-.0003473403,.0051452345,-.00065514218,.012720829,.00028125808,.0043927962,.00032101842,-.013135116,-.000055485903,.0010583355,-.00027183641,-.00096465147,.0060833963,-.19982535,.0029205706,.004552796,.002597196,.065198749
-.00058405753,.015258693,-.00054601143,.012250421,.00030689736,.0027085564,.00037300689,-.011756128,-.000094227005,.001553833,-.00023092382,-.0015500451,-.0012387733,.022436755,-.0079801241,.15686679,.001641499,.075197481
-.00037748442,.0094460119,-.00092845754,.023248546,.00062384782,-.010668778,.00023677903,-.011199786,.00070589909,-.012105008,-.00038557197,.0035344821,-.013383357,.3709031,-.0027464274,-.038057338,.0066096596,-.16877143
-.00068012276,.018308194,-.0007436896,.01940087,.00013944674,.0024857651,.00038529412,-.014619264,.000193196,-.0033557806,-.00010458112,-.0041824551,-.0044042831,.27991992,.0017231777,-.016652543,-.0024202077,.19139861
-.00053689693,.011341983,-.00039425644,.016408766,.00034570138,.0019498441,.00035215457,-.011364521,-.00014252194,-.0020076928,-.00025143253,-.0025591261,-.004369094,.15235361,.0027153133,.046049785,.00137511,.16686009
-.00061237405,.013161493,-.00049158902,.016002804,.00062412623,-.0058197798,.00041346034,-.013487793,-.00006790847,-.0001057035,-.00049882679,.0015239378,.0036577717,-.1662671,.00021641111,.11531498,.0078658657,-.094503284
-.00042969018,.017184941,-.00018845098,.007077754,.00024569483,-.0014325265,.00016216045,-.0095440513,-.00015375516,.0046202489,-.00035834353,.003273455,.0048180516,-.088475525,.0014903874,.010726792,.004719682,.039100636
-.00016267547,.0039865565,-.00085007591,.023371585,.00034561753,.0014534586,.0002604333,-.013254235,.0002814614,-.0068951016,-.00038655181,-.00059496798,-.00084815361,.03041785,.00068480399,-.033820435,.0033171272,.057963066
-.00049119996,.019048296,-.00017475983,.0017011525,.00025276764,.0051723053,.00022358345,-.014914471,-.00031635066,.0090395706,-.00032155175,-.0019937279,-.016904954,.58695894,-.0099261412,.091970682,-.004253698,.015364736
-.00033452443,.0090841092,-.00079380284,.017416006,.00037574102,.0018271051,.000039573348,-.00561987,-.000046169149,.0031226946,-.00052375672,.0047134105,-.023511736,.83125067,-.010266863,.021983959,-.0055086534,-.031801522
-.0003324787,.0062427376,-.00063330261,.0056952909,.00034354211,-.00079026038,.000089354937,-.003503537,.00020438281,.0036372812,-.00036733295,.00433926,.0018948417,.065830991,-.0027036122,.021648962,.0016248415,.029599329
-.00042135062,.0072689755,-.00023338926,.0059122224,.00029262528,.00074390974,.00023785331,-.0097432043,-.00042000733,.01241175,-.00043119537,.0033929793,.0027295323,-.11419096,.0019285872,.049531158,.0039979452,.083020627
-.00038959962,.0098830136,-.00034383117,.0081279157,.00043562308,-.004974681,.00038827269,-.016482394,.000090978392,.0013680712,-.00037905245,.0031564101,-.0048559648,.25607213,.0073334216,-.17727929,.0037037234,-.032552727
-.00042522044,.010908357,-.00071112462,.011815749,.00013290485,.0037743836,.00023834534,-.011743662,.0002616577,.0017405479,-.0002265302,.00061434752,.0020583451,.038304884,.0012572259,-.014624145,.0010251536,.10417901
-.00035521755,.011548849,-.00084759976,.014872424,.000042292097,.0012991355,.00020893551,-.0098057818,.00047056063,-.0036420347,-.000066914567,-.00029767409,-.0031296189,.1395376,-.0086354492,.13124028,-.0021149237,.031201046
-.000080242513,-.001989465,-.0006104919,.01241019,.00032431528,.0019732064,.00020700565,-.0089857019,-.000091189162,.0053828442,-.00021976311,-.0052334135,-.0020756919,.12085474,-.0028195165,.016302515,.00031066907,.010332985
-.0007176472,.016604971,-.00072115025,.011936402,.00019488431,.00078860018,.00048190649,-.01201593,.00028659395,.0016398358,-.00027451033,.0020137804,.0009024262,-.039648198,-.0048467549,.14743419,.0021797114,.05095632
-.000339955,.0062509119,-.00043209441,.010658295,.00032979899,.00018084866,.00048968196,-.016818369,-.000047832513,.0019056051,-.00033179586,-.0013944492,-.002829904,.14091775,.0039835232,-.080644056,-.0001364874,.028741876
-.00070939015,.022127496,-.00052004139,.012488715,.0006025015,-.0046154903,.00033615463,-.013955221,7.0008355e-06,.00029382986,-.00047009956,.0019797555,-.014329213,.47765845,.00078367826,.0079753753,-.00057047961,.15573865
-.000089980123,.0045411857,-.0010407226,.019693485,.00023525432,-.00031639417,.00013350099,-.0060243076,.00068417325,-.0070975837,-.00020603208,.002448512,.00259961,-.0533677,.0081615616,-.17679238,.0035636469,.016003462
-.00004869845,.000080190955,-.00022372714,.0014763321,.00018886586,.0014831276,1.2127654e-06,.00038305664,-.00032644378,.0087043317,-.00016994313,-.0038313214,.001347447,-.034543484,.000033023116,-.049577225,-.0020630278,.075720206
-.00028643105,.0071407198,-.00089859311,.021623354,.00024078348,.0016257578,.00021037461,-.0091251256,.00032569261,-.0057448503,-.00024177738,-.0032855978,-.0037766858,.18141936,-.0078748399,.11998737,-.00022405693,.031309359
-.00087137433,.03221425,-.00078001939,.019301159,.00012027001,.0011211565,.00068201451,-.025570629,.00023472885,-.0040552472,-.00018431888,.00049616862,.0036351501,-.10434697,-.0043949191,.14942376,.0016887611,.080830924
-.00035880151,.013795659,-.00036860758,.0086545125,.00033791721,.0027794538,.000010961008,-.006388911,-.00021147658,.0045737955,-.0003168672,-.0020602229,.00031618337,.12450977,.0010644499,.040715713,.0046314937,.042067114
-.00022220143,.01124995,-.00054289703,.013599282,.00019323303,.0029346456,.000062429048,-.0083047049,-.000051109477,.0012185929,-.00019103945,-.0018100004,.013824269,-.43934187,-.0045649391,.23732597,.0048839035,.048781831
.000015732401,.0015812647,-.0008399323,.010988038,.00022690928,-.0051054209,.000094105802,-.0075134919,.00061605655,-.0013168952,-.00028467816,.0042972346,.0059108292,-.12914361,-.009696424,.13959794,-.0011021134,-.046448536
-.00033438759,.011379644,-.00066206034,.014991002,.00024636748,.0036891822,.00022390942,-.01177201,.00021254476,-.0015210544,-.00029002401,.00096813275,-.0014240476,.034156945,.0019299279,-.042030439,-.0015911629,.18580753
-.00056440709,.017087113,-.00062780874,.01491742,.00023426785,.0068491641,.00057462888,-.022399552,.00032940714,-.003470764,-.00023305645,-.0035952274,.0032212003,-.11867855,-.0027702998,.01413501,.0023537646,.076047644
-.00054905604,.021108272,-.000543178,.013089333,.00027461609,.0015538025,.00010346241,-.0099225575,-.0002237258,.0057337754,-.00027570073,-.0031064602,.0045488831,-.0083232094,-.0041738488,.17948541,.0041507115,.080282576
-.00024834397,.0050095753,-.00020348051,-.001730723,.00013460091,.0025562677,.000087135224,-.0071173082,-.000060639959,.009774466,-.00023135963,-.0037238705,.0089951968,-.27125174,.016498171,-.37454548,.0086578745,-.027811328
-.00022477214,.0052807657,-.00060087524,.0083189579,.00033630177,.0053732446,.00011887468,-.004112401,-.000082940016,.0051073465,-.00027726137,-.0052440497,.00066075969,-.011503662,-.0025847645,.027893221,.001380579,.033598997
-.00071533234,.02721061,-.00038433482,.013561754,.0001913911,.0025433416,.00044175237,-.020017758,-.00002824311,-.000029196479,-.00023915072,.00057464791,.00477752,-.19138607,.0033745521,.000076603486,.0020345375,.07112138
-.00048297606,.0082348939,-.00060077856,.0094486149,.00036646341,.0065580579,.00057792774,-.018266341,.00012309947,.0016066314,-.00029911802,-.003358701,-.010252643,.26977977,-.015900107,.32842833,.0021099823,.16579407
-.00072371564,.025676135,-.00044096514,.013883185,.00046815709,.00030801664,.0004546938,-.01985372,.00026850781,-.0033753982,-.0004478287,.0022454294,-.00024501779,.068145812,.0065778387,-.038412534,.0052406299,.07326521
-.00066297251,.022185244,-.00019351966,.0080070784,.00014857062,.0028021741,.00028135179,-.015205316,-.00010947951,.0037468334,-.0001847393,.000069412483,.0042370954,-.084786952,.0054147989,-.021110741,.0049351114,-.015954874
-.00036425228,.011178339,-.0004637829,.0099103432,.00027444423,-.00308365,.00023569171,-.010606283,-.000054027747,.0023415417,-.00035273115,-.002877007,.0069702724,-.19495288,.0012676206,.04229578,.0063475352,-.026284952
.00015344511,-.0042342497,-.0005366893,.0071536964,.00039468808,.0017117487,.00027986229,-.015580007,.000088269735,.0048967483,-.00041105037,.0024266446,.0059118853,-.13724878,-.0021176948,-.028792592,.00079242571,.038018141
-.00050175667,.013322564,-.00063495932,.0088500492,.00013427348,.0030406015,.00013120475,-.0086278487,.00032361178,.002930901,-.00013212039,-.00097136875,-.0017041687,.21042493,-.0042818268,.073637076,.0010566784,.039021354
-.00018537878,-.0017003199,-.00089027913,.022910856,.00044804637,.0014925795,.00020977936,-.0073245568,.00022162143,-.0043715448,-.00040600455,-.0031581842,-.01560458,.49158236,-.0073328074,-.075863525,-.00056896679,-.17508948
-.00068949815,.02572342,-.0010192611,.023299264,.00019063319,-.0026262901,.00044189178,-.020423615,.0010086652,-.015943153,-.00025699066,.0046487558,.0070215967,-.24557571,.0036357928,-.028916812,.0031124854,.048057657
-.00065731525,.019727878,-.00076601701,.012807159,.00021852601,-.0002058292,.00066811108,-.029738752,.00059049297,-.005130955,-.00019270802,-.0021670321,.0056045754,-.27866715,.0073303604,-.18430221,.0065012453,-.097040884
-.00052146311,.01818284,-.00048336023,.010031428,.00020382788,.00517776,.00048465951,-.019236891,.00024289417,-.0015249263,-.00023258397,-.0042923735,-.0018346533,.074265368,-.00048973801,-.016283462,.0013199162,.010904741
.00010602028,-.0067683668,-.0003724428,.0053861886,.00019573905,.00057419535,.000099754987,-.0027848093,-.00022403234,.0063220575,-.00020210411,-.0015354519,.006421952,-.25391507,-.0026907416,.04947539,.00044320564,.065978311
-.00020704261,.00792751,-.00027463571,.011017853,.00037712033,-.00032407616,-.000039834071,-.0071120709,-.00019082226,.0022050194,-.00029463196,-.0026556328,-.0028846222,.18735613,.0044477745,-.065642118,.0023280231,-.037449114
-.00039146771,.011873725,-.00045564634,.011195085,.00026269443,.0043421159,.00012803214,-.0080615003,-.00019901467,.0042838478,-.00026389543,-.0010719503,-.0010751601,.056357063,-.005286118,.10084683,.00041772763,.094944462
-.00034577955,.010804246,.0001287005,-.0043772538,.000285013,.0066568856,.00013536472,-.0066567007,-.00046669901,.011944595,-.0002591399,-.0038384364,.010538649,-.44339237,.013824327,-.37579149,.0038034846,.026007755
-.00021445018,.011864939,-.00056333252,.014258373,.000089649417,.0012399126,.00009058354,-.011141026,-.00014805039,.0030537955,-.000069568705,-.0042209537,.0014219536,.060643341,.0064274389,-.14812459,.000045481029,.013464019
-.00085922738,.023701154,-.00054633501,.0087758377,.00032115309,.00013556406,.00066247414,-.020244144,.00016281231,.0019341126,-.00034714592,-.0019677475,-.002617768,.13645285,.0018798419,-.0046652202,.0038282436,-.011840017
-.00076419616,.016827,-.00096534012,.021523446,.00025497578,.0017704907,.00037610959,-.0081994301,.00045556526,-.0063634743,-.000331697,-.0012059504,-.0015118325,.039817572,-.0026988208,.035159398,-.0011167084,.04248032
-.00011954427,.0034311889,-.00077626132,.013363185,.00036423377,.0023514121,.000088115412,-.0084877489,.00040609666,-.0028085506,-.00031772483,.00075459626,.0023773341,-.073697537,.00076061615,-.046282142,.00089513336,.1093391
-.00059582578,.013591019,-.00048293045,.019994799,.00034416761,.0013318785,.00046367728,-.019479197,-.00031880441,.0016877158,-.00041194307,-.00016081272,-.0018301168,.073144041,.0073348731,-.068355128,.0030376462,.084898345
-.00017568727,.0072255242,-.00065170322,.010643084,.00016893964,-.0019956634,.00017118923,-.012804384,.00030528585,.00002220852,-.00029465649,.0026985423,-.0088592367,.4014582,.00017139241,-.1738686,-.0024860525,-.071937352
-.00032553068,.0069178785,-.00042588945,.011521318,.00023072562,.00019008928,.00031346522,-.013567771,.000057628873,.000086663436,-.00024305034,-.000035670226,.0027461173,.037070993,.0024119117,.054489009,.0022983626,.055088181
-.00042151599,.010979272,-.00049762032,.013863319,.00075406954,-.0080549503,.00041381849,-.015876949,-.00001684368,.0015661055,-.00048565376,.0026833054,-.0056388406,.2541585,-.0036933145,.022998659,.00022837716,.074105941
-.0006984825,.021325761,-.0007704476,.015899433,.0005695367,.0018146404,.00055529195,-.020554351,.0011569371,-.015943555,-.00045093917,-.0011057919,.0050115152,-.20001309,.014317669,-.36976984,.007510128,-.075473718
-.00033904347,.010139056,-.0006291382,.015434907,.00027199383,.0020399413,.00024432418,-.011298259,.000058574038,-.001880834,-.00038224526,.00044982432,-.00060310197,.022278903,-.0039452678,.078919768,.0026623989,-.0014786143
-.00023186322,.0064298883,-.00073237857,.010630122,.00025368633,.00011369909,.00011414516,-.0059414189,.00020357269,.0020549358,-.00033193413,.0013065588,.0033756869,-.087957993,-.0054539135,.10029343,.0015693946,.044209812
-.00038382481,.0080272183,-.0018197835,.023805453,.000015649584,.0036949343,.00062930858,-.019776858,.0017078777,-.017889567,-.00013984606,-.0022486516,-.00032551153,.036504708,-.0025555417,-.044546165,.000030829746,.040275674
-.00081311184,.023710292,-.00049726828,.013817452,.00037613671,-.0028509691,.00047033007,-.014376437,.000019611911,-.001533458,-.00030565695,-.001032684,.0050514145,-.11133687,-.00052432873,.097086757,.007877944,-.10969869
-.00025038901,.0067319232,-.00037401289,.0098125376,.00045545719,-.0034936506,.0001256644,-.0060981442,-.000016357379,.0020315144,-.00023659943,-.0012581457,.0024923459,.010702878,.00068400544,.027260588,.0045000277,-.078132279
-.00067806232,.024157079,-.0009942092,.020841246,.00020290499,.0019858603,.00037510865,-.015571418,.00063635589,-.0073484271,-.00029729266,-.00050484564,-.0025181288,.16650888,-.0045178323,.1202027,-.0021281037,.084121786
-.00028348193,.0058433725,-.00053574005,.010523307,.00041550255,-.00042350509,.00021183351,-.010195555,.00015620592,.0020782631,-.0004226848,.0032817719,.0088701062,-.3580119,.0068462365,-.081888869,.0055514802,.080221534
-.0005877986,.016420405,-.00048576025,.0096628368,.00020264924,.0044601685,.000079382946,-.0091695916,.000017592472,.0013313584,-.00029497803,-.00041060295,.0032217321,-.11840295,.0022993328,-.018062143,.003199178,.11243213
-.00063111266,.015227461,-.0003717418,.012600339,.00044153232,-.00063626526,.00043959197,-.0160913,-.00039219891,.0072584823,-.00039525115,.00044302159,-.010536326,.43277723,-.0093484996,.33191788,.00042730407,.079933763
-.00063991267,.012996878,-.00065956061,.0099986559,.00014490529,.003599474,.00041631947,-.0097318897,.000077256176,.0027009919,-1.1300405e-06,-.0037616827,-.0010031732,.098056346,.0015812316,.0095254844,.0018308634,.0675577
-.000049663347,-.0014898269,-.00037536482,.0074643735,.00028630157,.0029587725,.00027486598,-.007175345,-.00019214467,.0060564461,-.00030443291,.00073789473,.005380895,-.26632938,.0022365954,-.083983265,-.0004472516,.087648615
-.0003516748,.013169928,-.0004819794,.011721955,.00031394511,.00013905503,.00031552676,-.015190352,-.00025176778,.0045117694,-.00041009343,.0030965712,-.0031112244,.21753444,.0036023031,-.075094506,.0033729854,.016923044
-.00032128382,.011193261,-.0012085048,.024417462,.00032716958,-.00040398608,.000031471227,-.0054431083,.00076816313,-.010612656,-.00036247005,-.0014463331,.0012748375,.14710449,-.012301292,.30086681,-.00094299408,.045901366
-.00072037039,.022278195,-.00030825313,.014406132,.00053225091,-.0044925963,.0004035446,-.019725556,-.00021292988,-2.4934352e-06,-.00041348001,.00028836308,-.0062685758,.28199652,-.0022148977,.14083222,.00013308937,.094789758
-.00031295762,.0048639118,-.00030472846,.0075594517,.00051805942,-.003209735,.00036129277,-.014127087,.00013718131,-.00032543004,-.00042040355,.0010383863,.0088044116,-.33080608,.0062691262,-.15956599,.0066180369,-.10599914
-.00064285204,.017479073,-.00035638374,.0085694212,.00028196455,.0039893375,.00032363276,-.013678726,-1.3878418e-06,.0020741713,-.00025233976,-.0044328449,-.00027332531,.086063512,.0048745973,-.030734336,.0030364157,.066358224
-.00017525084,.0052110995,-.00065528892,.016020784,.00025365868,-.0053070881,.000073535412,-.0051978319,.000051196417,.00080389157,-.000053863238,-.0012210646,.0073978519,-.30715609,.002215931,.050910994,.0054102442,-.091819063
-.00020974998,.0087458845,-.00060351286,.0097119408,.00054471038,-.0034553574,.00028133596,-.015689645,-.00044720311,.010864924,-.00029080617,-.0033787973,.0045423266,-.14562525,.0093219476,-.22395431,.0089999316,-.11747479
-.00035273406,.0084861713,-.00052848877,.010395197,.00018537111,.00052079378,.00025220728,-.013489556,.00010139436,.0010021459,-.00018105276,-.0009997593,.000053414282,.021807952,-.0003500579,-.014445944,.00047185435,.00060068938
-.00010550317,.0017043634,-.0005816656,.0085623963,.00031813441,.0040055308,.00011815553,-.0087739015,-.000075482392,.0060715708,-.00027141761,-.00084395049,.0071636955,-.22949533,.0040562917,-.1522166,.0017537,.026793366
-.00037837899,.0057759187,-.0009202371,.020377569,-.000041006719,.0088872919,.00039606492,-.011872008,.00020230988,-.0015503232,-.000055653738,-.0034047603,.0034987656,-.087893918,-.0042010862,.097071163,.0029593236,.032539967
.000033659962,-.0032956784,-.00070387416,.0099471947,.00016821433,.0024939773,.00016208041,-.0075906692,.0001439801,.00369303,-.0002356238,-.0013014994,-.0021214453,.1470501,-.0031446884,.096406586,.0028672195,.076832324
-.00021572148,.0026208637,.00018184407,-.0049784947,.00035365374,.0027321612,.00026977158,-.0099573759,-.00058901188,.014759596,-.00038119592,-.0013868264,.0037126474,-.13060811,.0094588194,-.24434358,.0044737635,.043538339
-.00020915273,.0027390171,-.00054588803,.0095373411,.000087440909,.0025339732,.000063662999,-.0094509143,-.000062234911,.0054199095,-.00006389842,-.0028770447,.0029258556,-.054371521,-.0070232349,.064020328,-.0022948368,-.0015074027
-.00053945614,.013255793,-.00073708431,.018040104,.00031756784,.0015892872,.00041844373,-.014900283,.00040118778,-.0058854069,-.00030147395,-.0015791651,.0036138068,-.026161969,.0015460268,.082049929,.0055883462,.055273864
-.00072285184,.02031214,-.00020906884,.0096269902,.0001644515,.0017872374,.00012210765,-.0079528205,-.00040529727,.0063255439,-.0002189068,-.00068018428,.0021537326,.032311067,.0066306726,-.010562119,.003700342,.098590419
-.0007421269,.018168667,-.00064865826,.017892718,.00052480726,-.0042029964,.00042772619,-.013600864,.00061113801,-.0088392133,-.00050453097,.0027616823,-.0092782006,.33112305,.008807865,-.089482069,.0056819888,.00184117
.000077635166,-.0030568999,-.00058380875,.010302032,.00020800668,.0059257261,-.000037971207,-.0019809955,.000017833308,.0043569943,-.00030754792,-.0019782085,.0069026346,-.23585466,-.003765254,.028515313,.00072196632,.049713947
-.00046406683,.021484513,-.00043363462,.010692514,.00032472593,.001681347,.00039561445,-.020523714,-.000010038945,.00093974447,-.00032789717,-.0010698126,.0060266587,-.18751237,.0015522094,.034459624,.006623554,-.023326306
-.00026501872,.0049745715,-.00054938032,.0038995633,.00034200042,.00021132863,.00038762446,-.014682914,-.000068779438,.0071907393,-.00039581402,.0019789485,-.004251081,.23135969,-.0036663788,.054269809,-.00067256886,.1109255
-.00019212477,.0070231017,-.00067485467,.014733688,.0002037766,.0036261829,.000094926239,-.0046490203,-.000080681835,.0048540458,-.00010139414,-.0040200888,.00029158665,.063142635,.0031993648,-.062393554,.0018467854,.027746016
-.000047833921,-.001632005,-.00047138147,.0092747733,.00045568377,-.0060719098,.000089310626,-.0040432485,.00040526135,-.0017482226,-.00042643657,.0013468107,.0055882894,-.10323839,.0059986864,-.066191144,.0083770417,-.11121591
-.00057813158,.014585336,-.00089511648,.0173166,.00061759364,-.0095421337,.00050752092,-.022906385,.0007342454,-.010865637,-.00051984476,.006826913,-.0011863466,.077812836,.0025680014,-.0030845101,.002763543,.019941783
-.00034345678,.010322315,-.0005839871,.014512018,.00038240163,.0028528923,.00031777198,-.015521176,-.00010575781,.00308122,-.00039377133,-.0028564131,-.004260404,.1804076,-.0069096517,.099649467,-.00010360193,.044763681
-.00018447445,.010385145,-.00077614706,.014954412,.00043924697,.0018632034,.000083896462,-.012308864,.00002406663,.0010248917,-.00035338782,-.0019399716,.0024879593,.098851964,-.0061834268,.12881011,.0034444358,-.028641827
-.00023032623,.0041600266,-.00090010534,.022791253,.0002177759,-.0028952991,.00032775561,-.015064958,.00041930049,-.0079808207,-.00020988137,-.0021205074,.00056167366,.010669497,-.00053530122,-.0053567481,.0041127065,-.094621517
-.0004122144,.010370978,-.00094732112,.019601278,.00009060165,.0012230092,.00016889918,-.010183166,.00055549486,-.004447584,-.00021171021,.0009526948,.0063422909,-.261244,-.0032812208,.12662296,.0028596597,.075029492
-.00073746574,.024218587,-.00076364732,.01984233,.00027136781,.0060398844,.00042968092,-.014536605,.00014508933,-.0020358255,-.00026503013,-.0045388639,.0010811324,-.062779389,.0044576991,-.069610409,.0078810332,-.055259157
-.00091631006,.029788528,-.00062767393,.012297834,.00027187474,.00092633103,.00050659594,-.021564774,.000400522,-.001955657,-.00020637919,-.000047967991,.0025307829,-.04301301,.00042645328,.078025728,.0029849373,.059098121
-.00035264224,.017139807,-.00050484872,.011860932,.00024095697,-.00077781052,.000042410407,-.0081004789,-.000046760251,.00098844455,-.00029481147,.0020848017,.004886474,-.1259907,.00011067568,.11055695,.0038254552,.07815747
-.00030740889,.014446924,-.00059442129,.010189335,-.00013073911,.0066095679,.00022832226,-.014442124,.00031390507,-.00043980675,.000037263635,-.0056976196,.010013107,-.32625362,.0075580426,-.087980621,.0084061148,-.10280225
-.0003312701,.0097771231,-.00058242225,.0082422784,-.00026250901,.0066105425,.00034838688,-.010390711,.00041993364,-.00186526,.000067534667,-.0057001719,-.0029972713,.1985635,-.0020421487,-.0050737592,-.0021858378,.023631869
-.0005219648,.013560701,-.00046832539,.013408777,.0004184565,.0010003715,.00032398425,-.01603454,-.000148836,.00083236641,-.00033303432,-.00023298604,.00030615623,.096972667,-.0032867668,.18364407,.003998484,.081627682
-7.9682422e-06,.00062057958,-.00075300073,.016947472,.00027535527,-.0011505978,.00003675235,-.0031945053,.00034627665,-.0049448903,-.00034571497,.0030653144,.0041245576,-.15606935,.0053660995,.018431528,.004594082,.052190743
-.00054630736,.01687987,-.00073438545,.022796636,.00042918086,.0029624142,.0002262076,-.01308156,.000063039457,-.0026365048,-.00041325728,.0020666101,.0023853311,-.0011913726,.0015808411,.0070301904,.0029615765,.11187505
.00016733404,-.0051849904,-.00023443335,.0052067176,.00036961137,.0010495582,-1.4313662e-06,-.0043496964,-.0001603384,.0052683563,-.00039809861,.0013410671,-.00086582411,.14137928,.002072172,-.036998075,-.0047144415,.20974268
-.00021164045,.0039378405,-.00057113252,.0093283663,.0003791831,-.0067533338,.00036066677,-.015348744,-.000079430225,.0038410213,-.00029870652,-.0023274166,.006701984,-.19375463,-.00027244224,.097630002,.0079123778,-.098932654
-.00056397461,.017921366,-.00053203356,.013606084,.00033147368,-.00110379,.000313147,-.013312655,.00025270029,-.0024782661,-.00030677143,-.00013747327,-.007454928,.28473574,-.0018439982,.10372392,.0091684582,-.018011013
.00020244105,-.0085064406,-.0007961049,.019280136,.00090989046,-.0077807037,-.000097853183,.0016541668,-.00015983343,.0019818302,-.00071789813,.0040068021,.0033570919,.012180011,-.0095941126,.17746766,.0063960277,-.093826115
-.00059690821,.020758051,-.00032237609,.0026304531,.00042161735,.0051747025,.00051182421,-.020938717,-.0004987517,.01176339,-.00034833979,-.0010947651,.0060373228,-.1908543,.0087473951,-.23339671,.0041543189,.092379853
-.00032031562,.0080222981,-.00042305351,.0092764739,.00019585479,.0048990035,.0003597734,-.013240297,-.0001356945,.0052301432,-.00029436627,-.000047743932,.0011748383,-.0037897783,-.0026823177,.078981712,.0019399773,.091409162
-.00074703962,.015735704,-.00017475941,.00056330115,.00043387123,.0017209925,.00033279404,-.010726425,-.00016458362,.0073111597,-.00051311153,.0018429954,.0017431288,-.13403243,.0043983064,-.11676826,.0045785196,.075483851
-.00025777795,.0047658277,-.00062165788,.0087029785,.0004666954,-.0016571669,.0002520803,-.010413608,-.000036049794,.005494352,-.00042499648,-.0010133869,-.00062533753,.081298672,-.0078386804,.044493888,.0033720958,-.028750997
-.000068649832,.00052130909,-.0012200997,.026988516,.00034937766,-.0019353968,-.00012651338,.0032683637,.00026629074,-.0038451888,-.00033390333,-.00021094207,-.00038178716,.0026450923,-.012584353,.25766659,.0067158095,.016001029
-.00033801614,.0074499403,-.00036334831,.0063539632,.00020448717,.0023554009,.00012673932,-.0026639325,.000042671534,.001805598,-.00027498635,-.0012537022,.0091811232,-.31808895,.0064648623,-.13369821,.0034536559,.12671483
.000040522576,-.0013129384,-.00053923461,.0079130838,.00010405093,.0032898348,7.2947737e-06,-.004993638,.00012036722,.0041358569,-.0002266704,-.00080860872,.0090543358,-.24540159,-.0024149874,.09604384,.0025220856,.10493192
-.00067404762,.01412145,-.00058334257,.015627708,.00015507531,.0039200322,.00055412593,-.014642257,.00016990227,-.0023874573,-.00016367593,-.0047219489,-.013069149,.39174306,.0021510248,-.12159045,-.0041483361,.038484361
-.00044998238,.011738927,-.00046869641,.0059975293,.00034213517,-.00088566955,.00024602379,-.010082549,.000030024354,.0061435783,-.0003893807,7.7851846e-06,-.0044634482,.21496563,-.0022003609,.073512495,.0031359969,.081479304
-.00044970363,.011743202,-.00049411558,.0055335024,.00019975132,.0011903294,.00027798497,-.012183986,.000019964647,.004692086,-.00018673409,.0012533751,.0067543942,-.23735122,.00054947578,-.035361435,.0027618175,.07557933
-.00061602774,.02327127,-.000760909,.015419339,.00037454357,-.0034200551,.00031855179,-.014682877,.000493042,-.0054827952,-.00040028524,.0027437436,.0010343433,-.0035986057,.0043478841,-.063115299,.0056665391,.039169855
-.00052514003,.010934199,-.0008250458,.012138067,.00030712539,.0018845192,.00045904939,-.015046498,.00062667573,-.0034975202,-.00018836542,-.00018703533,.0035265503,-.094486125,.0058837919,-.10781457,.0039103101,-.019233603
-.00049565412,.018249044,-.0004129835,.011870719,.00021546335,.0025905888,.00036735204,-.015160888,.000021703165,.0005591283,-.00028007422,-.00030914752,.00080859213,.027955381,.002800867,-.01536854,.0027025621,.043918334
-.0010538823,.026379021,-.001135713,.026166551,.00022060177,-.0017875371,.00060319132,-.018804418,.00051524193,-.0074680261,-.00022072929,.0012650242,.0046861558,-.20950574,.0053071077,-.025861856,.0043791179,-.00375388
-.00070540741,.027760662,-.00056921766,.01048496,.00014261132,.0093476949,.00045250935,-.021514503,-.0001315719,.0066224602,-.00032179916,-.00056704221,.0048990855,-.14623262,.0013500085,-.11480574,.0032775071,.033250954
-.00074874307,.022914475,-.0010119409,.02412821,6.1465767e-06,.0041360678,.00047798426,-.01485483,.00042885556,-.0065480289,-.000074013165,2.4242406e-06,-.00012529128,.024575895,.0040818914,-.10724386,-.0031751881,.14268723
-.00018636922,.0051850677,-.00031505368,.0072663631,.00034703113,.0029865564,.00016650536,-.0071834885,.0001879593,.0007776788,-.00035227597,-.00043229177,-.0018837217,.17708771,.0026151387,-.0022147857,.0026594144,.017868342
-.0003990418,.013359099,-.0007206825,.010362231,.000097530894,.00021805987,.00034352558,-.013945667,.00029021173,.0025069774,-.00016336972,.0008293654,-.0018896565,.173766,-.0046627331,.13636532,.0032717243,.02352874
-.00044006825,.018017612,-.0012255528,.031614993,.00029642155,.00079630036,.00027124694,-.014552064,.00096716196,-.020778887,-.0003252567,.0004929541,.0034450474,-.071079232,-.0067715221,.20701624,.0029144359,.040664535
-.001001872,.032362398,-.00048152884,.0094618965,.00039671603,.00025018855,.00085344893,-.032522488,.00019583933,.00076608965,-.00035371332,-.0023141736,.0071323379,-.35036227,.010368087,-.23587541,.0077843103,-.11887693
.000067402339,-.0050317603,-.00069184671,.015639955,.00030077202,.0042449976,-.000030928324,-.0010576488,.00045528015,-.0046745753,-.00036514035,.00090608129,.0054538799,-.08892826,.0013122068,-.0075023496,.003914007,.067855477
-.000098944656,.0053628897,-.0005330111,.011550515,.00050486566,.0030597367,-.00002644583,-.003495119,-.00028543465,.0089904647,-.00033210134,-.0015107602,-.0073030107,.29948494,-.0043132729,.10138299,.004637308,-.022111578
-.00034070725,.0076397969,-.00060931733,.0069591613,.00011756071,.0051177614,.00044707171,-.01440011,.00024785212,.0028794005,-.00018411168,-.002145712,.0062746075,-.18344067,.0041415794,-.14481437,.0023134477,.035211474
-.00062015769,.013502955,-.0011724303,.028424423,.00043124982,-.0025984752,.00047390509,-.01673018,.00060561515,-.011511241,-.00021889049,-.0033395756,-.011622516,.47429988,-.010482441,.15790024,-.014772056,.26156229
-.00054000912,.016848333,-.00063005794,.017646149,.00025147604,.0041083042,.0004084516,-.015595531,.00021473072,-.0017575676,-.00035067863,-.00083166588,-.002774694,.23694032,.001026602,.081498533,.0035132582,.032349486
-.00039504998,.010514514,-.00060813682,.018423218,.00030054693,.0041373526,.00033006773,-.015593636,.00024618427,-.0036009273,-.00019414934,-.0054446575,.0090346625,-.2931115,.012345763,-.20966229,.0024611512,.08524359
-.00034159806,.013497474,-.00036394919,.0099479044,.00025021587,.0017819246,.00009276731,-.0070265653,-.00031599772,.0059475326,-.00016337824,-.0034202193,-.0035436919,.23473607,-.0046914085,.078153364,.0050149057,-.012845377
-.00049109582,.015743991,-.00049116655,.0085584251,.00034929949,.0022708941,.00053734449,-.020030748,.00010561487,.0019065801,-.00031479209,-.000073687028,-.0043948563,.17717277,.0041320547,-.06110917,.0027539458,.083349228
-.00042803807,.0046125939,-.00041095784,.0073477011,.00028422137,.001306013,.00050062314,-.016112968,.00010686339,.0038255807,-.00034587999,.0018488012,-.0013671144,-.041695647,.002688441,-.0710802,.0026021043,.060051143
-.00026868354,.0062744645,-.00051379792,.0091945175,.00050032209,-.0061261635,.0001277665,-.0051783309,.000076024378,.0042202733,-.00048068742,.0030637523,-.0042456067,.15562448,-.0045715314,.021896765,-.0012715237,.057257533
-.00056112098,.017180784,-.000018759931,-.0049966783,.00007321217,.0025230916,.00038874953,-.016424004,.00027447307,.0027250794,-.00014255421,-.00075836544,.0060036052,-.25837156,.020344879,-.537395,.0031839416,.048248079
-.00067311304,.0176915,-.0003552167,.014077044,.00026708783,.0018347348,.00035387548,-.013800023,.000030906136,-.00049581879,-.00021559821,-.0042205718,.00067351561,.088877425,.0040292526,.044601705,.0038165669,.054177396
-.00066428387,.016309032,-.00058143609,.010510571,.00052687083,-.0020794314,.00060059875,-.019798642,.00013320976,.0002546974,-.00038155544,-.00041485275,-.0024884928,.11866456,.0024595435,-.085458107,.0027106085,-.021433465
-.00060340931,.018063964,-.00086902018,.017682077,.00032096801,-.0057203085,.00040891106,-.019083958,.00063202338,-.0085544251,-.00031844006,.0018225729,-.0035858792,.12870646,-.0025605529,.089966148,.0040285387,-.02627253
-.00018516165,.0037445729,-.00091675285,.014418161,.00028530776,.0019080117,.00022481252,-.011413724,.00085573451,-.0094745997,-.00032089074,.00052140793,-.0041956562,.27748483,-.0052897297,.11869062,.0012740218,.050245486
-.00073136261,.024613768,-.00041057504,.010046694,.00035163667,.0013738227,.00049037422,-.018503925,.00047596046,-.0047768839,-.00023553579,-.0012496426,-.00032923845,.12331792,.0073781796,-.10320059,.0040940931,.013005498
-.00055300765,.017805537,-.0004642272,.0068688132,.00055878569,-.0010472627,.00040100116,-.014390663,.000010949818,.0032257193,-.0005419263,.004280943,.00053168798,.0047814194,.0029598444,-.070170499,.0039650281,.076188162
-.00049613108,.012467867,-.00023311492,-.000028369968,.00014966915,.0016174437,.00054907188,-.020789182,-.00045119383,.010555787,-.00019503869,-.0027798323,.0039859232,-.057638716,.0041119116,-.14756268,.0012905843,.024149705
-.00023990295,.0021564001,-.00052808016,.0081807375,.00026551788,.0033725547,.00036236199,-.012210695,-.00016162776,.0077762972,-.00031524725,.00047162164,.0024387315,-.028530583,-.00060842646,.0027638753,.0013523047,.087434828
-.00025827115,.006362828,-.00053161959,.013503987,.00029542521,.0015498013,.00006918436,-.0054991301,-.00019886911,.0028412975,-.000333587,.0016989592,-.0029711223,.14225034,-.0082064532,.21414088,.0027558599,.062115159
-.00041141384,.013158282,-.00069429318,.013878402,.00011238895,.0040321243,.00022198018,-.0097303456,.00020003092,-.00019595074,-.00015294181,-.0029099844,-.0029943942,.062125601,-.0038017926,.039550584,.00089900347,.036621742
-.00048632742,.014659422,-.00034134512,.0096247438,.00022803995,.0072381538,.00019921886,-.010508576,-.000019018118,.0018890447,-.00015939835,-.0018321446,-.000069470712,.0052750534,.0017352545,-.016532436,-.0022090003,.19106796
-.00014492341,.0047639594,-.00039791822,.0063514831,.00024862532,.0034649118,.00030704873,-.0095081544,-.00019256366,.0075926306,-.0002940087,-.0035151653,.0039841132,-.079917736,-.0039583803,.060982533,.0022048161,.059075922
-.00079299591,.020415319,-.00097988197,.020381384,.00020708637,-.0025997164,.00047083991,-.016820416,.00046553684,-.0045673316,-.0003458045,.0006699693,-.0022252365,.053399704,-.0045143967,.12897734,.0014808886,-.0046312939
-.00053599401,.019355226,-.00027209852,.0023992753,.00021555068,.0010863243,.00057722483,-.028084073,-.00040699632,.011887934,-.00020948015,-.0014193481,-.0029402159,.12389594,.002256921,-.091630735,.001644816,.038674038
-.0003186129,.0045416467,-.0007410578,.0036934454,.0004278562,-.0030912105,.000245501,-.008488954,.00046418316,.0041499203,-.00041169467,-.00027693086,-.0079108262,.43615285,-.012418483,.20140451,-.0029270214,.081378236
-.00026605427,.0031629486,-.00065934099,.011133291,.00013856124,.0016324503,.00025692076,-.009622612,.00057372596,-.0027882929,-.00022186914,-.00002511379,.0040274826,-.11882295,.0015245053,.0100101,.001928816,.054568913
-.00026815798,.0059560011,-.00055182248,.01321065,.00047235412,.00014599659,.00026822719,-.0095579131,.00015461036,-.00096063846,-.00040031367,-.00031370457,-.00074710586,.12350945,-.0025273962,.030511623,.0035874117,-.015289869
-.00029353946,.012016599,-.00060858857,.015182917,.00041448107,-.00067154196,.00010586085,-.007783764,-.00022704901,.0050119087,-.00030917069,.000044459921,-.0077380021,.36703387,-.00036771881,.018712508,.0022134855,-.0049269921
-.0005698569,.017976843,-.00081741862,.015554174,.000034995228,-.0038974681,.00028521672,-.013837738,.00077158108,-.0088606095,-.0001460131,.0023589476,.0017551539,-.051569901,.0049457774,-.095887601,.002291996,.010027551
-.00030931624,.0035832711,-.0015023546,.038541719,.00020616244,.006980625,.00011456418,-.0043434887,.00051616272,-.01010425,-.00025339087,-.001904632,-.0091582965,.44214356,-.016929343,.45768777,-.0033001518,.27205935
-.00060876523,.018709579,-.00050088303,.0023712714,.0001670807,.0022510123,.00052884594,-.021952534,.0002829172,.004846538,-.0001908509,-.0033102257,.0047359145,-.1906814,.0049001006,-.1712696,.0022622198,-.021584438
-.000033089775,-.00036150595,-.00078767643,.012046488,.00047596102,-.0050141783,.00031048799,-.015154089,.00043615018,-.0018033267,-.00046285178,.0046043964,-.0012008501,.075829469,-.0079002446,.095199466,.00076389778,.012987139
-.00037901831,.010172928,-.00089913653,.027210642,.00026152126,-.0032119432,.00017427826,-.0053703329,.00041697454,-.010552069,-.0002595922,.00039792719,.0042136558,-.1193096,.003862395,.042833146,.0038454609,.030884583
-.00039593695,.010852454,-.00044982036,.010149608,.00025590946,.0010928572,.00020607869,-.0083522843,-.00012341116,.0062968652,-.00019949027,-.0014226483,.0038210894,-.18046926,.0028370596,.00080660329,.0014046776,.1068864
-.00050656876,.012274019,-.00063381507,.010836778,.0002339776,.0036865135,.00033024323,-.012224056,-.000056951601,.0042326991,-.00019980868,-.0028804103,.00084796984,.025023509,-.0024650549,.066565648,.0016015575,.072581664
-.00033028232,.0098061608,-.00068842818,.014935451,.00026266641,.00046985413,.0002649618,-.015135319,.00044300943,-.0040038582,-.00025392653,4.7568019e-06,-.00032623307,.098979175,.0063347458,-.1728383,-.00027137986,.035265081
-.00038074894,.0082263779,-.00073495461,.017458737,.00033069306,.0023270366,.00019233575,-.0076295915,-.00010592347,.00093256478,-.00034429281,.000078629135,-.0013994927,.085760511,-.0097978227,.075792313,.0030267548,-.028059814
-.0003420162,.0083183879,-.00050693593,.0091717616,.00020366098,.0079660797,.00027021457,-.009935339,.00017008738,.00057714607,-.00016805645,-.003751148,.0062713507,-.20225139,-.001290239,-.01081394,.0012651589,.084717788
-.000094947987,.0037159661,-.0013187355,.024812989,.000040018684,.0068235295,.000069754235,-.0097967675,.0012359519,-.017420892,-.00011929364,-.0024023266,5.0494791e-06,.12371479,-.018248927,.34313682,-.002868908,.12805234
-.00058240135,.014177375,-.00045103341,.0058919243,.00025907336,-.0032210643,.00055999187,-.018723177,.000068856629,.0041286242,-.00014445979,-.0023897712,.0015144823,-.1219312,.0027941673,-.052381691,.001383221,-.0029540269
-.00043642544,.015001152,-.00029580444,.0058606165,.00029412081,.0029224472,.00052992022,-.018413186,-.00026158555,.0050455746,-.0003797258,-.002219643,.0066108531,-.29600427,-.0022682881,-.009544096,.0031815378,.096924178
-.00055587583,.013925432,-.000059875587,.0041391291,.00018810036,-.0018864621,.0004097441,-.016632788,-.00033074978,.0065633967,-.00025838832,.0021014293,.0010290043,-.0085386103,.0027208652,.056910671,.0059424713,-.025063256
-.00058356917,.014220604,-.00037665758,.014773356,.000018617695,.0011223241,.0005155683,-.01931902,-.00010828774,-.00063409458,-.000036005393,-.0018507614,.0023428998,-.11004233,.0014585316,.04508144,.0009738644,.027077271
-.00040229535,.012762983,-.00079913891,.0095736086,.00052800414,.00057501195,.00021798092,-.010700423,.00015122049,.0031747513,-.00039576666,.00011495448,-.0075072697,.27884203,-.015025222,.24831437,.0020519458,.027519394
-.00052149832,.018331867,-.00061411818,.0093595395,.00015860974,.0044454862,.00047360218,-.021579737,.00056156865,-.004311895,-.00031438019,-.000072900497,.0011984081,.12934858,.0080319038,-.16385442,.0041320221,.0070252321
-.00046535887,.011531974,-.00033870316,.0043543149,.00001816849,.0015491485,.00050239067,-.02013433,-.00021504487,.0074414876,-.00002866403,-.0016055616,.0012717951,.031711672,-.003271068,.041147642,-.00057603,.043280751
-.0010766146,.033928502,-.00020116744,-.0012484655,.00028325649,.00052880024,.00080382149,-.032319389,.000075503107,.0046478743,-.00037917928,.001356677,-.0014885203,.056071617,.012153154,-.28318006,.0038294392,.017054418
-.00046524563,.013477197,-.00036193882,.0053642439,.00027614826,.0027191225,.00033239694,-.011329197,-.00014901703,.0066062594,-.00026280605,-.0041254158,.00034417218,.049542639,.0040750275,-.080677904,.0022046971,.088819467
-.00037680368,.010573323,-.00038472968,.009268173,.00022010214,.0015972826,.00029481677,-.01038599,-.00010483597,.0026870817,-.00024854296,.0016709756,.0028718007,.0031812501,.0011660196,-.013950355,.00028530284,.046219975
-.00057971338,.020787342,-.000770927,.014320754,.0001829493,.0019132312,.00039013164,-.015205191,.00014836334,-.00021844094,-.00026235386,-.0014839075,-.0024439632,.14894344,-.0047124615,.11830594,.0025969429,.075936995
-.0004811867,.021308551,-.00075214187,.016288551,.00017866175,-.00033203393,.00061359594,-.029266927,.00054173265,-.0054782238,-.00025690594,.0024433504,.0036125502,-.10083844,.00400003,-.0020996674,.0019543448,.10049683
-.00011715876,.0035869433,-.00047994076,.0056517832,.000046173711,.0049194917,.00021035793,-.0091901897,.00010183331,.0033043604,-.000068239795,-.0023591039,-.0007553302,.15088522,-.0041980967,.015428673,-.0036340018,.10059337
.000012392856,.0015922834,-.00058151828,.007688642,.00029661928,-.00071266852,.000034639528,-.0052868896,.000058372607,.0037881939,-.00031478444,.00202,-.00010832169,.04316413,-.0081836209,.10672684,.00128968,.037772439
-.00042011918,.010511092,-.00063702062,.016313227,.0001847253,-.000015692664,.00036249263,-.012709798,.000082089646,.00051349937,-.00016863862,-.0021934526,.0080184564,-.28439113,.0042062826,.062895395,.0030231604,.055754259
-.00040877971,.0093651777,-.00080613827,.015093009,.00031569332,-.0075836116,.00026392625,-.0088342372,.00017570301,.0020667478,-.00026385929,.0016144252,.0079438491,-.30106515,.0024106745,.038700357,.0039945552,-.02605029
-.00050297106,.017401198,-.00032493038,.0076515051,.00020714785,.0059279473,.00036851224,-.013421713,-.0001837912,.0053119892,-.00026543249,-.003131707,-.001243087,.12286146,.0017831365,.013792635,-.00030578559,.11017909
-.0005652408,.014837034,-.0008639631,.015339958,.00011415874,.00078949035,.00046159967,-.014869231,.00063544983,-.0055925315,-.00025541522,-.0002379607,.00054899941,-.007569727,.0050126817,-.051395722,.00043025616,.097938515
-.00060323108,.018179594,-.00039791211,.010544621,.00030185693,.0036637799,.00032465233,-.019274587,-.0001950008,.0040392978,-.00031074209,-.0025182934,.0028814606,-.12471704,.00064695312,-.024978908,.0033744951,.047124546
-.0004337118,.015247019,-.00061265501,.015792148,.00033261735,-.00016210423,.00060263672,-.025655821,.00012347607,-.0010540494,-.00030346407,-.0017522533,.005991525,-.22243772,.00034855571,.058425084,.0063757063,.048173666
-.00066722347,.022895118,-.0005475764,.015993631,.00016057036,-.002133555,.00039149288,-.01508016,.00017944037,-.0032805928,-.00020992078,.00083923194,.0043036919,-.095754229,.0023334413,.041196302,.0010340262,.070261613
-.00055567111,.010455625,-.0011443066,.027322916,.00054143014,-.0075340401,.0003072299,-.014317692,.00092929293,-.016875964,-.00056697545,.0051370398,-.010734276,.24807535,-.007191184,.25157842,.003566365,-.065551601
-.00059932237,.01669934,-.00043292451,.0079848077,.00033850278,-.00069738063,.00067645236,-.024974272,-.000035744306,.0037709055,-.00032769307,-.000122168,.0020249637,-.12125712,.0026193715,-.077227674,.0045774328,-.040602986
-.00095136452,.027211092,-.00020211648,.011950394,.00057187444,-.0087907929,.00042421243,-.017865539,-.000063305713,-.00021824751,-.00050814915,.0053405263,.0039680586,-.095861845,-2.1358028e-06,.21089169,.011865272,-.17180307
-.00079334213,.020490039,-.00088204286,.023185601,.00025576132,.0028090696,.00057453004,-.017794499,.00033908733,-.0062394007,-.00034670901,.0011081599,.0032189919,-.1020631,-.0048638731,.21958733,.0030245346,.15188579
-.00027195158,.0044528618,-.0011304173,.026416421,.00017327648,.0035396335,.00025495634,-.0073196385,.00065356831,-.01041511,-.00023268713,-.0012169246,.0043361508,-.12559094,-.001932309,.17328149,.0036373523,.1013946
-.00043303726,.008083201,-.00082418555,.022713013,.00033875753,-.0012928174,.00043231403,-.015635688,.00094804185,-.016438529,-.00042108152,.0030091244,.00067860918,.054921519,.010842,-.18090929,.003112633,.036144298
-4.3903665e-06,.001325744,-.00035404609,.0072807604,.000082612933,.0017757557,.00010436783,-.011528398,-.00020167975,.0046509821,-.00012596966,-.0051953541,-.00032081065,.10097033,-.0037683058,.060997024,-.0032148322,.09395241
-.00040179558,.011874203,-.0010554719,.023827439,.00022154754,.0021432966,.00040771888,-.021424096,.0005954919,-.010352901,-.0002284822,.00015817661,.0036435546,-.037860028,.0037658541,-.061399408,.0019620568,.064828046
-.00030143344,.0083317058,-.00035803797,.0030228405,.00027457025,.00070783385,.00040829505,-.015844267,.00011618149,.0039859526,-.00031170968,.0021058694,.00065795059,-.021880463,.0041337595,-.11911474,.0041727624,.033409722
-.00019276458,.0049621244,-.0011722598,.02774919,.00035468323,-.0095619233,.0002087879,-.0095521733,.00053652894,-.0095443493,-.00033739069,.0018457993,.0067262468,-.21763656,-.0031937629,.14052725,.0018941376,-.040830009
-.00043209075,.01470037,-.00049687899,.014022683,.00035230591,-.0013751412,.00022428254,-.010282885,-8.2699589e-06,.0012001074,-.00035952756,.00035776975,.0098515591,-.3421289,.0058285841,-.014199013,.0071479687,-.020922914
-.00035778797,.0071672895,-.00046399777,.0098111155,.00014981029,-.00082524813,.00013130989,-.0034495033,.000033806391,.0033452334,-.00020242287,.00091557059,.0040018293,-.080752797,-.0046088346,.19456153,.0043864721,.021917047
-.000202105,.0058480394,-.0002538964,.0023550745,.000479918,-.0036303673,.000050986258,-.0029041064,-.00036383315,.010148741,-.00048249218,.0032978063,-.0039110431,.17247954,-.00060978939,-.048466079,.00079372135,.028038288
-.00047025876,.017063269,-.00045253593,.0080899913,.00011196647,.005799463,.00037401987,-.016994037,.00019066824,.0015556957,-.00032399042,.00060099637,-.000024954978,.10012659,-.0023490877,.12756643,.0027991924,.092541069
-.00054015225,.018604038,-.00073100388,.0222934,.0001964853,.0015735734,.00044876779,-.019664366,.00027829432,-.0050631119,-.00026382034,-.0012427762,-.0018114008,.12544698,.0014520232,.035132408,.00082675467,.072276235
-.00047885743,.01216139,-.00055041083,.01231428,.00030603222,-.000042246389,.00021621713,-.012263561,.00056472141,-.0085694836,-.00033182633,-.001333633,.0074929195,-.27984086,.0093474705,-.22580445,.0039220536,.048493274
.00018800102,-.0072155748,-.00049848843,.004885349,.00027870029,.0024194459,.000014594048,-.0057859723,-.00012158929,.0078698024,-.00024193405,-.0015882108,.0067125354,-.18259473,.0036346598,-.13406606,.0071215807,-.10450109
-.00027546895,.0073743253,-.00056547311,.010850967,.00036241795,.00197984,.00046040036,-.016489305,-.00026206963,.0056938706,-.00034632947,.0023763936,-.0018791669,.06103595,-.0010506159,-.051896028,.00089296733,.039106537
-.00044279624,.015843241,-.00027441746,.0049995081,.00030692536,-.0009027645,.0002052569,-.014775001,.000066028333,.0031376225,-.00039235095,.0022893294,.0077143698,-.23751687,.0057248748,-.10864755,.0052123112,-.045274641
-.00025868305,.0083101187,-.00082667533,.015975136,.00036745582,-.0017955519,.00025843078,-.014037671,-.000038772523,.0016715806,-.00022626297,-.0019534021,.0001658179,.069706134,-.010668098,.15093042,.0014239474,.029696526
-.00037243991,.011306909,-.00094303128,.020048438,.00040845791,-.0002038419,.00028562557,-.013139729,.00080533267,-.01162731,-.00041301863,.0013882356,-.0056747687,.31606287,-.0026349034,.10646797,-.00048191685,.071623899
-.00051010365,.017604696,-.00088463275,.024958689,.00043618522,-.0070512849,.00044629618,-.021221614,.00051304657,-.010960289,-.00034177135,.0043058041,.0017740456,-.014083914,.0059742434,-.064513646,.0052229194,-.064325437
-.00070178707,.027561778,-.00051116099,.01203466,.00031576338,.0030728378,.00064473884,-.02714091,-.0001886083,.0055161286,-.00022223032,-.0042656101,.0042053675,-.17359596,.0066322484,-.079064734,.0037676175,-.015187198
-.00072455982,.023099869,-.00025726162,.0048353751,.00023748353,.0040702396,.00041039818,-.014545915,.00020468331,-.0014844825,-.00040801088,.001638295,-.0054370933,.25779805,.0049384064,-.034778867,.0026289462,.10688698
-.000031546984,-.0056898864,-.00070124114,.011976413,.00026950167,.0024260033,.00010362606,-.0025446315,-.000054992062,.0068643116,-.00027198484,-.00030011142,.0061752484,-.23060896,.0004773665,-.047859311,.0025393453,.012421053
-.0010816163,.031951517,-.0011350013,.030584661,.000059099879,.0081409933,.00063428917,-.023602739,.0011386523,-.021216059,-.00014728242,-.004440058,.00028042821,-.0067524426,.012560189,-.20219372,.0019853229,.076574892
-.00025034251,.0069324109,-.00061326346,.012637347,.000033586897,.0020168368,.00018706119,-.010761674,.00010388886,.00067379989,-.00018332583,.0013613101,.0041369419,-.17596705,-.0046577067,.11751064,.0011035895,.08052133
-.00014918532,.0060332064,-.0005582046,.017867282,.00019696612,.0036953383,.00008638484,-.0059469789,.000036381232,-.0033770108,-.00021750171,-.0011133653,.0040133689,-.12909049,-.0008527867,.04122889,.0021166431,.073175699
-.00054015068,.014218127,-.0003806793,.0085052261,.00011586582,.00074297673,.00020188997,-.0054345438,-.0003067384,.0089701787,-.00015191277,-.0041315258,.00043306171,.011708093,.0022511759,-.0522562,.0014155448,-.0038273355
-.00052409508,.016159073,-.0010637289,.02459752,.00023861241,.0021354298,.00035524173,-.013794658,.00056909141,-.0091967415,-.00022278923,-.0011226438,-.0027655512,.11058396,-.004500546,.13218246,.0030193231,.047494944
-.00058072625,.013106067,-.0004000495,.0072157821,.00063281727,-.0078595718,.00031007966,-.011378563,-.00010960455,.0060262308,-.00035542273,-.0018683311,-.0092931883,.33274588,-.0027966062,.064135261,.0023192654,.11822698
-.00060778158,.013500293,-.00037618616,.010498352,.00021769459,-.0015576982,.00050080684,-.022015035,-.000035496858,.00094785163,-.00029439587,.001941264,.0022599746,-.16478448,-3.2744613e-06,.10989341,.0047630309,.065463997
-.000091393063,-.00022738635,-.00040398186,.011657014,.000345012,-.00040023928,.00020267756,-.0088641336,-.0001935766,.0050246902,-.00034777191,.00038690836,.0021797845,-.04933805,.011812354,-.16527556,.0057517323,.051341731
-.0004498804,.010488821,-.00055368332,.010264195,.00028459041,.0016214241,.00024879095,-.0028961061,-.000099636898,.0022833636,-.00043576301,-.0018209808,-.0051322188,.21764265,-.009438552,.14326808,.0012065991,.0085147927
-.00052189262,.012628657,-.00114889,.023582024,.00040282731,-.0065200459,.00049350475,-.018089984,.00031958715,-.0013861657,-.00030666834,.0028637995,-.0015130503,.16582593,-.0030887432,.080444172,.0015481458,.024927732
-.00025448523,.0072782892,-.00091255043,.024772566,.0004759547,-.0017265297,.000094415765,-.0048774751,-.00025217221,.0036487761,-.00040055835,-.00039125688,-.0044966,.20053247,-.0077206972,.12459609,-.00051470083,-.003800923
-.00044286373,.012780249,-.00051925052,.011943357,.00026585787,.0034749692,.00048397921,-.019089334,-.00010857734,.0036938209,-.00028113482,-.0026184472,-.0025036254,.13613614,.001135517,-.014275498,-.0010154789,.10774708
-.00050861365,.016230538,-.00030752417,.0093778353,.00023223029,-.00058986701,.00038914499,-.017561393,-.00017884267,.0027007682,-.00034414811,-.00014287257,.003534368,-.077555068,.0026706201,.002832596,.0043692212,.075468801
-.00065035012,.022954768,-.00074282096,.016246429,.00034896829,.0018450941,.0002316835,-.01549366,.00030499985,-.0021394114,-.00041602959,-.001211735,.0014539821,.025370173,-.00086079736,.1432765,.0026488695,.11211237
-.00031481244,.012025029,-.00044620008,.0091557279,.00019439732,-.0015753825,.00017272594,-.010537372,.00033048532,-.0020845162,-.00037497838,.00077266654,.010209823,-.30090863,.0048447051,-.015803713,.0040825345,.067632236
-.00036104978,.0059252824,-.0010874391,.02345572,.00032461304,-.00069444301,.00019179094,-.0041656843,.000022538903,-.00051587389,-.00022926887,-.0019134901,.00056183664,-.070163377,-.012853352,.21372187,.0032161004,-.062593333
-.00047356772,.01402829,-.00055287662,.015688768,.00050287275,.00064647105,.00043447257,-.01841254,1.5715514e-07,-.00090791006,-.00045895629,-.00091700809,-.0067230901,.25223118,-.0006225328,.10991741,.0054842811,.018677274
-.00080634584,.029407058,-.00043863789,.011716217,.00047938508,-.0022658815,.00069277093,-.027549589,.00019657209,-.00069021719,-.00045711867,.00038366998,-.0058559431,.30909061,.00641168,-.015978275,.0027433056,.053108603
-.00023475489,.0046241065,-.00055583881,.0077553475,.00016752402,.0040882486,-.000061826657,.000181583,-.00013845571,.0059337597,-.00019248882,-.00058705569,.0055705244,-.1204451,-.0065141339,.073464304,.00038192084,.040973365
-.00026962618,.0056883628,-.00079033733,.015875494,.00020156473,-.00155825,.00014654867,-.0096019274,.00039299292,-.0027120281,-.00021060143,.0005436177,.003221845,-.012118616,.0012675192,-.031435736,.0016983466,-.0022267334
-.00057593361,.023097875,-.00071894279,.018321376,.00031243451,.00071602419,.00047416173,-.018384362,.00015997383,-.0040865699,-.00039608692,-.00065701519,.0062626279,-.19689518,-.002258081,.11771325,.0059097605,.094726421
.00013052468,-.00071303174,-.00055911409,.0081136497,.00015041835,.0055420622,-.000094556759,-.0028331552,.00011762708,.0023368846,-.00026710279,-.00032208714,.003292466,.01354628,-.0041732076,.053343453,-.0026929954,.13070232
-.00032850791,.0087352656,-.000079601807,.0058412128,.00064475677,-.006686592,.0003690274,-.017756725,-.00038379105,.0076744626,-.00059087051,.0044888076,-.0091335122,.42190623,.00012696446,.048248507,.0021719299,.22102258
-.00015972517,.0097360397,-.00037983083,.0056595565,.00032433457,.0015580786,.00030604057,-.014988396,-.00018133192,.0067329328,-.00030925145,.00013049292,.009333184,-.3321048,-.00075718807,.026696781,.0031588362,.059204858
-.00026844189,.0067781163,-.00085967738,.013958709,.00024650682,.0013984259,.00010289586,-.0091008702,.00016923975,.0044143442,-.00027331206,.0022773976,.004341282,-.032758035,-.0035634271,-.023775963,-.00054297637,-.00093792391
-.00037392598,.011803413,-.0008057935,.019472683,.00023523434,.0028750694,.00026853257,-.0077284919,-.00017628435,.0031977755,-.00033311496,-.0024568909,.0074551664,-.23075745,-.0057710856,.18784174,.0032220122,.062062252
-.00065670424,.020611973,-.0010043659,.023714114,.00046916978,-.0019147353,.000392897,-.01684835,.00058269821,-.0096289106,-.00044888453,.0031852748,.0092388429,-.34132132,.0107254,-.20255919,.0062074894,-.013898309
-.00055298861,.018182121,-.00060424459,.012847742,.0003142505,.0042411173,.00060906832,-.026436109,.00018493386,-.00012864477,-.00041141835,.00086534856,.0037392983,-.14512309,.001820792,-.0012586899,.0025213412,.10870067
-.00040510291,.0068373997,-.0005758254,.0010801499,.0002341316,.0028992365,.00019672229,-.010203629,.00044078371,.0047278572,-.0002379447,-.002189737,-.0077079879,.2178095,.00091839326,-.0034663589,-.00052176527,.086812347
.000032644857,-.0073492578,-.00087514712,.012458612,.00036486692,.0025673681,.000069345675,-.0018817317,-.00017521929,.010156918,-.00032483824,-.0014982768,.0012292166,.042109966,-.0046842289,-.010297471,-.00027647987,.047712326
-.0004254012,.011040361,-.00047913787,.0069354293,.00035919255,.0011820412,.00019481854,-.012420093,.00011217906,.003746995,-.000068030691,-.0031138228,-.0053220703,.13094907,-.0061580306,.033183832,.0010204104,.047562625
-.000055770954,.00010659215,-.00038846806,.0083158882,.00043538827,.0045477827,.00007223407,-.0048628091,-.00010281916,.0030295749,-.00041083482,-.0037403882,.0067194602,-.2108333,.0057351282,-.10786387,.0034811457,.07144808
-.00056148699,.011710352,-.00065323676,.013266514,.00039300357,-.0021977532,.00041979266,-.011662401,.00046917266,-.0036545042,-.0003080015,.00030987326,.00016449044,.034080092,.0030583232,-.02246693,.0031395045,.0040032961
-.00026593666,.0031996353,-.00066781475,.010723641,-.000018591056,.0038865365,.00025216732,-.012347128,.00014310933,.0023900117,9.8222854e-06,-.0023788186,-.0031983119,.10185625,-.0053687762,.052609481,-.0018980467,.024451768
-.000258988,.0095053725,-.00089498487,.014741859,.00024914241,.0010842896,.00018248853,-.0099186674,.00049547898,-.0011188117,-.0002299225,.00046279209,.0029239708,.072882563,-.0024984127,-.030280255,-.00022766192,-.0046840198
-.00049595354,.012182875,-.00036368321,.0057405704,.00025308854,.0040448969,.0003092938,-.011208525,.00019162231,.00267788,-.00041492539,.0020987075,.0011886433,-.058301359,.0053440076,-.088695854,.0029525198,.1125529
-.00051753805,.016280338,-.00050448265,.0054374957,.00038305842,.0023296224,.00041646781,-.018594034,.0003830241,.00095179846,-.00033533029,-.00061235216,-.0067199916,.28648728,.0023348581,.0028061303,.0026669931,.048478596
-.000060046597,.0030842423,-.00094890693,.022524331,.00020628703,.0026582228,-.000027992804,-.0041746078,.00060996081,-.010702307,-.00025165814,.0019424679,.0015138605,-.051089168,-.0082101487,.11525088,.00047613407,.012134477
-.00051152252,.014537452,-.00050998299,.011795982,.00026797093,-.0022380194,.00030236889,-.010036301,.000036040481,.00085294555,-.00031618564,.0014408283,.0025553713,-.088603884,.0013523519,-.010288251,.0014136762,-.0078949993
-.00043004396,.0091062309,-.00048985035,.0085417433,.000069778187,.0041818782,.00043653973,-.015024879,-.00022526913,.005683905,-.0001151819,-.0013789586,-.006479485,.24925604,-.0057390886,.11298047,-.0016326639,.040687837
-.00039767736,.010674058,-.00048079866,.0093928175,.00032242402,-.0010660751,.00053212448,-.022672722,.00016436011,.0010536487,-.00030374224,-.00052876933,-.0024901934,.073053807,-.0012523624,-.0051301662,.0023154535,.01567696
-.00029866686,.0059207389,-.00067221996,.013095041,.00045631384,.0022345849,.00037009097,-.016832918,.00029248482,-.0013380578,-.00032982707,-.00078816136,.0056958469,-.12595023,.0014337779,-.025573539,.0038890752,.050043527
-.00013472732,.003318042,-.00071421365,.014028492,.00017857125,.0024154675,.00015152573,-.0055288989,.00030630676,.00073652295,-.0002301988,-.0030437994,.0052349893,-.083037436,-.001906127,.093802243,.0020715601,.017573742
-.00022593366,.0034849213,-.00049989234,.0083456291,.00044621524,-.0038304131,.000025270279,-.0028581806,-.00011591754,.003491716,-.00039208721,.00065737055,-.004671542,.12387593,-.0085209413,.11115995,.0036063294,-.062813349
-.00030236616,.0044638361,-.00014696005,.0043074531,.00015727339,.00019589637,.00038845852,-.01424515,-.00020314544,.0060470086,-.00029004991,.0016274204,.0024258001,-.18900998,.0099267084,-.20878612,.002032504,.054842003
-.00035596333,.013088468,-.00048822144,.010670051,-.000015649384,.0073818825,.00040254998,-.016121225,.000072610019,.00050682831,-.00019044171,-.0014123785,.0041908845,-.14233905,.0062944223,-.1348964,-.0021470038,.16636828
-.000073882715,.00058553548,-.0005316452,.012466936,.0001803709,.0023067871,.000057638659,-.0016256338,-.000076498764,.0023136372,-.00024363509,-.0052690962,.0047748182,-.14039358,-.0047311615,.062669031,-.00080166111,-.0038971805
-.00033306566,.0074715191,-.00051310507,.010839748,.00010085185,.0028274525,.00030796145,-.013357479,.0003155981,-.0006314739,-.00020888755,-.00032870151,-.013488065,.54969329,-.00099651061,.083126061,-.0045645898,.075202808
-.0001490357,-.00026000178,-.00079994759,.011538538,.00021939949,.0053170109,.00014718024,-.0014638165,-.00016494587,.0076761669,-.00020957597,-.0058315303,.0014230497,.043730605,-.015505669,.25262314,-.0041909469,.087697178
-.00041514984,.011058313,-.00011687194,-.0025402755,.00021447289,.0046174475,.00034648244,-.016879158,-.00052617432,.013063402,-.00036505837,.00036115537,-.0021808371,.15279418,-.0051961662,.066244923,.0010565545,.098761387
-.00077255408,.017002629,-.00019648329,.0020709962,.00046059344,-.0026806954,.00036317826,-.012096968,-.00024891441,.00721994,-.00035680772,-.0032319801,-.00015280448,-.099199146,.0027610289,-.014978725,.0052935611,-.037649095
-.00066405261,.022825427,-.00053577259,.010632186,.00018928199,.0041979961,.00034617499,-.016587203,.0001940373,-.00038337783,-.00032131374,.001885078,.0049088057,-.11400054,.0061633084,-.15035222,.0022762297,.044927176
-.00051426823,.017194152,-.00053362577,.0077329911,-.00019624857,.0077281115,.00050797674,-.020322455,-.000028627524,.005667916,-.000015868702,-.0055527315,.004479554,-.18580887,.0077334372,-.20327206,.0016123246,.029093286
.00005784164,-.0042271977,-.0010981092,.010932745,-.000017696571,.0098022902,.000033051998,-.0042352667,.00035230053,.0034327782,-2.2637757e-06,-.0078016194,.0068306415,-.10086516,-.0045959265,.020498663,-.0013847925,.11359837
-.00030759216,.0084887501,-.00083555112,.019810718,.00055783725,-.004660516,.00013012167,-.0085518323,-.000027051638,.0025148212,-.00039894658,.0010685604,.0031162896,.0005867607,-.0024194201,.073809355,.0028407492,-.015718872
-.00024601983,.0060624764,-.0008946663,.02734476,.00035034394,.0035689834,.00029184457,-.011870035,.00035996153,-.0078826984,-.00032694108,-.0026997938,.0056028962,-.076714791,.00057285151,.13104379,.007841737,.012109783
-.00020830632,.005060052,-.00044886227,.0088822581,.00049413997,-.0071192253,-.000013382787,-.00054756296,.00013884924,.0012809366,-.00037499497,.0013034684,.00043656418,-.0024962055,.0025644072,-.024542043,.0048554623,-.086876951
-.00051141385,.014160459,-.00036875426,.0096880961,.00041437167,.0024442412,.00023958576,-.0085848272,-.00029487893,.007085376,-.0003932438,.00043708223,-.0060313242,.35165393,.00033615617,.0038165252,.0017954587,.087633453
-.00030804932,.010406078,-.00043869278,.016132925,.00014326684,.0019018619,.00035757379,-.014826347,-.00014716091,.0016897926,-.00017200423,-.000099532102,.001149084,.071150355,.0014939685,.073347822,.0020874089,.053209871
-.00065289962,.019635761,-.00068522093,.014072954,.00020248491,.0014723135,.00033572991,-.013765978,.00004426554,.0027675582,-.00016925544,-.0029397001,-.0015089301,.022329312,-.00092567602,.10392167,.001153397,.049236353
-.00041426989,.011643125,-.00059402839,.012642257,.00014762701,.0042722486,.00036283644,-.0095948651,.000093913048,.00073290069,.000030983432,-.0078257006,.0063015507,-.14126818,-.0036346188,.07202097,.0023859262,.046744585
-.00072792434,.02394495,-.00043926673,.011598945,.00025730956,.0030290026,.00047148048,-.017365474,.00022077288,-.0022495508,-.00034663876,-.00016216042,.0039326889,-.18461521,.0049683652,-.014449741,.00382579,.049510036
-.00041006872,.013580071,-.00059902953,.010086196,.00029555161,.0025296467,.00020282403,-.011663176,.00026429171,-.0011014253,-.00035811853,.0015380612,.0033085658,-.081761338,.0024436463,.0050186734,.0015058168,.16859852
-.000041355001,-.0014835774,-.00046690341,.0084418831,.00054544507,-.00061086402,.000075810167,-.0045268801,-.00010157812,.0048190881,-.0004585603,.0027245779,-.00046584327,.06606175,-.0017570546,.037651919,.0019110491,.084146671
-.00047281041,.01282977,-.00047874195,.0078310287,.00041660332,.0026082441,.00058979844,-.025516175,.000088344954,.0024932169,-.00034314627,.000074315525,.000085094514,.039558202,-.0011889194,.021062756,.0029584966,.041201144
-.00042912739,.0077199694,-.00030022272,.0055114245,.00015850682,-.0011321675,.0003807873,-.016365424,.00016654425,.0012574556,-.00019728729,-.0015102738,.010114498,-.32140449,.0039545582,-.018730085,.0057147807,.02184991
-.00042133094,.0092993071,-.00046398499,.012125419,.00039123284,-.0010561533,.00032893172,-.012353147,-.00022010159,.0058511239,-.00039497059,.002072063,-.0022940098,.1279012,-.0011167731,.070461243,.0047563049,-.0057510249
-.000543934,.017925344,-.00055056019,.014053888,.0001655494,.0031877884,.00041208271,-.013824356,.00022542273,-.0015904377,-.00021824596,-.0028179428,-.0013210526,.16723175,.0030998287,.049314413,.0014982161,.080923386
-.00049900933,.0094202757,-.00073756336,.010334661,.00034933776,.0015157124,.00036026177,-.011318424,.00036221053,.0015432908,-.00032842683,-.0029984924,-.00054710166,.059980538,.001994767,-.070259236,.0022506572,.028299876
-.00043001029,.014754627,-.00044986632,.0083044525,.00035408771,.0015780079,.0001416031,-.011611029,-.00011683108,.0026607157,-.00037034033,.00090086309,.0041972389,-.10250077,-.00089227199,.07757134,.0056038178,.094607629
-.00022500704,.0070556705,-.0005090044,.015128309,.00043029251,-.00075308001,-.000097355587,.0016987367,-.00029454302,.0031203479,-.00030041311,-.0024066861,.0049446709,-.13399203,-.0025076617,.16459626,.0043908376,.025988782
-.00025782376,.0078331493,-.00071100611,.012797749,.00032385637,.0051541626,.000067211491,-.0060328399,.000039345676,.0043959427,-.00026618983,-.001284205,-.060227308,2.3223369,-.083890468,1.8935589,-.0083581265,.076358736
-.00052338053,.0242789,-.00033138486,.010633179,.00022265884,.0061216056,.00046932109,-.028215203,-.00022796248,.0036221298,-.00031075309,-.0032728123,.011873502,-.4386895,.0079121599,-.17908756,.0068449131,-.020468105
-.00073162373,.019099908,-.00057565357,.017407717,.00016452739,.00082933629,.00051420898,-.016824873,.000015436464,-.0013641355,-.00014572577,-.0035723976,.00021680692,.014401295,.0024751581,.061085343,.0027499101,.036184102
-.00063911686,.020136531,-.00035162744,.0064942152,.00033974138,-.0019937903,.00054203998,-.022893775,-.000078763114,.0064249136,-.0003933103,-.000042314634,.00063730654,-.0074877539,.0058995574,-.024570452,.0034681885,.018341837
-.00076555682,.024567423,-.00023538804,.0061583645,.00017157382,.0070410906,.00057651417,-.023804316,.00010844952,.00077149674,-.00019232462,-.0050986083,.0012535384,.030335814,.0053426288,-.080269948,.0038808018,.0066821231
-.00046556443,.011409716,-.00097992166,.020509411,.000086469881,.001456271,.00040154604,-.012320717,.00072645169,-.0090760626,-.00016187697,-.0020405839,.004517742,-.078492276,-.0030278042,.1238479,.0028197521,-.014409527
-.00070611748,.020626806,-.00034614696,.012747094,.00037197137,-.0050469195,.00045572835,-.018262845,.00011708641,-.0011658891,-.00034785853,.00095309486,.0024919577,-.024959382,.0054813502,-.021702485,.0030298722,-.006785356
-.00023514901,.0027601148,-.00025580756,.010085221,.00022539927,.0014946202,.00015461342,-.007554037,-.00018769433,.0053755911,-.00024332023,.0011665474,.0027031181,-.092829347,.0072959689,-.12856546,.0010080703,.09164492
-.00054143771,.018548405,-.00034368347,.0088914903,.00019013333,.00061275065,.00064078154,-.024966225,-.00019536383,.0036792669,-.00031661615,-.00067244645,.0056016026,-.24555358,-.0021838823,.18794137,.0072742482,.048824392
-.00027707746,.000040393472,-.00071230647,.015047262,.00056878739,-.0051543987,.00014326576,-.0021109215,-.000041488183,.0019080363,-.00047814165,.00067177584,.0012757331,-.022793697,-.00082227873,.013362545,.0047826143,-.082349375
-.00054820953,.017274898,-.00032786047,.0043711355,.00017999318,.0030517799,.00027707394,-.013738563,-.00017925534,.0077916193,-.00025523244,.0012541652,.0081530064,-.17851467,.0058134487,-.051515661,.0025034561,.10454991
-.00048310729,.013604594,-.00062013417,.0085933916,.00031266047,.0010923339,.00022396291,-.0069054877,.00030254145,.0014044008,-.00030970448,-.0015170538,-.00035033672,.072375529,-.0033286554,.063849844,.001007278,.053535048
-.00096130284,.030686641,-.00089383568,.027008839,.00028439908,.001894629,.00060000364,-.022560015,.00048271363,-.0084592784,-.0002869509,.00092277199,-.00008095969,.027160265,.002534647,.039276797,.0045727231,.062688872
-.00052289863,.011311031,-.00070085691,.01147387,.0002464001,.0017675586,.00059866626,-.018692801,-.0002560741,.0073969555,-.00027663002,-.0018207082,-.005368249,.1931123,-.0060779587,.068774164,.00066944293,.010108287
-.00071247219,.023229782,-.00058769732,.0097322706,.00029368029,-.0022948845,.00045275153,-.016546292,.00027327487,.0020300157,-.0004053927,.0028126254,.00044242828,.056539677,-.0023246526,.064196348,.002762703,.092746235
-.00038207232,.011550006,-.00012869787,.0055331299,.00035876056,-.00043660816,.000116984,-.0050440785,-.00015945079,.0026358229,-.00039198139,-.0034163492,.004572181,-.10881923,.0048039639,-.06905286,.008523114,-.12844111
-.00071348553,.017584156,-.0011132897,.031863473,.00017255089,-.0034115806,.00035026949,-.014250528,.00096734357,-.018916942,-.00030931615,.0021008204,.006516153,-.24527109,.0059356289,-.074239232,.003457706,.010686367
-.00076573418,.028919995,-.00035309393,.0069275382,.00024245706,.001607777,.00042927181,-.021686733,.0003962561,-.0021030856,-.00031803269,-.0013409675,.0019587069,-.030758096,.0037772472,-.035987735,.0045515196,.012240493
-.00057380943,.012012756,-.00053873134,.014445337,.00013103458,.0019288426,.00027478908,-.0085868919,.000057351626,-.00050091941,-.0002058954,-.002762899,-.0012174863,.064717412,.0034176304,.0042439434,.0032582961,.014787799
-.00097288541,.03149135,-.00099913194,.021982446,.00017434562,.00042874718,.00058472907,-.022488721,.00057988119,-.0056669316,-.00024751754,.0027818545,-.0019452536,.051398531,-.0038424018,.15732317,.00010144303,.11663986
-.00047868234,.0090270359,-.00014649123,.0049991198,.00040755561,-.0016789366,.00025716308,-.011033884,-.00035712461,.0077423179,-.00042873411,.0010332204,-.0076111923,.24897657,.0068612904,-.036219683,.001822688,.047427762
-.00026398123,.0096985381,-.00090094085,.021371057,.00015580084,.0019672767,.00024221504,-.01020618,.00032765855,-.0052873539,-.00013596952,.00013476441,-.0013485504,.10941656,.0010381072,.0090879994,.0010688656,.044734418
-.00055489858,.018726446,-.00029648456,.0092433346,.00033007935,.00024557239,.00011149154,-.0053299507,-.00024882457,.0038505979,-.00033164344,.00055710023,.0081278961,-.30351672,.001620537,-.025390869,.010333928,-.045487713
-.00097654981,.032905217,-.00047197775,.013544179,.00031411942,.0038992905,.00052918523,-.023431439,.00012064367,-.0026322722,-.00040010083,.00016335493,.0076370207,-.26920393,.00933477,-.20586121,.0049010133,-.0064679096
-.00078324339,.027063901,-.00031097914,.0086684246,.00033539732,.001777899,.00056230801,-.022681968,-.0000547778,.0018470048,-.00024363573,-.000030153691,.0011112369,.025003441,.0068055345,-.06558647,.0049604457,.065966278
-.00044903214,.014685666,-.0003723432,.011915179,.00024556668,.0042710393,.00015446897,-.010167051,-.00010746333,.0023009661,-.00028066852,-.0016302679,.0033189389,-.15524359,.0018288179,-.031651761,.0033096515,.080271915
-.00047868039,.016404083,-.00033272506,.0022245576,.0004027895,.0033466048,.00016268474,-.011554889,.00011089447,.0050828508,-.0003312504,-.00077412662,.0012907619,.00464602,.0051377527,-.10157158,.00393331,.002590836
-.00011465637,.0012599,-.00064518244,.014411745,.00057168677,.00056346256,.00015264288,-.0085063083,.00019021136,-.00069927552,-.00036975602,-.00031193937,-.0057450966,.23759399,-.0034456509,.059004292,-.0066151614,.20200083
-.00047528153,.013599087,-.00048717615,.0083865039,.0003595023,.002211669,.00022512797,-.0069110608,-.0001872764,.0050638374,-.00040072395,.00019398997,-.00031680684,.11326604,-.00053799845,-.011123771,.0025654372,.023936246
-.00055261829,.013772352,-.00027746032,.012560763,.00039959972,.0016505901,.00011914832,-.0047134291,.000016110513,-.00070288079,-.00046456899,.00027546973,.0032710263,-.078126095,.0068720635,-.012176028,.007102489,.10832885
.000020791478,.0028304819,-.00070283812,.011572796,.000016933642,.0074887197,-.00023035171,.003788962,.00017319094,.0012095078,-.000027460337,-.0056215962,.0014894366,.06724409,-.0072213826,.11025708,.0015976615,-.0018449955
-.00027603051,.0090955514,-.00036781948,.0010578829,.000055002074,.0068246168,.00028184237,-.012259951,-.00023436653,.011971046,-.000180124,-.0038625617,.012552243,-.49326047,.0049071563,-.14023598,.0015262139,.10756542
-.000090006914,-.00063554273,-.00048664917,.0059464844,.00034650802,.002759849,.00012917041,-.0062018023,-.000092798611,.0055495417,-.00040165699,-.0020876615,.0061174314,-.28700277,.0012075191,-.068689264,.0036426841,.029094713
-.00052898063,.017248979,-.00095446716,.012961114,.00035651692,-.0043423423,.00038352804,-.015425475,.0006611913,-.0029663753,-.00037799307,.0036083488,.00057801144,.095623054,-.0090245167,.1620079,-.00086333294,.010188533
-.00049820024,.0069911871,-.00044618585,.0048160213,.00021327579,.0017286094,.00046497909,-.013451842,.0000943739,.0055419849,-.00027955131,.0025841775,.0017073071,-.095908098,.0016225884,-.040686134,.0023376888,.096898034
-.00030418282,.012555308,-.00022067929,.0013249884,.00018199561,.0035095722,.00014308898,-.0062419972,.000037056685,.0058827768,-.00014241837,-.002264264,.0098006744,-.307592,.018566705,-.39793593,.0074805031,-.087357029
-.00049100845,.011630983,-.00080427318,.016015602,.0002665057,-.0016073229,.00041976088,-.016601013,.00051067764,-.0042901007,-.00026365032,.00076531229,.00082806614,.026546581,.000033864475,.13647033,.0036494678,.10695688
-.00025141126,.0090192165,-.00048777819,.011594584,.00014482286,.0031439702,.0001942669,-.011116924,-.00013322911,.00074414007,-.00014175623,-.0039887154,.0028990651,.05706108,-.0044253776,.085472681,-.0015032273,.057780143
-.00051975367,.014100783,-.00096687861,.021958005,.00032726169,-.0011108756,.00071876927,-.024829606,.00024859433,-.0030140318,-.00043019713,.00034831106,-.0033294847,.18177295,-.005689682,.086747415,.0041331286,-.04704643
-.00039306245,.0073602414,-.00027782971,.0036279913,.00052499678,-.0070833685,.00044313399,-.011911523,-.00017049296,.0060343063,-.00031851802,.00010201497,.0012552666,-.11006341,.00075430097,.058343545,.0043520201,.012319406
-.00043137389,.015048159,-.00071284157,.015871506,.00024061318,.0014166937,.00051616115,-.023192154,.00029960839,-.0015683844,-.00030190643,-.0017580021,.0012472203,.00097667368,.0051371781,-.071957529,.0027632352,.059440173
-.00018407332,.0024687194,-.00066604168,.013924967,.00030498652,-.00056653167,.000073534255,-.006885347,.00017156279,-.00011819844,-.0002219333,.00075624994,.0025748417,-.030463578,-.0086363759,.027153203,.0027137094,-.0047438303
-.00061394263,.014506613,-.00087834924,.025630744,.000385661,-.0021328977,.00035011859,-.011968887,.00034315497,-.0080300821,-.0003982124,.0028414782,-.0088756271,.33122551,-.0051672519,.16568126,.0021177039,.039753232
-.00023835139,.0057637105,-.00081203325,.011731863,.00011307926,.0016762473,.00028948733,-.0089351069,.000040388619,.0019192462,-.00013491914,-.0048756786,.0021447334,-.017924959,-.0041571683,.048542317,-.0012441744,.0023274673
-.00045166549,.0092785629,-.0002003655,-.00034451674,.00047392806,-.00092760025,.000062243605,-.0048575271,-.00021127744,.008655061,-.00041326886,-.00060548366,-.0099660438,.39002597,-.0055842828,.15672825,-.0031851195,.26927567
-.00059058022,.014811164,-.00090256758,.014552644,.00013828158,-.000097002776,.00017284871,-.0049477657,.00041685914,-.0010978228,-.00021234961,-.0015646257,-.0084204432,.34282398,-.014236667,.25013098,.00016005794,-.04008488
-.00005911566,.0022195727,-.00096894801,.018677371,.00027209069,.0010420805,-.00010608169,-.0035068851,.00038554127,-.0034936655,-.00018144294,-.0037928112,-.0040518991,.20666064,-.012140824,.22467412,-.00039449276,.086693101
-.0007698852,.021385318,-.00033088928,.010286349,.00022897769,.002107315,.0002836221,-.01056213,-.000037047466,.0011046261,-.00014671624,-.0027099303,.0011393236,.089789212,.0031458565,.074954428,.0029119614,.058788717
-.00036815621,.0088341814,-.0004117616,.0052849338,.00025750144,-.00032660819,.00051299552,-.019672899,.00018046828,.0035958113,-.00034900452,.0021413597,.0052560028,-.15695353,.0010282423,.012078966,.0018539049,.037404273
-.00038114135,.01349527,-.0008381253,.016182423,.00035827854,-.000093059374,.00024857454,-.011816184,.00039360311,-.0039959117,-.00037994902,-.00073212502,.0018134092,.029505081,-.0082235793,.17384686,.0045820819,.012534801
-.00038933242,.011379385,-.00051125069,.019718098,.00030877173,.0023094281,.00054958538,-.022358404,-.0003233387,.0011775837,-.00021868384,-.0022249445,.0055289445,-.1839761,.0012585949,.033276685,.0025293587,.068877771
-.00071948161,.022685423,-.0010020576,.017781029,.00024209608,.0029702946,.00066832092,-.024644613,.001098781,-.012292541,-.00035408893,.00018394047,-.00238937,.13486245,.0033372068,-.077624179,.0027178791,-.013703337
-.0010705385,.036972351,-.00039157612,.012895326,.0004739271,.00283827,.00046408072,-.020403136,-.00022334048,.0018423079,-.00046767163,-.0007551664,-.00038216234,.032665934,.0012222594,.0043243282,.0053566764,.034662541
-.000087801607,.0036698391,-.000914498,.015768804,.00042665194,-.00079298503,-.000018442999,-.0031793425,.00040073902,-.0019531692,-.00038265667,-.000081643397,-.0024741346,.21724181,-.0092496062,.16063741,-.0029494821,.045831449
-.00044798729,.016304417,-.00069380837,.013958246,.00016720376,.00047749645,.00041900339,-.014990092,.00014591556,.00029281314,-.00024743323,.0011848389,.0011633739,.029754005,-.004182464,.13446838,-.00022691923,.081208371
-.00053223083,.014905271,-.0014225836,.031730488,.00026039232,.00016610973,.00029307854,-.0091614537,.00060856034,-.0099326484,-.00034091767,.0015915602,-.010200941,.40193188,-.0097161215,.16921933,.00026709135,-.10148018
-.00078527868,.022518093,-.000377719,.0067498977,.000147969,.002133813,.000560185,-.019889848,-.00016389662,.0063538901,-.00027675735,.00085264159,-.0067358036,.30234474,-.0023764723,.091913052,.00022816881,.07954742
-.00074149371,.025893992,-.00057617953,.015522422,.000020399973,.0049232687,.00045172783,-.020898351,.00022317792,-.0032240932,-.00019328576,.00058525655,.0039912132,-.12620729,-.00023845526,.070381813,.0025814557,.027895056
-.00017286809,.001874906,-.00072301266,.012576314,.00031974885,-.00042848068,.0002979353,-.013873415,.000096968834,.004290692,-.00030114065,.00069757464,.00050218933,.047945797,-.0029393183,.039278448,.0014453527,.0082133161
-.00036962685,.009213238,-.00067356747,.0089392709,.00018168491,.0066599268,.00048012973,-.014605817,.00046067717,.00056083553,-.00010425155,-.0048561557,-.0026277548,.21310519,-.001518786,.065959387,.0016978075,.090470426
-.00063623191,.016690537,-.00048226214,.015689917,.0005858604,-.0021893426,.00041861174,-.011863802,-.00023663517,.0027725981,-.00035882552,-.002488221,-.0021342451,.096255302,-.0007978733,.047121964,.0068684593,-.082319617
-.0005919158,.014375984,-.00031387736,.006751202,.00061295211,-.0026999945,.0004678836,-.019189429,-.0005474498,.012114711,-.0004768692,.00018529149,-.012881096,.47413966,-.0080589913,.16244934,.0041253478,.053434812
-.00048036754,.011917918,4.2402071e-06,-.000016003532,.0003736201,.004742377,.00062281761,-.017081557,-.00036514897,.0091673015,-.00049688853,-.0012922434,-.0031793071,.041152284,.0082744155,-.2304754,.0054787756,.017795475
-.0001436746,.0073241931,-.00012251062,-.00096991472,.000085827276,.0046716365,.00006001463,-.0049694921,-.00034612452,.010894272,-.000095769115,-.0017624941,-.00032740962,.078281872,.0072842636,-.16193335,-.000058879727,.11039177
-.000076855598,.0038213704,-.00089630834,.017373601,.0001699132,.0057443962,-.000049346316,-.0029532169,.00028662331,-.00097418495,-.00027735677,-.0010411459,.0045735086,.014038766,-.0088960873,.16463731,.0018824337,.050060395
-.00065172988,.019769676,-.00053000712,.012785737,.00019499699,.0077426876,.00024956485,-.01420432,.000039974428,-.00022299473,-.00029169896,-.0035696113,.0034483836,-.067001894,-.0014941763,.048762247,.0061496235,-.017997
-.00028702946,.0078025302,-.00045627708,.0083172033,.00020039211,.0036109481,.00028758901,-.016290404,.00008214244,.0023824698,-.00021084395,-.005119273,.0063532838,-.20913661,.0017164168,-.030479219,.0055423365,-.001394375
-.00049699371,.011145729,-.00050640054,.0099336486,.00023136016,-.0003047598,.00034186366,-.013481918,-.000051025952,.0044005909,-.00025357195,-.0029765062,.0010802418,.062067226,.0029123882,-.042785183,-.00010789807,.015074224
-.00028237756,.0095398379,-.0001620532,.012199584,.00012088073,.0038709708,.00012346507,-.010343123,-.0006641908,.010311703,-.00015700236,-.00072846713,-.0039874748,.14241941,-.0031594324,.033522349,-.00023541371,.0039798254
-.00020172332,.0066017038,-.00019353915,.0021797325,.00055833859,-.001943093,.0003212115,-.01321226,-.00019214803,.0058749146,-.00043928568,.00066469947,-.0013008006,.087569408,.0025783456,-.036272667,.0086623421,-.09631782
-.0007008246,.018915314,.000034014243,-.0021168594,.000046547957,.0065235891,.00049044634,-.017576182,-.00049825694,.011901864,-.00012109398,-.0014376311,-.0047540036,.1787466,.0051435693,-.11431102,.0035985275,.028878959
-.00078346673,.022728287,-.00043264506,.0069405017,.00026039855,.000064185733,.0004858585,-.018195011,-.000049984141,.0063498691,-.00030036489,.0020219306,-.0019834426,.069838822,-.0019110994,.04908482,.0012098121,.081314042
-.00045797744,.016229721,-.000413462,.0058287201,.00043299588,-.00025515558,.00045835189,-.021473469,.00012393706,.0038473543,-.00036243914,.00025915238,.0042833579,-.11415143,.0026008091,.0011592715,.0049034259,.0092655774
-.00022623966,-.0018558132,-.00066986831,.013632995,.00018406539,.0022770031,.00031341068,-.0088379895,.00044007937,-.0031724295,-.00029121299,.00054395321,-.0038020241,.11684748,-.003012649,.083622165,.0013607261,.090254538
-.00032408113,.01297398,-.0004347525,.010532261,.00023364127,.0011756759,.00024403882,-.013200791,-.00020432232,.0035216175,-.00025495663,-.0036751986,-.003540925,.17601506,.00027072182,-.082074866,.0012687237,-.0017582723
-.00052088813,.018200759,-.00027964354,.0088374941,.000073086245,.0049603181,.00033060607,-.014924208,-.00011010065,.0029910237,-.00017763929,-.00005512264,-.00023256174,.14242315,.0043999301,.010082597,-.0022314996,.20847335
-.0003032379,.011500083,-.00060513522,.014343857,.00020594372,.0036846318,.00036534507,-.015588983,-.00010118431,.0024336588,-.00019557452,-.0031701836,.0030922093,-.048308279,-.0030180381,.044079471,.00052096241,.024017252
-.00028660987,.011306708,-.00090610539,.018890137,.00035366468,-.0010366415,.000071399343,-.0059129074,.00017541517,-.00086724281,-.00035305423,.00064072927,.0011439276,.018119536,-.014403547,.29451451,.00076814712,.0028021459
-.00021674765,.00019739727,-.00064641819,.0053907535,.00031462248,.00044199676,.00016753301,-.0015074379,.00024847031,.0032267969,-.00025707119,-.0005698023,-.0030825995,.12678286,-.00057623023,.0092720529,.0029588281,.049847029
-.00031779401,.0077674836,-.00086137396,.0090742158,.00032624922,.0017770712,.0003252122,-.010768284,.00059902301,.0020639794,-.00032967373,.00091075368,-.00048221502,.061676469,-.0026505322,.058860995,.003225707,.079378746
-.00030494551,.0057692635,-.00085881678,.01533942,-.000030383726,.0050785234,.00020887448,-.0076879109,.00014680334,.0021743381,-.000078571175,-.00079331076,-.00081583974,.032252099,-.01507031,.32978544,-.0012359427,.1137065
-.000093903232,.0050450321,-.00046051986,.01152184,.00032660775,-.00041186201,-.000084063642,.00065298326,-.000072324772,.0010190411,-.000356548,-.00079446484,.0043293438,-.077848107,.00097766903,.030897317,.0027397296,.030249732
-.0003516892,.013881305,-.000276935,.002259047,.000023083516,-.0019624813,.00024290594,-.0097852862,-.0001873805,.0076712328,-.00017017416,.00079603109,.00024313306,.044465136,.0057504219,-.086741917,.0014744103,.046302121
-.00080432103,.030188849,-.00095958915,.024202753,.00048202125,-.0069065928,.00044362398,-.019633081,.00022257019,-.003373242,-.00026515734,.0010299471,.0039371424,-.069434956,-.00087599119,.15243566,.0046887738,-.0099545298
-.00055590237,.018467005,-.00054799515,.013964776,.00029445707,-.0023762675,.00028177359,-.011799488,-2.6181598e-07,.00075639773,-.00026109919,.00046716619,.0025430585,-.1263389,-.0018145791,.12164912,.0042123767,.0041451543
-.00044235887,.016693687,-.00066461909,.014005778,.00029777212,-.0066838148,.0002177367,-.016602591,.00023722165,-.0002477293,-.00042670345,.0050794673,.0042642495,-.13757133,-.0062881815,.28820139,.0075658853,-.0031401154
-.00038142002,.0063645332,-.0005949742,.012575849,.0003110439,-.00060736918,.00021395615,-.0057297205,.00009878631,.00040173315,-.00039058572,.0011431412,-.0059833541,.23038292,-.0067392569,.022869918,-.0066263564,.21738388
-.000013444111,-.00023894616,-.00099900039,.015567753,.00048471082,-.0031369857,.000014075656,-.0043997876,.00036166867,-.00017740461,-.00049450534,.0024154661,-.002294902,.19982404,-.010037453,.11102163,-.0023629118,.12838922
-.00051918742,.015265099,-.00054417126,.015433528,.00034154538,.00051543658,.00030023867,-.011139441,-.00020538691,.0021449688,-.00038913451,.0015133143,-.0074979537,.28454059,-.0013438816,-.022086449,.0020071808,-.031297665
-.0001573195,.0053202789,-.00068175059,.012281736,.00034173479,.00012215004,.000053819709,-.0079623898,-.00011923218,.0034703463,-.00038308805,-.001511259,.0073051299,-.15752041,-.0052814423,.11910109,.0025859529,.024039831
-.00034787843,.0071393335,-.00060311257,.016851742,.00029164355,.0027410684,-6.2281347e-06,-.0020299435,-.000017454506,-.0013225663,-.00028456948,-.0045078127,-.015588746,.42987239,-.0034544833,.017599307,.0026259639,-.0063366247
-.00014503204,-.0016214872,-.00024414973,.009782616,.000561019,-.0051988359,.000084514308,-.0024081671,-.00028629822,.0034716171,-.00039913543,-.00012027751,-.0014120067,.061061002,.00514952,-.07014814,.0011677014,.034054544
.000059878977,-.0040288656,.000097560667,-.0067019374,.00030569104,.0016105761,-.00004597953,-.0027137331,-7.9722831e-06,.0079569425,-.00030528175,-.0022352573,.011827025,-.38777497,.01858433,-.46238536,.0081528258,-.047788803
-.00031701356,.0062368009,-.00041867554,.0038558983,.00024856281,.0018253627,.00032782325,-.0065310914,.000064299966,.0046661608,-.00029988805,.001477026,.000088621004,-.083339289,.0034497462,-.12302794,.00040859546,.096871786
-.00039877612,.0071298452,-.00057260186,.004533635,.00004971302,.0018660144,.00039904244,-.013784485,.00025439222,.0045836624,-.000088633642,-.0012889383,.0077812476,-.28459817,.0061252904,-.1774178,.0019007488,-.0021169456
-.00051986956,.019090807,-.0012268639,.026403252,.00027946674,.00093623513,.00010051877,-.011251403,.00099456485,-.015813418,-.00036507993,.00093478349,-.0002230739,.14217217,-.0013413415,.11942384,.0068947161,.014813279
-.00065512263,.020358551,-.00067388674,.01485075,-.000052410873,.007614566,.00061458827,-.025116593,.00026101238,-.0024573957,-.00013491258,-.0046203737,-.0034625556,.1039058,.001748611,-.037567724,.00051381183,.036654875
-.0005011282,.010551777,-.00079976977,.019248901,.00023744018,-.0034426895,.00024257071,-.008513201,.0001131892,-.00090997829,-.0001360835,-.0016106912,.0018056757,-.0083770109,.0034108609,.048487831,.0025628468,.0066532823
-.0004940072,.015562443,-.00051390141,.011166527,.00020597423,.00044541372,.00049394672,-.016753953,.0004450602,-.0033666745,-.00025637305,.00044822754,.0058574849,-.26620424,.0059944429,-.077739611,.0071531693,-.052187078
-.0003873074,.012607567,-.00044600369,.013755796,.00028905753,-.0020504007,.00018387947,-.014582461,.000024055911,-.0018195921,-.00024317192,.0017373887,.0038133299,-.11583719,-.0022317856,.13212042,.0036311983,.023182819
-.00048054883,.016257899,-.00030446865,.00668329,.00013539573,-.0019244126,.00049407891,-.023111563,-.000047298308,.0034124788,-.00027887314,-.00033564787,.0072737755,-.29267499,.0012274217,.087464526,.0054838238,.10503692
-.00035624782,.010831338,-.00080039981,.0182657,.00037910012,.0025146324,.00016114721,-.0057902774,.00021322047,-.0025619022,-.00028852175,-.0031177523,.0016737065,.023983439,.00093837449,.061549161,.0051632603,.01607365
-.00042894215,.014904908,-.0001967242,.003619185,.00011201166,.0048109517,.00026324141,-.012792462,.000031513868,.0038902492,-.00025310367,-.00095578947,.0031704269,-.090655267,.0058842315,-.046398312,.0015695125,.14860441
-.00053379114,.013692803,-.00039069477,.0053342441,.0003128809,-.00035327388,.00031399116,-.011336302,-.00010901068,.0066978121,-.00029378431,.00024198442,.00023002266,.0084988717,.0040096836,-.16388682,.0022437065,-.010009217
-.00021633344,.0091014961,-.00053957931,.012909105,.00027853367,.0011391146,.00027117974,-.012897443,.00046509167,-.0052783759,-.00035448358,.0010098839,.0030190209,.006477986,.0074340422,-.12805684,.0042657396,-.024111243
-.00040272844,.0099114748,-.00043275842,.000057868139,.0001406692,.0021066791,.00044053877,-.018842537,.00037391967,.0032992088,-.00020401526,-.0033162998,.0039996947,-.15743054,.0071746027,-.17889255,.0028218052,.037250899
-.00059359771,.02093997,-.00043810284,.017527571,.00049856608,-.00089120935,.00032415061,-.011513287,-.0002948117,.0026462215,-.00052309479,.0021585913,-.0045498726,.34505394,.0020651978,.054708794,.0045404863,.014064608
-.00054908235,.014124955,-.00054989418,.011177844,.00033557811,.004152854,.00046996557,-.016757598,.00077267777,-.0083890352,-.00032252786,-.0021930337,.0073178033,-.40097186,.0081420904,-.17870039,.0037031749,.057644356
-.00074046344,.027749591,-.00047024005,.0093730437,.0002546568,.0034552163,.00038023776,-.018689847,.00034403364,-.00030973245,-.00035483556,-.00069812947,.0088025611,-.35215169,.0094937542,-.15772335,.0061922106,.086827599
-.00027883632,.009310184,-.00056656654,.015463026,.00044065114,.000082160783,.0001597309,-.0074580596,-.000019309902,-.0008829023,-.0004045263,.001607248,-.0097202687,.35289934,.0002333165,-.073044457,.0010404774,.013320921
-.00061079563,.014761703,-.00071785535,.009068164,-.00001133666,.0021068172,.00051836163,-.015842,.00052296522,.00028479335,-.00011094745,-.0017265548,-.0010997434,.014546386,.0021323473,-.031305674,.0010562676,.048328731
-.00039379601,.015137619,-.00074990536,.019268909,.00025695877,.0021588553,.00033712265,-.013541676,-6.5618883e-06,-.0011608117,-.0003033336,-.00018402867,-.0041941744,.20679821,-.014823704,.25588349,.0024578816,-.027075181
-.00037083743,.012140851,-.00038727952,.0030144143,.00018109204,.0017606332,.00033971248,-.0145621,-.00013777523,.007563008,-.00029506593,-.00066305744,.0004116263,.035982236,-.0020259665,.02196539,.0017671547,.023856355
-.00013582273,.0080132801,-.0003322578,.0044657914,.00015245064,.0037189417,.000089377339,-.0088701043,-.00017683032,.0062139933,-.00023041824,-.001794651,.011332828,-.3845005,.00317981,-.063975789,.0062686992,-.022514699
-.000093823524,-.0029411393,-.00035927963,.0079710297,.00026663416,.0037108362,.00013216672,-.0052320384,.00019561301,.0014367889,-.00028524018,-.00058143784,.0055581359,-.1450835,.0046686144,.00061778323,.0028406887,.082749046
-.00013586108,.0012369384,-.00084732159,.018553931,.00010193713,.0056442525,.000038700251,-.0026002561,.00047861336,-.0057518892,-.00015786073,-.002757085,.0023877043,.067670532,-.0066010612,.090204306,-.0033450795,.16015369
-.00020735869,.0016085381,-.00070327392,.0098388512,.00026391522,.0024212154,.00014086641,-.0036002493,.00022701637,.0027905577,-.00025992098,.0013140632,-.00058148982,.087865591,-.007003116,.154911,.0022496583,.088350974
-.00051328499,.01565991,-.0007015111,.014544472,.00022366541,.005616466,.00057539321,-.019002596,.00011645747,.00080607552,-.00024931494,-.0037109761,-.0067617786,.29139319,-.0037120441,.06260661,-8.1557964e-06,.071253225
-.00055694755,.015701206,-.00022760898,.0040527047,.00034132643,.00053446001,.00011231159,-.0083937077,-.00032661427,.0092014298,-.00030295397,-.0057268301,-.0020712579,.1332425,-.00035131152,.029930832,.0021761784,-.010645368
-.000056953169,-.0026512225,-.00051313639,.0052278251,.00036660192,-.0070660636,.00020864469,-.0094124926,.00011145222,.0039015431,-.00033107231,.0016896786,.001498261,.064537868,-.0021553854,-.022516757,-.0012099058,.033367887
.00006980254,-.00017506057,-.00041557068,.0043467861,.00021462273,.0010059329,-.00013027221,.00062410487,-.000054987737,.0059375991,-.000062097526,-.0056262659,.004019205,-.014895428,-.0046443129,.019070784,-.0039959,.063538618
-.0006253582,.013550214,-.00063041999,.015152346,.00028552278,.0013411316,.00040435768,-.012654095,.00046326994,-.0066828206,-.00031882882,.0011115823,.003335801,-.15057489,.0015285308,.021940373,.0018685113,.1071359
-.000052124735,-.0047748904,-.00038271066,.0098403692,.00042309018,-.0025471062,.000086609682,-.0022775291,-.000037308902,.0010780893,-.00041111078,-.0018931215,.0033883478,-.036551278,.0062998985,-.038685661,.0051156213,-.030313702
-.00040703212,.010225556,-.00039475915,.0094941761,.0001514996,.0027913875,.00062555086,-.018412713,.00016252504,.0006962152,-.00025774952,.00016674402,.0001524033,-.081210211,.011765249,-.20847596,.0046286169,.071256474
-.00043701674,.015297233,-.00084173511,.015351878,.00020930119,.0011519294,.00030253408,-.017351313,.000021605849,.0021536287,-.00016632034,-.0043421658,.0018356128,.050066605,-.0016599015,.096012294,.0022173629,.029318184
-.00046788831,.010228074,-.00097590435,.01637229,.00039721455,-.00010956267,.00053331902,-.017382193,.00073771831,-.0063803955,-.00031016118,.000017938632,-.018138321,.64092255,-.019832686,.44303358,-.0010521704,.1496329
.000059950646,-.0012710301,-.000067837187,-.0026814544,.00032218467,.0025596477,-.0001228387,-.0026092373,-.00049537874,.013800622,-.00037392421,-.00055779633,.017980456,-.6025421,.011169381,-.35148761,.0065065995,.071283907
-.00078399258,.02664764,-.0003330402,.012102515,.00030337516,.0011207893,.00054768292,-.022316007,-.000027082782,.0015011197,-.00035658001,.00064298825,-.0069540585,.35573542,.0077242092,-.087583371,.0026081789,.0013918971
-.000735496,.021413898,-.0004620192,.009731519,.00015953604,.0031271987,.00052757532,-.019876607,-.0001429901,.0038391417,-.00014087389,-.0027817844,.00051823171,.056686841,-.0018494974,.093182094,.0028005068,.067803815
-.00027120559,.0087885726,-.00086827116,.023320567,.00030281406,.0044969432,.00024678768,-.012203159,.00028527586,-.0069292518,-.00035255071,-.0022252135,-.0094501311,.39825046,-.0017082675,.0011506031,-.0003287498,.014333872
-.0005880284,.017213672,-.0016625768,.044307511,.00033258635,-.0056324098,.00040955743,-.017382963,.0017236494,-.03371232,-.00031418575,.0024663603,.0014523392,.072545722,.0080818133,-.10921866,.005673707,-.033542849
-.00025660978,.0052972105,-.00050587591,.0068428656,.000061467166,.0015895038,.0001701985,-.0062046549,.000097997385,.0033487459,-.00010452686,-.0022854197,.0025255203,-.048975065,-.0027291833,.060281735,.0014467771,.021482367
-.00052791648,.014121694,-.00042334388,.013129343,.000093464339,.0043326779,.00042037087,-.012441061,-.00011983387,.0011933887,-.00016362091,-.0045319535,.0026362119,-.07740432,.000076953613,.058644433,.00084477459,.065913521
-.00027733482,.0084999241,-.00048448902,.0089136083,.00025464295,-.0017100717,.00018632061,-.010790405,-.00021232487,.0048703272,-.00027246575,-.0015439824,-.0037462679,.19510071,-.00127599,.03999475,.00009844514,.0037859036
-.00073814596,.020975683,-.00012797822,.00060690811,.00035647646,.0013164225,.00065613881,-.023227178,-.000081799546,.0063873995,-.00027852663,-.0023699191,-.0029335511,.046607584,.012954581,-.29317629,.0038010173,.018335758
-.00042406851,.013304611,-.00026974888,.0064403587,.00034759741,-.0043375497,.00035584511,-.020736741,-.00017234815,.005280599,-.0004109983,.0013510098,.0045312862,-.14010845,-.0028794766,.16022964,.0061680712,-.017379163
-.00038701115,.011412852,-.00058958295,.010119711,.00017436942,.0022482898,.00022001262,-.0096964519,.00020344062,.0018272083,-.00025245003,.0022158299,.0046835872,-.054121185,.0012727133,.025732039,.00049694901,.10902342
-.00067450019,.021715108,-.00028416229,.006592684,.00016573833,.0020950711,.00066278566,-.029190199,.00002013228,.0029242863,-.00021144234,-.0040340726,-.001211437,.058624562,.0031589614,-.028395725,.0057479287,-.099251449
-.00037888743,.0067625102,-.00061633502,.011042062,.00047934771,-.0029862805,.00032629728,-.0087799765,.00023201,.00055405585,-.00040030057,.00050106569,-.0043326635,.16931979,.0010651879,-.012392342,-.0028899719,.15251127
-.00057979045,.009518384,-.00040622742,.01036268,.00046766899,-.0018729921,.00035759035,-.00834738,-.0003086701,.0091845095,-.00049339962,.0057342271,-.0046859458,.11161485,-.0014746212,.069751829,.0037366545,.01439389
-.00082786928,.029335964,-.0006428301,.014316897,.0001709716,.00022403915,.00067038339,-.028318401,.00070848007,-.0095272968,-.00028466867,.00012938773,.0032957522,-.11960074,.005665035,-.13611302,.002452695,.045650646
-.0009469848,.031834837,-.0010324668,.027191726,.00010973782,.003915207,.00057213183,-.018975522,.00092770287,-.016486308,-.00025148547,-.001572544,-.0024314106,.12982905,.006475525,-.095418021,.00088455318,.079910174
-.000319838,.0041660513,-.00085177011,.020788033,.00042056749,-.0052093812,.00026620404,-.00991832,.00041318548,-.0069478457,-.00048351611,.0044089784,-.0028047001,.045228709,-.0031584613,.076329671,.0015942222,-.017219502
-.00067700708,.015316758,-.00077152881,.0095165577,.00017583137,-.00081687054,.0005639749,-.014873488,.00047028312,.00099892926,-.00017862915,-.0050626681,.0024882539,-.24463037,-.00086713291,.064637102,.0026304598,.037570246
-.00046977977,.019212866,-.00055865612,.015234709,.000064369524,.003988428,.00054757699,-.024273332,.00034174899,-.0027049882,-.00023539881,.00029026897,.0030605476,-.12020746,.001664244,.069725104,.00089966477,.075516462
-.00052779447,.012781823,-.00025619139,.0054653506,.00026660602,.00073480624,.00056428352,-.018222159,-.00026735105,.0075493963,-.00030442033,.00024464121,.00069590606,-.047894519,.0027280534,-.039360426,.0030741456,-.00071912009
-.00069328595,.020841585,-.00030359824,.0029471428,.00027309541,.003490391,.00036349962,-.0154459,-.000067672845,.0051760236,-.0003629741,.00061720348,.004086413,-.14008546,-.0014434792,.010616861,.002394083,.11054149
-.0008704795,.023893131,-.00062111026,.011763113,.00016275732,.002115625,.00057550526,-.020218706,.00034837433,-.0005398278,-.00025156213,-.0010929132,.0044266214,-.11747524,-.0003556287,.17132777,.0023085244,.11970752
-.00074202893,.021646589,-.00059136958,.0084466925,.00029402378,.0016412827,.00078449765,-.026460949,.0001159484,.0024826608,-.0003338964,-.0042459257,-.0070033148,.19367498,.000017834715,-.021130223,-.0003423765,.062526651
-.00073147839,.024359658,-.00099842041,.019908169,.00043073861,-.001560329,.00047821191,-.021031188,.00064398814,-.0078707123,-.00039983785,.0014917584,-.0075356341,.27912679,-.0099995425,.13506971,.0017998429,-.029822936
-.00017922043,.0055641006,-.00063351606,.013396899,.00012615752,.0040481943,.00024859395,-.011959243,.00016397638,.00021904724,-.00013717821,-.0021780808,.0079773962,-.17361397,.0021425963,.13112442,.0058428086,.062771283
-.00021313026,.004557353,-.0005029703,.006686619,.00017000768,-.0013883782,.000033100849,-.0023693903,.000049777533,.0028121856,-.00017353801,-.0019026593,-.0018533957,.093766794,-.01478746,.15376894,-.0039319103,.059101924
-.00058941252,.016084671,-.0011954948,.027387783,.00021977046,.0036413989,.00042887754,-.015449021,.0003904968,-.0070028328,-.00025778351,-.0031142312,-.0047490578,.24733561,-.013042017,.19534947,-.00077898119,.036780339
-.00067944691,.017571779,-.00045806236,.013218198,.00023075323,.0024395788,.0005258107,-.023197256,.00015651334,-.0022462001,-.00024692519,-.0016954069,.0064833076,-.21893656,.0012374031,.14576572,.0043788818,.11415737
-.00044447789,.014142957,-.00059537211,.011892943,.00041109606,-.0043913205,.00026113761,-.01182742,.00023617309,-.000051304181,-.00033225049,.0019737212,.0012866361,-.063782409,.000036551952,.071170002,.0061908644,-.084135056
-.00056776154,.01662077,-.00050116429,.0042612334,.00027647772,.0027649419,.0003777224,-.014974321,.00026480283,.0042942851,-.00030538128,.0011119229,-.0030586945,.12103672,-.0022307688,-.031448755,-.00072044786,.075128794
-.00010246773,.0031959743,-.00032978394,.0063923174,.0002076799,.002980446,.00010189947,-.0053642932,-.00030614168,.0064743771,-.00030350033,-.0021911007,.0029507445,.0031283121,.0014211206,-.012234009,.0023719133,.055437878
-.00042354819,.012196503,-.00086147379,.024447229,.0003298808,.0013251872,.0003191937,-.010368494,.00030294064,-.0052169133,-.00035481682,-.00071541785,.00412262,-.14434108,.007452176,-.098470151,.0038827886,.05296912
-.00061477412,.013138584,-.00051674998,.013010071,.00029522702,-.0030052983,.00051656429,-.017971441,.00011932084,-.00093909906,-.00037238112,.0031518575,.0033386962,-.12282623,.0017445317,.017415669,.0037735531,.087092854
-.00042873231,.014386195,-.00066998508,.016242547,.0003446296,-.0014848872,.00027943242,-.012382204,-.00021382401,.0035884464,-.00032069237,.00093790021,-.0058328309,.25814956,-.008665516,.19852787,-.0013511843,.07058157
-.00057733292,.015980519,-.00042935857,.0086487401,.00017414751,.0041657966,.00033539679,-.015967861,-.00023816814,.0058563258,-.000098253491,-.006862306,-.0041691032,.11675932,-.0039691464,.051347874,-.0036943872,.13480358
-.00027908082,.0090800319,-.00062714284,.0097963884,.00026934431,-.0026386401,.00017981036,-.0071389107,.00051235699,-.0023770356,-.00025814233,.0010755034,.0037812665,-.10786908,.0059233289,-.13367409,.0041516637,-.05905088
-.00029790963,.0047119097,-.00078436203,.027079495,.00012457553,.00044144024,.0001237104,-.0040829438,.0001313044,-.0064332648,-.00017708661,-.0024814724,-.00028833945,.11749412,.0040572295,.084481172,.0039108875,.045087434
-.00016353156,.00043866676,-.00075103593,.019018726,.00010628731,.0057977694,.000020328765,-.0039895098,-.000076124292,.0032173805,-.00012601812,-.0046921382,.0080334628,-.21195517,-.0032876923,.2186821,.0032501784,.10132364
-.00029591945,.0075532673,-.00094394753,.015525876,.000067659908,.004816839,.00032530283,-.012764228,.00015314331,.0021913536,-.00006866693,-.005124412,.0019268028,-.089756832,-.016302703,.23951726,-.0018022696,.088822521
-.00036142071,.0093457829,-.00021086099,.0031953584,.00021469548,.0034400162,.00029321879,-.013689844,-.00011132505,.006362923,-.00029542466,-.00043609465,.0027196447,.03984106,.0076544681,-.14824601,.0039867368,.049042378
-.00038676508,.0077987155,-.00092146033,.016339531,.00018295538,.0017837877,.00027320709,-.0095512429,.00051523611,-.0030995063,-.00014423467,-.00016581452,-.0004789193,.084247954,-.0064962176,.070598587,-.0047492059,.085526109
-.00045404184,.01394304,-.00088507053,.018552348,.0003557984,-.00096677261,.00025313217,-.01634655,.00066841848,-.0077025821,-.00035735001,.00013321843,.010679298,-.40953785,.013281673,-.27355391,.0060840086,-.041887075
-.0005277103,.015095522,-.00062832533,.012806893,.00026177251,-.0018359168,.0004466245,-.01237371,.0002364864,-.00016163819,-.00036520793,.00044215436,.0059688557,-.23580912,.0020521146,.0059845769,.0062919846,.030502431
-.00052708085,.011030379,-.00018642707,-.0016649327,.0003263393,-.00081887073,.00035176656,-.011995337,-.0001806552,.0088324156,-.00024229211,.0007646358,.0067338892,-.33713228,.0097391149,-.24537885,.0034205394,.021190977
-.00025091568,.010320135,-.00024026009,.0030784237,.00078520703,-.007001264,-.000031970245,-.0052885655,-.00042547766,.0095878923,-.00058894738,.0048140502,.0021777048,-.0062328135,-.0033191659,.038204253,.0057348055,-.014940749
-.00020971244,.00067118165,-.00098102156,.018264521,.00027152238,.0014555055,.00038713685,-.010037531,.00052722084,-.0033710545,-.00031564446,.0018067167,-.0039789262,.17052405,-.0026268358,.049912661,.0023106765,.046831809
-.00045136348,.0059574666,-.00091141643,.020947998,.00053993665,.00030725499,.00040024647,-.013536466,.00060203014,-.010165026,-.00047638331,.0022567455,-.013506757,.27763814,-.0038205148,.088046245,-.0013422862,.034122296
-.00048476388,.010092594,-.00063446158,.015400583,.00035057191,.0039691725,.00057283125,-.014942607,-.000068992405,.00086549838,-.00039231879,-.00088971248,.000087434157,-.090493575,-.002234875,.077246316,.010420172,-.057656839
-.00039748129,.012321021,-.00091089885,.015734773,.00037629672,-.0010495596,.00021988701,-.011229189,-.00020628303,.0057437331,-.00032824642,.0002401314,.0041003008,-.12245068,-.010720199,.14021319,-.0013593511,.068915375
-.00064784294,.013511174,-.00062567799,.0090821367,.00016851044,-.00039163756,.00067577796,-.014578127,.00011675128,.0032243675,-.00011065741,-.0046339845,-.0012195001,.069018319,-.0053760512,.16103634,.0030262873,-.0043515158
-.00079701148,.018643094,-.00041096107,.014390272,.00019082999,.0083380453,.00065801968,-.023257004,-.00011741171,-.000094622133,-.00018031325,-.0058507607,.0027017922,-.12889054,.0028179989,-.021957923,.0032150613,.038292069
-.00027666285,.009570444,-.000362099,.0040427288,.00021819132,-.00039188788,.00032183531,-.014049041,-.000097310542,.0074896575,-.00023602572,.00048040066,.0050970074,-.056488462,.0039444971,-.069201447,.0036838737,.0093436614
-.000635184,.020358313,-.00034787235,.010805923,.00044644196,-.004247284,.00027813474,-.011775033,.000039606304,-.00042326111,-.00040940993,.0029919557,.0080891959,-.33194229,.0022575839,.040370956,.0070591713,-.09888202
-.00053618179,.017624347,-.00035191132,.012250683,.00028659328,.0018321282,.00028611306,-.014179235,-.00010121268,.00054245361,-.0003275573,-.000061391431,-.0016744904,.053953014,.00059086888,.053799525,.0022043218,.10046401
-.00031060091,.0087021906,-.00037804598,.0069502862,.0003783787,.00082671724,.00016211673,-.0098614665,-.00014021067,.0041109868,-.00016693746,-.0044057211,.0043221749,-.11195959,-.0011070918,.090174347,.0047262888,-.0029344182
-.00018423982,.0028442524,-.00044941183,.010476022,.00053255429,-.0057696537,.0001314976,-.0081437957,-.00031223753,.0081023369,-.0005398338,.0054316018,.00072009204,.034406699,-.0040489109,.035195824,-.0037900531,.10079311
-.00023039112,.01217745,-.0003413583,.0045347684,.00040223019,.0012602783,.00019693957,-.010690259,-.00045290403,.013132681,-.00038864263,-.0018216164,.0058545885,-.12770861,.010860383,-.25980106,.0036377737,.031683765
-.000042537413,.0019427241,-.0005707299,.0089341504,.00019387835,.0026983107,.000035165736,-.0084727602,-.0001102037,.0063294768,-.00026760847,-.001352177,.0013221256,.096009322,-.00061067258,-.0099920258,.0010498237,.0044057686
-.00053395238,.016538424,-.00024399701,.0021923967,.00038566091,.0014789136,.00030231243,-.015364623,-.000049181883,.0059947902,-.00041816683,.00077808247,.002819564,-.024229586,.0062318388,-.18670714,.00567052,.015964303
-.00035714422,.010874173,-.0011268946,.02047842,.00025572855,.00287917,.00023504194,-.011236629,.00068809185,-.0049846983,-.00019667415,-.001292911,-.0045831618,.25676659,-.0039724289,-.039733883,-.0022347579,.00032840518
-.00040825063,.0084616076,-.00052537117,.012518152,.0001857009,.0051811202,.00034340619,-.011882843,.000083163555,.000040841587,-.000095741219,-.0033936487,-.00013166328,.011062471,.0022136895,.063353114,.0025767474,.089602381
-.00008914245,-.0026581103,-.00061962835,.0087403962,.00017032443,.0065646814,.00020854353,-.0085763419,-.000066294386,.0067464109,-.00024970813,-.00020479136,.004233113,-.14803004,.00019625238,-.051580857,.0012648836,.087849513
-.00020092323,.0058501842,-.00071164453,.0089441584,.00015684834,.00079119729,.0002891607,-.014933485,.00053802499,-.00042667359,-.00021808542,.001661589,.00068565563,.064630106,.00057289592,-.0092375558,-.00024580979,.035726454
-.0006147715,.023642967,-.00069569971,.01967307,.00036890269,.00064744381,.0002072208,-.012898244,.00008193239,-.0025426815,-.00029206378,.000029517265,.002800145,.010456765,.0015388936,.087150186,.0034853129,.037633225
-.00051302527,.010727419,-.0006182837,.0057905721,.00046121143,.0012432456,.00029073737,-.011025497,.00034540161,.002856537,-.00035182227,.0013070226,.0030458777,-.1120562,.0079880236,-.24890025,.0035895226,.0099319937
-.00057144155,.021299681,-.00062733481,.015874259,.00030721453,-.0052739256,.00034613837,-.017414777,.00012159328,-.0006707235,-.00032559264,.0014323626,.0028797274,-.098987781,.0082071582,-.18086678,.0078533217,-.10011773
-.00062150974,.01801897,-.00072162627,.017363448,.00027808308,.00089674199,.00039513802,-.014022002,.00045287891,-.0050650099,-.00037007083,.0013318365,-.0007405589,.028692842,-.0041314969,.088815823,.0060285358,-.079656757
-.00025862388,.0082846833,-.00059497589,.014396311,-.00001246009,.0036777386,.00019922398,-.0079501215,-.00010852646,.00013008501,-.00010389966,-.0023705412,.0078341756,-.20929548,.0011795642,.038307209,.0026666766,.077930726
-.00066043757,.017921206,-.00055625616,.011376417,.00048916315,-.0059935199,.00052299671,-.017245872,.00035306055,-.003528042,-.00041772373,.00080081593,-.00050867093,.0075134845,.0058439192,-.021751547,.0078008804,-.10597608
-.00081072049,.02116215,-.0003805279,.0064681433,.00014743539,.0030907581,.00046061186,-.013504376,-.00030526033,.0098104868,-.00015040168,-.0029805594,.00054411939,-.088070877,.00037090719,.029671002,.0033973397,.054492813
-.000067407796,.0019220184,-.00019239901,.00085410289,.00019305781,.0039892844,.00021807945,-.012218039,-.00050725712,.01480706,-.00022588727,-.005855462,.0019200135,-.068160921,-.0031390886,.0631411,.0014357935,.026868355
-.00062571006,.018937204,-.00059540919,.019096036,.00041320443,.00080937025,.00058427796,-.021312337,.00055204588,-.010536078,-.00034830978,.00052403333,.0070678336,-.29386848,.0054034325,-.089847237,.0020908457,.058302149
-.00014873438,.0066317823,-.0011242476,.020371633,.00029220956,.00494665,.00011777543,-.011706373,-.000049526701,.0040358165,-.00027705621,-.001508294,-.0020397785,.22563109,-.02435237,.45707777,.0022242307,.057702459
-.00036016357,.010819119,-.00044610407,.0051277685,.00026607426,-.00071471179,.00047411892,-.016574141,-.000070813381,.0063407081,-.00024751876,-.00058557233,-.0034503809,.12244352,.000071660121,.010038391,.0018211635,.0026649248
-.00056031882,.01533085,-.00058783469,.010011667,.00042432232,-.0033940414,.0004940423,-.021756999,.00014515448,.0023317763,-.00036625276,.0035099303,.0011644386,-.012930605,-.001931062,.12512003,.0059830188,-.045734096
-.00041372713,.012590737,-.00045921098,.011651975,.00035056123,-.00086364063,.00034734988,-.01555228,.000066656779,-.00019354792,-.00029243951,.00064817356,-.0017944789,.11523452,-.0051728464,.12293832,.0016758725,.070039108
-.00082722207,.023084179,-.00051926484,.011128633,.00039256201,.0016065529,.00033847074,-.013908682,.000011341106,.0018372876,-.00029108179,-.00099174527,.0035340833,-.090102941,-.00011899986,.0326901,.0039184331,.046783641
-.00050152774,.013589454,-.00038285079,.011408145,.00024299769,.00022316356,.00031581597,-.0082014874,-.00020266263,.0036673464,-.00030559351,.0015533839,-.00099754066,.10322788,.0023250342,-.024348579,-.00071464613,.11730899
-.00058851729,.021921255,-.00050548685,.013263595,.00027842287,.00046374861,.00031829067,-.01293545,-.00014947267,-.00024544896,-.00028512866,.0019756092,.00053948775,-.00013997257,.000022720926,.093063466,.0016829284,.12003165
-.0006037936,.018764667,-.00083914411,.022874683,.00015924194,.0039313133,.00043908018,-.017459253,.000092030801,-.00159543,-.00018438858,.0004160215,.0047003003,-.101755,.0047009322,-.00052334915,.003803635,.076669566
-.00048294722,.013581286,-.00016005767,.0092843901,.00031070234,.000044059183,.00037356705,-.015262564,-.00026977618,.0027185702,-.000350596,.0015715356,.0032859088,-.14263143,.0035728705,.0053249574,.0034949917,.078278556
-.00091732794,.030906567,-.00069882942,.011718675,.00015579126,.0012746612,.00055828068,-.022691542,.00027367027,.00080202374,-.00036420143,.0033443423,-.0074098432,.27959782,-.0081592686,.18962689,-.0036978032,.21227323
-.000074371805,.0036229619,-.00033269313,.0040215561,.00031387093,.0013271107,.000015606996,-.0036074417,-.00029712755,.010946848,-.00034374083,.0015151667,.0031607859,.072027311,.0006569837,-.025923301,-.00089148275,.0076244036
-.00038915285,.0096687675,-.00070471241,.0079662148,.00035502503,.004893742,.0003587832,-.012798076,.00050233462,-.000086482454,-.00035074996,-.0024199456,.000071206057,.041178312,-.00016025416,-.031911314,.003203647,.0058300546
-.00057853316,.019297993,-.00061402831,.016257234,.00045258325,-.0046867579,.00034884611,-.013064308,.00015242853,-.00084539346,-.00027932969,-.00082030025,.0029218458,.0041075824,-.00065414136,.17356963,.0059373975,-.052776106
-.00056007697,.013103209,-.0011353409,.027856611,.00012230236,.0017182886,.00027611401,-.0081390552,.0003869785,-.0072724307,-.00019519276,.00078385766,.0032148168,-.095791541,-.0032630253,.13092014,.0020935258,.10436404
-.00044678533,.013876867,-.00036632014,.0078859273,.00055198121,-.00082923583,.00022869495,-.011309826,-.0002004503,.0045281169,-.00052812172,.002117937,-.0059848824,.19597149,-.0024806506,-.037813377,-.0024696812,-.048620906
.000058567723,-.0078599546,-.00062313396,.010919712,.00026971678,-.0029840209,.00019058542,-.0083928239,-.00010818838,.006401056,-.000099309567,-.0056897374,.000069060436,.049738094,-.0011629011,-.032392789,-.0010001338,.020921461
-.00051073835,.013872301,-.00033383613,.0088527324,.00020662957,.0017708474,.00028288001,-.011135324,-.00020708458,.0042869546,-.00036919059,.00041908148,.0047596935,-.057066176,.0019704795,-.013770034,.00054468401,.027486844
-.00067112211,.0181391,-.00063855591,.0097151119,.00011853907,-.00039442175,.00043288383,-.01645951,.00025591816,.003366553,-.0002624894,-.00013951496,.0066243494,-.25271142,-.001352424,.14943002,.0097057158,-.095763244
.000060873019,-.0064860354,-.00079562142,.013516067,.00018180413,.0036432473,.000082290884,-.0036029408,.00013435984,.00054734969,-.00015669163,-.0014574284,.00080830953,.16501735,-.0054590888,.074024022,.00079714472,.11154146
-.00028879376,.0070406422,-.00042399578,.0050324355,.00024953939,.0010021008,.00030356992,-.010295533,-.000082201732,.0057188268,-.00022347659,.00049913162,-.000091968323,.13782062,-.0060129715,.048177615,.00037385014,.0064937701
-.00045452386,.017585929,-.0009008348,.020090086,.0001672208,-.00025550267,.00045362467,-.017036226,-.00016928972,.0062300647,-.00027546202,-.0020341235,.00013706982,-.048490901,.0021052593,.0067851506,.006134483,-.095064364
-.0002665855,.011620384,-.00043961845,.0064275763,.00032950487,.001870922,.00012868027,-.014541128,-.00014015338,.004392175,-.00036600267,.0019136637,.0068446244,-.14065091,-.00067883864,.069318138,.0074770846,.037451021
-.00038674983,.0076131788,-.0008775171,.015846411,.00012442315,.0027255591,.00039479489,-.015466919,.00074096292,-.0094567556,-.00025000743,.0014384307,-.00090451911,.049659546,.0055674938,-.16768101,-.0006710515,.11458252
-.00019593739,.008197248,-.00054871751,.0089900177,.00027408788,.0023590657,.00039677619,-.020462381,.000084144791,.0032572497,-.0003279167,-.00034107777,.0052513317,-.083815157,-.0021936975,.20836981,.0081806621,.12738265
-.00077597017,.018822204,-.00065397122,.01944457,.00029392313,-.0031462975,.00034860033,-.014411486,.00030365452,-.0066902507,-.000315535,-.002966912,.0024135644,-.071817853,.0044444753,.036019154,.0053761643,.014999451
-.00030624165,.00085877278,-.00052353943,.010235132,.00007572629,.0034785592,.000064804713,-.0016036828,.0001369378,.0019169035,-.00013396661,-.002582653,-.0036469251,.162907,.00026670357,-.012678579,.00082436984,.049927607
-.00061259099,.018740203,-.00044008487,.0061268019,.00031453991,.006971268,.00052316661,-.023275796,.000037682767,.0047120061,-.00028724942,-.0061062831,.0012095977,.086090364,.0083864573,-.13619314,.002749315,.064593792
-.00089081458,.035120126,-.00066631468,.012374589,.00020655553,-.00038687361,.00063189038,-.03021697,.00036489658,-.0029005597,-.0002725526,.0019701137,.0090880897,-.31627879,.0029249345,-.072492376,.0020503958,.089775734
-.00076695665,.02385658,-.00013661972,.0066681434,.0003675927,.0084360335,.00046093672,-.015405166,-.00017565246,.0040761787,-.00027519901,-.0040377644,.0025480147,-.02687295,.0080219824,-.13503462,.0033953476,.099011004
-.00065680215,.018312139,-.00046586496,.0080604032,.00010218397,.0065661841,.0008210637,-.030878915,.0008555252,-.010858192,-.00020025557,-.0031449334,.012172703,-.49037853,.012703899,-.34515396,.0023982523,.079915136
-.00030399882,.0090777213,-.00055498938,.01125778,.0003260035,.0021383148,.00037102681,-.016918909,-.00022754922,.0061250795,-.00033388208,.0015983834,.0016364453,-.034902401,-.0019650913,.033372622,.0042472184,.035776597
-.0005340841,.015186992,-.00070759025,.01465076,.00026070565,.0015915552,.00024694341,-.01155823,.000082566927,.00085418689,-.00030398861,-.00097513472,.0098462403,-.26302117,-.0046887388,.24884628,.009913194,-.099948354
-.00058115274,.013792142,-.00039951497,.012953218,.00007234126,.0052986434,.00027118539,-.011191947,.00015930802,-.0011977161,-.00019825457,.00061597745,.0011180837,-.018691989,.0037419852,-.01890346,.00059737335,.13589083
-.00066204369,.01569609,-.00044238492,.0091766017,.00036975308,-.00022295382,.00070280302,-.026512194,.00036598105,-.003238688,-.00028781345,.0011934685,-.0033977379,.1591409,.0052451105,-.038741942,.0078577632,-.058733948
-.00025498218,.004317896,-.00038307032,.0092626372,.00031283821,.0014902351,.00010885417,-.0054834299,-.000017399365,.002789832,-.00024951855,-.0039812499,-.0082833543,.33080184,-.001359537,.010055979,-.0085795717,.33187178
-.00041061206,.014930294,-.00033162438,.0036988123,.00039482344,-.0045121242,.00026920944,-.016712179,-.00016060058,.0059329811,-.00028847464,-.00069521682,.0038480656,-.14954831,.0046723066,-.09886124,.0041093826,-.05936747
-.00039515371,.011819791,-.00006173789,-.0019140356,.00020879807,.00692053,.00015517826,-.0078221196,-.00033637145,.0098546948,-.00039100533,-.0018773269,-.0012273141,.1409556,.00030031553,-.000058964826,-.0006538665,.18437248
-.00032472625,.012144687,-.00052682811,.010037117,.000030972547,.0054255868,.00035293683,-.012466669,.000012733034,.0028757642,-.00019867405,-.00302281,.0096407849,-.36781645,.0011894824,.000067076071,.0075307246,-.040606923
-.0003051965,.0090748658,-.00041509376,.0086791962,-.00013792752,.006286189,.00033407385,-.015507115,-.00025880607,.0070503326,-.000077048935,-.0044813859,-.001869356,.089833118,.0055411505,-.077017397,.0042090081,.024283219
-.00019532719,.0050626062,-.00058256986,.015511534,.00032536648,.00026135033,.00019020571,-.0069891368,.00035031326,-.0036194019,-.00031639115,-.0026863294,.0030817001,-.088686205,.0015008338,.081633732,.0065698046,-.056941468
.00005636326,-.0042985198,-.0006043266,.0078444397,.000094876552,.0034133249,-.000010296463,-.00020928281,-.00011557686,.0066861021,-.00014980572,-.0034667177,.0054713846,-.088442415,-.0054767444,.15531547,.00056065473,.072805233
-.00044491026,.010640197,-.00048652527,.0084858211,.00043884729,.00032533021,.000083148574,-.0056479545,.00019807443,.0016989656,-.0003940803,-.00095296447,-.0071164528,.2088577,.010404658,-.20793378,.0032836057,-.016611466
.000058005993,-.0026209392,-.00054518459,.0047088014,.00017960904,.0014986029,-.000094579642,.00047734682,.000099953213,.0058188736,-.00022488389,-.0044932882,.0024022246,.1104225,-.0018414474,-.038287483,-.0032440089,-.026362861
-.0005313622,.010168932,-.00096861733,.024485132,.00020700591,-.0020516452,.000473614,-.012773338,.00065945392,-.012058365,-.00025881021,.001065555,-.0003031393,.01664613,.00042557638,.035420086,.002374623,.015411547
-.00028107493,.012617052,-.00053953915,.01053597,.0006244182,-.002089126,.00014026572,-.011251312,-.00014557019,.0034168863,-.000396416,.00086538412,-.013694219,.59552711,-.013024245,.20965843,.0020305591,.0083492575
-.0004503614,.0098569831,-.0005773335,.0089852428,.0005844296,-.010455348,.00024521808,-.0083843572,.0003256388,.00014544102,-.00035610417,.00026571206,-.0064472556,.24946645,-.00016476614,.034131486,.0082704294,-.14762375
-.00044880819,.0080566332,-.00080406299,.014364653,.00033851803,-.00044247581,.00025255824,-.012986764,.00043084199,-.0011747646,-.0003441509,.00041481672,-.0040642801,.13189934,-.0071568838,.16110577,.00232124,.065314472
-.00026817911,.01092163,-.00065566355,.0097501371,.00030178152,.0066897003,.00028646557,-.017064674,.000088866174,.0034047693,-.00037567416,-.0025053441,-.0051166508,.18680677,-.00791742,.051946405,.00079640327,.0072502233
-.00012528594,.000020667865,-.0011534783,.026374649,.00023180632,.0050947224,.00010040416,-.0041701817,.00040584904,-.0050688288,-.00025489554,-.0010717568,-.0012221168,.14253214,-.0095255878,.21732959,.00041761025,.07832519
-.00055662403,.011829556,-.00035430596,.0038331025,.000012854782,.0012104446,.00048845203,-.01874195,-.000010117386,.0049406467,-.000062306121,-.0074687391,.0026238784,-.12477142,.0065993639,-.17982763,.0050570387,-.13124214
-.00076571398,.019644113,-.00023448117,.0033046398,.00021267825,.0017536193,.00060957024,-.018265687,-.00019150286,.0072160736,-.00020848657,-.0013499502,.0014336117,-.029011982,.0024225505,.0040693539,.0041931421,.032526467
-.00017169025,.0016958069,-.00052321597,.009465524,.00034997592,-.0014408502,.00032062267,-.010044439,.00014508989,.00013412237,-.00025608466,-.0029167135,-.00049857137,.074451894,-.0031788154,.015020789,.0018338268,-.062172174
-.00035062249,.011631871,-.00087941845,.013581998,-.00004046586,.0063879057,.00025398273,-.011901904,.00037563348,.000072357812,-.000052015577,-.0020071543,-.0058045932,.23358244,-.003510582,.043663137,-.002619385,.098452218
-.00048105849,.016483169,-.00098272576,.020740122,.00021996205,.0010729864,.00060631114,-.024747917,.00043346515,-.0056668478,-.00023741886,.00022682371,.000060239239,-.0074849296,-.0053800726,.16712381,.0022167212,.061295643
-.00042057069,.01307265,-.00081537658,.016789693,.00031254554,-.000083029539,.00041400184,-.018853417,.00027370657,-.0036952617,-.00025092391,-.00047758591,-.0038858352,.21622367,-.00063926383,.033625856,.0026509508,.039941471
-.00051770388,.014175991,-.00050249603,.00508137,-.000038399292,.0027153024,.00026866767,-.011556499,.00026283567,.0032124761,-.000013754104,-.0041872473,.0054813423,-.11898577,.00082458626,-.056182042,-.00030016949,.013410944
-.00070940983,.020226557,-.00067327992,.014376108,.00023981053,-.00037869465,.00055368262,-.019237587,.00032918432,-.0018599649,-.00031115342,.0001641978,.002418102,-.083650433,-.0031639009,.26085252,.0055199675,.11510725
.000012799671,-.0016901197,-.00018723267,-.0060537262,.00047013481,.00026735573,-.0001175324,.0010678533,-.00016099983,.013591883,-.00041919903,.0014119177,-.000071335242,.12615071,-.0058201714,.072158031,-.003753585,.14168757
-.00023782946,.0020957114,-.00047996247,.0036071816,.00021515496,-.003945563,.00046492546,-.015310545,.00013711807,.0055631762,-.00019249166,.0001369907,.0019561937,.023078986,.0015083125,-.066622138,-.0017463076,.11252551
-.00068838202,.024623735,-.00067162444,.013813728,-7.3338902e-06,.0090421168,.00029676643,-.015633674,.00013151909,.0022920258,-.00013975873,-.0027267088,-.0044442504,.21592198,-.0027480721,.067372277,-.00033928061,.06662716
-.00042069386,.010321534,-.0010768819,.023526793,.00015583477,-.0003602824,.00024111237,-.0078731282,.00033391931,-.0058750832,-.00017515039,-.0033258935,.0034981389,-.0075017377,-.00096363097,.076359339,.0024011037,.021149121
-.00061714597,.019073393,-.00057521445,.0071986564,.00025638542,.000099028432,.00033712393,-.018050428,.0001568039,.0040415479,-.0002976837,.00076234178,.0016364874,-.04729509,.0052221101,-.050118744,.0034448672,.063440301
-.00051894033,.01926434,-.00019564762,.003486593,.00017984962,.0019171601,.00031126195,-.016114941,-.000089098161,.0047988165,-.00015225446,-.0035205383,.0051454902,-.096556544,.0084755262,-.1836578,.0026562107,.0026121207
-.00040726506,.0048407735,-.001201631,.029069982,.00017609585,-.00041441809,.00042267647,-.010809969,.00031350841,-.0060555441,-.0002944624,.0017681211,-.0090581691,.28945497,-.013533336,.29375368,.00070774084,-.018679339
-.00023254963,.0051983991,-.00071266823,.014843903,.00025350833,-.000039451788,.00011602938,-.0063802209,.0002761537,-.0012293069,-.00018910952,-.0036743965,.0071249874,-.24417736,.0056092581,-.1322903,.0051738084,-.12049163
-.0004134723,.015679097,-.00031001098,.0029452469,.00024619978,.0053948625,.00036187615,-.016921258,-.00026024564,.01081193,-.00021579344,-.0033052913,.0033440955,-.063514657,.011986211,-.29550615,.0036570264,.012898274
-.00044485796,.013558389,-.00079607964,.016417198,-.000019113573,.0026734609,.00036304578,-.014567887,.0001849095,.000025963504,-.00012948703,-.0013533485,-.00066588691,.049355086,-.0019559641,.15306893,.0032500606,.041629605
-.000080167119,-.00076939259,-.00056744594,.0058286092,.00032032898,-.0010714233,.000098983815,-.0075139734,.000022917126,.0058328011,-.00028291173,.00095359585,.0036668216,-.13854642,-.0073417518,.046143081,.0013403177,.0065939603
-.00064780726,.022112215,-.00059372821,.015802836,.00034034043,.0021705565,.00045071394,-.017825983,.00046516239,-.0055513019,-.00039744034,.0011343535,.0014272742,-.017101185,.0051147779,-.04853642,.0045487336,.064553775
-.00078685395,.028955413,-.00030991776,.015162659,.00037472908,.0004145125,.00043767545,-.024077632,-.00018838122,-.0013752704,-.00027026655,-.0021056898,.00814173,-.23406743,.00098302553,.12457174,.0035421243,.096471757
-.00020569131,.0037375756,-.00047156407,.011284844,.00047343672,-.00083048019,.000082297229,-.0047694379,-.000081795093,.00054447725,-.00037160373,-.00060929375,-.0044439253,.1672585,-.0042123785,.085953288,.0041302326,-.040633641
-.00040361541,.0060391533,.00016189618,-.0011841424,.00026684839,.00028331453,.00025885282,-.0066915881,-.00051326765,.011511094,-.00034436907,.001304144,.0034177231,-.05692238,.014779391,-.33762836,.0051469668,.062249433
-.00037546348,.0075644962,-.00055612973,.014447995,.00006909213,.0071786274,.00032140137,-.012342238,-.00001871854,-.00046195835,.000016662918,-.0077920677,.0043019219,-.13999416,-.001307185,.027290825,-.00011137578,.046673764
-.00044584813,.012128806,-.00066583493,.0097952448,.00020098792,-.0017527998,.00040712015,-.016769441,.00040504234,-.00096736779,-.00025943251,.00069448154,.0023067908,-.054937001,.0013736086,.059590887,.0037040415,.0096822716
-.00034753021,.017441327,-.00034328559,.0091975825,.00018109511,.0030572475,.00023591451,-.016259946,-.00026339848,.0054136021,-.00029385492,.0010359589,.0055138436,-.19152971,-.0014617642,.063733928,.0066520073,.032808561
-.00016487684,.0035241889,-.0013653064,.033577465,.00035197506,.0013311378,.00036277383,-.016405186,.00061239873,-.011388018,-.00031111718,-.0026773678,-.011090178,.31165874,-.017648362,.28150278,-.0027558524,-.0086057074
-.00023772992,.0076644463,-.00055667479,.01333461,.0001438461,.003766075,.00053334527,-.022247506,.000080602556,-.0000440441,-.000097882687,-.0077977055,.012913484,-.47000575,.0028236089,-.014332153,.0031720835,.056790877
-.00030742932,.0048682494,-.00080845272,.015420357,.00026466546,.00076930877,.00041369395,-.011595857,.00031583468,-.003659647,-.0002881175,-.00030287635,.0015389753,-.071716048,-.00082899589,.014856447,.0034695268,-.021833222
-.00034801968,.011657798,-.00059295661,.0091774845,.0002516511,.0008834959,.00035022284,-.013994726,.00018213596,.0031899093,-.00027173015,.00056026352,.0056440439,-.31405964,.0051551764,-.086416379,.0016640835,.096558556
-.00048739003,.013736118,-.00042732846,.0090697818,.00063619699,-.0081405025,.00036548148,-.017325241,-.000015555144,.0028326469,-.00051809213,.0047694072,.00076995167,-.060653768,-.0027933158,.050625179,.0038188365,.007781704
-.00014023957,.0052513699,-.00060193549,.0098658651,.00036267511,.0022964671,.00018351822,-.0088533517,8.4257827e-06,.0037211168,-.00026849101,-.0028858064,-.0011422125,.15954594,-.0070053749,.084270544,-.0025041807,.027810218
-.00013683437,.003459421,-.00050294684,.0064185322,.00038647893,.0035812084,-.000041613868,-.00086781359,-.00047825975,.013499606,-.00037012406,-.0016473939,.0026868833,.022720475,-.011311808,.19625083,.0018865583,-.0036100503
-.00067646481,.016948109,-.00080625794,.0079297135,.00012522316,.0017023539,.00070926716,-.021386454,.00040948286,.0013623014,-.00018990855,.0010627307,.0046694227,-.28773636,.0038210175,-.12417302,.00168345,.061436936
-.000076160781,.003934945,-.00081573881,.011841449,.00030371541,-.0010248594,.00011756715,-.010471673,.00018316324,.0041291304,-.00030920672,.0023535946,.0059950291,.089185797,-.0091270003,.080476426,-.0027092588,.077021882
-.00032619518,.01078127,-.00057439494,.011463029,.00033153128,.0018593561,.000281399,-.010531464,-.000060187594,.0030914582,-.00029660272,-.0026315951,.00055239204,.026339233,-.0021813954,.0047213002,.0017416116,-.0018851848
-.00014836228,.0056226957,-.00036954769,.0034702721,.00028179592,.004805191,.00031851168,-.012987066,-.00054158957,.014678592,-.00029369906,-.0021398021,.0032493053,-.038620662,.0016423963,-.12940417,.00074290449,.069811791
-.00018079665,.0063746381,-.0010959787,.026020866,.00029343527,-.0026055747,.00027902061,-.016141126,.00074897188,-.016258113,-.00025738496,.0015458206,.004514413,-.19263373,.0014284191,.051763773,.0018516092,.093804263
-.00022400198,.004206778,-.00040100917,.013958658,.00026128298,.0046161874,.00023039524,-.011496219,-.00055752043,.010750724,-.00024928426,-.0034982206,.0097969677,-.30806753,-.0021575373,.17970125,.0019354739,.11481392
-.00091557641,.030227786,-.00068177358,.012450923,.00020317256,.001441838,.00068087969,-.024143619,.00039926282,-.00032476406,-.00027571028,.0025734513,-.000055580109,.083598338,.0018295948,.025943941,.0016161522,.083014771
-.000036292146,.0012289564,-.00057152141,.010281324,.00022249718,.00077680527,-.000039719533,-.0044969651,.00012316511,.0012335558,-.00018667459,.0020050087,.0043694805,.031263907,-.003182034,.11087612,.0024696619,.081435814
-.00066230132,.024094826,-.00050583266,.011767665,.00018890959,.0018999573,.00043131292,-.016547905,.00061805139,-.0079501662,-.00024179579,.0016620148,.00071319187,-.006418346,.0069817146,-.11217845,.0014623265,.09500473
-.00076200027,.026308032,-.00036722014,.0079483492,.00034376964,-.00269775,.00049183524,-.01965542,-.000084142099,.0032591179,-.0004396592,.0030383929,.0014260621,-.062498182,.00081578514,-.0073742256,.0039357897,.016355745
-.00029415064,.0042909016,-.0002507329,.00092459953,.00026643838,.0016514597,.00027062546,-.0072685895,-.00026671297,.0094958115,-.00032380063,-.0019465194,.00019804506,.0025283513,-.0015955915,.0053747501,.0011157446,.036467887
-.00056049239,.015331959,-.00017587391,.0048060492,.000080791782,.0048561548,.00044614763,-.016466031,-.00032160268,.0069465134,-.00011962443,-.0027642753,.0012491801,-.018364001,.00084459782,.011247044,.00091576006,.069155984
-.00044487781,.016027717,-8.2321658e-06,-.00081456284,.00034055058,.0025769663,.00034457128,-.017676476,-.00047450195,.013144603,-.00028043948,-.0012720763,-.0037303302,.2131303,.0052949353,-.12322196,.00064281456,.0024213197
-.00056441227,.019833531,-.00045351646,.010343242,-.00010435166,.0056518535,.0006111993,-.026970128,-.00019812485,.0043331478,-.00004383397,-.0036649101,.0021524897,-.025191447,.0016556055,-.01452102,.00078860146,.055751693
-.00019430844,.0084345648,-.00066349405,.013312336,.00033644575,.003656598,.00031976812,-.012853497,-.00044286108,.008538858,-.00031917656,-.0011259965,-.0024004751,.15140629,-.010944787,.16800377,-.00076852896,.072150752
6.6704665e-06,-.0022882295,-.00058877602,.011383524,.00039010562,-.0056887884,.00008778787,-.0062657604,.00017915483,.00098454568,-.00031034005,.0019936005,.0061270823,-.18566094,.0036161777,.071935311,.0072218487,-.057669096
-.00043765135,.012538848,.000029140518,-.0041489331,.000044293367,-.0025186203,.00039326085,-.017693289,-.00050437229,.012815056,-.000093886585,.00056306535,.0050711012,-.29007295,.010224653,-.23308708,.00017911795,.025456641
-.00042129998,.01581613,-.00051731244,.015127122,.0004594987,-.0023673528,.00012569875,-.009222365,-.00028882979,.0050176284,-.00033820648,.00071070268,-.0054528471,.26060373,-.00020694637,.0091301706,.0012993283,.062978908
-.00056588638,.010812916,-.00092086662,.017507976,.00013109768,.0026491424,.00042051615,-.014360597,.00078706199,-.0098240981,-.00030968522,-.00092860387,.0020605095,-.043415815,.00050065375,.023154363,.0024690449,.051400732
-.00027097194,.0061325412,.000012970653,-.0021818606,.00022202551,.00056188478,.00012285911,-.0073507139,-.00040795637,.012003692,-.00025591758,-.0019260985,.0077260109,-.23302597,.00060868938,.16402183,.0033219,.078106977
-.00051230151,.014313155,-.00050872064,.010550562,.00019185116,.0023669812,.00074072974,-.027842015,-.000013359169,.0022473745,-.00013465639,-.0022901457,-.0016485355,.080232412,-.0027603568,.037442345,-.00080798275,.057418443
-.00034605694,.0059230728,-.00061430607,.012972799,.0002575574,.003731689,.00027404702,-.013014855,.000058186914,.003102741,-.00026242502,.00034839771,-.0081540365,.18818901,-.0049557667,.05420585,.0011619618,.036593203
-.00047772875,.015398275,-.00083214679,.021317244,.00021848232,-.00017433049,.00030805671,-.014354726,.000054804193,-.0010978667,-.00031054596,.0026904361,.00051062932,.15752211,.0012020301,.041507985,-.000079846417,.12674595
-.00037889267,.0090204608,-.00040944573,.011612507,.0002715278,.0010572912,.00053094648,-.019465899,.000095347852,-.0011782647,-.00024197408,-.00026721274,-.0053944294,.20237279,.000020357436,.030629894,.00057028717,.033280917
-.00033611039,.0030178213,-.00065462652,.014839313,.000094902607,.0036183579,.00047776217,-.014524803,.00030353136,-.0023433932,-.00019781987,-.0014711766,-.00046521582,.070686057,.00040215076,-.035605606,-.0010917,-.050382048
-.00015503884,.00037988278,-.00054475461,.016511263,.00019928039,-.0014749814,.000078749006,-.0038785806,.00028107569,-.0037388965,-.0002291191,-.00033880607,.0065534189,-.12558456,.0050658132,.042246677,.0052555623,.026026379
-.00060993037,.02518592,-.00044932633,.010094685,.00053197506,-.0066140322,.00043580108,-.023313418,.00018585564,.00037719237,-.00067080406,.0094050169,.003093947,-.063014984,.0017330935,-.0053795772,.0080098817,-.098543212
-.00040584398,.014835375,-.00051847927,.005377789,.00018701628,.0049067554,.00032283366,-.016648682,.00013338994,.0048094499,-.00019371958,-.0021217044,.003037978,-.0027496547,-.0016115978,.012683547,.0012975658,.054591209
-.00028424343,.006650825,-.0010643343,.016864883,.00043681083,.0011248316,.000059992093,-.0063354955,.00036392585,-1.6952872e-07,-.00044453109,.0019268461,.0018996837,.056849252,-.00022360138,.02083217,.0071781911,.05459512
-.00018086043,-.0015542539,-.00059253309,.009264471,.00039972627,-.0024976851,.00020043725,-.0063791326,.000025855037,.0029895124,-.00029326015,-.00086996827,.0035022909,-.022256004,-.00056182873,.004647098,.0015166722,.026714381
-.00035676159,.011038776,-.00057723967,.015365551,.00011954745,.0027955864,.00019747743,-.0078254286,.00020273581,-.0032465437,-.00011497022,-.0036715753,-.0022250128,.1454207,.0047874758,.0012848921,.0023065279,.036979403
.00015395318,-.0068716141,-.00070202531,.0097995307,.0003941677,.00348364,-.000098128949,.00081243995,.00037622108,-.00034137222,-.00043341008,-.0019592189,-.0072108866,.34469822,-.011911303,.24346317,.00071501301,-.00089885521
-.000082491555,-.00033622942,-.00041479676,.010703511,.00031211349,.00098633929,-.000033093413,.00072302466,.00048540387,-.0073962598,-.00039625066,.0013491292,.0077539119,-.12581813,.013560329,-.26469627,.003998098,.093276873
-.00017703409,.0039692973,-.00049049786,.0088814544,.00029891581,.0020779104,.00030494976,-.011905698,-.00021991428,.008445452,-.00036906899,-.00056432467,.0018549149,.036225915,.0018763299,-.027801255,.0012842995,.017052501
-.00059598638,.014318876,-.00049172773,.01029088,.00018497508,-1.0822783e-06,.00014845154,-.0037053826,.00012652008,.0018377496,-.0002408506,-.00030714989,.0018142244,.014121555,.0027026741,-.0066786818,.002772375,.0057336879
.000066650675,-.0075726202,-.00023956424,.0040378235,.00024562428,.0027460638,.00013373593,-.0028770075,-.0003250342,.0079894224,-.00025794617,-.00089826697,-.0029007529,.15507866,-.0060519092,.071241274,.001729532,.032552239
-.00036313699,.0041176188,-.00052057888,.0067704157,.00018657936,.0030600841,.00034158427,-.0099033229,.00028127996,.0014090505,-.00021396711,-.0021594022,-.0047696894,.20311691,-.0017320951,.10120352,.000057157635,.10240652
-.000303259,.0075846063,-.00061748741,.0078043495,.0002091263,.0067309896,.00033160215,-.013337503,-.000037011519,.0061313449,-.00030999168,-.0030876643,-.0071148393,.23766401,-.014247014,.31943896,-.002996129,.11718503
-.00051962252,.015609424,-.00054263341,.016681891,.00018790487,-.00037833198,.00036388662,-.012867965,-.00026996739,.0055801687,-.00013505424,-.0022535869,.010461197,-.31444535,.0087537766,-.097462669,.005068941,-.029314183
-.00056772301,.018926527,-.00036800263,.0047019757,-.000033650911,.00015454961,.00075969659,-.027708653,.000014985279,.0054972228,-.00015576508,-.0012513519,.0039724894,-.16741765,.0034159406,-.10166822,.0022424329,-.008726038
-.00021121342,.0071988045,-.00087058108,.013587177,.000013578889,.0076314039,.00021921596,-.0057745362,.00017741225,.002386004,-.00013195282,-.0020733878,.0015074913,-.12732655,-.0090993559,.097523607,-.0032073362,.069012426
-.0006843849,.018721059,-.00051376765,.0086616641,.00029804488,-.00058114709,.0002872016,-.011604115,.00024169286,.0017341231,-.00034374211,.0017754766,.00083116634,-.063930541,.001991946,-.021313237,.0045770388,.0009933043
-.00034961649,.0092338407,-.00047609158,.010066671,.000099286626,-.000045240595,.00010844947,-.0079826647,.00020449351,.00073579652,-.00010940929,.0022581543,.00045741635,.058262885,.00091346994,-.023345744,.00037393905,.05009022
-.00042034083,.011304441,-.00042127803,.0046897037,.00025592613,-.00015814639,.00038133989,-.015687488,.00019631734,.0027973875,-.00026551553,-.0013553738,-.00071515271,.080653004,.0029076964,-.073871493,.0015335517,.015997635
-.00047817826,.014953276,-.00061674888,.012499887,.00048901857,-.0016810518,.00021607061,-.011662262,.00028170864,-.0018886478,-.00048695423,.0027178728,.0014109991,.16013697,.0048660529,-.033017311,.0056116115,.030469989
-.00013145128,.0036873824,-.0013334666,.025520179,.000090873829,.0017684167,.00011429212,-.0057737408,.00033175253,-.0023936981,-.000038201812,-.0014371441,.0024992349,.053883284,-.014669669,.2838307,-.00070047646,.029422212
-.000039880579,.00025988469,-.00049355015,.013301929,.00032820296,.005185795,.00011549079,-.0064310748,-.000086678891,.0018296461,-.00029965278,-.001610414,-.023303857,.93925399,-.0061522461,.093353249,-.003556696,.065891221
-.00018653598,.0011974517,-.00048597212,.0056935931,.00028075895,.0012614462,.00013449186,-.0057972278,.000093054863,.003733899,-.00030526394,-.0018957875,.001400916,.027002869,.0024800124,-.085121006,.0026628498,.011749053
-8.4012900e-06,-.00025336412,-.00051402382,.011133093,.00027107736,-.00055984227,-.000067401277,-.0010902449,-.00002207459,.0016742392,-.00026429523,.00058924558,.00028347512,.0031885533,-.0027064877,.070191093,.0029435137,.022218894
-.00039132929,.010278938,-.0010205081,.021970484,.00025782836,.00074818044,.00021626966,-.0095344651,.00090529548,-.011588842,-.00027009525,.000096529162,.0078388359,-.20789303,.0040140981,.0266317,.0043680235,.059096202
-.00053049339,.015027238,-.00021140308,.0042253407,.00031155103,.0041730586,.00053246133,-.023559123,-.00020031598,.0060251905,-.00040467712,.00069057988,.002570424,-.06327159,.0024642772,-.083650053,.0047196597,.049875729
-.00021223226,.0096050519,-.0012588202,.024249313,.000073774689,-.00064962788,.00028662596,-.016071616,.00091709633,-.011594914,-.000096737531,-.0011417491,.0036175575,-.054916847,.00018634083,-.0089837071,-.00068975572,.015756622
.000030035428,-.002518079,-.00048117962,.011412482,.00043561458,-.000013802713,.000094718758,-.0066890861,.00015602566,.00047090679,-.00028993379,-.0017761302,.0028218841,.056244139,.0039193151,-.074186988,.0027593574,-.011213604
-.00041759489,.012377008,-.00020000998,.0073599876,.00022275775,-.0046255528,.00013078887,-.0064552501,-.00023827076,.0064943857,-.00016182079,-.0037087686,.005591921,-.023417311,.0080241058,-.055783845,.0072186529,-.086922809
-.00041914632,.014163579,-.00048970385,.0088756615,.00045233459,-.00033652503,.00034822765,-.016086865,-.00020656359,.0068260925,-.00042630493,.0025504872,-.0092207724,.39232239,-.0093828253,.21286106,.001186933,.075887382
-.00034381932,.010480192,-.00043000822,.010133944,.00039863947,-.00057608867,.00012475906,-.0089268079,.000021394042,.001591768,-.00041987904,.0017430041,-.012592425,.60010576,-.0022732806,.15194811,.0066793505,.0022355923
-.00047657415,.011592199,-.00061810145,.013070797,.000084627769,.0022824288,.000060608239,-.0058900649,.00015270313,.00078958232,-.00024804403,-.00057789468,.0090639601,-.24013679,.0050583496,-.054173458,.003002872,.1100191
-.00024544756,.0081848977,-.00025095965,.0053698528,.0001775191,.00030127261,.00019619033,-.0086782128,-.00051521813,.010413378,-.00027030919,-.0020912145,.0091509661,-.19528061,.0046278476,-.075798973,.0040862537,-.013016898
-.00042108778,.013298451,-.00031635538,.0051744566,.00037795701,-.0042554145,.00030189278,-.013207142,-.00023588135,.0050915591,-.00028014064,-.0006160881,-.011527042,.55331737,-.0011741676,-.066687047,-.0038357603,.1410239
-.00018516699,.0025985737,-.00059531064,.010172488,.00015224684,.0048265811,.00029333759,-.0090902839,.00026180301,-.000097321623,-.00010681382,-.0044881157,.0035649128,-.060203452,.0085639441,-.17472859,.0066336221,-.060747974
-.00058218435,.018945888,-.00062435429,.018844655,.00053754169,.0030328529,.00031917964,-.017827366,.00026861558,-.0054210946,-.00047418522,.00016776242,.0019736981,-.021645267,.00017714492,.053323317,.0047649322,.045566685
-.00047015681,.0089192726,-.00037543278,.012787405,.00031626562,-.0012419083,.00028747681,-.0075495704,-.00020458337,.000042662639,-.00036254659,.0023974825,-.00089214119,-.032631453,-.00153833,.069899008,.00094101811,.079139337
-.00083192321,.02376564,-.00049747596,.01442838,.00020753006,.0046750302,.00055035879,-.023343917,.00031816083,-.0022867641,-.00024713803,-.0037044003,.0011108818,-.073668495,-.000060200382,.072435699,.0036054656,.064509302
-.00074725476,.027699515,-.00085677515,.014679338,.000036260175,.0073105274,.00041073334,-.019808725,.00075543654,-.0067585851,-.00015484446,-.0018826716,-.0031789327,.14737092,-.0028491877,.048429802,-.0010979727,.11385342
-.00032501074,.0075854165,-.000019596771,-.0016921479,.00035006812,.0035748906,.0002768923,-.011355281,-.0003485934,.010733802,-.00040051783,.0006269986,.011490757,-.41587609,.017441148,-.43569037,.0049124784,.027596397
-.00059797155,.017607016,-.00075769157,.0162772,.00039575816,-.0041479426,.0004854374,-.017984917,.00050134683,-.0048289951,-.00048935844,.0055680401,.002771439,-.21287489,-.0017386274,.064658575,.0032841503,.062604636
-.00038482036,.0066029709,-.0007926955,.014993825,.0003820431,.0019820379,.00051294442,-.018070603,.00027644305,-.0012658038,-.00037936322,-.0030521015,-.0055908421,.16346347,-.0080120899,.10053183,.0003222088,.083271086
-.00039950278,.01296431,-.00036573035,.0067955093,.00035914779,.00078836508,.000099408942,-.0045731924,-.000398551,.011294101,-.00025163297,-.0028909524,-.0093053747,.43569931,-.0083973175,.20620558,.0010545846,.05120882
-.00031322535,.010952847,-.00061490538,.0109145,.00021026154,.0013067729,.00039167426,-.016793264,.00026133112,.00088415074,-.00025767204,.00053220114,-.0015481501,.18411587,.00069823419,.049144946,.0032985334,.039943993
-.00056809711,.017572837,-.00048638904,.0066983467,.00045833708,.0032163938,.00036947097,-.018134467,.00019752824,.0025458864,-.00040827043,-.0018546778,-.00023139057,.079568729,.0022358438,.01837022,.0046569612,.10533372
-.0004049376,.016171714,-.00054994109,.0120282,.00012691919,.0066693076,.00013744755,-.0064756796,-.00028834271,.0082558608,-.0001613777,-.0047910805,.004002715,-.028777275,.002802744,-.045225549,.00031365428,.074071385
-.00010707655,.0014026521,-.0010264104,.020663597,.00034759645,-.0017751764,.00031901183,-.014764749,.00064691139,-.0037761114,-.00043985268,.002756336,-.0025174299,.14351672,-.0059899623,.10042029,.0016036421,.0085692061
-.00053670275,.011585284,-.00035941426,.010023032,.00041940887,-.0012576107,.00012241624,-.002003148,-.000090404967,.0016530763,-.00039442244,.0028609491,-.00023582978,-.065759853,.0065871812,-.07163512,.0052439529,-.00074505148
-.00053169945,.01797168,-.0003904106,.007065753,.00015835608,-.0025817056,.00021246109,-.011191025,.000049777071,.0027919821,-.00016970908,.0002400721,.0060231071,-.21637033,.0014351514,.016341854,.0025428585,.030206719
-.00052369101,.014767754,-.00081112859,.013470079,.00027908152,.0011031388,.00049043924,-.015977137,.00042468947,-.0020366276,-.00035813253,-.0001814616,-.0028107762,.1087608,-.0029567431,-.0344791,-.0024848932,.03406607
-.00093741139,.032514658,-.00050970743,.014510459,.0003306155,.0058057099,.00072206644,-.02809553,.00049258186,-.0066314503,-.00032141194,-.0017736466,.00070400862,-.024754342,.0058148629,-.04905517,.0035788999,.042581625
-.00041447571,.0083957454,-.0005036401,.0097357323,.00031026598,.0030073237,.00045380191,-.016217131,5.8501423e-06,.0033037986,-.00027598944,-.003241299,-.0050360723,.21171862,-.0058369478,.11540723,.0016382519,.092498578
-.00058273034,.015290504,-.00032059985,.013535536,.00020691808,-.0023880908,.00065512076,-.0199768,.000062821666,-.0022303427,-.00026195706,-.001683885,-.0019102785,.06765119,.0045845034,-.020881807,.002465284,-.0035679457
-.00083521713,.022421923,-.00142421,.032063924,.00028094964,.00099075923,.00076189911,-.020821914,.00092483516,-.015566835,-.00024444214,.0012059319,.00028837967,-.034401689,.001176752,.050398149,.0035829141,.080988355
-.00062708708,.016450645,-.00043028462,.013210626,.00017227967,.00025235253,.00042356868,-.016513983,.00011407428,-.0013641216,-.00021564704,.00098840112,.0064806151,-.23814104,.0052010422,-.037569471,.0043252925,.049244776
-.00067893759,.021234371,-.00077378406,.016933002,.00031921756,.00061367115,.00052214129,-.018106349,.00021579019,9.0412304e-06,-.00029514183,-.00077875127,-.00018327234,.074106812,.002217131,-.00056198984,.0043409946,.032734953
-.00080873782,.021925114,-.0007553391,.018328693,.00015638312,.0025963732,.00048634483,-.015283128,.00040933027,-.0051745116,-.00013971815,-.0019750958,-.0028012316,.11159369,.0039458983,-.064794712,.00050478714,.047957711
-.0004964727,.017241329,-.0010374589,.020592369,.00030634078,-.0015806435,.0003167039,-.0095156152,.00049693277,-.0073249582,-.00021240851,-.0036179346,.0048290999,-.11877494,.0058258381,-.077839956,.0051181307,-.08096496
8.4123885e-06,-.0062402184,-.00085996243,.012302653,.000090837166,.0041556535,.0003475312,-.0088127824,.0002771226,-.00016195506,-.00020432429,-.0017787406,.0046315775,-.085624911,-.0069523226,.072357126,.0021088431,-.024992136
-.00039172271,.013736362,-.00054310221,.011364106,.00016408962,.00074550888,.00019856737,-.011767408,-.00010630073,.0019055667,-.000089620742,-.0015922261,.0080690701,-.21549043,-.0053321752,.16108593,.0012570147,.036732905
.000059546714,4.2825677e-06,-.00041184714,.011095407,.00023309633,-.0026444313,.00001210624,-.0040981923,-.00022705659,.0018779128,-.00029388693,.0017220502,.013151471,-.41315344,-.0024778761,.13377993,.0061251316,-.099784203
-.00088884012,.031627238,-.0005859473,.0092776893,.00028777908,.0004179223,.00077157625,-.033754375,.00046953428,-.00044136227,-.00029776443,-.0025997683,.0031953601,-.064163178,.0022640408,-.005537238,.0040638214,.041816462
-.00076753553,.021989537,-.00026356024,.013205414,.00037483871,.0021165593,.00039119369,-.016036844,-.00030684966,.0026751535,-.00036661324,-.0014732901,.003106907,-.082680888,-.00050357747,.15574402,.0060707037,.046003867
-.00030812816,.0087372689,-.00063434837,.013363697,.00041312314,.0014464862,.00049688196,-.021842733,-3.0519859e-06,.0019259246,-.00024441781,-.0034783876,-.0088640889,.37503397,-.011300545,.18495387,.0058593596,-.085328355
-.00072113739,.016073953,-.00096264988,.017411083,.00019618223,.0023568494,.00065491669,-.017154148,.0006314487,-.0080955327,-.00019308047,-.0040593129,-.0042533902,.16679764,-.0073465421,.16843976,.000089312736,.057688873
-.00058895675,.017999638,-.0005956025,.017819416,.00017967421,.000065797321,.0004332673,-.015364473,.00029452509,-.0043305079,-.00021637623,.00011759342,.0073707425,-.23770708,.0010137927,.10644405,.0051753493,.059290703
-.00075425312,.02630325,-.00041530121,.012345249,.00018473303,.0038109615,.00046307617,-.019610386,-.000069006041,.0013145314,-.00018651068,-.0031643715,-.0018942681,.18071218,.0058323429,.030373545,.0014208922,.090229936
-.0008318937,.021998854,-.00029135559,.0054060654,.00025166888,-.00014843402,.00045877136,-.017376602,.00018144565,.001149411,-.00030039097,-.00083740725,.0036293899,-.10842281,.0061029387,-.09149126,.0014748941,.051503282
-.00073476497,.020893699,-.00055786077,.012699617,.00026312942,.0043862779,.00044990797,-.016280912,.00017713621,-.0015652408,-.000457052,.00082947972,.0049165296,-.056308735,-.00097022037,.096339546,.004270439,.092160314
-.00038228469,.012242521,-.00054703042,.0064245909,.0002303603,.0040362487,.00026974731,-.012330146,.0001675238,.0034509881,-.0002385392,-.0031568469,-.00028285742,.044494059,.0045523937,-.11431117,.0028219013,.041633707
-.00073612295,.024509517,-.00062300696,.010892984,.00021079782,.0015006268,.00051920087,-.027519792,.00041689276,-.0035188599,-.00029248529,.0017696981,.00638666,-.27414075,.00092231348,.021118797,.0041558207,.078516506
-.00041458244,.0077203186,-.0004441776,.012777732,.000098720251,.0034434453,.00043348316,-.017055307,-.00012609696,.0008041074,-.00017456978,.00033865799,-.0069550108,.23568685,.001739642,-.019929664,.00088349753,.022622947
-.00025062295,.0084181055,-.00083435338,.019846093,.00019208307,-.0050048321,.00021594297,-.010950627,.0011693946,-.020297855,-.00018068236,.001298539,.00032625863,.085834809,.0055553326,.0062714,.0042264671,.013407378
-.00085435633,.028884619,-.00098563312,.021497797,.00032591482,-.0014599805,.00058787264,-.024938429,.00082136283,-.0078075486,-.00030869956,.0010017941,.00049995416,.0044020615,.0010338887,.083385065,.0040809554,.024101047
-.00025987194,.0078108693,-.00076548476,.014716106,.00022463486,-.00033112965,.00025017941,-.010868574,3.1017473e-06,.0036374044,-.00023704057,-.0013703863,.0013491972,-.0069047762,-.0066323522,.19136384,.0027057303,.038256094
-.00034189667,.0071474407,-.00039048606,.010191859,.00033605736,-.0016598501,.00045865733,-.01370913,-.000080019119,.0032162075,-.0003627995,.00085579534,.0021820804,.0463854,-.000046930501,.050611086,.0023422223,.024037091
-.0004571194,.0094170813,-.00059256644,.011961739,.00021665233,.00031678958,.00014546652,-.0045649479,.00018950879,-.00065745605,-.00011291558,-.0012991893,.0008121201,.043679815,-.00063528569,-.011754218,-.00015971484,.021099178
-.00029221288,.0083651626,-.00070537807,.014734973,.00021170502,.00075001665,.00037540399,-.016553147,.00034521482,-.0018756717,-.00030848398,.0021510043,.0032772708,.056297455,-.00070771185,.013426711,.0042676372,-.026037445
-.00076152413,.023976039,-.00034672825,.0011825889,.00015320789,.0022361218,.00038821742,-.015034718,-.00018274783,.0081404224,-.00010555055,-.0046292143,-.0053833164,.31442052,-.0042554168,.070341133,-.00018406015,.01256452
-.00086621841,.023750801,-.00043057528,.013358548,.00056368834,-.0010575989,.00050824491,-.018121183,.000066205968,.00036697931,-.00035768625,-.0025184988,.0019693531,-.025419274,.0021194788,.05550224,.0058800881,.030404039
-.000064431501,.00042210566,-.00066402473,.015812522,.00056814583,.0028128966,.000092715054,-.00063983683,-.000028942319,.00059498125,-.00053793815,-.0033352841,-.00018728526,.070576094,-.0054917131,.079533927,.0018445913,.062402539
-.00082298572,.020115804,-.00053478073,.011598652,.00062771869,-.0061198105,.00054683135,-.012931968,.00028577587,-.00067172328,-.0005555622,.0036639047,-.003775791,.10851387,.0041496865,-.040376533,.0072807549,-.093509674
-.00030200012,.010389157,.0001294656,-.0056004846,.00049185316,.0037814411,.00029258424,-.018788982,-.00060481869,.01575101,-.00055679155,-.00011516172,.011877901,-.41797724,.015566391,-.45490077,.0066359793,.025377575
-.00026641972,.0066343318,-.0003663596,.0067118243,.00031899312,.0024175388,.00012258699,-.0038515048,-.00010371982,.0044365725,-.00035896889,-.0014849911,-.011199843,.54022121,-.011323561,.09447737,-.005220551,.023750229
-.00046046352,.013382457,-.00051794405,.013474462,.0004089076,-.0032251508,.00039141628,-.014833705,.00027268557,-.0028043194,-.00036938954,.0015004419,.0027338073,-.065946303,-.0011316383,.17942216,.0046915002,.044517666
-.00045548953,.014279516,-.00045111674,.01000033,.00041325027,-.0015166993,.00033602779,-.011759679,.000098827972,.0009931121,-.00052019296,.006403198,.00082822313,-.023761339,.0027804116,-.090756126,.0059514381,.0082542617
-.000085264524,.001867593,-.00044180694,.0018404688,.00048840774,-.00048659919,3.4566381e-06,-.0004638645,-.00013274522,.0095606418,-.00052489503,.0012861574,.0019075617,-.012192227,-.0071877474,.082587607,-.0012174671,.071212865
-.000014972632,-.0066775908,-.00034022721,.0048235049,.00044981015,-.00033638417,.00027946144,-.011376447,.00011877527,.0036988491,-.00036765021,.0021725022,.0026004412,-.11035314,.000028159544,-.036029637,.0035371198,.019470118
-.0006599513,.016782656,-.00048630915,.010646984,.00026042209,.001582787,.00046866949,-.014265119,.00038523346,-.0016530168,-.00018121225,-.0011734484,-.000058126003,-.0077861906,.0094458032,-.13406803,.0020089345,.077457592
-.00027050311,.0071318201,-.00067610783,.0097348969,.00033434029,.00063339388,.00037239597,-.015161992,.000043874501,.0035542166,-.00038567762,-.0017488842,.00021985004,-.024466839,-.0039229221,.030721806,.0064254883,-.016023841
.000077110679,-.0020995799,-.00090442452,.017050518,.00033030598,.0031352728,.000029888715,-.0049017649,.00012696195,.0028598546,-.00026681816,-.0037782174,.0016532077,.0045900573,-.0074097179,.13276489,-.0017661244,.056685869
-.000065957836,.0046725892,-.00033942435,.006500992,.00015176741,.0048830993,.000050640767,-.0023372436,-.00014461187,.0045359735,-.00021634775,-.0034296322,.0043673525,.0077940654,-.0027713657,.0049887965,-.0043883785,.10099175
-2.1965441e-06,-.002796767,-.00073521939,.010234688,.00016514964,.0046246606,-.000047887468,-.00075886404,.0001970545,.0014883954,-.00024823216,.00058183959,.0066222558,-.085352801,-.0087631624,.10888036,-.0018190744,.13011076
-.00039134128,.013522674,-.0002049067,-.0049936958,.00028819684,.0053092595,.000048073733,-.006703434,-.0003548963,.013463245,-.0002651879,-.0045242347,-.0084305853,.37195802,-.0093333358,.15604246,-.00018266482,.077551566
-.00050255982,.012992824,-.00029277295,.0034593681,.00027620085,.002022495,.00053097762,-.023668623,.00025780493,.00016513094,-.00023053934,.00039106127,.00010709021,-.018323651,.0054872856,-.12183965,.0022897543,.074602984
-.000634116,.022100823,-.0003980149,.011632112,.0002415833,.00096881605,.00022816331,-.012691581,-.00021193891,.0033899264,-.00013174133,-.003892913,.0028502468,-.030031888,.0080145793,-.12451849,.0063899923,-.096922621
-.00041257183,.013330264,-.00033801317,.0057416945,.0003147533,-.0013336178,.00032808198,-.016541194,-.00021892082,.010104935,-.00025290641,-.0023827846,-.0027126516,.1339014,.0021604863,.16379952,.005968106,.051348027
-.00037258604,.0052646338,-.00052248576,.0096300859,.0003239561,-.0003392878,.00031770018,-.0089635663,.00028242264,-.00031042931,-.00037467325,.0020999224,-.0063222973,.18464145,.000040079718,.016175123,.00070636033,.037458882
-.00019950008,.0095869098,-.00037729723,.0094540743,.00019433499,.0023626492,.00020878924,-.013027309,-.00001347646,.0013962317,-.00023744869,-.0026368999,.0059336927,-.2071338,.0061205802,-.099535212,.0032987697,.024891052
-.00014503532,.0050177788,-.00026728146,.0023596608,.00024229499,-.00056570984,.00028519944,-.012661075,-.00031922452,.011038468,-.00018984244,-.00095012347,.0022015006,-.10548291,.0039107967,-.069239527,.0020545456,.03255032
-.000092237467,-.0012870049,-.00062585546,.0098673031,.0001994234,.0006717756,.00021431163,-.0072127259,8.8390570e-06,.0032775842,-.00019837917,-.0017808585,-.0019508355,.062761232,-.0089390809,.11572903,.00036266766,.0054926677
-.00062505604,.02024046,-.00070251338,.013260434,.00019740044,.0064580254,.00021726645,-.013760459,.00035704803,-.0014760095,-.00030310216,.00065688224,-.012425289,.52800739,-.010491299,.24526258,.0017089935,.18128222
-.00093422807,.032749787,-.00084890495,.020064697,.0001897523,.0028578348,.00043812679,-.020380648,.00070205535,-.010518718,-.00026435536,-.0022645211,.0033710892,-.16652705,.0074312817,-.17113693,.0082369717,-.13764668
-.00021147869,.0089439722,-.00021796426,.000041375897,.00020826851,-.00060326338,.00029268945,-.017055094,-.000068816524,.0081779538,-.00034620753,.00074501499,.0041903812,-.024955807,.0039891857,-.063625202,.0034086178,.0474842
-.00019162474,.0068636197,-.00021340372,.00475193,.0002073058,.00010444818,.00016152469,-.0086042052,.000015887348,.0038377454,-.00031636952,.0023200605,.0063705998,-.19927298,.0071218498,-.1300455,.0032408494,.049487628
-.00043075162,.0090862047,-.0012891465,.031633001,.00062662299,-.0081112664,.00045396254,-.018518956,.0011164822,-.02056192,-.00042119686,.0046579191,-.021180397,.83410603,-.00031082548,-.0075211851,.0085602682,-.24662749
-.00017644653,.0011215775,-.00046395519,.0065073478,.00014821268,.00034236064,.00028077816,-.010601054,3.0301048e-06,.0037296019,-.00025289942,.0018086386,.0090201013,-.38570195,.00030810107,-.010784291,.0022194844,.045293842
-.00020188201,.0061246627,-.00050009118,.0079929754,.00010193921,.0058755479,.00030983519,-.01567564,-.00015705112,.004880785,-.00017065898,-.0013838034,-.00048080704,.19676444,-.01008371,.13113819,-.0051443488,.15215755
-.00034444686,.014504179,-.00053939741,.0074122408,.00001294434,.0038952241,.00041556309,-.019380921,.00039770463,.0013306445,-.000065055945,-.0041716006,.0030156802,-.038683452,.000086336375,.025339538,.002740274,-.02660685
-.00080144033,.026760295,-.00052835513,.010116606,.00010994357,.0011449276,.00054311362,-.022428975,.00018528702,-.000033949298,-.00020227842,-.0019047246,-.0019702825,.13293523,.0074868719,-.11446229,.0021976419,.016841846
-.000062676161,.0065855323,-.00074815191,.016113006,.00017255591,.0088285506,.00010659504,-.012582631,2.3045994e-08,.0012464521,-.00021917667,-.0061771106,-.0064492081,.43245786,-.02043926,.24221161,.0015923529,-.083528921
-.0006363499,.018590542,-.00036595718,.013157852,.00028283329,-.0016532838,.00047234743,-.016551029,.00011244238,-.00245333,-.00036978367,.0033937339,-.0027533781,.16682586,-.00039807172,.1142996,.00081966416,.10881073
-.00035279183,.0063282461,-.00063521182,.014326421,.00044723516,.00075650821,.00012893422,-.0072022774,.00031256152,-.0023857129,-.00050096406,.0050130053,.0014129245,-.019571168,-.0021396161,.036729265,.0038521441,.01772544
-.00072946603,.023611583,-.00034403938,.0098604718,.00017920771,.00089920155,.00045920018,-.016685767,.000060548326,.00085043116,-.0002977011,-.00031688702,.0012463357,-.050935257,.0088737113,-.14416374,.0050684796,-.032104991
-.00036077583,.011932882,-.00039323297,.0064957216,.00026499684,.0043726717,.00044925284,-.012598723,-.00010542745,.0052390764,-.00026878732,-.0021378507,-.0015509096,.030601921,.0015131941,-.031199526,.002451217,.073075801
-.00028598544,.0097188549,-.00032973845,.0079526706,.00034360596,.0021802499,.00028945689,-.012064444,-.000074354408,.0029305611,-.000364971,.00057679537,-.0038852845,.087660514,.0011725762,.024222687,.0041173948,.052722938
-.00069872814,.018088736,-.00054755656,.0077131242,.00034051819,-.00020172604,.00042220898,-.016252162,-.000022079616,.0035232941,-.00033807079,.00077830709,.0046819067,-.11774728,.0038669161,-.090532802,.0036239915,.020494865
-.00032995114,.00974085,-.00014055922,.00018173429,.00032757278,.0020532259,.00041920348,-.016113218,-.00030245536,.0080018435,-.00036552115,.0019434736,.0012853447,.0081978086,.0038238566,-.098262057,-.00019141279,.1255302
-.00027811193,.007547786,-.00066332816,.010935825,.00041086314,-.0029370477,-6.9699217e-06,-.0029048249,-8.9878777e-06,.0052004615,-.00044865248,.0027312974,.00322487,-.093722776,-.0056914762,.093576506,.0019189558,.046676841
-.00051136286,.019716159,-.00049461151,.0066224094,.00031991003,.0012430118,.00034121698,-.01563401,.00029439363,.0015668748,-.00030918827,-.0015211644,-.0032059078,.13834463,.0024576462,-.070188165,.0050765811,.015770093
-.00032216383,.010957859,-.0000240913,-.00014649323,.00023164488,.0018488264,.00035070872,-.016088596,-.00037395488,.010376083,-.00031501864,.00085486728,.0057002669,-.30027181,.0048431396,-.11206616,.0041974336,.077591062
-.000074262287,9.9136487e-06,-.00078501244,.015617608,.00025637422,.0012585116,.00015428329,-.0095808376,-.00023744827,.0093021113,-.00036880054,.00023561438,-.0034137014,.15485671,-.0069220024,.12322007,.00049106515,.039297748
-.00025789716,.0057645314,-.00048965745,.0060306187,.00045868364,-.0024052002,.00033361829,-.014165159,.000095907759,.0040378999,-.00050401286,.0050179111,-.0069002579,.32320622,-.0057931091,.15246321,.0059598992,.024175653
-.0005161218,.014046709,-.00094156666,.019756047,.00032154619,-.0021985203,.00061115349,-.019887472,.0001448596,-.0025240211,-.00019515184,-.003638499,.00040956264,-.0056934594,-.0083276359,.16941175,.0022012966,-.072407119
-.00014059196,.0055322498,-.00030880026,.0053625861,.00039324519,-.0017418918,.00009399352,-.0076021934,-.00023955179,.0046367776,-.00035395389,-.00046250204,.0025042463,-.024009423,-.0018554854,.038941085,.0025291028,-.036382508
-.00032887593,.0055187428,-.00090208621,.020905875,.00022941672,.0015284005,.00044728332,-.01508606,.00014875564,-.0012922051,-.00019442468,-.002363645,-.002646144,.11819159,-.0070609162,.17516612,.0034235942,-.038828075
-.00034288937,.011751929,-.00076360861,.013381877,.00016697164,.0020101124,.00033589746,-.019680688,.00043111722,-.0022198376,-.00020221957,-.0026884086,.0025329611,-.070683591,-.0019269654,.12261512,.001885729,.061861683
-.00045650455,.013665916,-.00063470041,.012252904,.00010912179,.0058416086,.00038101414,-.012047191,.00012031287,.0002724528,-.00024608304,-.0006802507,-.000017520902,.12879126,-.0054961704,.10850079,.00083540916,.014364908
-.00015460439,.010085707,-.00084540359,.016755003,.00011144762,.002792879,.000086588145,-.009897856,.00052813051,-.0065571875,-.00011001167,-.0011493866,.012991587,-.42148203,.00010935423,.14373393,.0034206044,.10139519
-.00039794005,.011129148,-.00038420304,.0071612955,.0001992661,.001909308,.00026944387,-.010957993,-.00022075126,.0076288744,-.00016121457,-.002283327,.0036798897,-.18301179,.0087700421,-.19494544,.0026726881,.0056996816
-.0004744023,.0089615127,-.00059590593,.01454473,.00039968276,.00037126493,.00044008114,-.013449748,-.000045086894,.0034090707,-.00041159542,.00050637743,-.0010604481,.021042829,.0014583138,-.054719463,.0021102589,.047847439
-.00045661474,.013720824,-.00076283951,.026592964,.00033896911,.000099704295,.00036759849,-.016453261,-.000049993414,-.002652406,-.0002549802,-.00016271297,-.000010846896,.013120298,.0017456781,.032030206,.0016352418,.033796381
-.00066783873,.016804637,-.00095419714,.016906703,-.000011912425,.0010866909,.00054318272,-.018632127,.00085800211,-.0091751115,-.00014896269,-.0038160917,.0087071732,-.31091431,.0029898128,.02172667,.0038004934,.088721544
-.00044599982,.015545665,-.00061897031,.02030275,-.000049936065,.0088693341,.00026163028,-.011078899,-.00011635324,-.001158326,-.00014552908,-.0058952826,-.0026776467,.18693669,-.001669768,.083592676,-.00069205038,.051046245
-.00019276724,.0052691433,-.00034107696,.0030563022,.00016064779,.0025148171,.00035585146,-.01412337,.00010513905,.0055612237,-.00020177908,.00034678733,.0052388571,-.12455645,.0043747234,-.044809248,.0025694487,.090268679
-.00027057418,.0068352213,-.00072535191,.016594486,.00033266915,-.00026786752,.00030273656,-.010427855,.00043646726,-.0045206789,-.00029907413,.0012788475,-.007348659,.21812017,.0014448671,-.0001267075,3.4229752e-06,-.0054180436
-.00081656687,.02439726,-.00054140692,.0065829251,-.00006031838,.0072979829,.00032993095,-.013343674,.00016563876,.003995765,-.00012579009,-.0046776412,.007892062,-.20788011,.0029847845,-.0015205846,.0032178026,.1341501
-.00049495965,.013672629,-.00043355129,.011849852,.00040750558,-.0033220504,.00027758535,-.0093648406,.000061815241,-.00082411879,-.00037217318,-.00035799824,-.000029831313,.026158502,.0073784022,-.07823658,.0037100904,-.0025286379
-.00059023622,.020415703,-.00044566658,.010697235,.00028803779,.0011125425,.0005332182,-.022068342,.0001697534,-.0015008098,-.00025556711,-.00088785111,.002694838,-.067093767,.0045346688,-.015996153,.0074687744,-.043182202
-.00016252615,.0033651663,-.00055965869,.0091357566,.00039131031,.0043283054,-.000011258835,-.00093834946,.00001069029,.0038454069,-.00043733456,.002362333,.0061880848,-.10637312,-.0066139442,.059255648,.0029273026,.052179605
-.00045257798,.01487014,-.00073503866,.015149258,.00021409045,.00230594,.00044667692,-.022299021,.00041207188,-.0033701768,-.00029407546,.0023984902,.0032245785,-.070331603,-.0044511314,.18622001,-.00036945537,.18011622
-.00029454942,.011308719,-.0007763363,.0048428276,.00036228006,.00035142899,.00018932534,-.016715614,.00084254157,-.0019500057,-.00032305848,.0017241193,.0014668228,.063687094,-.0011201332,-.023153417,.00097660208,.042635333
-.00032125271,.010115051,-.00046277849,.010483926,-.000046955327,.0037149377,.0002030459,-.011654588,.00022991626,-.0022891897,-.000072321862,.00086683861,.0018698019,-.022837169,.00035633953,.038085598,-.00082902843,.15214255
-.00057050883,.01953673,-.00082241738,.022417253,.00024806696,-.00045201762,.00026239836,-.012544536,.00020282154,-.0019943081,-.00034420428,.0012242432,.003611437,-.0087166242,.0061446205,-.009094635,.0044386303,.06539309
-.00041060353,.015364458,-.00076818164,.017957035,.00023598039,.00094850105,.00025829274,-.015141192,.0005644795,-.0075006755,-.00019427693,.00046179676,.0014993991,.023767319,.0030439338,.031930536,.0041867136,.033068873
.00015833871,-.005343555,-.00084710465,.015203113,.00036409934,-.0014827568,-.00006434782,-.0058634412,.00020972884,-.00025643321,-.00033108526,.0041979426,-.00059821847,.069143005,-.0038563511,.070049457,-.0025208492,.16506419
-.00043028145,.012661054,-.00067784981,.018037083,.00046587692,.0042324513,.00042538714,-.02209891,-.000099190511,.00021905807,-.0004332797,-.00030400243,-.0052242544,.23905709,-.0075479532,-.0017148644,.00052441534,.0053737438
-.00058072229,.014933547,-.00012087768,.0023716332,.00012271454,.0042084209,.00039165127,-.01462314,-.0003292156,.0092728334,-.00015786923,-.0032403357,.0038877029,-.17877983,.01255838,-.29832759,.0043216497,-.074075311
-.00037275488,.0099795545,-.00050820922,.0078942766,.0002328094,.00575893,.00034035579,-.013273258,.000079376019,.0039530136,-.00023626862,-.0002512816,.0028947401,-.13788189,-.0018681384,.034472972,.0012386568,.14208618
-.00060610543,.016783362,-.00045684687,.0065607191,.00037952332,-.0032666342,.00052736938,-.018562453,-.000085485568,.0062261499,-.00042521782,-.0016082159,.0038492349,-.16322117,-.00019176317,.074811846,.0078825261,-.090580769
-.00053371239,.013858283,-.00052689872,.010859457,.00029248625,.0015419304,.0002930726,-.0133334,.00038959365,-.0047674011,-.00032290723,.0020153876,.005170017,-.22761145,.0030653228,-.012268251,.0040346398,.097579151
-.00027874549,.004868689,-.00064196385,.017263034,.00043839164,-.0038241963,.000086922031,-.004187725,.00028701866,-.0032459453,-.00039983686,-.0012026427,-.0012905962,.04320788,.003048545,-.11176626,-.00063190935,.0053318818
-.00030606828,.011024801,-.00072606286,.020399436,.00018229886,.002499467,.00012732121,-.0085993037,.00030716686,-.0060143601,-.00014617626,-.0008365711,.00058854767,.088061973,-.0023522694,.085003145,.00044823633,.070298567
-.001000151,.035240322,-.00063496019,.016107511,.00036713091,-.0031479541,.00071456743,-.032502078,.00090339186,-.01421582,-.00041396287,.0042764829,.0018433523,-.0077646752,.0099091353,-.083954148,.0036133244,.063783877
-.00084954163,.020685866,-.00037930408,.010430724,.000066852808,.0035207956,.00068162649,-.020769304,.000090808477,.00061656523,-.00015009061,-.0038013773,-.0037271699,.15659268,.0044522593,.01172113,.0044174436,.052745253
-.00060799072,.019009972,-.00058121141,.0092072394,.00018077799,.0023269861,.00053269061,-.024529561,.00049928552,-.0019549136,-.00013937574,-.0033935376,.0036480038,-.10676788,.0065823453,-.048075568,.0031351659,.090190567
-.00054586452,.017330067,-.00073373062,.013951654,.00014627168,.0036971294,.0003112558,-.014244796,.00054972828,-.0045361887,-.00017355442,.00033088098,-.0045304196,.095552437,.0030818121,-.063660331,-.00023631804,.010010569
-.00015474821,.0031802005,-.00038224741,.0036208546,.00024723532,.0037311085,.00017879321,-.0076977047,-.00017753801,.0061762105,-.00023233332,-.0028058025,.0032704228,-.0037080778,-.0032073124,.02160551,.0012585893,.020716581
-.00037665651,.0090571782,-.00047384025,.011566479,.00058664376,-.0058434694,.00017831396,-.0074813883,-.0001311469,.0027871497,-.00052694377,.0026672268,.0022667695,.0016338651,.00099132443,.0010082353,.010579257,-.18879592
-.00026852451,.009090784,-.00090103253,.012353082,.00045345828,.0021694077,.00012073638,-.012695877,-.00028756695,.010662241,-.00045230048,.00031643946,-.0013716002,.11203723,-.0059100292,.019715607,.0012751129,.041965928
-.00055174273,.010699933,-.00041156478,.010726004,.00025040281,.0048441729,.00018986875,-.0031742826,-.00012340631,.0037807049,-.00033415839,-.0042875144,-.0023670536,.10128152,.00027708473,-.065276809,-.0018707579,-.0056288647
-.00030568414,.003836832,-.00038717166,.0066414084,.00035445395,.0054605613,.00022232292,-.0070070024,.000047157748,.0033553448,-.00026880245,-.0034195771,.0098996451,-.36161718,.009511156,-.2417198,.0026376764,.059284013
-.00041584915,.010928317,-.0010708643,.026753135,.00043305673,-.0022823319,.00031302503,-.012214383,.001018025,-.017684581,-.00034586602,.0010058823,-.0036118892,.10048307,-.0047226944,.070910484,.000826873,-.031290438
-.00063527614,.019687725,-.00060852768,.013492755,.00043483014,-.0042233672,.00042327531,-.015226081,-.00012489251,.0048579262,-.00045596698,.0032363352,-.00074722886,.14505771,-.0047023031,.094542988,.00024654003,.055859949
-.00077985943,.020547453,-.00024074533,.0016660251,.00010093855,.0036574102,.00054042146,-.021445027,-.00018498482,.0095413141,-.0002181392,-.0013843578,.0052339528,-.1943482,.011832737,-.24648486,.0048709568,.022738846
-.00046495066,.017870706,-.00038239057,.012128298,.0004162394,.0021130103,.0003041809,-.014344045,-.0003098287,.0050523672,-.00035843387,-.00034124529,-.00269972,.14863858,.001900952,-.0017244627,.0023517576,.022475274
-.00047786583,.010476535,-.00074610347,.016218806,.000097930752,.00040494069,.0003724448,-.01472038,.00045141799,-.0046299091,-.0001380515,-.0027197145,.0036615417,-.09833163,.0041607548,.029378098,.0040454678,.024280479
-.00047005093,.01035589,-.0010399956,.020696037,.000063106374,.0037731745,.00057101803,-.019132411,.00011068935,.0024834876,-.00015274428,-.0039630947,.0052851732,-.25325626,.00046550238,.10304088,.0028237118,.092418455
-.00051522767,.015968502,-.00028239045,.012782112,.00055665604,-.0041648513,.00024874069,-.010685465,-.00021080942,.0015075803,-.00050035177,.00030166926,.00065266358,.05221197,.0020071259,.064799048,.0061596502,-.018687144
-.00052446971,.011723668,-.0011373877,.017928114,.00019303305,-.0012861968,.00046371177,-.014444233,.0011785276,-.015697317,-.00026005213,-.00069043331,.0015064328,-.11674053,.0036037534,-.077416427,.0071394541,-.11977822
.000046598743,-.002220148,-.00047612374,.0082992315,.00021025866,.001824451,.00006944187,-.006492334,-.000088008863,.005450693,-.0002856066,-.00038921574,.007475642,-.06839703,-.00778546,.11694685,-.00017292459,.026772102
-.00020873504,.0047111064,-.00016502848,-.0010521227,.00021178604,.0039842767,.00022651626,-.012702076,-.00050271768,.013858715,-.0002277344,-.0029812059,.00022921593,-.045329507,.0029186604,-.13126838,.00078407727,.035068136
-.00020783527,.0046344548,-.001003094,.022373198,.00072359998,-.0063437759,.00010819825,-.0095198955,.00031170846,-.003732723,-.00050617225,.0049369852,-.0019216873,.14704657,-.0053713713,.15961549,.0090380106,-.061342809
-.00076553266,.026372537,-.0003923013,.0082999477,.0003354247,-.001436818,.00052004441,-.02368721,-.000078438374,.0043412973,-.00022297,-.0020322939,-.00046144894,.11823478,.0034610636,.067234375,.0087576015,-.098486766
-.00027015651,.0033757023,-.00026310343,.004047133,.00041256865,.0043886406,.00042866048,-.016034186,.00015846682,.0016054249,-.00039957711,-.0017566195,-.00039225374,.062270906,.0023315586,-.064405233,.004934723,.052556299
3.5252074e-06,-.0010433032,-.00019098721,-.0018011554,.00035799111,.0056393952,.00015967301,-.009624131,-.0002908695,.012551941,-.00041853826,-.001348463,.0031520291,.02857288,-.0070987791,.092221789,.0023512398,.080594353
-.0003831505,.010247371,-.00086344441,.021757828,.00040729824,-.0043817149,.0001966241,-.00566932,.00023999804,-.0039307848,-.00034829156,.0013162737,-.0031848745,.082159482,-.0089557171,.19129904,.0029156134,-.028176546
-.00037081496,.0080856169,-.00076071307,.016407508,.00030239948,.00054746919,.00025509179,-.012550817,.00062169501,-.006132538,-.00031646504,.0018087426,.0044954554,-.13918662,.010239612,-.17479055,.010482851,-.090660416
-.00069377088,.020713106,-.00036003694,-.0009275261,.00012067693,.0016469547,.00061344582,-.028925586,.00022701129,.0054407902,-.00020721428,-.00095269072,.0011391982,-.015492716,.0052908561,-.16794516,.0013075485,.036409393
-.00050921558,.015483203,-.00047712366,.010664085,.00045350721,.00096991536,.00039675337,-.013963865,.00013964663,.0011513405,-.00037726018,.00016512578,-.0012708107,.15519835,.003464797,.0047630412,.0040382501,.076441593
-.00011693078,.0034343172,-.00071018515,.012251228,.000085856984,.0018619298,.00038870666,-.014050885,.00029519029,-.0033881227,-.00019107606,-.0021380659,.0029343448,-.12995324,-.004194086,.073391996,.00031885988,.045363605
-.00032611986,.012674212,-.00072953175,.02205733,.000066298599,.0050384062,.00023688446,-.011976926,.00037059796,-.0072711683,-.00015812683,-.0017854192,.0050385748,-.13861674,.0068360646,-.11804534,.0052244412,-.037832119
-.00062297645,.019845381,-.00038196752,.01004772,.00055449444,-.0061791739,.00068212207,-.026154744,-.000091399561,.0016766309,-.00048069592,.0027456151,-.0078974692,.33707166,-.0014440059,.10276219,.0017534945,.021004997
-.00021249168,.0026286966,-.00056211214,.0093506891,.00029088525,.00028162304,.0003889903,-.015136912,.0001079296,.0027129943,-.00027768456,-.0020937454,.0016334134,.0021857105,-.0003297214,.024264686,.0019128079,.0076831081
-.00045454269,.015606765,-.00026105923,.0016005259,.00028347527,.0036401085,.0001346229,-.011771647,-.00023115144,.0070289611,-.00024579666,.00024836196,-.010655126,.60268754,-.0055541769,.18729351,.0041053868,.088636562
-.00052405405,.010914671,-.00063853996,.017528128,.00042277991,.005685803,.00014348443,-.0055975472,.00010657677,-.00188715,-.00041370039,-.0025350957,-.026075389,.92424381,-.013163908,.27476141,.0013263344,.026519774
-.00026421816,.006432585,-.00087290694,.016646627,.00014355197,.0034330387,.00027107794,-.008847082,.00027910736,-.0011843225,-.00019444952,-.0028591866,.0022958471,-.052325208,-.0078376783,.09430185,-.0012666553,.060731173
-.0003084057,.0065815467,-.00095706794,.01461618,.000043931403,.00518829,.00023039697,-.0064697796,.00085574819,-.006178373,-.00013385669,.00070754206,.00061760348,-.020304397,.0013654509,-.048778858,-.0010042796,.077349029
-.00033895308,.009575719,-.00092939846,.016378798,.0002419434,.0022096988,.00023111221,-.010174056,.00091164542,-.0066567538,-.00032662335,.001318361,-.00035404955,-.028079418,-.0011204205,.026778236,.0020510792,.049190074
-.0004568038,.014183092,-.00055567821,.012494315,.00024823769,.00062785181,.00011937457,-.0062918724,.00001458724,.0012681234,-.0002867025,.00094501063,-.011439983,.42991927,-.0014284679,-.029674025,.00094055862,-.011411793
-.00071937131,.022899942,-.000017080954,.00044267901,.00034117847,.00045793722,.00040799283,-.014394907,-.00044926838,.0095351245,-.00022410657,-.0062386314,.0044969604,-.19220649,.013481127,-.30328199,.012033233,-.21270445
-.00035139025,.0078793298,-.0010209285,.017822364,.0000777639,.0041196165,.00024407635,-.0074436856,.00049888605,-.0026362077,-.0001931703,-.0012327224,8.7212748e-06,.078761853,-.0021347536,.037609447,-.000042872492,.03296008
.00017671604,-.0079215355,-.0005224655,.010423097,.00057050859,-.00020739841,-.00010326719,.0038482654,.000094719202,.0019000573,-.00043488719,-.0025202713,-.0017330043,.11990772,-.0052704243,.14156936,.0028935901,-.0137196
-.0006776774,.019729888,-.00058955018,.011175272,.00034284644,-.0011823586,.00065682648,-.026507806,.00060274458,-.0030904193,-.00027193371,.00092884491,.0018590849,-.02578011,.0082311369,-.13205667,.0054506431,.020795139
-.00087610772,.028299678,-.00042463539,.0096126786,.00043721462,.0020419552,.0004774738,-.018784383,-.00025237689,.0058369543,-.00048866501,.0014355726,-.0032837824,.18354788,.00019215696,.028844474,.0030223636,.068983994
-.00052355765,.017954743,-.00041540072,.010620877,.00032593959,-.0015427661,.00041690268,-.015781349,-.000011200223,.0011347093,-.00032935772,-.0016784376,.0023058306,-.070974939,.0012207178,.15078722,.0028815647,.12247614
-.00027501534,.0064644786,-.00062431273,.01047714,.00015010743,.004173154,.00026038973,-.011544528,.00023980436,.00036807772,-.00018180016,-.000051429368,-.00026903904,.088882595,-.0027710707,.088103265,.0016199597,.089026846
-.00019024745,.0044857454,-.0004188522,.0092512676,.00015364996,.0016531635,.000068529043,-.0031664611,-.000024438166,.0041869297,-.00027940454,-.0023996932,.0056080874,-.16680494,.0025995602,-.0086798174,.0019111481,.052713159
-.00047910138,.016529365,-.00022153564,.00402901,.00025432705,.0041766362,.00032506487,-.013723397,-.00021604856,.0072149993,-.00023285074,-.0035340325,.00081690424,.04327387,.00039759793,-.0065955189,-.0013239607,.13877653
-.00027796777,.010418277,-.00045600219,.0068710851,.00016169164,.0048833871,.00029771644,-.016036522,.000088502886,.0034760623,-.000261882,-.00078863656,-.0084342826,.29827017,-.0052856379,.12700747,-.0021454981,.19502825
-.00050819572,.011000395,-.00096874073,.022189789,.000053341173,.0054737981,.00046342055,-.015647912,.00057271414,-.0062724552,-.00026213768,.00044853281,-.001091834,.058727499,.0034136618,-.022333231,-.00008129522,.1621249
-.00016391979,.0099306842,-.00055680925,.0092933699,.00019454365,.0041937376,.00011652843,-.0074388003,.00015508491,.0014337027,-.00032805503,.0012390583,.0025026838,.04752674,.0015236563,-.0046913833,.0044389651,.022657286
-.00057168229,.013968272,-.00088720804,.017841134,.000056686436,.0033358498,.00055782305,-.018969888,.00029200051,-.001662611,-.0001408176,.00043614142,-.0037558328,.1736163,-.0031762118,.067032099,.00070066942,.035948906
-.0006540413,.02075701,-.00085628737,.017822517,.00051122473,-.00031527775,.00052435126,-.022046784,.00014467262,.0019651141,-.00037802447,-.0023407952,-.0018375115,.044719081,-.0049217334,.13738507,.0049166912,.042187102
-.00038654756,.014974612,-.00020677742,.0013679003,.00018665218,.0076264781,.00027601089,-.014338014,8.6886945e-07,.0062499982,-.00013952481,-.0048236963,.0082419254,-.18981829,.0098558236,-.27094957,.0026738835,.022278847
-.00039728387,.01101927,-.0014358044,.026352022,.00031409366,-.000034662466,.0003736284,-.014541257,.00085490505,-.011672086,-.000047158039,-.0032866418,-.0053663324,.12432548,-.0047578593,.074079067,-.00084378634,.1279667
-.00028175046,.0049086157,-.00053659448,.0073069348,.00023570025,.0050482759,.00018103726,-.008479422,.000033324133,.0048654461,-.00025038343,-.0021198413,-.0022444827,.13798742,-.0043522022,.16570453,.0030902808,.1022466
-.00080135488,.019997029,-.00041011418,.0081351437,.00034745285,.0024038421,.00057547668,-.018530596,-.000096731623,.0044825273,-.00048307283,-.0020600639,-.0007209382,.07742928,.0020864287,-.0041488414,.0071788342,.028636035
-.00016149352,.0074131456,-.00036046197,.0069982647,.00025525177,.0038783601,.00023998696,-.013246353,-.0001907777,.0055817985,-.00028478802,-.0012598695,.00075517094,.056454394,-.0014596572,.033124037,.0025784452,.07467141
-.00012807934,.0024016013,-.0012898508,.031229189,.00050913979,-.0020668891,.00006800636,-.0026686064,.00013802787,-.0038355354,-.0003273506,-.0038204764,.000068693778,.069289938,-.014252528,.31717822,.005308107,-.11873136
-.00053692464,.01729187,-.00037517276,.013183134,.0003927967,-.00032984512,.00065360405,-.029361241,-.000049045233,.0011219215,-.00033048401,.00031415705,.0026489401,-.14891742,.0032271699,.061896268,.0051637758,.052309263
-.00023123946,.007622215,-.001021268,.018720539,.00030271042,-.0010064782,.00033646863,-.014480275,.00055282668,-.0035683578,-.0002461547,-.00092808367,-.00077390246,.087990329,-.002098093,.05645274,.0025172506,-.052129634
-.00055475172,.0060158614,-.00049245683,.0073007992,.00019561764,.00026956815,.00019097811,-.002335167,.00014079393,.0049016285,-.00023485888,.00037205557,.0011161228,.028820116,.0028718736,-.061244316,-.00083862193,.006030004
-.00041619706,.0064118654,-.00056823326,.011234551,.000063006992,.0063303672,.00062544883,-.025216728,-.000053061838,.0037676764,-.00017849694,-.0013799901,.0027598694,-.10115435,.0042549227,-.086012878,.00072753162,.089326225
-.00078865606,.025229776,-.00043715187,.0051901978,.00049648253,.001074601,.0004028941,-.021429531,.00051161234,-.0013747783,-.00047549137,.0014786111,.002839247,-.12099078,.009588955,-.23323679,.0058618127,-.039996468
-.00033020563,.0037718937,-.00077678874,.011238913,.00013627355,.0034506766,.0005220173,-.017004119,.00023957474,.001317516,-.000042069249,-.0036598959,-.0012363635,.11261988,-.0039853067,.0019772763,-.0045768409,.16465119
-.00019885103,.0063407579,-.0000474556,-.0016530695,.00064310391,.00030552445,.000053309275,-.0070347022,-.00047788923,.013600501,-.0005362588,.0023752132,-.011938262,.54469788,-.0090948995,.14777185,.0099554323,.051084697
-.00061833177,.016569944,-.00092040427,.020105548,.00041653059,-.00060004048,.00045420643,-.014116619,.00052047492,-.0074148304,-.00032546039,.00072813057,-.00069079996,.0097847618,-.00025514117,.025306379,.0021096782,.035580441
-.000047783989,.0063533247,-.00025101568,-.0011851171,.00027713695,-.0011090258,.00017795828,-.013365034,-.000062010433,.0079961428,-.00027672743,-.0013918409,.00826649,-.35485619,.0064030504,-.19991264,.0071741398,-.10322239
-.00041922252,.012389758,-.00041084352,.0063894521,.00024960618,.0011355347,.00062385772,-.026118167,.000026356049,.0035050663,-.00018210329,-.001031811,.0053017582,-.25978553,-.00080012414,.034608059,.0031227567,.054543372
-.00065299461,.012275013,-.00027065515,.005868427,.00035002903,.003754647,.00036255637,-.010033455,-.000082110964,.0043461635,-.00034901596,-.0020095559,.011195114,-.42735672,.003570125,-.045548912,.0026609744,.050522514
-.00094724633,.031640541,-.0004954004,.012413068,.00024766318,.0033404352,.00075146835,-.030195767,.00024634131,-.0020077862,-.0002890774,-.0038736057,.0023284648,-.11636288,.0032707793,.025445899,.0038972546,.056927718
-.00031429966,.012336803,-.0006942217,.013254088,.00048839697,.0052415635,.00021305314,-.011133243,.00036751447,-.0028186433,-.00033322201,-.0015998908,-.00098837714,.14414673,.0011551109,.0035548799,.0033255287,.061024614
-.0002179716,.0063125738,-.00044107455,.0077562262,.00019089784,.0013965196,.0001976206,-.0066178725,-.000082170038,.0046937177,-.00029881243,-.00092734554,-.0079462314,.28392902,-.0012723154,-.020683659,-.0028249421,.035966717
-.00071727781,.018239165,-.00040037648,.0089297434,.00029077404,-.0021388573,.00034000789,-.0094058318,.00010317792,.0024266348,-.00040881761,.0021256169,-.0084974049,.29010448,.003956099,-.090850599,.0035483481,-.037310082
-.00045969998,.013731339,-.00040399452,.013443765,.00033126678,-.0035200014,.0002908048,-.014812485,.000062312494,-.0010499292,-.00031626131,-.00089107099,.00089707656,.038628444,-.00020105927,.081091024,.0040034568,-.053980459
-.00040518687,.010356157,-.00042570996,.0067138225,.00037736926,.0004959433,.00016261014,-.0065875463,-.00016523611,.0075279339,-.00042731312,-.00023030258,.00094769878,.0112655,-.0045430739,.13327992,.0028372381,.075661436
-.0003597748,.0075192442,-.00045294236,.013760076,.00017478011,-.001548897,.00009825021,-.0025204802,-.00012473724,.0017271963,-.00021037382,.00012861085,.0058247014,-.06483236,.0017581637,.10125469,.0024838564,.046917759
-.00095933524,.027712999,-.000071197464,.0029462648,.0002820589,.0018911277,.00042388588,-.013662272,-.000034764264,.0033827629,-.00031712593,-.0020464123,.003367902,-.10195462,.010571437,-.15423879,.004525803,.043464039
-.00026446229,.0096818106,-.00069264247,.017140208,.00042730954,.00073311065,.000013093844,-.0045012203,.00009875113,-.0022487519,-.00040373774,.00058490527,-.019123284,.6891861,.0017135257,-.04507548,.0028567519,-.022404114
-.0006082771,.015431619,-.00048755429,.0057770722,.000087505316,.00125228,.00047612915,-.019834915,.00035564922,.00047032628,-.000077856872,-.00082929735,.0013561471,-.050263721,.0082607176,-.20067862,.0006795355,.020594532
-.00058974628,.017395319,-.00074596331,.017428847,.00049701263,-.0014771627,.00032687769,-.014517938,.00042283945,-.005415211,-.00035592125,-.00089382782,-.0099015376,.3309902,-.011435015,.21291275,.0017827306,-.0025011525
-.00022249873,.0049965656,-.00021143134,.0056747133,.00026463225,.00082068623,.00039363065,-.014587523,-.00021887769,.0043700431,-.00027998176,-.00053741911,-.003526631,.12321165,.0012226453,-.035186719,-.00041890834,.064622402
-.00071983167,.016385039,-.00058463274,.012530502,.00015424509,.0021014218,.00052727188,-.018386656,.00017062387,.0013058379,-.00029916735,-.00039125382,.0015733578,-.010659613,-.00016505951,.07529489,.002800842,.040492527
-.00036360431,.015115402,-.00059155881,.010951921,.00036067324,-.0022707363,.00052610465,-.018189557,-.00022122603,.0054051783,-.00027660653,-.0001966547,.00039002151,.13287294,-.0054135178,.16062081,.0017795893,.029506983
-.00016805151,.0073458035,-.0011312228,.023803482,.00015396027,-.00033601152,.00027719804,-.016827654,.00071480661,-.0095794713,-.00023691409,-.0017705149,.00035786364,.12976359,-.0061638015,.1573039,-.00080875919,.050761566
-.00028354046,.0051381267,-.0011489777,.024721082,.00065641105,-.0071473797,6.0430730e-06,.00049398997,.00078472198,-.010259564,-.00060887192,.0067200381,-.0060175308,.27979246,-.0067437412,.15600654,.0029993681,.038262974
-.00047165199,.012307384,-.00037660255,.0096382285,.00033338854,.0043673683,.00034410993,-.012297385,-.000056920664,.0030335796,-.00038791623,-.0015665668,.0040800688,-.049851313,.00035500748,.010079092,.005946931,.073282391
-.00032412924,.01231572,-.000846082,.016034458,.00032121353,.0024574739,.00016897447,-.0066013588,.00044840309,-.0033982331,-.00015589138,-.0021172331,-.0033061127,.20030278,-.0052200453,.11131069,-.00059322099,.06048882
-.00018000427,.0038776363,-.00034469127,.0019611863,.00023274247,.0012946714,.00039693745,-.01625395,-.00028355015,.01250321,-.00028909772,-.0012835723,.0051537761,-.20753583,.00087956927,-.066881694,.0035644011,.033399228
-.00047814648,.012645737,-.00099388126,.029849758,.00022404813,.000079398007,.00031156198,-.012893137,.00058895035,-.011844325,-.00035935335,.00017005535,-.0014797421,.12482224,-.0024265361,.16099715,.0028137674,.038896788
-.000043332449,-.0038487751,-.00051545526,.0033331688,.00040178144,.0023915053,-.000014164571,-.002140956,-.000092154733,.0064297267,-.00045534564,.00061124231,.0017980195,-.0057197935,-.01052547,.088565178,-.0035734389,.12755452
-.00082324102,.024951821,-.00052853127,.013323658,.00039433071,.0014577237,.00053676544,-.019642817,-.000079172285,.0006483841,-.00040445477,-.0027370297,-.0074007623,.1965104,-.001027546,.077211387,.0019871048,.021769717
-.0004005071,.0073247426,-.00047963532,.011696511,.00025978227,-.00033745819,.00059145089,-.0186434,-.00010504664,.0020085475,-.00028345815,-.0042288709,-.0022161109,.1196027,-.0037443712,.072197929,.0020472861,.030250981
-.00056119176,.014110813,-.0014270738,.030086722,.00032775113,-.0031374516,.00052289123,-.016150784,.00029568287,-.0060434588,-.00033417059,.0013011021,-.0039977096,.15372564,-.0084808618,.1619868,.0029851994,-.017299779
-.00055778126,.014496972,-.00042539855,.013429807,.00045365817,-.0018800549,.0002834503,-.013480766,-.00018394519,.0032272867,-.00038773697,-.00024848725,-.0098421825,.36885616,-.0019255496,.0048230044,-.00083754875,.10409537
-.00017255388,.0055767684,-.00093528471,.015952121,.00037524334,.0013449274,-3.3556526e-06,-.0021563307,.00038449196,-.0021129048,-.00034095027,-.0027343121,.00015080342,.11279641,-.011125041,.16747366,.00059294811,-.047285862
-.00039370847,.012663404,-.00056678575,.0025785153,.00023002083,.0030059081,.00021560646,-.013329064,.00033957712,.0043205856,-.00028053846,.0018349136,-.0016251615,.14541225,.0035063899,-.086968146,.0013220708,.071693078
-.00049010903,.016109997,-.00024426033,.0089903018,.00042103184,-.0041720797,.00025351899,-.013451247,-.00027433873,.0030367365,-.00035779187,.0027801886,.0037455815,-.13265006,-.0014947662,.12649098,.0035810673,.061005723
.000052911586,-.0044031842,-.00060863729,.0099758971,.00020701025,.0042176144,-.000029901548,-.00083302142,.00044770847,-.0040788101,-.00026220432,-.0016975532,.012604869,-.40978965,.018417165,-.42171687,.0048556719,.099149853
-.00037531927,.010297224,-.0006169898,.015212311,.00074830337,-.0041349577,.0004454072,-.01262438,.00013549553,-.00092064828,-.00057013356,.0018116318,-.0041239383,.19271483,-.0065550199,.12665419,.015253606,-.19614974
-.00041799134,.018898623,-.00047962792,.01315048,.00027361242,.0046046302,.00034091508,-.019905126,.000020544303,-.00093310984,-.00021465027,-.001990146,.0078315651,-.27536613,.0014142538,.058048494,.0035560846,.10539637
.000060769016,-.007269206,-.00063553109,.010776023,.00032440288,.0020026471,-.0001244054,.0016284881,.0002840081,.0017310729,-.00028925305,-.0013291255,-.0090243155,.3359172,.0038561434,-.11207957,-.0014170312,-.020471917
-.00032630254,.010072573,-.00056946685,.010059038,.000036805443,-.0016661898,.00033007556,-.015168951,.00017960253,.0010881717,-.000089876041,-.00044475927,.003656005,-.02751869,-.00037685913,.13314645,.00028802274,.080992036
-.00048139002,.014350628,-.00018933584,.0013271053,.00002723603,.008914372,.00022642493,-.013158394,-.00042924174,.011921085,-.00016109567,-.0028464568,.0045108497,-.10728565,.0020020318,-.047784962,2.8663385e-06,.15782006
-.00037791324,.011554592,-.00069926673,.014302121,.00014308128,.0044588549,.00033786576,-.016640788,.00036164877,-.0022577909,-.00013253202,-.0023708879,.0013137859,.00092427118,.0022118525,-.066651151,.0024464719,-.013066722
-.00033818567,.01122565,-.00042022913,.0061605317,.00010543318,.0037596107,.00038049952,-.019829547,.000096000782,.0036206429,-.000088559929,-.0026908759,.0037221846,-.057355981,.0055619963,-.057924695,.0018039071,.051072318
-.00030438299,.01053705,-.0002516497,.005460741,.000075082913,.0017177671,.00038442362,-.015426917,-.00020118894,.0062906588,-.00021367088,-.0002412062,.0025000689,-.024067698,.0046519954,-.068182714,.00038243929,.060882568
-.00035849365,.012056818,-.00059069245,.0128388,.00012785784,.0047108158,.00016899026,-.0097289504,-.0001937881,.0043127001,-.00013503243,-.0038402374,.0030555509,-.043403406,-.001657484,.16304262,.0019806076,.087820388
3.8663629e-06,.00065417268,-.0003135257,.0065337513,.00033511926,.003527062,-.00002707878,-.0039581489,-.00029172181,.0058350242,-.00025145494,-.00084674417,.012001061,-.36438358,-.00036331988,.016783793,.0045374446,.019362606
-.00094379275,.029530948,-.00044357937,.015526373,.000458747,.0015009878,.00045683829,-.0164578,-.000040518491,-.00096221187,-.00046264537,-.00026864183,.0024809306,-.1078668,-.00097465271,.055076499,.0065534837,-.068081409
-.00029105329,.010301259,-.00063786353,.015810246,.00022811955,.0056422772,.00019620771,-.011133573,.00024748658,-.0026068669,-.00025087848,-.0022041406,.0093396194,-.35235307,-.0032488231,.10965978,.00013417334,.12694325
-.00061869173,.017312758,-.00033230844,.001760176,.000097864497,.00086850533,.00041688822,-.015835613,-.00016532946,.010602224,-.00022070931,-.0016778053,-.000024016852,.049557991,.0053982786,-.1128021,.0025329341,.040025391
-.00021464545,.0046096235,-.0003079781,.0050516133,.00033866902,.0032005762,.00016425035,-.005719204,-.00017891983,.0051208967,-.00033246432,.00036057874,.0096835773,-.3718887,.0034579148,-.1349704,.0046876119,.088175505
-.00043719861,.01150893,-.00027387385,.0057671675,.00018448036,.0077536227,.00047788062,-.019316796,.000012536153,.0016470536,-.00031750431,-.00078441453,.0071464456,-.25944868,.0074545853,-.21772608,.0054039042,-.027854003
-.0010364548,.034995321,-.00047658442,.011997186,.00016972038,-.0012931325,.00068706501,-.021883382,.000063848856,-.00012481723,-.00016577265,.0014635711,.0048767528,-.10767967,-.0026049046,.15300938,.0026572368,.033409905
-.0007597112,.022918405,-.000072826602,-.0009892222,.00024255563,.0015566223,.00060737052,-.027081672,.00010510888,.0038767918,-.00027295164,-.00023817117,.0041901544,-.057951152,.011839914,-.19962792,.005666587,.049178794
-.00085516082,.02589353,-.00048956624,.014521563,.00017480548,.0030617246,.00068318174,-.028549006,.0002640739,-.0024515495,-.00031132312,-.0016386516,.0021705853,-.0715615,-.000064895292,.13458627,.0049277223,.0029256153
-.00063125015,.0187323,-.00096447673,.019146942,.00033019084,-.0052472083,.00054558896,-.023539865,.00073030684,-.0073864646,-.00032039432,.0023444952,.0047893147,-.099519521,.0011333764,.12564385,.0047580604,.042650588
-.000046528527,-.0035154831,-.00056719477,.0026440138,.00029101077,.002057316,.00036595316,-.014091598,-.00029823702,.011177806,-.00024054853,-.0053046918,-.00054296025,.039823849,-.0097289868,.10619335,-.00011968389,.05132601
-.00078952598,.023838626,-.00051040994,.0095316507,.00015278961,-.0047015366,.00054854661,-.019839015,.00043503911,-.0015487325,-.00017044203,.0014928145,.0019493975,-.058141977,.0028855079,.013394249,.0043592732,.0020823933
-.00043690013,.0077217086,-.0020594683,.048234899,-.00001592648,.0016816256,.00041168425,-.010477654,.0010743497,-.022861836,-.00013677358,-.0014715298,-.0093120933,.27584314,-.015908642,.21830606,-.0045689554,.14721568
-.00022198302,.004357852,-.00046919336,.0039544767,.0004930424,-.0047698086,.00018498318,-.0051661944,.000099037599,.0054622614,-.00055424898,.0054140678,.0012729038,.087754592,-.0019140933,-.032955408,.0018060983,.016119545
-.00042941538,.012646005,-.00036833028,.0050406344,.00026197199,.0025323485,.00036689948,-.016069943,-.000061276842,.0057582175,-.000278199,-.00050475058,.00014396138,.045823921,-.0016551905,.022044223,.0014649989,.061288651
-.00051251298,.018308934,-.00064512593,.019897614,.00056049268,-.0052064364,.00037517952,-.015955269,-.00011097346,-.00043803026,-.00047318844,.00012281162,.0060075647,-.23632382,.00048263828,.10240828,.0078303609,-.032081161
-.00040125119,.011962638,-.00035916705,.017107995,.00024466074,.0016210307,.00022557279,-.0094178114,-.00027702961,.00022951726,-.00021881708,.0014634652,.0020254289,.11186752,.003453172,.079394661,.00162654,.12121351
-.00051918207,.016358776,-.0011318092,.028039187,.000043376967,.0067272806,.00020235634,-.0087126903,.00032348017,-.0057309489,.000053286283,-.0058077988,-.001829257,.029307596,-.0025262462,.029658567,-.0027512824,.080410577
-.0003224067,.005144482,-.00032698075,.0085733887,.00029394927,-.00040398084,.0005529336,-.01754126,-.00019682087,.0059578335,-.00029313617,.0019513505,-.0030796933,.1385418,.002848343,-.024187289,.00031800315,.071999855
-.00063321006,.016391458,-.00065210066,.013829789,.00028085546,.0013392121,.00074997713,-.025369834,.00028998093,-.00063321361,-.00032347799,.0025365453,-.010827621,.34890702,-.0047234395,.071300618,8.3104133e-06,.096300028
-.0001987315,.0061693741,-.00091840641,.019865848,.00063241291,-.0012228383,-.000015773738,-.0012777585,.00028822338,-.0027093529,-.00053292955,.0034894145,.00064894679,.091383085,-.0073906984,.12709424,.0070609595,-.010177156
-.00011012589,-.00036917592,-.00053587608,.01013343,.0003392229,.0048249615,.00015248863,-.011493933,9.8977971e-06,.0035385475,-.00032494523,-.0019397032,-.01406352,.35083404,-.017304493,.14839189,-.0053588077,.03379184
-.0010135283,.027323203,-.00046554991,.015902393,.00028824894,.0021215163,.00052227202,-.016827054,-.000086564352,.0011376005,-.0002697366,-.0021131141,-.0020920567,.089789823,-.00018589404,.090716794,.0067020506,-.050500121
-.00091588288,.028808661,-.00066001446,.017366743,.0002363582,.0035165476,.00064554927,-.024491806,.00020821845,-.0036526162,-.00026814206,-.00056324084,.00068580633,-.023203762,.005319328,-.076750718,.0027242186,.065603353
-.0007606945,.021750893,-.00097925332,.024748882,.00028084137,.0022402157,.00049153564,-.019491453,.00043410689,-.0066440497,-.00029972859,-.0019426383,.0014404847,-.077507518,.000014620255,.055927251,.0032544443,.027644074
-.00031971734,.0073024472,-.00057030923,.0048384843,.00024150834,.0020046434,.00028979179,-.012851844,.00012458209,.0067886179,-.00032235152,.000043498159,.0040722908,-.019991457,-.0063813389,.045309506,-.00084413611,.0044522737
-.00038411829,.015495919,.00005428393,.000085792948,.0003109299,.005970086,.00019139455,-.01442313,-.00052503013,.010589095,-.00028879897,-.00075641915,.0023421794,.0097486852,.0068229167,-.17940871,.0034184901,.074982248
-.000065446453,.00013263225,-.00053185731,.013923478,.00025797758,.0030705922,.000078940619,-.005880448,-.00029315136,.003859496,-.0002059432,-.0038900562,.002814939,-.052070722,-.006753711,.076632053,-.0032228795,.046729527
-.00032114063,.010450446,-.000460032,.0052041938,.00018448537,.002597275,.00038155325,-.018329689,-.000024818522,.0063346364,-.00027352429,-.0017406401,-.00080548326,.13883607,-.0058911354,-.068773039,-.006541729,-.022339743
-.00015519418,.0067543532,-.0011859491,.021513598,.00019854958,-.0027885586,.000053987398,-.005803037,.000240854,-.0013423568,-.00017303844,.00088023947,.000093744224,.11950939,-.0095122512,.04223641,-.0023394322,-.035554476
-.00025232605,.0062081907,-.00040675225,.01045143,.00056596071,-.0023411762,.00026071642,-.0084625063,-.000042963558,.0020706081,-.00048090261,.0043091238,.00037125667,.0064773578,.00047651777,.0089418506,.0019082581,.086087994
-.0003135548,.0028170915,-.0011960642,.021760389,.00026176413,.0010917904,.00028456343,-.0070268163,.00096503465,-.011752795,-.00024469709,.0011043523,-.0031150463,.1483051,-.015259036,.27372703,.0034187012,.085977443
-.00015407358,.0082084155,-.00074363296,.013204696,.00035312111,.0017668707,.00011472439,-.0099743698,-.00013357053,.0054284935,-.00031097708,-.00015592403,.0031913298,.09562254,-.01155027,.17352919,.00034260875,.06792511
.000033352742,-.0034900457,-.00026935522,.0019386557,.00030618525,.0027472049,.000025497855,.000092865717,-.00021382849,.0082057184,-.00026165909,-.0039673443,-.003145149,.078284547,-.00081501092,-.048543379,.0010700168,.03797194
-.00026299988,.0037033942,-.00029970697,.0049991882,.00010808513,-.0013684335,.000035228873,-.00088430528,-.00011792924,.0066669257,-.00020739489,-.0029864691,.0083704703,-.2719461,.0062795831,-.12358554,.0048310086,-.080384724
-.00043153515,.015428656,-.00036626012,.0064711953,.00028364072,.0030546805,.00053454848,-.016269933,-.00017446891,.0057310876,-.00035342763,-.00026345727,-.00077815156,.065598607,.0021852858,-.019484183,.003242438,.10418868
-.0001854656,.0087193251,-.0004936498,.0098668179,.00020620563,.00094974303,.00016173413,-.011743067,.00015427623,-.00042226605,-.00027973377,-.00060219667,.0057934932,-.069716141,.0029071269,.013787038,.0035778752,.048456404
-.00036087979,.008886816,-.00067370775,.0091511998,.00028468092,.0018701158,.00011193614,-.005566027,.00067730725,-.0054638083,-.00026756688,-.0023530975,.0019850172,-.045523614,.0020330432,-.069976442,.0012901492,.060808875
-.00053585344,.013452826,-.00036571355,.0080685541,.00038585297,-.0011179352,.00029072943,-.013048393,.00025558745,-.0029880838,-.00038811876,.0021536143,-.01711371,.5002628,-.0011413068,-.026248632,.0042192624,-.019629955
-.00023304809,.0056178174,-.00035182509,.0041699959,.00039539902,.0023076253,.00042001746,-.017548988,-.00014168295,.0057672653,-.00042013021,-.00057602022,-.0009185471,.13113531,.001068705,.022121126,.0066472096,.023360955
-.00020073139,.004240043,-.00069057388,.018363712,.00016743757,.0039699813,.00012565138,-.0086348159,.00014704357,-.0043821745,-.00016710005,-.0032848092,.0024370509,-.077443473,.0016306454,.043222975,.006203454,-.014312235
-.00013826105,.00223852,-.00058376126,.0063709002,.00045523871,-.0039035229,.000078328376,-.0038299889,.000097187745,.0049324897,-.00038513468,.0018317027,.001063875,.1150464,-.011066958,.20643783,-.002417129,.13336357
-.00075353886,.023104185,-.0004370221,.012546952,.00034860929,-.0031974411,.00047858659,-.019121367,-.00038927697,.0058100396,-.00031436404,-.00046525028,-.00063153135,.088401161,.0057213507,-.055819795,.0031639589,.036898479
-.000080852151,.0041345423,-.00077383459,.018225601,.000053610398,.01159669,.0002102604,-.010242999,-.00020126325,.0024836368,-.00025915116,-.0026763729,-.0018754057,.047852043,-.011448651,.12934019,-.0094798161,.29057786
-.00066395913,.021528937,-.00052634685,.013212543,.000037981852,.0049217343,.00036633047,-.014859539,.0002125313,-.0017922294,-.00014913616,.00011927195,.0023567623,-.10733731,-.0021752114,.096238121,.0012744578,.14715338
-.0010787564,.034830827,-.0010439188,.018640831,7.5191797e-06,.0027239243,.00049821404,-.018526984,.0011780835,-.012354367,-.00020543257,.0011438681,.0024336721,.073902078,.0015406033,-.016978651,.00089405128,.066890202
-.00065069849,.020180726,-.0005907524,.01046301,.00018446274,.0036932223,.00065125886,-.025760122,1.3003265e-06,.0024514738,-.00017988382,-.00085781276,.0031062365,-.22604054,-.002685851,.056225441,.0010895551,.089589112
-.00059875264,.018214926,-.00033162173,.011568041,.00014467745,-.0050323377,.00056911929,-.021006899,-.00034541238,.00577005,-.00014327314,-.0006447183,-.00095143024,-.031000068,.004510812,.00045936255,.0012362223,.0033773049
-.00050825719,.018865263,-.00036294688,.0078839473,.000071218754,.0069299135,.0004949799,-.020976156,.00024818646,-.0009864656,-.00014468523,-.0030393582,-.00026623096,.095107757,.011633351,-.21183562,-.00014308629,.084346756
-.00036286464,.0074337153,-.00067173166,.021064058,.00059139595,-.0044536344,.00033821617,-.012025555,.000321962,-.0078362515,-.00055874797,.0057768133,.0016270616,-.023054605,-.00039049351,.10339479,.0067929639,.017718801
8.2137694e-06,-.0037954967,-.00053644134,.0066832504,.00023803838,.0034021032,7.5786243e-06,-.0024903484,-.00029845687,.0094004264,-.00037063818,.00094833592,.005009308,-.1808521,-.0089982273,.099429794,.0012154748,.078339502
-.00043819973,.01048488,-.00028844638,.010840467,.00050265703,-.0040366948,.00027785648,-.013768664,-.00025901332,.0053779874,-.0005558267,.0018979926,.004809849,-.069751292,.0041728574,.068548106,.0083437506,-.040505532
-.00046406034,.015212077,-.00029621119,.0094431741,.00043107566,.0034025374,.00018860487,-.014785177,-.00008506851,.0017239685,-.00042899008,-.0018591571,-.0056732506,.28863719,.0077475193,-.1102134,.0035111206,.023700235
-.00024678657,.0044390652,-.00022410776,.0046899035,.00029402607,.0012242459,.00020023297,-.0039276667,-.00012667132,.0046301037,-.00032147352,.0012804774,.00064116181,.084776111,.00090621063,.0052365093,.0023324236,.0549316
-.00031092914,.011874384,-.00072798633,.014547524,.00023997473,.00068674679,.00041897706,-.018774627,.00021748437,-.0020231295,-.00024656981,-.00073706725,.0027180859,.0062517216,-.0057279728,.1406531,.0026870843,.012740913
-.00092470419,.029379923,-.0008933426,.025648763,.000073972224,.0013130242,.00053965795,-.02055783,.00060573942,-.012674788,-.00022217297,.0010178734,-.0014445205,.080121629,.0060629803,-.1043479,.001799492,.0024075042
-.00027365843,.0036611217,-.0010135883,.018848246,.00012573031,-.00016269085,.00020971081,-.0064983512,.0012309197,-.017942954,-.00018250066,.003050593,.0028655792,-.045031145,.0028050318,-.096447259,.0031796559,.0012778344
-.00040791332,.016943455,-.00046569461,.010253121,.00015619781,.004363894,.00024532338,-.01139316,-.000038747727,.0033951546,-.00019237629,-.0037211752,-.0076298681,.33191657,-.0094548129,.064778462,-.0008486365,-.012686864
-.00079965778,.022298271,-.0013437789,.033850346,.00050037424,-.0028945995,.00035249838,-.0168029,.00083445717,-.01493788,-.00035063052,.0031192778,.00043888122,.017911766,.0047150892,-.090646766,.0053650732,-.0056058234
-.00021038906,.0036471453,-.00043458783,.0091480957,.00038683272,.0052325958,.00039770457,-.018254671,-.0001194269,.0041441671,-.00038515829,-.005118425,-.0039409567,.17844981,-.0051169419,.07685639,-.0018219152,.049074758
-.00032216893,.0083502475,-.0010707357,.016998591,.00016108069,.0027130572,.00034445853,-.0067616724,.00062139961,-.0039555999,-.00023389955,-.00053794362,-.0038564531,.18231355,-.010981118,.12270042,-.00041666237,-.038136948
-.00012457206,.0083978204,-.0012344434,.031493776,.000065198183,.0050834566,-.000078914483,-.0014618404,.00049865962,-.010295891,-.00010459009,-.0037402674,.006619222,-.10087664,-.0022599949,.10120111,.0015512789,.054672211
-.0003280082,.0047284029,-.00046371223,.0094434908,.000159237,-.0012345507,.00021192984,-.0047021122,-.00011232183,.005086856,-.00027829537,-.0010012439,.0092341658,-.41137412,-.0064781541,.28148013,.0057034842,-.030831045
-.00086392468,.021150002,-.0006326118,.016432831,.00029966084,-.0016528266,.00057125231,-.019308668,.00015970039,-.002228982,-.00034202999,.00075005565,-.00086252746,.042709809,-.0015819076,.074315041,.0028592735,.034531441
-.0004186205,.011829488,-.00042987871,.012301667,.00071104622,-.011438823,.000085460568,-.0050005079,.000051907497,.0023833599,-.00053028448,.0016928314,-.00046565966,.095466107,.0070087416,-.082473397,.0046125497,-.058847923
-.00013968239,-.0040819133,-.00049283012,.0043501691,.00046359614,.00025226857,.00017007726,-.0030644517,-.00026530065,.010726265,-.00045703174,.0011737497,-.0027784465,.083413906,-.0090974243,.12957145,.0013849781,.067113444
-.00030558486,.0017990676,-.00053652923,.011387235,-.000044518474,.0051754559,.00037667021,-.0081190402,.000053620748,.0018075912,-.00001069785,-.0035205532,-.010828946,.37756944,-.0021564055,.044410475,-.0073345224,.26465097
-.00038133565,.011177124,-.00058136095,.012242298,.00036071739,.000085280095,.00016648136,-.0064280187,-.00021164275,.0073318244,-.00030891321,-.000026006377,.0090224193,-.26881561,-.00050057785,.014706108,.005127518,.033659551
-.00041556099,.013865642,-.00038679104,.013459583,.00021400962,.0067415033,.0002126865,-.010399131,-.000059204423,.0004940019,-.00021705721,-.0035922006,.0091743711,-.38164741,.0055354256,-.082097806,.0053911554,.044936594
-.00092699938,.028092973,-.00039875487,.010509876,.00045454822,-.00052167359,.00044155895,-.017633194,.00041357172,-.0038499299,-.00036585829,.00035555204,-.0072483113,.24829341,.0080531137,-.12232152,.0026676953,.038798325
-.00052304228,.014950609,-.0002303041,.0037112923,.00031349942,.0035336625,.00058760057,-.025589887,-.00025769835,.0074804928,-.00029138627,-.0032509591,.0012127025,-.0017232862,.0051034489,-.09874776,.0036626202,.081554718
-.00010636864,.0047537787,.000055633172,-.0014704777,.000056939771,.011853857,.000038405222,-.003898961,-.00063108851,.013418203,-.00022606686,-.0066320659,.0052821264,-.07748431,.0078848796,-.23367098,.00064611778,.071108781
-.00033704034,.011979327,-.00022745712,.0056029088,.00040038591,-.006022261,.00013426582,-.010345301,-.00044539757,.0062968591,-.00035258575,-.002007073,.0056140595,-.16618398,.00089708186,-.045316938,.0068333847,-.16184081
-.00036229502,.0076691946,-.00034634979,.0088975532,.00029341498,.004881172,.00025438002,-.0075581674,-.00032702589,.007135937,-.0002635752,-.0053193662,-.0054605454,.22086081,-.0061843405,.17755769,.00099217496,.10593894
-.00032902014,.0058970875,-.00021864111,.0070615751,.0002020992,.0033099998,.00055726443,-.015199762,-.00051672553,.0096715819,-.00028920325,-.0018398354,-.002694011,.067696333,-.0041732746,.063053221,-.0010052441,.054080036
-.00018472889,.0096554905,-.00082442933,.008206198,.00012806509,.014802754,.00017234089,-.014205418,.00038691598,.0030298741,-.00012639099,-.0096115116,-.00054917642,.15431541,-.0082266182,.074517421,-.00095956784,.029371211
-.00016570071,.006960073,-.00061896729,.013449694,-.00011448205,.0049009761,.00025687343,-.012221158,.00021508212,-.0015489497,.000010541837,-.0016801133,.0092996825,-.36603314,.0055019762,-.086552843,.0032841424,-.021024289
-.00045801856,.010463928,-.00042073947,.0093071144,.000094723211,.00068516156,.00036106122,-.012998898,-.0001680399,.0051873983,-.000183752,-.00075995398,-.0029611385,.14029266,-.0029684058,.049984798,-.0019339076,.017437842
-.00055942737,.010655649,-.00070008251,.018600374,.00014247067,.0018178101,.00035952349,-.007280631,.00032498833,-.0049603898,-.00027321887,.0030795492,.0010311792,-.011276376,.001540847,.029003084,.00087545428,.06950324
-.00035844347,.012277469,-.00062056381,.010759016,.00023357075,-.0028934854,.00028001732,-.012830839,.00030286692,.00072080764,-.00036996274,.0039164377,-.0032848171,.14225169,.0022187037,-.045490779,.0018623784,-.039148368
-.00071287074,.024390643,-.00067843019,.021187576,.00010484845,.0079602282,.00044323897,-.019203853,-.00021777148,.0010406703,-.00024199812,-.003936585,-.0017939571,.054086778,-.0029356161,.15254134,.0022906621,.050962366
-.00038084321,.0071762484,-.0013902789,.023891492,.00015957961,.0037488414,.00023934267,-.0062422249,.00069374201,-.0068754382,-.00021101411,-.00074111426,-.005051319,.13857703,-.013455004,.18823358,.00088811328,.029627677
-.00036877365,.011021861,-.00091995823,.021243921,-.000034669029,.0011427096,.00038655498,-.01104153,.00070443307,-.0091937305,-.000079855316,-.0035994544,.0017054529,-.0019087072,4.4245789e-06,.048017673,.0011301686,.012067147
-.00046416148,.012618857,-.00021220709,-.0028090538,.00026823682,-.00014833652,.00026632519,-.0079514422,-.00016905238,.011857281,-.00031315818,.001146271,-.0019739803,.088985696,.0051855645,-.158338,.0009978282,-.0029979893
-.00047906852,.010885118,-.0007124957,.015460075,-5.5408914e-06,.0025239985,.00056479732,-.018129809,.00029729676,-.0044943574,-.00010436166,-.0020131683,.0015375817,-.005535692,-.0024591226,.093117356,.0026675258,.033077627
-.00040990126,.01428374,-.00069033838,.014809229,.00032314661,-.00022404437,.0004213948,-.017407481,.0003265586,-.0014664625,-.00032680304,.0031015319,-.0033463074,.2477808,-.0041474779,.1408328,.00014467182,.08038801
-.00035751224,.010663736,-.00066708709,.012134495,.00031839267,-.0015096656,.0002721021,-.010370269,-.00020989716,.0061353697,-.00032411964,.0005650284,-.0014040958,.072786324,-.010252266,.14309987,-.0020251698,.17923708
-.00011488928,.0044552032,-.00077174848,.018339997,.00039656731,-.0006846303,.00019706739,-.0094189765,-1.0512690e-06,-.00090331625,-.00035750878,-.0056234798,-.0053661787,.26562792,-.0043096119,.077531151,.0041521452,-.033961952
-.0004292395,.013555539,-.0005075176,.012329604,.00019977266,.0047394922,.00019598535,-.0091390442,.00016410982,-.0012428218,-.00020778546,-.0050204434,.0036829778,-.15663268,.0047068354,-.054116432,.0045298985,-.025938617
-.00073993957,.022599136,-.00047735774,.0086704288,.00024054588,-.0037932305,.00042666896,-.016075267,.00012699996,.0016464296,-.00023047085,.00076115294,.00044654249,.052435592,.0014733083,-.036742326,.0026584112,-.020002848
-.0004777039,.016834389,-.0003420893,.0093684355,.00031238186,-.00049968023,.00042050885,-.01797648,-.00022041523,.0050543291,-.00040454243,.00060479972,.0041103819,-.0079305684,.0061262734,-.021832461,.0058123064,.012202412
-.00034126246,.010660046,-.00069460639,.014205311,.00034287572,.0037356692,.00003220428,-.0039520916,.00019038819,-.0011993092,-.00036433034,-.0032167693,-.003705336,.15204901,-.0087828739,.21024399,-.00159389,.10148575
-.0003754457,.012296178,-.00020741664,.0069338786,.00026830213,.00097039202,.00014819381,-.008319295,-.000060226484,.0032729208,-.00031514213,-.0019549378,.0089276275,-.32268414,.0047323038,-.11709728,.003473876,.07774169
-.0003650421,.016349914,-.00023761175,.0080843717,.00076349592,-.0080590285,.00035787266,-.022619462,-.0002313872,.0033974457,-.00065260543,.0076836171,.0024514659,.019157343,.0035259817,.0084954835,.009718461,-.064840652
-.00048010776,.01860377,-.00053439295,.013263374,.00017279027,.002451773,.0004431406,-.017959798,-.000085005806,.0013473092,-.00017157679,-.0051728957,-.0015977012,.076399244,.0019646299,-.027465153,.0015236654,.015618333
-.00062005414,.016949881,-.00060633564,.0099378163,.00038378226,.0016391019,.00042756862,-.011827991,-.00052695762,.015024778,-.00044909163,.00094186817,-.0048651495,.25780523,-.013476829,.28489912,.0020730537,.093138538
-.00034292135,.016759723,-.00079876865,.010418994,.00023409614,-.000050433788,.00026136872,-.018428054,.00031427707,.0014859136,-.00018368533,.00087796949,-.0015011556,.15537663,-.0067470865,.11131934,.0011029056,.0012556231
-.00070278131,.017833041,-.00068305252,.01260302,.0001892087,.0048683281,.00055794389,-.020602725,.000085158681,-.000064662294,-.00024795489,-.000064129708,-.00012325535,-.023065373,-.0046727578,.08444272,.00027835052,.067169681
-.00027443856,.004247895,-.00074943854,.012993372,.000097633754,.0011561088,.00013436044,-.0069271205,.00042743768,-.0023571965,-.00018210828,.00012774796,-.0039588064,.18233193,-.00066153932,-.20643663,-.0046816049,-.087347932
-.00037001102,.012926137,-.00029779904,.0037474635,.00035691896,.00014338118,.000077853139,-.0075446563,-.00038593929,.011674234,-.00027332726,-.0050764084,.0074764793,-.22611117,.0097579053,-.19641851,.0069305208,-.085997015
-.00042626608,.012690332,-.00033804719,.0053657675,.00024157616,.0017999234,.00040105768,-.014877197,-.00022893837,.0064878478,-.00035231831,-.0004552686,.000049566999,.045744136,-.00031721135,-.0035640001,.0026593634,.036507323
-.00010028837,.0025486934,-.00040983222,.0077662794,.00024795532,-.00054222718,.00016889804,-.0073011955,.00018855851,.0013682536,-.0003139264,.00042932862,.0085436832,-.24187979,.00060806784,.10779151,.0063035013,-.00082388957
-.000047697064,-.0004475399,-.0010546928,.020598177,.00015388223,.001100737,.000031880903,-.000051351712,.00037264687,-.0035021303,-.00021085978,-.00016171514,.0018768482,-.034667682,.0023131617,-.095978215,-.00081955624,-.00034541878
-.00048503868,.013598206,-.00042266559,.0034563486,.00042008984,.0027443429,.00051382894,-.01957608,.000075409109,.004249827,-.00054493401,.0031160647,-.0058021806,.15304241,.0014478283,-.05901625,.0021476808,-.0032196541
-.00038333682,.013395173,-.00038753336,.0078031509,.00026382843,.005472349,.00027806152,-.013643317,-.00015216292,.0071366332,-.00034063042,-.0013246253,-.00043620044,.079767406,-.0012045146,.020625629,.0024384088,.056858927
-.00045375299,.01429068,-.00021644667,.0081626922,.00032221904,-.0012794138,.0001491196,-.0062192245,-.00014203449,.0034481916,-.00033553617,.00046433968,.0080986014,-.20938385,.001388447,.096920125,.003517672,.067869641
-.00019813502,.0079455338,-.00067590619,.018288881,.0005014576,-.00021190615,-.000020964124,-.0019064009,-.000068868598,.0019465014,-.00048432703,-.00086490856,.0022908922,.050178275,-.0021077769,.089702778,.0035024974,.014774035
-.00092988595,.029598422,-.000839671,.015533738,.00058450457,-.0036899266,.00041508675,-.018281138,.00084575888,-.0090976283,-.00051746808,.0042592483,-.010046907,.34880021,.00071875763,-.025736548,.0043300767,.0042196722
-.001047721,.037791785,-.00071817613,.021896575,.00010803247,.0059228805,.00068418623,-.027750755,.00054189801,-.009692817,-.00023299122,-.0003774252,.0021989567,-.052470401,-.0015335158,.15732111,.0018566074,.062012479
-.00024452122,.0066880183,-.00041593512,.0039202604,.0002363793,.001652927,.00011982951,-.0093235243,-.00019895671,.0079947663,-.00017554552,-.00062353315,.010099186,-.33558092,.0062207594,-.17574158,.0026008827,.0079548862
-.00050198252,.01769547,-.00032183024,-.001571072,.000096296244,.0091274455,.00030201647,-.014816229,-.000064382446,.0088809738,-.00016788024,-.004422232,-.0029468297,.39123294,-.0068127657,.19979738,-.0046918923,.28685144
-.00075141457,.02395007,-.00092640193,.024279172,.000092030059,.0019180818,.00049697683,-.019503795,.00056777761,-.011381139,-.00020317629,-.00039594021,.0092390087,-.35277686,-.003455353,.15443477,.0028332591,.098826997
-.00075692195,.022726482,-.00046099417,.010080539,.00014612931,.002968248,.00043058151,-.019295782,.000022011922,.00089868763,-.00021362343,-.001170169,-.0015471868,.11068821,.0023110001,-.0305195,.0016096154,.048475094
-.00081893202,.021214947,-.00052260404,.013542714,.00016853621,.0035569845,.00071101025,-.02459565,.00012703905,-.00053007109,-.00026885711,-.0016928567,-.0020225546,.10705831,-.0027147694,.15446429,.0030637351,.10383663
-.0003872604,.014133537,-.00050312805,.006441704,.000014860393,.0083603915,-3.3446868e-06,-.0036956321,.00016794958,.0025963136,-.000050522263,-.0074787536,.0030420118,.016993267,.0040635252,-.058317646,.0059387772,-.027421519
-.00043463116,.01400442,-.00061298383,.011486474,.00039480676,.00040336949,.0002569026,-.012836745,.00057366822,-.0022908957,-.00035071402,.0025142494,-.0038758698,.27001515,.0019027223,-.011994104,.00026540583,.042126674
-.00046095115,.018292041,-.0016965021,.035457436,.00050428783,.0029292356,.00022541702,-.013957618,.00081526081,-.01167463,-.00045656622,-.0016494015,-.0022743915,.13663734,-.020175708,.42020357,.0055595171,.027894378
-.00056176243,.010151378,-.00063042971,.014779381,.000041193558,.0018337514,.00021242847,-.0045873499,.000086236876,.000029141644,-.00013002795,-.0026045528,-.0071102325,.32094157,.0012212956,-.029706107,-.0018307694,.029624863
-.00051704317,.0057361363,-.00052310235,.010047405,.00022398068,.0015450261,.00047928854,-.013648018,.00036864146,-.0021877321,-.00027823675,-.0014447424,.0019429752,-.041178223,.0083561363,-.15034831,.0046599456,.024165196
-.00038027915,.011580059,-.00062912452,.0072674495,.00024413689,.0063766325,.00016994291,-.0098894909,.000029284412,.0065615787,-.00027268709,-.0027329295,.0041599483,-.07660611,.0030852011,-.14935468,.0031705124,.044172496
-.0002461464,.0011865138,-.00086017256,.015935408,.00046755336,-.0019858533,.00014747745,-.0066476478,.00045000494,-.0045323884,-.00034621073,-.00020920306,-.0026744152,.17969029,-.0038098984,.057262424,.002800711,-.024049876
-.00025316133,.0048931083,-.00035680819,.010997511,.00034942589,.0028978914,.00018430705,-.010040855,-.00018456309,.0037750392,-.00030041829,-.0012823156,.0020968479,-.017396644,-.00098805758,.074092239,.0044149458,.055878032
-.00050590845,.01767539,-.00061822101,.016168991,.00025243935,.0041661952,.00038007207,-.014933602,.00018161109,-.0021437069,-.00026320288,.00050931569,-.00031536457,.036108475,.0014664832,.075939462,.0040321937,.091211021
-.00055950054,.0092453519,-.00070653728,.013858132,.00043048881,.00095478044,.0003817511,-.010757152,.00030667454,-.0018482144,-.00042175848,-.0024179919,-.0073928703,.23123634,-.00059322966,.015428574,.0049862135,-.015511321
-.00062934594,.019441439,-.00015330871,.0039986693,.00047782963,-.0029242574,.00052728964,-.023309056,-.00017792734,.0057812817,-.00037997789,-.0015821113,-.00067033066,.041953001,.012785205,-.23363318,.0074021071,-.067207061
-.00092407293,.029554302,-.00059643917,.0090086749,-.000033683347,.0026405347,.00056952448,-.026301762,.00039101398,.00090968935,-.000037409362,-.001667327,-.0018111635,.092849799,.0086224563,-.10143166,.0015882305,.073171668
-8.7877543e-06,-.00093906245,-.00070783315,.019457838,.0003844146,.0029215552,.00013199149,-.0069260313,-.00010241216,.0016230587,-.00038699637,-.0016778826,.0035436868,.084897302,-.0073073269,.10776509,.0043637967,-.0029280377
-.00086832169,.021287607,-.00072296674,.016318947,.00023349558,.00064445892,.00058270892,-.019631824,.000069867972,.00086785678,-.00028416669,.0014284162,-.0036857361,.034783948,-.0030632333,.13820109,.0026638263,.050737865
-.00031523217,.0031770328,-.00049597718,.0084351534,.00037764164,.00037144253,.00031835269,-.011600775,-.00004714094,.0047711376,-.00032986945,-.0048505994,-.0023611989,.15903623,.0017374022,-.064260833,.0021653557,-.021795649
-.00053900597,.01973512,-.00049583561,.012290952,.00029068859,.00015511821,.00031393181,-.017204741,.00028897735,-.0023713664,-.00034512184,.0009181028,.0077755414,-.34796011,.00025453628,.12353597,.0038413368,.057534032
-.00076357543,.022752028,-.00084437558,.01313378,.00039325887,-.0031591251,.00058685377,-.025017986,.00050605263,-.0018715794,-.00045926429,.0024734286,.002980615,-.08277984,.00037360049,.028451841,.0033666291,.05013264
-.00039944804,.013051332,-.0003727891,.0037750807,.00033831794,.00087512075,.00030551205,-.016651884,.00033895927,.0011385512,-.0003990439,-.00034629894,.012654797,-.49540538,.010610599,-.26502466,.0063155442,.027753029
-.00071621203,.021054115,-.000335547,.0099312104,.00029850579,.0027716556,.00059083587,-.021649806,-.0002775141,.0067522698,-.00022831434,-.0050497511,-.0010863931,.080277793,.0072055063,-.077756703,.0039696712,.032451488
-.00040516013,.016036889,-.00033352338,.0084033106,.00043321151,-.0051315422,-.000052837015,-.0044388808,-.00034746039,.0077563967,-.00047380783,.0010653102,.000078040241,.039597344,.00025398223,.056985743,.0061799958,-.031354338
-.00027679821,.011400564,-.00048243275,.013464025,-.000035064586,.008511411,.000038649308,-.0072985371,.00009581769,-.00084743346,-.00011142549,-.0048340033,.0071351887,-.16776979,.011056869,-.1886881,.0023419319,.050570738
-.00036467714,.0071011465,-.00082849921,.017131675,.00056057947,-.0049613561,.00021463858,-.0083096381,.00038397982,-.0065169875,-.00051270874,.0039379736,-.0057573989,.21678069,-.0050192764,.09314014,.0032989152,-.033395119
-.00058602571,.015553064,-.00050725695,.0060992655,.00010343765,-.00037062826,.00024303998,-.011283625,.00021357418,.0016734644,-.00022870288,.0024674041,-.0075490722,.47414425,.0027386867,-.042234469,-.0011133258,-.0056880657
