T2_panel0,T_panel0,T2_panel1,T_panel1,T2_panel2,T_panel2,T2_ld0,T_ld0,T2_ld1,T_ld1,T2_ld2,T_ld2
-0.000553809,0.012674555,-0.000943289,0.020722644,0.000207665,0.001960262,-0.003872986,0.067476399,-0.007468318,0.25121287,0.000654978,0.067841418
0.000168042,-0.000612797,-0.00156179,0.029753337,0.000722402,-0.016076155,-0.002808087,0.051653527,-0.007057061,0.25426438,0.002269855,0.093184061
-0.000505499,0.019234201,-0.000666394,0.017492235,-0.000112273,0.000993708,-0.00387853,0.055665426,-0.003321221,0.13021711,8.9927E-05,0.11383295
-0.00062152,0.031970669,-0.001328962,0.045914505,0.00036058,0.003385363,-0.002902844,0.060975738,-0.004686631,0.19450037,0.00106018,0.081651926
-0.000493779,0.025676511,-0.001338547,0.032821268,0.00039076,-0.000358988,-0.004887898,0.087512992,-0.003399339,0.15432581,-0.000756269,0.14336999
-0.000333578,0.004455111,-0.000689242,0.014858427,-0.000111638,0.003556584,-0.004612829,0.10589895,-0.005851481,0.2255726,0.002462241,0.096549183
-0.000474119,0.01772253,-0.001226521,0.030165434,0.000469419,-0.003750302,-0.004481397,0.046299383,-0.004892576,0.1713161,0.002847113,0.022166701
-0.000117252,0.003846581,-0.000554512,0.015278159,0.000188532,-0.004113236,-0.003321621,0.13197491,-0.00259808,0.16803481,0.000823896,0.13037886
-0.000376667,0.015653551,-0.001354656,0.032333929,-0.000203803,0.002263801,-0.004305245,0.12879868,-0.00531583,0.2148688,0.001120943,0.079985283
-0.000768631,0.020917701,-0.000556692,0.018216616,8.39304E-05,-0.001021466,-0.003343213,0.010103203,-0.005780848,0.21250434,0.000920478,0.088385969
-0.000462775,0.018269842,-0.001348179,0.027206501,0.000214267,0.004230481,-0.006714237,0.15248933,-0.004649117,0.228135,0.002619488,0.013698617
-0.000440629,0.010724905,-0.001140507,0.026011523,0.000825226,-0.0292859,-0.000797984,-0.003052302,-0.003756407,0.19329163,0.001525093,0.078066796
-0.000698194,0.022520313,-0.000912239,0.021736193,0.000249522,0.000563875,-0.003932625,0.086995348,-0.007861573,0.2493493,0.001651557,0.078808106
-0.000250548,0.001103207,-0.001505073,0.029378844,0.000652103,-0.014971364,-0.006113785,0.062258195,-0.007686861,0.23948644,0.003368184,-0.007655448
-0.000325873,0.018548803,-0.000779049,0.023242455,0.000398586,-0.000557464,-0.005605784,0.15614516,-0.001965247,0.11476012,0.002840224,0.076857753
-0.000433244,0.005528239,-0.002248402,0.038425907,0.00034636,-0.00715593,-0.006097752,0.16201442,-0.008879221,0.27921814,0.001845095,0.021726079
-0.000534615,0.013920124,-0.00161848,0.032066975,-0.000194118,-0.008536405,-0.005943902,0.055953935,-0.005618874,0.20176378,0.002152895,0.020168267
-0.000229111,0.017698288,-0.000981844,0.025018321,-0.00018885,-0.001673082,-0.005060836,0.13359629,-0.005728103,0.22756505,0.003646119,0.013659385
-0.000211795,0.019806461,-0.000804906,0.026952518,0.000146261,0.001092389,-0.004348304,0.11266305,-0.001366532,0.14686766,0.002372534,0.1069058
6.4613E-05,0.007152763,-0.000168816,0.008233299,0.000343777,-0.00957011,-0.002495143,0.041063976,-0.002188805,0.16750477,0.000566956,0.13766211
-0.000223878,0.011204776,-0.001597421,0.026575297,7.4070394e-06,-0.008005231,-0.002954609,0.1170951,-0.004744965,0.22811523,0.001175806,0.13305713
-0.000453651,0.004877674,-0.002121945,0.030898804,-0.00014851,-0.006637694,-0.005896195,0.085418791,-0.008034946,0.23329522,0.003191434,0.009513265
-0.000295904,0.014783266,-0.001729518,0.033924736,0.00020096,-0.003083,-0.003460398,0.059529521,-0.007323663,0.2258279,-7.38E-06,0.093173482
-0.000532695,0.018828392,-0.001628308,0.045052707,8.93722E-05,0.000126937,-0.001087965,0.059476513,-0.006053642,0.23019844,0.003211533,0.076058276
-0.000527033,0.016563844,-0.001225884,0.029522842,0.00025665,-0.002567636,-0.002108781,-0.055048861,-0.003365321,0.12271323,0.002973498,0.032058872
-0.00071555,0.023531159,-0.000992563,0.032838847,0.000216388,-0.000594912,-0.003972891,0.002330569,-0.005675196,0.20111278,0.004790441,-0.04646134
-0.000242392,0.013309294,-0.000715317,0.021927789,0.000358946,-0.007720325,-0.001347806,0.001459138,-0.001544546,0.13141018,0.002504535,0.0259888
-0.000427371,0.012891524,-0.001636886,0.038549505,-0.000107004,0.00360053,-0.002999034,0.03003717,-0.006123474,0.19322649,0.002416898,0.048894715
-0.00043787,0.00922106,-0.001481251,0.027256066,-0.00018218,-0.00635442,-0.003998102,0.078298695,-0.00568453,0.2323052,0.000946062,0.11357117
-0.000708596,0.015217273,-0.001651032,0.031605605,-0.000275522,0.001513156,-0.00438729,0.033086516,-0.005838618,0.21184394,0.0041528,0.042675409
-0.000695731,0.028534064,-0.000736468,0.020638205,0.000188688,0.001972846,-0.003948549,0.058533676,-0.006022109,0.19739483,0.002565939,0.019080432
-0.000522109,0.01322585,-0.001046,0.028987924,0.000420699,-0.003751331,-0.001732686,0.053918961,-0.005262985,0.21951026,0.001857726,0.10181737
-0.000767056,0.025015142,-0.001495956,0.033846591,4.91884E-05,-0.001783453,-0.003677647,0.059551895,-0.006829045,0.24976824,0.003005428,0.0872906
-0.000455897,0.01745379,-0.000519841,0.018283211,0.000165923,-0.002664618,-0.003952499,0.094645843,-0.005688939,0.23950435,0.000274501,0.09617731
-0.00038286,0.006747612,-0.001033482,0.023596087,-1.12E-06,-0.006764781,-0.003817764,0.024308583,-0.00655559,0.22924709,0.00198731,0.02373071
-0.000522253,0.015287652,-0.001303419,0.025683008,-0.000167921,-0.002727049,-0.00483744,0.028992491,-0.009577995,0.2928026,0.00106922,0.13024226
4.25926E-05,-0.00856173,-0.001454528,0.02420629,-0.000197479,2.07834E-05,-0.001139856,0.066409811,-0.007499166,0.27095321,0.003060697,0.043479756
-0.000399839,0.019813089,-0.00100722,0.022102138,9.21703E-05,0.000516698,-0.003763348,0.054301079,-0.006138839,0.21737245,0.002891487,0.097698651
-0.000548511,0.01536181,-0.001678923,0.029602921,0.000414111,-0.008514687,-0.005334023,0.077920087,-0.005461248,0.21891592,0.000727466,0.13680631
-0.000520111,0.016520401,-0.001338129,0.03504381,0.000113361,-0.001666614,-0.002752892,-0.010998449,-0.007071388,0.21344443,0.002385693,0.049295854
-0.000133643,0.003305082,-0.001330553,0.03200059,0.000173709,-0.003924982,-0.005949833,0.13635612,-0.004321671,0.18712516,0.003636366,-0.002119535
-0.000555285,0.016125606,-0.001514926,0.043379877,9.19682E-05,0.003026764,-0.005256463,0.072604902,-0.007612084,0.24186657,-0.00012634,0.12769209
-0.000870227,0.027603513,-0.001297463,0.032039579,0.000246753,-0.001247944,0.000203265,-0.090501197,-0.005092158,0.20936772,0.000941388,0.11458424
-0.000338169,0.018117184,-0.000786977,0.020328579,0.000239015,0.002735466,-0.004465752,0.060182773,-0.004905937,0.15531181,0.000657123,0.084109396
-0.000286738,0.017294142,-0.001657074,0.03866015,0.00010475,0.005545171,-0.004284241,0.10725148,-0.00946637,0.3120611,0.002183469,0.034287274
-0.000712531,0.015376687,-0.002423478,0.042659048,-4.38E-05,-0.004647519,-0.00460985,0.091292053,-0.009224718,0.27136967,-0.00218324,0.15895176
-9.05E-05,0.004005056,-0.001355553,0.022719294,5.1001E-05,-0.003918473,-0.00200899,0.009758131,-0.003026936,0.16362987,0.003086476,0.056914877
-0.000388081,0.011737851,-0.001096199,0.02056714,0.000349366,-0.004488247,-0.000885465,-0.10713767,-0.002507479,0.11729387,0.002164668,0.035296965
-0.000203293,0.006560857,-0.001823101,0.034069404,6.42459E-05,-0.002887495,-0.00271611,0.09635599,-0.006002526,0.19717391,-0.000480421,0.15390243
-0.000320986,0.014462896,-0.00077307,0.018798394,0.000473215,-0.011413177,-0.000805895,0.002395989,-0.004130716,0.1948083,0.001673984,0.10300753
-0.000541639,0.017456008,-0.001071709,0.0309864,0.000249574,0.001698856,-0.00651776,0.18889819,-0.00567176,0.21733932,-0.000705526,0.11828408
-0.000393139,0.012715823,-0.001558635,0.036688212,0.000336691,-0.000138593,-0.003028138,0.11959402,-0.006383055,0.24991912,-5.63E-05,0.15225594
-0.000366233,0.013408731,-0.001302646,0.03056583,-6.50E-05,0.002903007,-0.006040763,0.10054842,-0.004864736,0.19350627,-0.001735912,0.11689644
-0.000321298,0.014229898,-0.000984484,0.021781038,0.000252644,-0.011127569,-0.002975098,0.066549331,-0.001278053,0.1124275,0.002396955,0.029325364
-0.000171516,0.000853781,-0.000939923,0.021407655,0.000282076,0.004309045,-0.004086984,0.071439423,-0.004936737,0.22933313,-0.001838408,0.15846801
-0.000490645,0.003553792,-0.000844936,0.021119859,0.00044028,-0.011201705,-0.001318381,-0.010309259,-0.006941465,0.22614886,0.001891656,0.089254282
-0.000775629,0.02502187,-0.000984675,0.036921952,0.000209462,0.001106534,-0.002893222,0.009499724,-0.001336017,0.13857125,0.000314554,0.12235682
-0.000486093,0.006785376,-0.001263245,0.022061912,-0.000233118,-0.001662494,-0.002362861,-0.068987198,-0.007256353,0.19245507,0.003646903,0.020944888
-0.000811962,0.017707922,-0.001820071,0.043784842,0.000177278,0.002300904,-0.004944484,0.095974922,-0.007338375,0.2815448,0.001172931,0.057052679
-0.000269382,0.006836697,-0.001636181,0.026902528,-0.000241594,-0.006772358,-0.00324816,0.003421852,-0.00652669,0.20759776,0.000119748,0.057061356
-0.000376645,0.021024063,-0.001511222,0.030327991,0.000252144,-0.002656589,-0.004544671,0.13061614,-0.005150087,0.16919054,0.000417835,0.080974236
-0.00028295,0.01376803,-0.000837296,0.019117344,0.000140227,-0.008996179,-0.006430042,0.13633093,-0.004659312,0.21506323,0.001467839,0.074517921
-0.000542402,0.01730914,-0.000623517,0.024209736,-3.08E-05,0.0013157,-0.002671294,0.087959118,-0.003892484,0.18161044,0.001550064,0.036443271
-0.000130291,0.007112607,-0.00111555,0.019677252,0.000161295,-0.004593084,-0.003830993,0.092093639,-0.002667824,0.14091681,-0.000857168,0.12912989
-0.000236845,0.016063793,-0.000932155,0.020226369,0.000117631,-0.004131205,-0.001015662,0.012782937,-0.003528256,0.18532369,0.003034109,0.036722597
-0.000503419,0.017302142,-0.000430426,0.010113996,0.00068719,-0.01724432,-0.005824501,0.15171385,-0.004715061,0.17272915,0.004164164,-0.028991003
-0.000927492,0.030229783,-0.000783911,0.024392888,7.17088E-05,0.000704874,-0.001486217,0.020997576,-0.006094607,0.21935408,-0.000269587,0.15846477
-0.000299328,0.008681594,-0.000673628,0.0145034,0.000241939,-0.001789323,-0.002478887,0.092706956,-0.002936574,0.17478916,-0.000473315,0.16794403
-0.000442045,0.011259006,-0.000967621,0.02912957,8.54415E-05,0.002972591,-0.003920883,0.11537189,-0.001801596,0.15645607,0.000485015,0.12300063
-0.000475856,0.01935694,-0.00111764,0.019517079,0.000398568,-0.000938435,-0.003939234,0.041634828,-0.004276827,0.18419217,0.000964842,0.1334569
-0.000649081,0.025442926,-0.001579717,0.035476953,9.4853194e-06,-0.000848445,-0.004781712,0.032636255,-0.003260613,0.14747797,0.002293516,0.06714803
-0.000667304,0.010278161,-0.001330301,0.030244375,0.00012421,-0.007441739,-0.003947672,0.080646597,-0.005115529,0.21407698,0.000686288,0.08843562
-0.000475313,0.025984554,-0.00076361,0.027007362,0.000278393,0.003885109,-0.002864004,-0.020892505,-0.002142312,0.081395343,0.003456176,0.063088387
-0.000201661,0.015040564,-0.000879389,0.018496523,9.34656E-05,-0.005969011,-0.001758398,0.009180925,-0.005948213,0.21311472,0.001153679,0.11868729
-0.000256113,0.006161901,-0.000600907,0.01461257,0.000556237,-0.013019228,-0.005404223,0.096360557,-0.005777438,0.21183702,0.002748342,-0.010735271
-0.000572256,0.011598186,-0.000619985,0.011620299,0.00068379,-0.014404046,0.000292997,-0.16474448,-0.003824506,0.13250504,-0.000347891,0.039736312
-0.000341686,0.006532379,-0.000825349,0.02124407,0.00019066,-0.004430349,-0.003832372,0.04156724,-0.004814819,0.19386746,0.00293653,0.018524228
-0.000385395,0.008498157,-0.001099992,0.025722578,0.000133492,0.001488305,-0.003871884,0.030659184,-0.004105877,0.20701094,0.001322344,0.02803364
-0.000176084,0.004411966,-0.000943179,0.020023758,0.000337019,0.004881592,-0.005369625,0.12793234,-0.004924947,0.20006035,0.002434827,0.089212254
-0.000157184,0.006923604,-0.001674158,0.02970711,0.000746588,-0.012360456,-0.003589042,0.10084303,-0.007452033,0.27362695,0.002579124,0.00286555
-0.000662348,0.019781329,-0.000728652,0.024189224,0.000353906,-0.006663437,-0.004450942,0.028714288,-0.004938489,0.20672868,0.001339664,0.057938378
-0.000300977,0.004284832,-0.001877877,0.030359017,-0.00018177,-0.000822942,-0.005783974,0.040363077,-0.00639631,0.19487688,0.001986594,0.067099482
-0.000260006,0.00961766,-0.001142854,0.025295757,0.00029529,-0.005792356,-0.002565405,0.036605623,-0.002911269,0.13651301,0.002375479,-0.012043912
-0.000179691,0.014213951,-0.001062551,0.024091719,-9.97E-07,0.00021663,-0.005493667,0.14148061,-0.00043591,0.12217371,0.003043948,0.12809071
-0.000440859,0.009742731,-0.000770813,0.022036495,0.000292878,-0.000324813,-0.003569525,0.052429225,-0.003483447,0.15060619,0.002736131,0.065619506
-0.000817051,0.025091561,-0.000819323,0.025035631,0.000133346,-0.001406783,-0.004433526,0.082657412,-0.002457822,0.17141256,-0.000251427,0.14611982
-0.00063212,0.018757753,-0.001660881,0.032329161,-0.000161485,-0.001308829,-0.004323539,0.023444599,-0.006798568,0.24458534,0.004087964,0.048619408
-4.24E-05,0.011400247,-0.000581839,0.020445535,0.000199889,-0.001690385,-0.004045637,0.11690108,-0.003119124,0.14359722,0.002062657,0.094194718
-0.000336691,0.019572528,-0.000981831,0.023388524,6.16668E-05,-0.002660044,-0.005270472,0.14648192,-0.004765886,0.23375237,0.002268034,0.10753175
-0.000643954,0.019237479,-0.001492019,0.031305786,-7.43E-05,-0.001554596,-0.001910142,0.007443276,-0.00667477,0.26679277,0.001626586,0.13234399
-0.000312435,0.011218059,-0.001119222,0.03002277,-1.64E-05,0.000613715,-0.004163641,-4.32E-05,-0.00616913,0.25297242,0.000538609,0.10908742
-0.000407091,0.005460753,-0.000806496,0.022320626,0.000185359,0.000355606,-0.003923975,0.1121233,-0.007870044,0.26155713,-0.001593503,0.1487754
-0.000293151,0.020722464,-0.001249787,0.028854288,-4.94E-06,-0.000878556,-0.001875336,0.012754085,-0.003731309,0.19488241,0.005868449,0.025151799
-0.000876511,0.034569316,-0.000759879,0.030527184,0.000447361,0.001228948,-0.003153088,-0.009348875,-0.002777818,0.16491082,0.001718165,0.02016216
-0.000336459,0.01770027,-0.000974227,0.018842259,0.000104476,-0.001593627,-0.005725633,0.10714604,-0.004382175,0.16913217,0.001573118,0.059286579
-0.00014486,0.007282911,-0.001183088,0.017646318,-2.64E-05,-0.002950492,-0.003781094,0.011066187,-0.005878969,0.20957117,0.001830911,0.019250259
-0.000217313,0.020730194,-0.00189272,0.043397948,0.000263474,0.002097423,-0.002151343,-0.030904941,-0.005693622,0.22842774,0.001332183,0.13901499
-0.000428897,0.014603219,-0.001042254,0.035286825,0.000137413,0.002839655,-0.005421127,0.18346766,-0.002794573,0.1394856,0.000847122,0.11623777
-0.000416842,0.025326215,-0.000936028,0.021721657,0.000282615,-0.009640323,-0.002214209,0.045882139,-0.004165581,0.19044113,0.002142514,0.10201163
-0.00053766,0.023852805,-0.001118079,0.029296642,1.91988E-05,0.003587711,-0.003441514,0.10213075,-0.003639843,0.18384518,0.00053134,0.080146439
-0.000591279,0.031218009,-0.001791072,0.047567882,0.000451848,0.004192242,-0.005938383,0.0709785,-0.006281085,0.20442668,0.000786471,0.034185022
-0.000440249,0.01901979,-0.000873662,0.02288283,0.000103558,-0.001805431,-0.003479307,0.097801462,-0.004748357,0.20954031,0.00318149,0.034044676
-0.00039233,0.014858773,-0.00013458,0.008955679,0.000165755,0.00023925,-0.002116178,0.061730195,-0.003315266,0.18429218,-0.001310501,0.10778414
-0.000294658,0.017764781,-0.000971807,0.027091054,0.00029653,-0.004195089,-0.004839208,0.092985004,-0.005023132,0.21533164,0.000127824,0.037628595
-0.000241047,0.002425929,-0.001480782,0.028178884,3.89439E-05,0.001319247,-0.00343124,0.00632587,-0.006313289,0.22828402,0.000303729,0.12728125
-6.63E-06,0.000889751,-0.000759727,0.014851425,2.56045E-05,-0.001788638,-0.00306324,-0.01697001,-0.002528057,0.1319274,0.004282992,-0.056459077
-0.000574251,0.017135806,-0.001537917,0.025922373,7.36269E-05,-0.010144478,-0.002265889,0.027988631,-0.005384722,0.2128571,0.001706451,0.11785344
-0.000182782,0.004664324,-0.000715913,0.017398302,0.000647995,-0.020012472,-0.004959657,0.14859818,-0.00569623,0.20743491,0.004082807,0.023681721
-0.000170195,0.006069257,-0.000515132,0.014051629,0.00020606,-0.005385683,-0.002829968,0.028339943,-0.000206806,0.09781304,0.001814487,0.13005617
-0.000809728,0.02180616,-0.001901889,0.043000072,0.000422411,-0.000420275,-0.005416136,0.12093557,-0.007629194,0.25287905,0.003307767,-0.014582173
-0.000814209,0.033303902,-0.001307317,0.038836926,0.000946184,-0.013209656,-0.005423446,0.17119035,-0.008783674,0.28761443,0.001796758,0.076242708
1.5418E-05,-0.003455459,-0.001641622,0.02360492,-0.000337927,-0.007664913,-0.002178235,0.048882138,-0.007331692,0.27421242,0.007167402,0.035427615
-0.000129904,0.007428424,-0.000835526,0.017039539,0.000271063,0.001082828,-0.002751773,0.063287102,-0.004818598,0.16155609,0.000537817,0.1342428
-0.000249829,-0.001860784,-0.001154947,0.020733694,-7.22E-05,0.002262832,-0.005478838,0.07734751,-0.007734742,0.2250462,0.003400113,0.03789572
-0.000128144,0.00673098,-0.000815774,0.015857412,0.000418049,-0.008613381,-0.00258505,0.093811378,-0.006011157,0.25211269,0.000278118,0.073887415
-0.000345439,0.011265023,-0.000775057,0.018108802,-5.29E-05,-0.001188493,-0.006469883,0.15537007,-0.005429745,0.20375948,0.003796025,0.014848088
-0.000325957,0.008056984,-0.000880138,0.018053448,0.000737536,-0.025381146,-0.00680208,0.23404853,-0.005370937,0.19988391,0.002755032,0.044692595
-0.000529654,0.012407722,-0.001962464,0.03567275,-6.28E-05,-0.002661778,-0.005656265,0.11246637,-0.008368731,0.27179062,0.000644417,0.1241487
-0.000553358,0.014541176,-0.001197821,0.033622529,-6.13E-05,-0.002358272,-0.005084628,0.074900024,-0.008319036,0.25871459,0.002886386,0.039762337
-0.000623688,0.006524357,-0.001653345,0.024159394,-0.000289723,-0.000216193,-0.001234928,-0.040109184,-0.006468387,0.24282782,-2.52E-05,0.14964785
-0.000291799,0.011644801,-0.001631361,0.024410512,4.27988E-05,-0.003529279,-0.000865885,-0.055232462,-0.006596318,0.22735824,0.001991504,0.082495049
-0.00045981,0.012179851,-0.001231844,0.019119786,0.000794544,-0.024321871,-0.005100501,0.069596283,-0.006143271,0.21227999,0.003139041,0.065399788
-1.39E-05,-0.002704036,-0.001122752,0.019774469,-0.000395384,0.00138314,-0.002010503,0.032432798,-0.004245946,0.15928741,0.000682957,0.094189413
-0.000778779,0.018751614,-0.001946923,0.040627785,0.000335649,-0.005532215,-0.003263238,0.011487746,-0.004623235,0.19213146,-3.87E-05,0.080699272
-0.00025949,0.013814346,-0.001219375,0.028680179,0.000120596,0.008427426,-0.002361734,-0.000452241,-0.004633037,0.23556626,0.000731,0.13102418
-0.00045498,0.020350691,-0.001081418,0.024415361,-4.87E-05,-0.00031612,-0.003042103,0.013839429,-0.00542154,0.18034773,0.002416953,0.071870543
-0.000525092,0.019042954,-0.000974559,0.037943777,0.000417914,0.000415947,-0.003935891,0.12981227,-0.001282808,0.12734802,0.000193609,0.13496824
-0.000586998,0.013261667,-0.000659442,0.02434398,8.62623E-05,0.000391957,-0.00161153,-0.062498137,-0.003704488,0.13682465,0.00245905,0.048639268
-0.000198223,0.010093492,-0.001082586,0.023688579,0.000204364,0.003796738,-0.002237328,0.030733772,-0.006878375,0.23493795,-0.001371387,0.13696909
-0.00049477,0.016388427,-0.000880414,0.02313382,0.000359478,-0.005988472,-0.003597313,0.060094744,-0.002555092,0.17045578,0.00098583,0.11156628
-0.00042828,0.021241425,-0.000920226,0.020859003,-0.000130244,0.000786273,-0.003840037,0.10958603,-0.002172313,0.10204625,0.000388638,0.15601431
-0.000840575,0.018119011,-0.000971969,0.020961132,0.000455866,-0.015062657,-0.002069003,0.084678009,-0.007394491,0.23000869,0.00309757,0.026391497
-0.000458305,0.020921737,-0.000577833,0.019719945,0.000163622,-0.007511883,-0.002267083,0.009793325,-0.001007266,0.12083743,0.001608285,0.033652462
-9.95E-05,0.000906828,-0.001263692,0.016204063,2.23401E-05,-0.011902255,-0.003922241,0.045429826,-0.00152265,0.080899082,0.001945861,0.065537721
-0.000635865,0.017318705,-0.001983737,0.042644005,-0.00019275,0.004417368,-0.004831644,0.063230895,-0.008324705,0.27942541,0.001518775,0.11872231
-0.00022852,0.016305353,-0.001416252,0.025000732,0.000127748,-0.00304799,-0.00466771,0.08003974,-0.004797022,0.1813989,0.001097273,0.024181006
-0.000128899,-0.003520914,-0.001366361,0.026626833,-0.000196305,-0.004294571,-0.003423106,0.005550999,-0.006286418,0.18811595,0.00290692,0.038085792
-0.000307711,0.015725167,-8.10E-05,0.006761427,0.000201941,-0.006754309,-0.005104134,0.097663939,0.000556125,0.043870714,-0.000778483,0.10031006
-0.000648495,0.019140502,-0.001558499,0.031097004,9.75499E-05,0.000659575,-0.00473063,0.023949144,-0.00472288,0.19625284,0.001103588,0.038021389
-3.99E-05,0.008760933,-0.001807385,0.021173295,-2.68E-05,-0.013083783,-0.002813665,-0.004632838,-0.003931237,0.20569375,0.003438736,0.019109564
-0.000514104,0.018058056,-0.001456605,0.027634077,-4.72E-05,0.000462354,-0.004894887,0.071784355,0.001943805,0.1222834,-0.001117059,0.078293964
-0.00039281,0.011001963,-0.000788361,0.017222261,0.000139814,-0.000189131,-0.005309617,0.071856767,-0.003377134,0.16154586,0.003121387,0.065892346
-4.28E-05,0.006926619,0.000295545,0.004142035,0.000364938,-0.004009672,-0.003061068,0.051937465,-0.002058247,0.12762205,0.003405209,0.038458146
-0.000126467,0.007846761,-0.00111553,0.024256978,0.000264378,-0.003912747,-0.00586241,0.12965131,-0.003179903,0.14240259,0.002978836,0.006499927
-0.000397422,0.010681818,-0.001777845,0.03447365,0.000137899,-0.002206797,-0.004401164,0.080008946,-0.006850866,0.18137586,0.001694216,0.078890927
-0.000596331,0.01693064,-0.001327476,0.03763707,8.04649E-05,0.00305787,-0.00215372,0.019840652,-0.005888243,0.24147254,0.000678811,0.16454445
-0.000594512,0.018795306,-0.000949768,0.021074407,0.000182863,-0.001263011,-0.003293582,0.009366198,-0.008755594,0.27638516,0.002941197,0.01643743
-0.000288618,0.012845486,-0.000980102,0.025528044,0.000220836,-0.003293708,-0.004808843,0.13562413,-0.005433705,0.21210465,0.0025424,0.050551843
-0.000607438,0.024303705,-0.001113129,0.02154707,0.000151759,0.000740941,-0.004098482,0.11940167,-0.008637235,0.26435149,0.002192023,0.051294081
-0.000215354,0.006914805,-0.001271055,0.019736124,-4.67E-05,-0.001629909,-0.003166674,0.1007285,-0.005057941,0.2384503,-0.002592709,0.22258727
-0.000205468,0.014116831,-0.001428263,0.021652754,0.000340159,-0.005875327,-0.006188395,0.11003559,-0.00712702,0.26491672,0.002102801,0.02619894
-0.000101604,0.003951713,-0.001464606,0.025213744,9.69337E-05,-0.004006527,-0.005629869,0.096127801,-0.005247996,0.19629364,0.000870547,0.098870523
-0.000204812,0.016334018,-0.001218588,0.031491227,0.00017135,0.00186382,-0.003590436,0.060181599,-0.004932881,0.21736252,0.001397777,0.12366036
-0.00052229,0.0136864,-0.001290343,0.023266459,1.40181E-05,-0.000914297,-0.004970448,0.067209125,-0.006818992,0.21455863,0.000729473,0.10935105
-6.88E-05,0.015259194,-0.001357746,0.032448199,2.59952E-05,0.003683179,-0.003321602,0.060610652,-0.004481931,0.19255672,0.001934075,0.077206999
-0.000181396,0.004424629,-0.001266708,0.029966941,1.98906E-05,-0.005997364,-0.004196226,0.091281414,-0.007791149,0.2628499,0.001134143,0.097448215
-0.000388862,0.011828816,-0.00107262,0.017108282,3.3583E-05,-0.00491902,-0.002355637,0.007970303,-0.005127554,0.20556849,0.002292703,0.067639664
-0.00072781,0.036712877,-0.001161289,0.038692456,0.000348209,0.004918275,-0.003115706,0.042657837,-0.003129636,0.18070711,0.002786424,0.11083753
-5.74E-06,0.009441695,-0.001020056,0.026246859,0.00017633,1.48583E-05,-0.00262814,0.064474829,-0.001407928,0.18460065,0.004123835,0.087791033
-0.000117365,0.003094614,-0.001276574,0.022335706,0.000113377,-0.007520804,-0.004745462,0.049030434,-0.005968308,0.19189216,0.002337728,0.053355612
-0.000317696,0.016794752,-0.000548183,0.019818567,-1.62E-05,0.001268158,-0.004715452,0.054571804,-0.003547944,0.13206813,0.003491482,-0.020890573
-0.000778463,0.027181679,-0.001246888,0.035633877,0.000284101,-0.000525436,-0.003694702,0.047372758,-0.002965104,0.14937584,0.001579572,0.069325246
-0.00049594,0.016603677,-0.001683165,0.032617338,-0.000144891,0.001226405,-0.005361969,0.083414525,-0.005325852,0.19190271,-0.001231063,0.10919873
0.000139896,-0.005360161,-0.001309784,0.023401286,0.000182949,-0.002909227,-0.005606759,0.14984551,-0.00576702,0.21170272,0.002116923,0.088964485
-0.000578501,0.021091329,-0.000574688,0.020259179,9.32051E-05,-0.000129416,-0.002729477,0.029966209,-0.002153853,0.18661824,0.003206166,0.114969
0.000260293,-0.005413219,-0.001405493,0.017119072,0.000302072,-0.017696409,-0.003404304,0.086669356,-0.003300556,0.12381876,0.003044183,0.059741516
-0.000849107,0.024178233,-0.000978252,0.026032139,0.000287245,-0.003847651,-0.001828526,0.050336674,-0.004676124,0.26913112,0.00133052,0.13529126
-0.000109002,-0.004254071,-0.001569518,0.023442833,-3.44E-05,-0.004797912,-0.001179262,-0.070854984,-0.007326599,0.20877789,0.002307101,0.055910025
-8.95E-05,0.003121821,-0.001329502,0.026929438,7.53841E-05,-0.007695143,-0.0040164,0.045500267,-0.006595914,0.2589424,0.005051999,-0.024882577
0.00010524,0.010153492,-0.001552678,0.035642717,0.000132843,0.001403562,-0.003428746,0.031818312,-0.005259464,0.17612785,0.002261172,0.077027366
-0.000258832,0.006305759,-0.001741531,0.035914943,-0.000236105,0.003235599,-0.003872644,0.028967649,-0.004837281,0.18118906,0.0003696,0.079677567
-0.000654753,0.024256676,-0.001043407,0.028231801,-3.75E-05,0.000273797,-0.004571925,0.077421598,-0.006398138,0.287754,0.003496147,0.058885172
-0.000335159,0.009599531,-0.001273288,0.025274251,0.000570556,-0.018257748,-0.002438409,-0.024636792,-0.006396449,0.2295056,0.002664869,0.015838588
-0.000246632,0.009808308,-0.000982593,0.020334715,8.17244E-05,-0.000331095,-0.0046669,0.074273601,-0.002813049,0.14787869,0.000730919,0.13011944
-0.00068236,0.019237883,-0.001057269,0.027466547,0.000198297,-0.000313271,-0.002725699,0.048595622,-0.003853752,0.16178659,0.001480027,0.071339861
-0.000390652,0.019499416,-0.000914628,0.025137886,0.000533054,-0.008675588,-0.006304885,0.17173171,-0.006024582,0.23057875,0.00019421,0.076323636
-0.000151358,0.006366603,-0.001490206,0.027304068,0.000333394,-0.012493519,-0.004893642,0.084742829,-0.00499783,0.21764825,0.0037519,0.009349748
-0.000333364,0.017071033,-0.001332503,0.033636089,0.000199126,0.0012484,-0.004470306,0.0400538,-0.004402206,0.19521219,0.002696689,0.096866503
-0.000218204,0.009423094,-0.001678006,0.033576678,-2.71E-05,-0.002579974,-0.003940216,0.096027687,-0.006264801,0.21902126,0.003187362,0.038431041
-0.000577589,0.020518739,-0.001314097,0.02906329,0.000167265,-0.002666934,-0.000515062,-0.058135647,-0.005187333,0.22191888,0.002724251,0.068306655
-0.000958677,0.027987424,-0.000983782,0.028150102,0.000757349,-0.010470966,-0.004486139,0.10862554,-0.004975341,0.19589195,0.001942883,0.10130277
-0.000865111,0.022440748,-0.000591453,0.014115179,-0.000111095,-0.002982035,-0.005588882,0.13152115,-0.003770528,0.17707975,0.002573016,0.098089464
-0.000356406,0.005983892,-0.00160833,0.033143092,-3.45E-05,0.000212281,-0.004868968,0.12395802,-0.006147508,0.27749184,0.000485172,0.10862218
-0.000488761,0.01207142,-0.001128522,0.021111155,0.000426466,-0.017937353,-0.002332256,0.027362335,-0.00395543,0.15093085,0.000295661,0.10002246
-0.000393482,0.012023218,-0.001253439,0.022379629,-5.77E-05,-0.001663781,-0.00319705,0.059538733,-0.004288786,0.17102838,0.002364554,0.069805577
-0.000574263,0.016945738,-0.00173978,0.035968233,0.000540552,-0.01766897,-0.00289392,0.03023334,-0.007323004,0.22698137,0.002483882,-0.037651233
-0.000225113,0.013146285,-0.001176075,0.020177048,0.00020377,-0.014896665,-0.003548045,0.041359458,-0.003271292,0.13819392,0.003617638,0.001302574
-0.000470362,0.022586206,-0.001341854,0.027012283,1.206E-05,0.000546195,-0.004111109,0.075811751,-0.004881751,0.16567701,0.002139938,0.066555537
-0.001110378,0.031919651,-0.002039114,0.047668505,0.000241727,-0.004062925,-0.003151218,0.000771265,-0.003137795,0.13816488,0.003392233,0.026395127
-0.000171527,0.005863918,-0.000758988,0.015949033,-0.000135061,0.005256334,-0.004144697,0.09089794,-0.00299742,0.15456298,0.002601076,0.098003596
-0.000451877,0.023392569,1.64563E-05,0.009437828,0.000454613,-0.000801273,-0.002669778,0.088910185,-0.004186253,0.18320747,-0.000718344,0.13928391
-0.000391152,0.005871339,-0.001204773,0.024108732,-0.000221089,-9.64E-05,-0.005057367,0.068124995,-0.006272028,0.26331973,0.000518898,0.10906676
-0.001128066,0.029030956,-0.001221568,0.033614691,0.000207493,0.003188135,-0.005278911,0.040257145,-0.006115315,0.20038547,0.001786942,0.049664054
-0.000672021,0.020655274,-0.001083005,0.026154604,2.07771E-05,0.004025974,-0.003865029,0.000456454,-0.006130129,0.17817597,0.002505911,0.026304577
-0.000400313,0.013141549,-0.001386841,0.024516148,0.000185747,-0.008194293,-0.003949221,0.083931759,-0.003508772,0.13811682,0.000282816,0.091224469
-0.000981555,0.030576319,-0.001249964,0.036012892,0.000405928,-0.000661637,-0.006155474,0.11870643,-0.006506903,0.21097219,-0.001272536,0.11150314
-0.000424683,0.012146383,-0.000963782,0.024223076,5.98722E-05,-6.09E-05,-0.004643737,0.090297647,-0.00433467,0.20670377,0.001698173,0.096113898
0.000255653,-0.009786785,-0.001468256,0.025939362,5.28474E-05,-0.000597354,-0.001366251,0.029857494,-0.001932751,0.13153745,0.000433498,0.12013656
-0.000611073,0.021176761,-0.000631248,0.016174078,0.000205914,-0.002685696,-0.006172514,0.1143955,-0.00473366,0.19913033,0.001431472,0.040859133
-0.000224684,0.000726356,-0.00142661,0.030098425,0.000329628,-0.004002641,-0.001580085,0.016138075,-0.002065881,0.11144882,0.004197533,0.006794931
-0.000588059,0.019713046,-0.001898836,0.030470822,0.000653143,-0.017441045,-0.001849119,0.016147126,-0.008175058,0.27906466,0.002569202,0.014502686
-0.000408235,0.003895973,-0.001526244,0.028668411,-8.88E-06,-0.003817549,-0.006593,0.089782186,-0.001700657,0.098847836,0.000565498,0.09644381
-0.000579306,0.010220866,-0.000863554,0.027249048,0.000283895,-0.008217354,-0.005888489,0.12759434,-0.005419486,0.23308413,0.000638511,0.039207038
-0.000571681,0.021312445,-0.001196067,0.02738798,0.000228783,-0.012262201,-0.001474831,-0.007065242,-0.005786101,0.21002036,0.003278713,0.068596907
-0.000345209,0.010795357,-0.001060922,0.023357129,0.00016731,0.002220523,-0.006403737,0.071757421,-0.00475268,0.12636773,0.00176514,0.047758959
-0.000446732,0.015076535,-0.001305566,0.031435948,1.50454E-05,0.002798953,-0.006149085,0.10288119,-0.004771994,0.18377998,0.00390568,0.035342503
-0.000269904,0.005494498,-0.001255515,0.027670536,3.90226E-05,0.000364175,-0.002423013,0.021441745,-0.00671746,0.22747429,0.001434987,0.063957244
0.000190256,-0.006413206,-0.002037308,0.031941593,0.000357979,-0.015574033,-0.002073047,0.078664966,-0.003988036,0.22058727,0.003769938,0.078004271
-0.000316294,0.013545909,-0.001135859,0.026448999,3.99628E-05,0.002881242,-0.005376555,0.1277044,-0.005937073,0.25427255,0.002461914,0.02210664
-0.000264118,0.011736198,-0.00076275,0.021161361,0.000321123,-0.004839852,-0.003816895,0.084502682,-0.004325203,0.17624542,0.001365055,0.047199596
-0.000501748,0.020249654,-0.001444156,0.029503159,0.000149796,0.001187811,-0.004873408,0.001246659,-0.006232627,0.18106028,0.002435231,0.053849414
-0.000543331,0.020147692,-0.001154168,0.028041154,0.000103333,-0.000355827,0.000805335,-0.087510832,-0.003782503,0.19688781,0.002510213,0.023808429
-0.000558248,0.012367024,-0.0004842,0.0153009,0.000601903,-0.009409661,-0.003982443,0.026202617,-0.006621295,0.20965007,0.000362896,0.10181052
-0.000315579,0.015502729,-0.001422779,0.026736949,-0.000204767,0.001736451,-0.005679497,0.077111095,-0.007472957,0.25310853,0.002204047,0.01650109
-5.41E-05,0.010238925,-0.000907028,0.017228026,0.000217354,-0.007733588,-0.005366262,0.086413115,-0.004784684,0.16671208,0.002324078,0.051679436
-0.00064612,0.018450467,-0.000967017,0.027671451,-6.95E-05,-0.002041957,-0.002041995,0.10625178,-0.003665035,0.21959798,-0.000385024,0.15912925
-0.0006262,0.027481917,-0.001671943,0.032526381,0.000214292,-0.001845819,-0.002824707,0.030715028,-0.006165941,0.24602643,0.001341139,0.091802947
-0.000665615,0.02220564,-0.001182993,0.032687146,6.68573E-05,0.001909051,-0.003978129,0.059836604,-0.004860204,0.22349024,0.002975066,0.035564467
-0.000412957,0.015935317,-0.001972194,0.039990153,0.000154877,0.002421712,-0.005834834,0.064497128,-0.009341668,0.2949343,-0.000254209,0.088901833
0.000154094,-0.007307691,-0.001142623,0.019553404,0.000324271,-0.012988376,-0.004144133,0.053177245,-0.006220082,0.22591209,0.001245551,0.078183711
-0.000520286,0.014322419,-0.00113922,0.026475836,7.72662E-05,-0.002016509,-0.00237067,-0.027400171,-0.005859105,0.18518259,-0.000611403,0.067998342
-0.000210258,0.0018906,-0.001184167,0.018494105,-0.000202721,0.001381161,-0.006406584,0.13081612,-0.007620358,0.27853066,0.002278995,0.031551674
-7.10E-05,0.000127362,-0.000889094,0.017505879,7.98333E-05,-0.004874899,-0.003327313,0.093916863,-0.005869763,0.19223361,0.001248908,0.1135225
-0.000485206,0.01560081,-0.000964133,0.021063918,0.000187462,0.000812132,-0.002640827,-0.001303378,-0.007512385,0.26679039,0.00087555,0.097464696
-0.000280923,0.002717203,-0.000973262,0.02294125,0.000256499,-0.004356744,-0.005279318,0.11786205,-0.008276279,0.261329,0.002500593,0.075427338
-0.000114825,0.013954193,-0.000900927,0.028801069,-2.19E-05,0.006784041,-0.004698777,0.1041318,-0.003716315,0.20761891,0.001622729,0.093224905
-0.000796901,0.02196433,-0.001566008,0.044218637,0.000147413,-0.000466996,-0.005948418,0.059537195,-0.007306795,0.23998719,0.002938634,0.072110265
-0.000708813,0.014764407,-0.002069873,0.0396371,0.000340763,-0.009387711,-0.006354113,0.072137378,-0.005932549,0.17624103,0.004046734,-0.03828213
-0.000151455,0.009252706,-0.000965242,0.023260955,0.000161212,-0.002361052,-0.001530661,0.05421216,-0.007818301,0.28199738,0.002977461,0.042652763
-0.000540056,0.022614231,-0.001129099,0.03147446,0.000139273,0.00128443,-0.004131212,0.039224785,-0.005341436,0.20433363,0.001216003,0.061925773
-0.000691834,0.022010984,-0.001226953,0.026915399,0.000173769,-0.000663503,-0.003239761,-0.015404038,-0.006339025,0.20598696,0.003048976,-0.033316825
0.000152547,-0.008241651,-0.001857254,0.025697932,0.00039892,-0.013714936,-0.003581169,0.050599091,-0.003737475,0.17064288,0.003933734,-0.004033823
-0.000796408,0.02066187,-0.001143743,0.028140618,0.000228532,0.000320606,-0.006900556,0.11884112,-0.008593342,0.26422551,-0.001884045,0.13622482
-0.000172926,0.005887619,-0.001261405,0.026928157,0.000228869,-0.002647879,-0.005682056,0.10778223,-0.004004408,0.17923301,0.004108319,0.065812878
-0.000481487,0.016762517,-0.001203121,0.023967648,-0.00019156,0.001435411,-0.005889759,0.097107418,-0.004364691,0.17365146,0.002800079,0.021579465
-0.00066887,0.022715177,-0.00216816,0.038977351,4.16675E-05,0.002744537,-0.001526381,-0.024226937,-0.005211919,0.18154138,0.001618449,0.036685459
9.21918E-05,0.001184112,-0.001532235,0.025646878,0.000193035,-0.007187839,-0.005232884,0.072613031,-0.001624219,0.10098211,0.001222122,0.039437361
-0.000182515,0.015084336,-0.000773444,0.01963683,0.000264312,-0.000846033,-0.002880272,0.073936805,-0.005323877,0.17515846,0.002203591,0.10007687
-0.00034338,0.019756427,-0.001420512,0.037847903,0.000382785,0.004412042,-0.003515323,0.044615593,-0.003096048,0.17583895,0.002237341,0.064223506
-0.000809858,0.023113618,-0.001440526,0.024812914,-0.000110877,-0.009396673,-0.005024876,0.05637268,-0.006273785,0.2238422,-0.000247922,0.044620123
0.000269892,-0.001255273,-0.000594847,0.015877802,0.000222403,-0.002071716,-0.003178509,0.12175169,-0.002527481,0.1653809,0.001865803,0.12677772
-0.000613199,0.012053118,-0.001074105,0.022084029,0.000244151,-0.000702915,-0.002927591,0.070612088,-0.004160914,0.22066779,0.002888344,0.097773045
-0.000245598,0.005974066,-0.001576634,0.030500198,4.35387E-05,-0.003582875,-0.005757035,0.10878285,-0.002655327,0.13522094,0.001520598,0.081042804
-0.000449623,0.0189074,-0.001173438,0.037798569,0.000108693,-0.001059922,-0.004223435,0.080174856,-0.003914188,0.18048158,0.002384903,0.052384287
-0.00060972,0.027478416,-0.000789947,0.030301418,0.000158658,0.003310034,-0.001756638,0.021974342,-0.003144206,0.17418407,0.005516641,0.04268479
-0.000183384,0.011574002,-0.001449414,0.030198118,0.000288274,-0.001898965,-0.004390664,0.022755805,-0.006470432,0.22961715,0.000816452,0.073698521
4.55229E-05,0.002384922,-0.001246427,0.029958803,0.000108974,0.002955121,-0.005903859,0.16057184,-0.006461805,0.21286647,0.000760129,0.10311132
-0.000610522,0.019357434,-0.001191084,0.023995986,0.000108524,0.000791189,-0.003047606,0.006589564,-0.005845798,0.2545878,0.001577387,0.095174648
-0.000272983,0.009016375,-0.000903102,0.018752756,0.000658597,-0.025686881,-0.001698837,0.060263567,-0.004608385,0.2101375,0.00119699,0.070426337
-0.000514937,0.019117929,-0.000986459,0.025661731,-7.55E-05,0.001915731,-0.001155102,-0.000196078,-0.005848523,0.21958177,0.001573345,0.12892355
-7.61E-05,0.009139551,-0.001234695,0.022405794,4.87901E-05,-0.00032098,-0.004499115,0.094657436,-0.003229602,0.1532838,0.004066168,0.037664346
-0.000538376,0.020869099,-0.000928184,0.024219284,0.000189874,-0.002537746,-0.003229991,0.09485811,-0.008159424,0.25477153,0.002387062,0.087044813
-0.000519741,0.01689944,-0.001036874,0.022494288,0.000448508,-0.010546453,-0.005688325,0.13217816,-0.005002313,0.21736035,0.002704754,0.065960556
-0.000464257,0.028239366,-0.001075922,0.031317707,0.000289043,0.002331357,-0.006179402,0.14265466,-0.004060894,0.16145964,0.002520905,0.09267927
-0.000147465,0.012450994,-0.000904492,0.019807473,0.000392287,-0.005482231,-0.005661699,0.15856476,-0.007936747,0.23740779,0.001957247,0.044306621
-4.40E-05,0.006737646,-0.001257419,0.022676568,-0.000147797,0.001208437,-0.003847358,0.028028654,-0.004415695,0.18657225,0.004365556,0.016014079
-0.000423635,0.01853017,-0.001144507,0.026398677,3.71064E-05,-0.001539959,-0.004522924,0.10569359,-0.002662906,0.12899958,0.004541313,0.045167413
-0.000437135,0.012242049,-0.002090614,0.030402169,-0.000162301,-0.005265498,-0.003533751,0.020587703,-0.007240241,0.25315195,0.001712157,0.047777601
-0.000346191,0.012012298,-0.001243297,0.031242058,0.000126401,-0.002193069,-0.001785213,-0.020610761,-0.006755681,0.21699789,0.001245521,0.073339924
0.000180808,-0.00430856,-0.000556808,0.005414029,-3.60E-05,-0.004585202,-0.003809118,0.024927508,-0.006879062,0.20172431,-0.00155218,0.15095352
-0.000503429,0.025430577,-0.000964849,0.021258799,0.000168357,-0.002065671,-0.005273546,0.082412355,-0.003369339,0.15992619,0.004371055,0.036580261
-9.05E-05,0.008071752,-0.001129193,0.020411197,-0.000199835,-0.003408833,-0.006498453,0.20669016,0.00049481,0.080121562,-0.000507349,0.15685698
-0.000328906,0.004414227,-0.001104993,0.021292981,-6.22E-05,-0.001995279,-0.003065202,0.10946116,-0.002668267,0.1774909,0.002419109,0.089054324
-0.000417745,0.010460155,-0.001668713,0.035121486,-0.000106177,0.002508089,-0.001512825,-0.025991024,-0.005659722,0.23788355,0.002802954,0.11974196
-0.000392682,0.015205691,-0.001267635,0.022724049,-4.87E-06,-0.000401992,-0.005906831,0.091019392,-0.005832949,0.22891887,0.004142265,0.025860835
-0.000564925,0.014071875,-0.001502618,0.033422157,0.000463029,-0.012588982,-0.003187442,0.030184787,-0.007252065,0.22721112,-0.002759899,0.14560676
-0.000405857,0.023109963,-0.001044621,0.02649105,0.000140367,0.002668157,-0.003270623,0.049923815,-0.004951331,0.24071969,0.002070612,0.08415845
-0.00023963,0.003439427,-0.001053685,0.019226769,0.000156627,0.000962616,-0.002016005,-0.003036122,-0.00463005,0.22615181,-0.002795234,0.22106563
-0.000458268,0.01209764,-0.001387421,0.028906189,0.000304469,-0.009178764,-0.00380794,0.050224748,-0.006632679,0.23399323,0.002026161,0.061037824
-0.000251471,0.009805783,-0.0010859,0.027035605,0.000135945,0.004400638,-0.004810118,0.13091622,-0.004784608,0.18886384,0.003948456,0.066929661
-0.000206199,0.003360475,-0.001791876,0.030161696,0.000256989,0.003184989,-0.004842387,0.022285286,-0.007423502,0.26800901,0.002251431,0.081097946
-0.000517054,0.014465364,-0.001308493,0.033509366,0.000359224,-0.001956121,-0.002550519,-0.014529221,-0.005398892,0.17238042,-0.00163033,0.12845899
-0.000673691,0.024905946,-0.001104927,0.028860785,0.000283102,0.001722103,-0.002113075,0.059558854,-0.004636208,0.23521128,0.001422901,0.10810293
-0.000493566,0.017489335,-0.000874199,0.019933878,0.000428481,-0.013123698,-0.002743806,0.034980759,-0.005187963,0.18545501,0.003749138,0.017469728
-0.001121422,0.032162983,-0.001556982,0.036802582,0.000350578,0.002290689,-0.003937359,0.068912022,-0.006604266,0.25090533,-0.002542076,0.19094451
-0.000665209,0.011477655,-0.000855361,0.015552079,0.000101205,-0.005989573,-0.000937639,0.008807167,-0.005497752,0.23220779,0.003863313,0.027793597
-0.000323835,0.013073859,-0.001198334,0.026084563,0.000311245,-0.003531824,-0.003331431,0.035027873,-0.005806359,0.200436,-0.000488422,0.14516978
-0.000239707,0.007270747,-0.000485662,0.008789678,0.000792043,-0.023193114,-0.003204811,0.10739927,-0.006464878,0.25192624,0.002631855,0.069616891
-0.000447441,0.003193147,-0.000803967,0.019160898,0.000224761,-0.006891843,-0.00523296,0.058291875,-0.004957593,0.22667111,-0.002299342,0.13214138
-0.00054092,0.012575929,-0.001408808,0.03279943,8.16619E-05,0.001211316,-0.004010158,0.075197943,-0.004416223,0.16623275,0.002313828,0.085596621
-0.000647495,0.017820155,-0.000849138,0.02613961,0.000597786,-0.002499318,-0.002783209,0.050343767,-0.005031007,0.25575188,0.001621889,0.069048814
-0.000437963,0.010363367,-0.001182937,0.020378765,0.000325152,-0.015762402,-0.005879798,0.11494416,-0.004756827,0.18231137,0.003157029,0.051191796
-0.00037808,0.01293548,-0.000596049,0.012048216,0.000235816,-0.00310039,-0.005885906,0.10896501,-0.004605399,0.20829999,0.003553544,0.070159495
-0.000567235,0.018869797,-0.001420958,0.027412204,-0.000158439,-0.002422694,-0.004501604,0.099595957,-0.006815351,0.22517312,-0.000400587,0.10818093
5.84251E-05,0.000785914,-0.001626627,0.026429882,0.000596796,-0.014228918,-0.005615777,0.15664923,-0.006000954,0.22636275,0.001449882,0.085829057
-5.63E-05,0.004647817,-0.00187937,0.035716556,0.000485453,-0.01197866,-0.002093986,-0.028398018,-0.006214496,0.21933253,0.002594222,0.046317697
-0.00035482,0.014125826,-0.001416408,0.027336856,9.93114E-05,0.000585021,-0.002289597,0.025694281,-0.006304187,0.205553,0.001379522,0.032529999
-0.000456646,0.014760666,-0.001163637,0.0276426,0.000155681,-0.002948592,-0.005932664,0.091890164,-0.00631752,0.21094063,-0.001101788,0.13121641
-6.77E-05,0.00945965,-0.001247767,0.023220206,0.000734608,-0.014647303,-0.003341441,0.099331841,-0.006510114,0.23365353,0.003604018,0.050381605
-1.33E-05,0.00955506,-0.000800842,0.023239298,0.000166116,-0.002462006,0.000637424,0.012625076,-0.006384153,0.30141002,0.00024829,0.12667945
-9.13E-05,0.009388174,-0.001138613,0.024810039,-0.000309697,0.004479446,-0.000971673,0.004906221,-0.006046041,0.22490774,0.000570686,0.11962934
-1.32E-05,-0.003321172,-0.000997337,0.016312903,0.00065837,-0.02102768,-0.005156352,0.067768455,-0.006021786,0.24347945,0.000853046,0.057501011
-0.000247393,0.01328907,-0.001383971,0.026757874,0.000322226,-0.009626689,-0.003966274,0.044791881,-0.002754052,0.11172903,0.002596421,0.035704348
-0.000364815,0.020262266,-0.001482538,0.023854317,8.33024E-05,-0.001735846,-0.005986958,0.096863367,-0.00348565,0.15228486,0.000221032,0.042017084
-0.000391735,0.013980255,-0.001535341,0.026243934,7.30756E-05,-0.004061003,-0.00425247,0.07086587,-0.006239748,0.23530358,-0.00250997,0.14675532
-0.000429596,0.014592556,-0.001247254,0.024711236,0.000451925,-0.011404002,-0.001741445,-0.026042355,-0.008006268,0.30664891,0.004885354,-0.031773534
-0.000418577,0.014129573,-0.001063336,0.015721418,0.000621562,-0.023775887,-0.004109721,0.019007463,-0.007291334,0.22563823,0.002499629,0.035950199
-0.000844166,0.029933371,-0.001683867,0.047985733,0.000217425,0.003963266,-0.005518509,0.18871722,-0.002716001,0.13668445,0.001649114,0.055863403
-0.000363724,0.019771129,-0.000704305,0.019057762,3.56519E-05,0.002710662,-0.002103234,0.015588987,-0.003041342,0.15485658,0.001964446,0.01414206
-5.37E-05,0.006579362,-0.000620909,0.015166647,0.000269795,0.001718962,-0.003716175,0.062755287,-0.001854339,0.14739451,-0.000226755,0.11568025
-0.000493527,0.010223614,-0.001129551,0.026069947,-0.000108804,0.00106379,-0.005049544,0.11369574,-0.006073416,0.21791242,0.003271663,0.048452612
-0.000709185,0.026299492,-0.001228137,0.031651773,-0.000565317,0.013088039,-0.00463059,0.059186827,-0.006466702,0.20694962,0.004224939,-0.022449877
-0.000605525,0.022118563,-0.001136251,0.020799251,0.000452672,-0.010272103,-0.003544672,0.070693031,-0.004703984,0.17717357,0.001867039,0.011928492
-0.000199346,0.0102412,-0.000766455,0.021412496,0.000309114,0.00302483,-0.0007437,0.03428093,-0.003089237,0.15393642,0.001694211,0.083307698
-0.000468837,0.019770596,-0.00129395,0.030575236,1.5407E-05,0.007455334,-0.002628023,-0.020370679,-0.006329643,0.20433281,0.0027327,0.013192757
-0.000467615,0.012343563,-0.000823764,0.022527225,-8.39E-05,0.00335709,-0.003134093,0.065009475,-0.004784465,0.23375472,0.002678373,0.056150422
-2.76E-05,0.004477996,-0.001038172,0.01803484,0.000274593,-0.006838468,-0.001014028,0.014412086,-0.005720293,0.26314127,0.000948925,0.086776897
-0.000691447,0.023908069,-0.000980851,0.022542831,-5.19E-05,-0.001062896,0.000582423,-0.089250743,-0.006972964,0.22383985,0.004879667,0.039835591
-0.000815032,0.019829964,-0.001905241,0.036085553,9.96517E-05,-0.001653944,-0.003474555,0.036271345,-0.007462783,0.24457023,0.00215168,0.022805795
-0.000201064,0.004645563,-0.001086565,0.021501845,-9.11E-06,0.003306683,-0.003909507,0.086843736,-0.003967039,0.16977353,0.001296923,0.10697105
-0.000178212,0.010472686,-0.000487769,0.0103094,0.000376448,-0.009387749,-0.004630067,0.065947011,-0.003455591,0.19860941,0.001598166,0.054575682
-0.000470909,0.01280467,-0.001196243,0.020779956,0.000686919,-0.015764562,-0.004266233,0.034102213,-0.00641284,0.19735385,0.000298687,0.090399139
-0.000350739,0.020544978,-0.001198826,0.028461965,9.31671E-05,0.00312749,-0.00597725,0.17689672,-0.005858568,0.22431041,0.00330635,0.073408633
3.08581E-05,0.004936874,-0.00070514,0.021410979,-0.000280088,0.01105938,-0.00364615,0.035128053,-0.002623368,0.13262865,0.001145723,0.10971855
-0.000495283,0.020836154,-0.001278815,0.02406477,0.000151393,-0.001180075,-0.002546649,-0.038561169,-0.002197151,0.11208242,0.001849495,0.05204067
-0.000701141,0.024853677,-0.001474019,0.032868952,0.00012762,0.003668954,-0.0005395,-0.049131032,-0.00455538,0.19056338,0.004636074,0.03584981
-0.00084076,0.027947396,-0.001417883,0.035209354,0.000413145,-8.34E-06,-0.003477146,0.12903586,-0.004183531,0.17298444,-0.000398481,0.11786815
-0.000447663,0.01445192,-0.000932447,0.028113952,0.000460469,-0.006852357,-0.000364068,-0.041197129,-0.003371701,0.18608144,0.003023402,0.070864528
-0.000355131,0.015062604,-0.000462688,0.023742273,0.000417556,-0.001414636,-0.002183821,0.032179132,-0.004371287,0.22943996,0.004143376,0.074290074
-0.000302885,0.015396276,-0.001215831,0.023141691,0.000145547,-0.004352863,-0.002146837,-0.004358698,-0.006910195,0.22228953,-0.001197414,0.11472405
-0.000830587,0.024397271,-0.001533062,0.028656211,0.00034932,-0.005067674,-0.004822967,0.13444218,-0.008969253,0.26973635,0.000540932,0.09749455
0.000153734,0.003551916,-0.001820237,0.032497112,-0.00028249,0.000576889,-0.005135797,0.1202187,-0.004373094,0.19218861,0.00207017,0.099994726
-0.000176599,0.007713609,-0.001916415,0.027346792,-1.44E-05,-0.003431085,-0.005984846,0.11524913,-0.006081423,0.23119694,0.002142015,0.092120446
-0.000389344,0.0216328,-0.001264605,0.025784243,3.66935E-05,-8.34E-05,-0.00399843,0.078887947,-0.006612465,0.26035136,0.004375513,0.043585584
-0.000551044,0.014702738,-0.001436374,0.025706077,0.00022831,-0.000907043,-0.003355409,0.035338052,-0.004963704,0.15540664,0.001925107,0.054811276
0.000176726,0.006473508,-0.00102427,0.01689549,-0.000266742,-0.001066935,-0.003844545,0.099873595,-0.002084641,0.18763845,-0.002819085,0.19253321
-0.000621204,0.02245014,-0.001591918,0.034603387,0.000112814,0.003724751,-0.005298276,0.070219181,-0.007785195,0.25019351,0.001692304,0.069371864
-0.000220861,-0.000795137,-0.001684359,0.023755936,0.000120785,-0.007638224,-0.00471536,0.12480774,-0.006669469,0.22992913,0.000642705,0.073491797
-0.000375549,0.020563733,-0.001578505,0.026311958,0.000237286,-0.001874397,-0.002196353,-0.050952785,-0.00549254,0.21526127,-0.002005015,0.15343198
-0.00022324,0.010274476,-0.001401775,0.029220259,0.000150557,-0.006472941,-0.005077558,0.099047959,-0.005310405,0.21183088,0.001680755,0.092055529
-0.000579474,0.014151429,-0.000903945,0.023592146,0.000318046,-0.002233468,-0.002702115,0.060382869,-0.005805531,0.28128549,0.000197165,0.15191175
-0.000500022,0.012880834,-0.001269611,0.027726306,-0.000169942,0.006567339,-0.003712359,0.009676482,-0.002488247,0.12259498,0.002159319,0.061319195
-0.000185481,0.00258383,-0.001514603,0.025504826,0.000266229,-0.001053198,-0.005191418,0.11157149,-0.003905274,0.13321069,0.002595793,0.063938685
0.000287241,-0.010159907,-0.001418293,0.022556761,0.000336255,-0.014718503,-0.001231367,-0.002260245,-0.00526849,0.21665485,0.005780907,-0.013658562
-0.00064886,0.018414702,-0.000300464,0.013225531,0.000241168,-0.006564006,-0.005587779,0.12291819,-0.006325611,0.23329499,0.000826959,0.043371443
-0.000334982,0.01015236,-0.00171727,0.031186877,0.000118273,-0.001147777,-0.00165144,-0.036332753,-0.004912281,0.17928578,0.001134644,0.062098023
-0.000695644,0.026688235,-0.000931944,0.025940824,0.000254913,-0.000720528,-0.001781324,-0.05185746,-0.002480579,0.12371235,0.002394527,0.083331391
-0.000732729,0.019143606,-0.001222089,0.027581133,0.00026024,-0.00177385,-0.003177284,0.065037474,-0.007488282,0.27034494,0.000326389,0.11777245
-0.000542748,0.024944926,-0.001084724,0.027994746,0.000164721,0.00608399,-0.002945805,0.049434852,-0.002080247,0.13861524,-0.001172875,0.13889471
-0.000547209,0.021647112,-0.001321265,0.021072321,0.000628385,-0.019733079,-0.003111498,0.017865226,-0.00656395,0.23494771,0.001682507,0.051768519
-0.000448091,0.017773246,-0.0012588,0.02615232,2.57278E-05,-0.006784389,-0.006997863,0.1509206,-0.006026852,0.19823331,0.000893299,0.11160562
-0.000343772,0.007745171,-0.001751903,0.031440176,-0.000183057,-0.002289123,-0.003576167,0.045623615,-0.005899529,0.17722692,-0.002837794,0.17045881
-0.000783869,0.025104042,-0.000307702,0.016585873,0.000219607,0.001965887,-0.004114437,0.046551712,-0.005359793,0.19304439,-0.001721452,0.18527007
-0.000160793,0.010986349,-0.000739249,0.016964523,0.000224475,-0.003869668,-0.001676254,-0.003524628,-0.003482135,0.15271449,0.000503436,0.049333379
-3.60E-06,0.002019303,-0.001273592,0.023329498,0.000100991,-0.000539904,-0.006798319,0.13445678,-0.005050116,0.18067871,0.001875896,0.083549015
-0.000288791,0.009796204,-0.000835177,0.019640053,0.000827035,-0.016802819,-0.004458146,0.08552257,-0.003819242,0.16445433,0.003182888,0.023907326
0.000229485,-0.004433575,-0.001727475,0.029167686,-0.000232652,0.000337175,-0.002781147,0.15146008,-0.005203013,0.26516894,0.003160614,0.050067697
-0.000201776,0.013225335,-0.001103972,0.023736728,5.5024E-05,0.000674898,-0.005502245,0.12531413,-0.003690555,0.21327564,0.002315179,0.12382972
-0.000352414,0.014227733,-0.001261736,0.023223307,0.000626896,-0.01760119,-0.004416102,0.066015974,-0.00359785,0.14943978,0.003204872,0.041610491
-0.000602781,0.012169376,-0.000982004,0.016944127,-0.000117168,-0.00754231,-0.003535864,0.008547043,-0.005873655,0.23423868,-0.000292669,0.079328768
1.51134E-05,-0.008272797,-0.001616242,0.017680334,0.000187403,-0.014799976,-0.002702666,-0.02238824,-0.007297654,0.21994048,0.002657356,0.018260015
-0.000861033,0.036994252,3.02965E-05,0.013610289,0.000864354,-0.008577635,-0.005636508,0.12184661,-0.001704215,0.07886333,0.003939522,0.009610996
-0.000592938,0.022796681,-0.001398395,0.032703381,0.000314509,0.001343817,-0.005084886,0.10838072,-0.005542327,0.21083419,0.002066018,0.030755611
-0.000213723,0.007339153,-0.001535565,0.028474312,8.72454E-05,0.00077412,-0.003315233,-0.013232526,-0.00610153,0.20441657,0.000812575,0.086702392
1.68426E-05,0.004408658,-0.001299391,0.021532958,0.000452389,-0.007364692,-0.002960679,0.034312263,-0.000961571,0.1701476,0.000421676,0.10626386
-0.000621986,0.003378024,-0.001299454,0.024405653,0.000158453,-0.014451324,-0.005798888,0.05957843,-0.002937914,0.13375555,0.002113946,0.038447086
-0.000670678,0.019930137,-0.001773131,0.042189054,0.000554478,-0.013128568,-0.006035599,0.11787542,-0.005658652,0.21925396,0.001240491,0.085338421
-4.72E-05,0.004952286,-0.001377549,0.026993955,0.000244594,-0.003349607,-0.002960361,-0.00509184,-0.004424277,0.15230864,0.00126957,0.080898389
-0.000199242,0.002322579,-0.001313933,0.028639957,0.000153668,0.001575103,-0.005311808,0.082134478,-0.005309265,0.21607168,0.002261245,0.057863474
-0.000435717,0.016463675,-0.000954157,0.026878025,0.000440071,-0.005945745,0.001080972,-0.10025806,-0.005023343,0.22104645,0.002812874,0.050930332
-0.000243984,0.008427385,-0.001654341,0.032919757,-2.56E-05,-0.002611525,-0.00435414,0.045662031,-0.004248201,0.19102991,-0.000332565,0.12448317
-0.00025173,0.01210446,-0.001128542,0.022539718,-0.00013713,-0.000395187,-0.004898012,0.08552786,-0.005640715,0.20037322,-0.000636392,0.083880112
-0.000441193,0.013809859,-0.00084751,0.020746794,2.76246E-05,-0.00347442,-0.002602304,0.066166848,-0.003536952,0.19090721,-5.24E-05,0.16398117
-0.000587215,0.022074103,-0.001034875,0.029737743,0.000130624,0.001718058,-0.002629316,-0.001703058,-0.006366231,0.23092833,0.002964024,0.029928084
-0.000607479,0.019826572,-0.001244194,0.036846649,0.000343399,0.000523509,-0.003433858,0.038219016,-0.00068906,0.09393432,0.000784088,0.11075067
4.90551E-05,0.001886939,-0.001669825,0.026032612,0.000148799,-0.01277223,-0.001570375,-0.027192293,-0.006668797,0.2141818,0.001861885,0.071143992
-0.000488213,0.010227777,-0.0006561,0.016708113,-9.84E-05,-0.003365353,-0.002016271,0.051770225,-0.002333693,0.15277477,0.001781877,0.047731351
-0.000598939,0.008827375,-0.002066675,0.042283572,0.000171805,0.000679262,-0.004582907,0.052546315,-0.005801795,0.1780396,0.001527367,0.076142959
-0.000293832,0.016693937,-0.000357048,0.007896838,0.000327178,-0.004301781,-0.003367062,0.004257248,-0.000987256,0.098966785,0.000784318,0.03576361
-0.000154206,0.003738094,-0.001151396,0.026339881,0.000402553,-0.008096247,-0.003035934,0.13368441,-0.006520833,0.22099113,0.004235996,0.049211212
-0.000423684,0.015902648,-0.001544614,0.033284482,0.000380989,-0.003893143,-0.005461284,0.1056427,-0.002703566,0.1354484,0.002258863,0.043238144
-0.000321955,0.010044846,-0.00151103,0.03495954,-1.19E-05,0.005328405,-0.00270991,0.020106265,-0.004050933,0.17625691,0.001700112,0.095197909
-0.000337341,0.016639369,-0.001264507,0.022265393,0.000271911,-0.006334273,-0.002386555,-0.009057227,-0.000194932,0.078683503,0.003541541,0.008945243
-0.000415694,0.014926978,-0.000775641,0.023397982,0.000180996,-0.001644406,-0.002442801,0.09590093,0.001863592,0.068512194,-0.000310497,0.10960888
-0.000279943,0.007785115,-0.000741787,0.017029628,0.000521185,-0.013569719,-0.002434753,0.091101006,-0.006066047,0.26033065,0.002537401,0.074448444
-0.000383581,0.01271886,-0.001367721,0.029996393,0.000663154,-0.006999535,-0.005400076,0.1346305,-0.004707595,0.22870514,0.002710408,0.11276852
-0.000221333,0.009084521,-0.001104705,0.024198782,0.000250668,-0.008379755,-0.001714692,0.00875962,-0.003417902,0.18274136,0.00458137,0.039357733
-0.000598672,0.022783047,-0.001230941,0.029576933,0.000541033,-0.004786355,-0.003746914,0.09897463,-0.005534951,0.23490793,-0.002239896,0.13631053
-0.000506593,0.018284438,-0.001271318,0.032460697,0.000270557,-0.004472627,-0.00243214,0.016357997,-0.005988893,0.22541496,0.003014179,0.04314572
-0.000544856,0.022862516,-0.001349042,0.028581284,-0.000258359,0.00124641,-0.00522274,0.064570338,-0.009943509,0.28040111,0.003206732,0.048592202
-0.000427077,0.017402595,-0.001008094,0.022780333,0.000612285,-0.01235161,-0.003391136,0.016008565,-0.006566376,0.22149032,0.004834895,-0.005302168
-0.000933655,0.030153826,-0.001687494,0.042321354,0.000509493,-0.01078306,-0.002917652,0.041575216,-0.008596655,0.26592126,0.002964161,0.087580755
-0.000257243,0.006690142,-0.001413518,0.028215954,0.000113946,-0.004148803,-0.001866209,0.034143217,-0.002691065,0.16727617,0.002397796,0.045798101
-0.000342922,0.020877512,-0.001554898,0.034387585,7.04926E-05,-0.005514883,-0.002555221,-0.029137384,-0.005701938,0.18065247,0.00274086,0.011308579
-4.63E-05,0.014272217,-0.001097319,0.017064881,0.000654457,-0.024514135,-0.003122689,0.09581162,-0.007225078,0.24405912,0.004470321,0.056569617
-0.000880703,0.026464626,-0.000856485,0.023829071,0.000280571,-0.002527224,-0.002920602,-0.024376849,0.001090257,0.072311282,0.002563266,0.039882485
-8.10E-06,-0.001344806,-0.001465786,0.022316378,0.00025334,-0.002963557,-0.001287289,0.021001834,-0.006978076,0.23091112,0.001201335,0.058578398
-0.000256625,0.001291715,-0.000904875,0.023372542,0.000163442,-0.000503,-0.000682662,0.000780013,-0.004992626,0.25883266,0.001843695,0.10684144
-0.000786677,0.028586941,-0.000971781,0.027603086,0.000167669,0.006113243,-0.006230409,0.17029653,-0.004093612,0.17208786,0.002625134,-0.003720227
-0.000758787,0.016132435,-0.000919382,0.021934336,0.000250242,0.001299742,-0.002008783,0.004440751,-0.007464523,0.22938295,0.000955779,0.083088107
-0.000534003,0.014452957,-0.00070883,0.019756487,0.000491057,-0.012057653,-0.005307213,0.10319301,-0.004330798,0.19053729,0.006698004,-0.002708326
-0.000254561,0.002372481,-0.001075284,0.024435565,0.000106378,0.000983127,-0.007097466,0.20787889,-0.006689166,0.24414954,0.002143327,0.090590112
-0.000199275,-0.003852925,-0.001337116,0.024224637,-0.000324493,0.001162284,-0.003278481,0.018921928,-0.005615763,0.20625696,0.004095544,0.014598929
-0.000430437,0.010807337,-0.001602971,0.028084772,-0.000174063,0.003968478,-0.005312228,0.047577493,-0.002391461,0.1432417,0.004174745,0.02881516
-5.75E-05,-0.007358611,-0.001699467,0.026427886,9.52304E-05,-0.003087514,-0.004313541,0.042598251,-0.004176221,0.16863737,0.0004309,0.095326938
-0.000135334,0.003690719,-0.000742211,0.017829653,0.000470267,-0.007340501,-0.003615162,-0.006143251,-0.003462226,0.15640533,0.001003018,0.077685274
1.11405E-05,0.008223332,-0.001325411,0.026060807,0.000244475,-0.004648063,-0.002934375,0.061602287,-0.007307041,0.26600358,0.00290745,0.021925135
-0.000343754,0.00124587,-0.001105694,0.018686941,-4.43E-05,-0.007243926,-0.005680741,0.10578702,-0.006061385,0.2138596,0.00364252,0.015572852
3.33144E-05,0.008769453,-0.001248248,0.033819858,0.000503305,-0.009199623,-0.005035535,0.16930304,-0.006586057,0.29805177,0.001476222,0.033368096
-0.000637548,0.017525667,-0.001331996,0.023957072,0.000128029,-0.007056097,-0.005794143,0.13962695,-0.006928179,0.2278869,-0.001066989,0.17084311
-0.000245702,0.010952311,-0.001261918,0.020742169,0.000309843,-0.010085446,-0.004027682,0.089151748,-0.002837556,0.15858623,0.000857397,0.10666238
-0.000314051,0.015767369,-0.001218762,0.026492247,1.16058E-05,-0.000485717,-8.10E-06,-0.037873216,-0.003501109,0.14056422,0.002094006,0.082116567
-0.000477469,0.014689876,-0.001187513,0.025564156,0.000674059,-0.009815056,-0.002282586,0.077923685,-0.00155997,0.12874493,0.0041748,0.042359699
0.000106954,0.00197368,-0.001213996,0.023878174,0.000424259,-0.00796904,-0.006204318,0.14893435,-0.003776482,0.16833492,0.000915038,0.11763437
-0.000177766,0.008386434,-0.000985883,0.017829834,0.000178464,-0.005215165,-0.004528615,0.10990028,-0.004664833,0.21547909,-0.000353039,0.17366967
-7.22E-05,0.008813422,-0.001041927,0.019378318,0.000574714,-0.010377832,-0.003088768,0.031216143,-0.002963323,0.12474968,0.003949279,0.020703681
-0.000368237,0.018895261,-0.001345594,0.029693276,0.000128705,-0.000816694,-0.00336517,0.078798868,-0.005543221,0.21445693,0.00329777,0.10732519
3.02736E-05,0.003542852,-0.001390595,0.025770362,0.000150445,0.000215068,-0.003020898,0.038859528,-0.008306748,0.23861459,-0.001329234,0.14959483
-0.000619206,0.017508563,-0.001002124,0.027247624,0.000433981,-0.004146348,-0.003231075,0.028374895,-0.000710738,0.096015558,-0.001470078,0.14391831
1.56004E-05,0.004366682,-0.001101657,0.023068143,3.18082E-05,0.005265394,-0.004249933,0.077451929,-0.003205431,0.13234513,0.001397081,0.082340561
-0.000232963,0.013142335,-0.000741062,0.018183138,0.000520943,-0.013545398,-0.003271717,-0.009451738,-0.006353932,0.18714793,0.005022087,0.007496296
-0.000565231,0.020275896,-0.001043299,0.020522105,-3.24E-05,-0.000776128,-0.003608054,-0.029929141,-0.005752797,0.18522936,0.002301233,0.079111077
-7.75E-05,0.005341895,-0.000946753,0.019618118,0.000451789,-0.013071111,-0.001181041,-0.046413995,-0.003269858,0.12396835,0.003417794,0.013000136
-0.000592283,0.026947306,-0.000448513,0.014625399,9.5059513e-06,-0.000415625,-0.004631779,0.041769739,-0.002109402,0.080859102,0.000655596,0.010293094
-0.000498393,0.020416243,-0.001084068,0.027477724,9.82905E-05,-0.003585976,-0.003987559,0.034220595,-0.003390091,0.15562467,0.003009015,0.060293198
-0.000616494,0.025528325,-0.001210021,0.027177846,4.06914E-05,0.000577744,-0.00478278,0.058741249,-0.005687387,0.21642208,0.001289057,0.089263901
-0.000317675,0.013892461,-0.00120145,0.028478513,-0.0001595,0.004406696,-0.004391731,0.10682279,-0.005483212,0.17994708,-0.000820133,0.12651616
-2.12E-05,0.002492135,-0.001487907,0.03181421,3.64251E-05,-0.002708966,-0.003930488,0.1142753,-0.003426585,0.13741946,0.001491536,0.10483602
-0.000154386,-0.006708324,-0.001109213,0.01730126,-0.000218714,-0.002650506,-0.001912235,-0.045184296,-0.005853194,0.1941241,0.002523581,-0.014212088
-0.000331422,0.014086936,-0.00100032,0.024321534,0.000504616,-0.004868676,-0.005363864,0.11677657,-0.001202461,0.12944853,0.001270039,0.063866526
-2.75E-05,-0.000495759,-0.001257066,0.024922416,-2.43E-05,0.004575693,-0.001038589,-0.013567832,-0.003621281,0.17049134,0.00278804,0.050067224
-6.13E-05,-0.006438455,-0.001322384,0.021962263,0.000532261,-0.018126151,-0.00336617,0.044044398,-0.005878738,0.18384457,0.000653771,0.031690236
-0.000314738,0.015793653,-0.000709704,0.022043096,0.000543619,-0.008124478,-0.003039597,-0.009584666,-0.003462036,0.13996312,0.002522943,0.052143246
-0.000236819,0.012886955,-0.001353921,0.032480307,0.000370362,0.004140459,-0.003232318,0.12686078,-0.003206594,0.15913762,8.81037E-05,0.1403567
-0.000253562,0.005413708,-0.001039699,0.020261018,-2.72E-05,-0.005061219,-0.003532744,0.098612435,-0.004113596,0.1849246,0.003543206,0.006058693
-0.000222464,0.007223425,-0.000974298,0.022414794,0.000257254,-0.007912691,-0.004696348,0.071316987,-0.002933416,0.15546772,0.003725746,-0.000409712
-5.17E-06,-2.25E-05,-0.001243838,0.020544196,0.000481567,-0.015664324,-0.003867439,0.034286443,-0.005701773,0.19222513,0.002890725,0.043009546
-0.000226554,0.012416258,-0.00082599,0.028775644,0.000233452,-0.002641428,-0.004441625,0.13497156,-0.004030905,0.19036633,0.001485626,0.10077901
-0.000487693,0.025516666,-0.002061967,0.04313723,0.000537366,-0.014475409,-0.005349395,0.082862362,-0.008099433,0.26178071,0.003290592,-0.024213193
-0.000452719,0.018842021,-0.000938489,0.020273417,0.000214756,-0.008009504,-0.006311649,0.14064869,-0.003800336,0.14396583,-0.003433175,0.21095154
-0.000229481,0.012816573,-0.000796153,0.015159536,5.02745E-05,-0.008664257,-0.004018669,0.0742388,-0.00506997,0.1861798,0.003789409,0.032974791
-0.000679616,0.019861059,-0.001940649,0.038880378,3.20274E-05,0.003679931,-0.007127709,0.10259801,-0.007176533,0.22266497,0.002016396,0.072802775
-0.000294174,0.019109309,-0.000795649,0.018755475,0.000322933,-0.000166402,-0.005637575,0.10957886,-0.003875702,0.16136278,0.002030273,0.025077827
-0.00070066,0.019762387,-0.001104638,0.026485002,0.000119069,-0.001107648,-0.00257042,0.074417517,-0.005666058,0.28455839,0.004299434,0.049228396
-0.000607286,0.024907822,-0.001457618,0.034145527,0.000265393,-0.000856792,-0.005755403,0.13011758,-0.009232697,0.25381765,0.002003057,0.041420184
-0.000141727,0.010470923,-0.002157912,0.037987914,-9.46E-05,-0.00140503,-0.007246541,0.18401901,-0.003876574,0.20022297,0.007156301,0.032959037
-3.63E-05,-0.007717075,-0.000504459,0.005647195,0.000309457,-0.014828005,-0.003204702,0.088906333,-0.006362976,0.2441083,0.001823721,0.087023407
-0.000427685,0.014503841,-0.000835127,0.01734004,-0.000272886,-0.000686583,-0.004212551,0.075038113,-0.001746096,0.1073693,6.32444E-05,0.0905011
-0.000438548,0.015429114,-0.001251302,0.030727938,0.000140727,0.002616038,-0.006191866,0.15767634,-0.004179151,0.206438,0.0021224,0.055238657
-0.000835919,0.016941965,-0.001465068,0.027930737,9.67209E-05,-0.001624247,-0.004255978,0.025707783,-0.005883354,0.2669034,0.00161203,0.10147527
-0.000455315,0.007966565,-0.000579213,0.010677277,0.000896522,-0.024544448,-0.002870004,0.094610363,-0.001230114,0.15156248,0.00017707,0.14932357
-9.53E-05,0.004880626,-0.001154653,0.020588677,0.000238005,-0.009623624,-0.003110985,0.086586714,-0.005935678,0.24266851,0.001838068,0.028050164
-0.000713006,0.019257762,-0.001138072,0.0199241,0.0004368,-0.013987182,-0.001629854,-0.026244022,-0.005655645,0.23141551,0.00070678,0.12984981
-0.000322353,0.008730822,-0.001327105,0.02305763,9.54317E-05,-0.012516186,-0.004995801,0.026199225,-0.007196762,0.23549384,0.002755572,-0.023303188
-0.000364286,0.017903851,-0.001368264,0.030287968,0.000247752,-0.003814734,-0.002392736,0.040662851,-0.006415758,0.22402984,0.002655391,-0.000661616
0.000203956,-0.000711603,-0.001134678,0.018093282,-5.91E-05,-0.000632616,-0.001056532,0.013826099,-0.003077588,0.1479812,0.000836879,0.022446169
-0.000222157,0.007636201,-0.001317171,0.02855652,0.000179747,0.001660197,-0.003872875,0.11245334,-0.007533694,0.24161157,0.001233355,0.066695191
-0.000569924,0.021551695,-0.001196385,0.029897438,9.76851E-05,0.000408656,-0.003140868,0.069828026,-0.004496113,0.20262861,0.001184886,0.079193227
-0.000255559,0.006270557,-0.001395492,0.030109655,0.000404631,-0.00314858,-0.002383976,-0.021552242,-0.007154872,0.21742418,0.004772068,-0.031024296
-5.63E-05,0.002060387,-0.001427829,0.020721605,0.000344052,-0.003447495,-0.006149797,0.1162864,-0.005832195,0.23688611,0.001868449,0.075069964
-0.000479502,0.017729802,-0.001498059,0.031765874,0.000651575,-0.016659399,-0.003601131,0.051910609,-0.006227692,0.18370628,0.004803799,-0.009368871
-0.00034318,0.005073506,-0.001575501,0.024307963,8.79479E-05,-0.00272345,-0.00261865,0.078063391,-0.001662565,0.13907379,0.002743695,0.099030919
-0.000359821,0.013725941,-0.001079726,0.028015299,0.000304894,-0.005071925,-0.004691048,0.10229912,-0.006527378,0.22033615,0.003473361,0.027742546
-0.000312027,0.008033945,-0.000750141,0.016901879,-0.000119787,-0.006416372,0.000913608,-0.14326222,-0.006253562,0.22589403,0.002210264,0.072561227
-0.000957822,0.031174323,-0.000673781,0.024284123,0.000162699,0.001447679,-0.001581265,-0.04151208,-0.003773427,0.16890727,0.001939167,0.051489025
9.11632E-05,0.010814086,-0.001311107,0.030429412,0.00038294,-0.004465312,-0.005183495,0.18440852,-0.004503059,0.2229432,0.001438047,0.13103269
-0.000367342,0.023114501,-0.00089554,0.02641443,-9.08E-05,0.002571762,-0.005031959,0.12101816,-0.003395264,0.20350517,-0.002115514,0.18357491
-0.00019707,0.010301486,-0.001864203,0.036520764,-0.000138036,-0.002755873,-0.002377384,0.050246343,-0.007486154,0.26514816,0.003484594,0.10727881
-6.08E-05,-0.004491546,-0.001385691,0.025691533,-9.35E-05,0.000481333,-0.003857588,0.1079897,-0.004635606,0.20390482,0.002944678,0.048946638
-0.00024572,0.013879078,-0.001894357,0.036454085,7.52169E-05,-0.001897629,-0.003419302,-0.022297224,-0.004209772,0.18772084,0.001794351,0.049677338
-0.000297211,0.010483678,-0.000886451,0.016913457,0.000217715,-0.006611225,-0.004812124,0.081308395,-0.006226589,0.24226774,-3.37E-05,0.12722398
-0.000412382,0.019377304,-0.001588042,0.032835916,0.000823917,-0.016365414,-0.003447919,0.11841174,-0.008735751,0.30459958,0.002321019,0.080665283
-0.000723724,0.025353279,-0.000816196,0.025117364,0.000135352,-0.003716092,-0.000984177,0.038025144,-0.002715468,0.16858406,0.00197337,0.086614124
9.64911E-05,0.006718816,-0.001205623,0.027485223,-0.000180187,0.002177722,-0.001771328,0.03949488,-0.002289239,0.15105951,0.003280266,0.076057702
-0.000191443,0.011124662,-0.000971173,0.026708808,0.000134496,-0.00092462,-0.002897502,0.040380452,-0.005012338,0.19034694,0.001314846,0.023870293
0.000221017,-0.001572513,-0.001182506,0.020736996,0.000163128,-0.004002741,-0.002354699,0.067688629,-0.004275144,0.18468934,0.002978712,0.099569835
-0.000854314,0.023693418,-0.000584887,0.026915221,-1.79E-06,0.007918184,-0.005092645,0.062120505,-0.002596136,0.14219609,0.00235294,0.0467945
-0.00028625,0.010909162,-0.000855818,0.02883511,0.000181141,-0.001246201,-0.00514542,0.13054812,-0.002739266,0.19137746,0.00562522,0.052602571
3.59934E-05,0.001666528,-0.000627337,0.009769379,-1.47E-05,-0.006385353,-0.006308693,0.14605026,-0.006846036,0.25398055,0.005062135,-0.031860057
-8.36E-05,-0.00143621,-0.000997307,0.021676246,1.65483E-05,-0.001667422,-0.00253537,0.040052179,-0.004270366,0.19706282,0.003427026,0.052960023
0.000151324,0.002510372,-0.000899877,0.018606851,0.000141876,-0.000778169,-0.005188493,0.12770854,-0.005362085,0.21481664,0.004343994,0.056108382
-0.000148108,0.01244642,-0.001182072,0.028403251,0.000165991,0.003111171,-0.002436342,-0.050464164,-0.003862294,0.14789972,0.001643111,0.031940017
-0.000484172,0.008047963,-0.00136259,0.024731526,0.000166899,-0.000195431,-0.002711804,0.04002412,-0.003556954,0.15668046,0.001397246,0.10163617
-0.000145187,0.01045032,-0.001027742,0.027747035,4.95178E-05,0.009077331,-0.005456667,0.089532226,-0.006234648,0.2635946,0.000617335,0.10264347
-0.000184077,0.007685048,-0.001834606,0.036778793,0.000373641,-0.003673109,-0.003536931,0.038621716,-0.008354987,0.28499854,0.000239828,0.12219489
-0.000604991,0.012759335,-0.000772571,0.010609959,0.000167092,-0.014228275,-0.002651263,0.053384215,4.63198E-05,0.12809958,0.00253196,0.044557001
-0.000303144,0.012190037,-0.001725541,0.029296927,0.000106268,-0.009289048,-0.007284276,0.15078963,-0.008205641,0.27857843,0.002343329,0.036467802
-0.000274915,0.01054832,-0.001113649,0.020251777,0.000568287,-0.012650734,-0.004016759,0.063956447,-0.003716073,0.14258817,0.003865604,0.004066296
-0.000412121,0.010748622,-0.001254357,0.030728877,0.000117404,-0.008894021,-0.005114816,0.10615492,-0.002991401,0.15129261,0.000603173,0.056587495
-0.000944203,0.025943793,-0.00115373,0.031749602,9.25163E-05,0.005011781,-0.002713168,0.01473249,-0.003848749,0.22251785,0.002774695,0.079158865
-0.000625448,0.019496754,-0.001113153,0.026847178,0.000469248,-0.002727245,-0.00037561,-0.041882146,-0.006310241,0.27295387,0.003149895,0.031245196
-0.000182262,0.011678124,-0.001140262,0.02458244,0.000334409,0.000310148,-0.000265286,-0.081899643,-0.002960524,0.20759861,-0.002166593,0.17469878
-0.000105974,0.013906727,-0.000632127,0.01700869,0.000200181,-0.000154034,-0.004043306,0.09042573,-0.003876789,0.19440585,-0.000998127,0.12576838
-0.000416547,0.021165229,-0.000966587,0.025766456,0.00021564,0.002334464,-0.005596097,0.19201247,-0.005125127,0.22997314,0.001583995,0.11035516
-0.000614478,0.02313807,-0.001088898,0.025256731,0.000231923,0.000228179,-0.002083959,-0.025954878,-0.002336149,0.11291526,0.003749335,0.009320269
-0.000162389,-0.003562256,-0.001256566,0.025773089,3.79437E-05,0.006113077,-0.006221751,0.11432925,-0.009495799,0.28948069,-0.001118214,0.11733506
-0.000147384,0.002285672,-0.001709883,0.029316111,0.000561872,-0.013119286,-0.00252786,-0.016305307,-0.004691087,0.20915639,0.002762287,0.047979958
-0.000284236,0.007494281,-0.000895949,0.018152835,7.66427E-05,-0.004199841,-0.004623967,0.061770707,-0.006917773,0.27206683,0.001709978,0.016824739
-0.000564467,0.027386442,-0.001090657,0.027019743,0.000115265,0.003090688,-0.002436859,-0.006549381,-0.005905737,0.23435396,0.002748996,-0.005146915
-0.000592595,0.01692036,-0.001076003,0.02706776,0.000120315,-0.003810675,-0.004607451,0.065178946,-0.002035598,0.15024602,0.002505403,0.035348892
-0.000485947,0.013238905,-0.001980314,0.03221852,-0.000157897,-0.009059925,-0.003441475,0.096922956,-0.007613679,0.29131097,0.001042671,0.13158664
-0.000280289,0.013452246,-0.001524675,0.029316796,0.000298781,-0.010702573,-0.003110776,-0.000671816,-0.005403873,0.21260634,0.005423785,0.027932918
-0.000368084,0.013418869,-0.001349119,0.033424117,5.53021E-05,0.002136807,-0.002337875,0.015549307,-0.003849313,0.19093184,0.002402143,0.085717142
-0.000148819,0.008567741,-0.002220404,0.031879243,5.14939E-05,-0.006343739,-0.005377498,0.11820862,-0.006228695,0.24812894,0.002112292,0.058422301
-0.000609704,0.022811921,-0.001697111,0.035234682,0.000298346,-0.01008065,-0.004146245,0.064863101,-0.002547074,0.13672698,0.000470964,0.1454352
-0.000549741,0.020696869,-0.001076068,0.026948422,8.58737E-05,-0.000676548,-0.003710495,0.15784289,-0.003191735,0.19096462,0.00091573,0.10426091
-0.000125127,0.007045867,-0.001054118,0.02497616,5.78675E-05,-0.005577629,-0.005458026,0.15900886,-0.003926111,0.19172016,0.001382439,0.080387406
-0.000298827,0.00890896,-0.001391536,0.028413419,-5.39E-05,-0.004553593,-0.004786127,0.1693505,-0.00588338,0.23896199,0.001925996,0.10317349
-0.000150983,0.004411174,-0.001156984,0.017615365,0.000333249,-0.013156126,-0.001891176,0.04743062,-0.003383774,0.18512481,0.003548436,0.01263224
-0.00018106,0.011522113,-0.000778756,0.018678801,0.000134178,-0.005186957,-0.002206652,-0.010229847,-0.003321462,0.16061147,0.003128173,0.017713256
-0.00057396,0.025906948,-0.001396287,0.034728259,0.000156616,-0.00249924,-0.004892034,0.063902922,-0.002394026,0.15302153,0.002090793,0.095084623
-0.000605171,0.025749929,-0.00095097,0.028692963,7.96246E-05,-0.000717291,-0.003057575,0.08603368,-0.002451425,0.17343791,0.001657447,0.09886165
-0.000424991,0.007896128,-0.001660588,0.026007339,0.000248829,-0.004016814,-0.003141749,0.011187716,-0.005606036,0.21542796,-0.000755275,0.072097205
-0.000172667,0.008712106,-0.000846483,0.015998466,0.000438715,-0.019095458,-0.001952519,-0.003627733,-0.001874247,0.16048935,0.004271719,-0.00055711
2.97103E-05,0.007880214,-0.000707599,0.014325104,0.000357529,-0.004524574,-0.002647336,0.063088015,-0.005685119,0.22423036,0.001865858,0.044629142
-0.0001385,0.007208498,-0.000898049,0.015221075,-0.000320051,-0.007511666,0.00073075,0.024100516,-0.001947757,0.17836611,0.000540623,0.10372655
-0.000284504,0.017993568,-0.001269865,0.028781414,6.74765E-05,0.000356892,-0.004985306,0.08813227,-0.00528882,0.17782974,0.00114779,0.016677627
-0.00032343,0.016921414,-0.001201613,0.024576206,0.000855543,-0.018808059,-0.004473529,0.098596342,-0.009206442,0.28936812,0.000992236,0.032303907
-0.000497578,0.0154167,-0.00062884,0.013953992,0.000444418,-0.01089239,-0.002800104,0.086261839,-0.005899575,0.21037857,0.000740655,0.13136008
-0.00039401,0.009266191,-0.001554988,0.025427498,0.000293179,-0.013942207,-0.005083692,0.061593983,-0.006112821,0.17637558,0.001085091,0.099478871
0.000170284,0.002585101,-0.001043181,0.021235885,0.000654381,-0.015737655,-0.002343692,0.095465682,-0.00586001,0.2492993,0.000889148,0.12512258
-0.000467675,0.019016955,-0.001545136,0.033547204,6.49984E-05,-0.002697293,-0.005592991,0.080904521,-0.007739513,0.23110183,-0.002471104,0.096260071
-0.00028287,0.010069236,-0.001329448,0.019366223,0.000548816,-0.018086275,-0.001330964,-0.06195125,-0.007611237,0.21625283,0.001767686,0.045758534
-0.000419025,0.015411333,-0.001558842,0.032466244,8.18966E-05,-0.000566178,-0.001412615,-0.025791571,-0.005492768,0.20123969,0.001035193,0.10059877
-5.88E-05,0.008928409,-0.001070012,0.022622341,-0.000311352,-0.001091725,-0.002133639,0.04674495,-0.005226546,0.23506673,0.001808468,0.1205553
9.23087E-05,-0.001152841,-0.00214253,0.03776164,-0.000150827,-0.000469009,-0.004303661,0.090872094,-0.004418826,0.17111941,0.003008627,0.047999606
-0.000345806,0.017183058,-0.00159373,0.038242009,0.000102236,0.000366213,-0.003969602,0.081796303,-0.002985829,0.15515511,0.003125754,0.031030109
-0.000216912,0.005195729,-0.001199025,0.029257765,0.000156813,0.002139591,-0.003289626,0.033198107,-0.002376329,0.17230317,0.002956468,0.10339499
-0.000535717,0.010129735,-0.000953298,0.018782686,-0.000159277,0.001117898,-0.005330121,0.090894066,-0.003122639,0.19782892,0.000243158,0.070191771
-8.25E-05,0.007581045,-0.001216598,0.024796691,-0.000134037,-0.001380713,-0.000960958,-0.062176291,-0.001320509,0.10458292,0.000240595,0.10757622
-0.000285539,0.018088976,-0.001518157,0.029884091,0.000354334,-0.000913929,-0.002309136,-0.017162949,-0.004287225,0.18648605,-0.000600121,0.14025676
-0.000302636,0.017776232,-0.000940523,0.020592732,0.000146467,-0.002290038,-0.003020777,0.044624355,-0.003218628,0.19805136,0.001149313,0.031156212
-0.000107361,0.01120486,-0.001240844,0.02645877,0.000449191,-0.012242203,-0.001146608,0.005892772,-0.005094542,0.20731138,0.003828938,0.016887404
-0.000681379,0.015257954,-0.001610145,0.031729776,0.000233675,-0.004252099,-0.005120095,0.063014992,-0.00681101,0.21629202,0.001676395,-0.000124712
-0.000465359,0.022313289,-0.000300678,0.023924397,0.000389558,0.003666043,-0.004224784,0.10142252,-0.00482429,0.20945032,0.001009713,0.12275778
-6.64E-05,-0.002254886,-0.000941253,0.017139604,-8.61E-05,-0.00297363,-0.002768359,0.025429932,-0.007227385,0.23323649,0.004398329,-0.051666964
-5.78E-05,0.005386503,-0.001254319,0.024741398,0.000155728,-0.000463535,-0.003101758,0.012606191,-0.003756855,0.17246504,0.003968665,0.016353231
-0.000637644,0.014836312,-0.000673066,0.016121963,0.000578133,-0.006091241,-0.003525247,0.063231058,-0.00441902,0.17798537,0.000830123,0.14405878
-0.000897492,0.026863566,-0.001821957,0.044122986,0.000230933,-0.002941818,-0.005088365,0.095137469,-0.006287123,0.23714989,0.002387472,0.049466271
-0.000271406,0.015664304,-0.00184806,0.032806005,-0.000401151,-0.000802174,-0.007644443,0.18269069,-0.001940893,0.15062398,-0.000320177,0.13848053
-0.000389527,0.012895264,-0.001380269,0.030869491,0.00015142,0.002321053,-0.004461894,0.06752757,-0.002558814,0.13099259,-0.000136555,0.14977317
-0.000125709,0.005657463,-0.000720697,0.020543678,0.000258424,-0.001438656,-0.002936132,0.13200521,-0.001470074,0.17965691,1.19579E-05,0.16520207
-0.00025936,0.008229572,-0.001209227,0.022517189,-9.37E-05,-0.004017924,-0.001020588,-0.04503461,-0.007792093,0.20914026,0.002910436,-0.010387984
-0.000420041,0.016090434,-0.001534541,0.040324893,0.000167337,0.00601655,0.000634565,0.024061587,-0.002482335,0.16513485,0.002418623,0.11694199
-0.000606656,0.030012092,-0.000611794,0.027146399,0.00016254,0.002291201,-0.002793969,0.038062438,-0.001112246,0.10618321,0.000911329,0.067443468
-0.000318427,0.008221622,-0.001438552,0.020094454,-4.44E-05,-0.008132465,-0.001487237,-0.012872328,-0.006138047,0.25190401,0.003648338,0.052404314
-0.000407777,0.019839747,-0.001361454,0.028454667,0.000360657,-0.00033112,-0.003883688,0.099280573,-0.007090839,0.25835901,0.001791106,0.090675712
-0.000641392,0.020817284,-0.000953647,0.024854427,0.000575116,-0.005754102,-0.002498872,-0.003374024,-0.0002183,0.069383509,0.001046477,0.062076908
-0.000335569,0.011694315,-0.001244798,0.025160799,0.000344684,-0.0071977,-0.003722141,0.017669002,-0.005979064,0.19938709,0.003117702,0.069851764
-0.000206817,0.01461665,-0.002057986,0.042304628,0.000281398,-0.002590787,-0.002539408,0.037020378,-0.00653683,0.25626171,-0.001816833,0.13396378
-0.000464501,0.017901368,-0.001149809,0.031490061,2.16256E-05,-0.000329759,-0.003158089,0.071906753,-0.004487892,0.1720728,0.000573933,0.15220097
-7.30E-05,0.003701289,-0.00134874,0.02748961,9.0047015e-06,-0.001923895,-0.002830466,0.023716064,-0.005331777,0.19915859,0.000439661,0.13549268
-0.000482285,0.01271563,-0.001803163,0.0300656,-0.000119079,8.89294E-05,-0.002314627,0.040660322,-0.00200386,0.13808565,0.001174251,0.051740665
-0.000259409,0.003655521,-0.000389494,0.011590007,0.000412638,-0.006501156,-0.002313342,0.027986478,-0.005007877,0.21040428,0.005196086,0.008217784
-2.67E-05,-0.010197256,-0.001092105,0.015374836,-8.16E-05,-0.001163356,-0.000262299,-0.071773723,-0.007072393,0.27488682,8.39709E-05,0.12402389
-0.000474622,0.012872026,-0.001606058,0.030558011,0.000229267,-0.003462621,-0.002356983,0.08580476,-0.005063043,0.20364866,0.000748363,0.074898005
-0.000435049,0.005775524,-0.001466199,0.038697075,0.000218038,-0.007074327,-0.003623128,0.073957518,-0.006615694,0.24768294,0.00835497,-0.060338445
-0.00018652,0.009716689,-0.001440838,0.031496599,3.81298E-05,0.000714055,-0.002115469,0.019676495,-0.004945084,0.20831467,-0.000230069,0.12381486
-0.000305669,0.009905675,-0.00163218,0.037108894,0.000812389,-0.010131617,-0.004119296,0.070740066,-0.006080589,0.23722163,0.001803965,0.02732881
-0.000109576,0.007025587,-0.001520998,0.026309112,-0.000340221,0.000379234,-0.004914161,0.086152896,-0.005221603,0.18947579,0.000578917,0.10989216
-0.000430924,0.010252854,-0.000918716,0.026997356,-7.50E-05,0.005412286,-0.005936281,0.1620463,-0.007248859,0.24174444,0.000898217,0.13379402
-0.000355404,0.007960649,-0.001270982,0.024070282,3.11835E-05,-0.003978119,-0.002291436,0.000729363,-0.004017718,0.17113359,0.005299585,-0.02131095
-0.00040231,0.010905536,-0.001227581,0.021096971,0.000386886,-0.013552684,-0.000844953,-0.032564528,-0.002449406,0.14600837,-9.34E-05,0.060968075
-0.000345107,0.015445349,-0.001271769,0.02403301,0.000211611,-0.005508145,-0.001802595,-0.009608681,-0.005304101,0.18838711,0.002915131,0.002658162
-0.000518011,0.020086514,-0.000863808,0.024736632,0.001027254,-0.020215752,-0.001762951,-0.011668509,-0.005552246,0.21605092,0.002571872,0.11178307
-0.000423821,0.014883773,-0.000743781,0.019705163,5.71006E-05,0.004557379,-0.003327761,0.022812765,-0.002289036,0.12895633,0.003746118,0.007971219
4.46418E-05,-0.006075128,-0.000622899,0.011573577,2.14999E-05,-0.00329531,-0.00493485,0.17077318,-0.003241968,0.14323454,0.002197568,0.040378444
0.000228074,0.002037057,-0.00179729,0.030892121,1.8391782e-08,-0.002636018,-0.001262662,0.033395648,-0.007630779,0.25141901,0.003814699,0.025930677
-0.000673858,0.022014229,-0.001395333,0.038281716,0.000367724,0.004348368,-0.003723082,0.067620635,-0.007712469,0.23533179,0.002412761,0.014049029
-0.000495043,0.007294041,-0.00112831,0.025248688,-0.000100454,-0.000139773,-0.0068648,0.14773762,-0.007744964,0.22313792,-0.001355179,0.17289805
-0.000678849,0.019915259,-0.001484586,0.041339792,3.5939802e-06,0.004280638,-0.003116049,0.02737115,-0.006384004,0.24165855,0.002993016,0.039570089
-0.000382279,0.006081899,-0.001487567,0.025490794,0.000421259,-0.010618609,-0.003977023,0.026859812,-0.007543873,0.23727764,0.003223471,0.031326652
-0.000671202,0.015337456,-0.001446907,0.037436046,0.000103916,-0.004564738,-0.004396228,0.053911634,-0.002652688,0.13339244,0.003722807,0.013609139
-0.000397292,0.016708197,-0.001069527,0.022742556,9.47625E-05,-0.000757564,-0.001468047,0.000835229,-0.000995069,0.11454736,0.001136937,0.093894735
-0.000701155,0.018856462,-0.001837103,0.037240881,-8.75E-05,-0.002764555,-0.005055226,0.092767559,-0.003017998,0.13874207,0.005068698,0.049467001
-0.000141107,0.004783203,-0.001420148,0.02377565,-4.43E-05,-0.003711823,-0.006252212,0.14247327,-0.004643616,0.15162019,0.002751018,0.02296624
-0.00047425,0.024708202,-0.000853124,0.02346083,-0.000171431,0.005194601,-0.004630971,0.074092939,-0.006359373,0.26756153,-4.85E-05,0.1552458
0.000113735,-0.013665607,-0.001291728,0.012446688,9.60974E-05,-0.012652605,-0.004921204,0.13629319,-0.005657011,0.21064541,0.001347054,0.084555857
-0.000482616,0.01882318,-0.001178956,0.030032162,0.000182828,-0.003070613,-0.004196237,0.095496453,-0.005258963,0.26153198,-0.004643264,0.23601267
-0.000276789,0.007573318,-0.001174377,0.025686296,0.000118295,0.002302574,-0.005302619,0.093321815,-0.006171002,0.25325778,0.002317825,0.080818668
-0.000621941,0.022124272,-0.000963071,0.028812047,-5.32E-05,-0.001261646,-0.005434271,0.097099379,-0.006118747,0.22356378,0.000552949,0.069289595
-0.000144725,0.010765581,-0.000833059,0.024941461,4.17332E-05,0.001246883,-0.004076357,0.19002043,-0.005301536,0.22589402,0.003150913,0.13375759
-5.36E-05,0.009095193,-0.00151213,0.027956998,2.11992E-05,-0.006024911,-0.002715466,0.031974047,-0.003594027,0.16580288,0.001092612,0.13036239
-0.000751935,0.023063459,-0.001551913,0.029142845,0.000212154,-0.007105379,-0.004043261,0.040962324,-0.006769823,0.22235623,0.003982872,-0.002127545
-0.000490055,0.016408354,-0.000816623,0.019368429,0.000277294,-0.010376181,-0.002312887,0.018952524,-0.004204926,0.17705652,0.00314436,0.010524561
-0.000350588,0.008833499,-0.001939487,0.027576918,0.000394059,-0.013794089,-0.004706949,0.068528779,-0.008026177,0.27437541,0.003011985,0.00217492
-0.000552131,0.013030378,-0.000685388,0.018653259,0.000383352,0.003662692,-0.003659472,0.048026595,-0.003200427,0.17500731,-0.000991533,0.12100711
-0.000430539,0.013408567,-0.001059463,0.025818754,8.69137E-05,-0.00038786,-0.002055252,-0.004295648,-0.005736139,0.20561986,0.002721678,0.10716584
-0.000430334,0.015105389,-0.00166255,0.036480628,8.0422196e-06,-0.000469389,-0.005057842,0.047273193,-0.0045443,0.20405608,-0.000394557,0.11731739
-0.000307097,-0.000921507,-0.001658372,0.027660552,-2.35E-05,-0.003632783,-0.004007795,0.048278544,-0.003807404,0.14802603,0.003872603,0.034648601
-0.000204132,0.011341628,-0.001750112,0.031490993,-0.000100647,-0.002622276,-0.002200405,-0.055406954,-0.003862252,0.12802392,0.003094508,-0.019838266
-0.000252283,0.003102727,-0.001627481,0.022436673,5.74842E-05,-0.012744858,-0.002936492,-0.001359959,-0.005872006,0.24829265,-0.001818533,0.18333547
-0.000397746,0.008732547,-0.000762835,0.018539887,0.000106418,-0.005950225,-0.003339205,0.016693372,-0.006565732,0.21635883,0.001212811,0.034005709
-3.88E-05,0.00030834,-0.001616531,0.032773424,-0.000162926,0.001748204,-0.001154801,-0.021946905,-0.007378975,0.26774827,-0.000158217,0.12275255
-9.74E-05,0.005105039,-0.001196905,0.023112066,0.000153032,0.001498959,-0.007840921,0.22974354,-0.005724757,0.20439486,0.00017704,0.10090829
-0.000703837,0.021133456,-0.001441683,0.029485192,3.81664E-05,-0.002660421,-0.002712468,-0.014277225,-0.007539637,0.24090914,0.002878093,0.064755395
-3.42E-05,-0.003454061,-0.001507325,0.01822836,-0.000491865,-0.007197738,-0.005439232,0.12218425,-0.007415672,0.22985202,0.000755628,0.12157831
-0.000288902,0.01377643,-0.001097982,0.027743107,0.000361701,0.000269182,-0.004276439,0.14973752,-0.004521249,0.16954729,0.004165606,0.056978766
-0.000494784,0.017168682,-0.000986273,0.030830109,0.000249356,-0.002724068,-0.006729501,0.13837713,9.23003E-05,0.10987822,0.001135169,0.13293269
-0.000401404,0.01569658,-0.001327658,0.032711219,0.000469915,-0.002028439,-0.005551396,0.11129671,-0.004959262,0.1763332,0.001968948,0.055189583
-0.000466285,0.009768116,-0.001351403,0.030946979,-0.000310559,0.001989656,-0.003759182,0.028982311,-0.004539952,0.17418544,0.003328805,0.012315913
-0.000198185,0.005347774,-0.001927902,0.034276817,1.74327E-05,-0.002279014,-0.004301576,0.151041,-0.005345356,0.22673905,0.000421912,0.17266046
-0.000428055,0.014333756,-0.001465474,0.025888082,-0.000148051,8.2405E-05,-0.006506139,0.076151788,-0.007402822,0.23970747,0.000865254,0.10466952
-8.10E-05,0.010382339,-0.001283383,0.024445308,0.000221058,-0.002785093,-0.003433214,0.03608194,-0.005505954,0.21786138,0.002036915,0.02318061
-0.000271328,0.005573662,-0.001537736,0.032524075,-9.59E-05,0.002710412,-0.005696938,0.13743764,-0.006481685,0.22150105,0.001563887,0.066619262
-0.000688219,0.023904506,-0.001220093,0.026768522,6.5595632e-06,0.000535189,-0.003135043,0.071576446,-0.004404419,0.23070066,0.004539018,0.053239323
-0.000519787,0.020135256,-0.001215899,0.027328122,0.000636805,-0.010768823,-0.003643321,0.059936944,-0.005203966,0.17747559,0.001673426,0.043847442
-0.000555068,0.025096018,-0.001100139,0.032744221,5.10659E-05,0.002134295,-0.003844747,0.026545398,-0.00384581,0.19340095,0.00091011,0.075259894
-0.000406856,0.018937977,-0.00051875,0.020275723,5.09251E-05,-0.001614943,-0.003784412,0.070995696,-0.003397505,0.14242031,0.002475097,0.038888957
-0.000360303,0.014148935,-0.001270795,0.026375912,0.00015681,-0.000711789,-0.004554352,0.11241061,-0.007375036,0.27551416,-0.001837111,0.15972044
-0.000639445,0.012190803,-0.001241044,0.028028961,0.000132054,0.000939136,-0.004755513,0.14420462,-0.006974938,0.22012372,0.00163943,0.0306763
-0.000149861,0.012236418,-0.001567363,0.031138401,-2.45E-05,-0.002714566,-0.005181671,0.076668404,-0.00723156,0.21068248,0.004752842,0.035372123
-0.000330064,0.006221665,-0.001580472,0.032093558,-0.000232451,-0.000339879,-0.004801805,0.011754632,-0.003392647,0.1961171,0.003213576,0.061037436
-0.000288727,0.010297412,-0.001156196,0.02449074,0.000113709,0.003673341,-0.002380637,-0.017596323,-0.004970468,0.12642916,0.004291121,-0.024944477
-0.000344842,0.004079837,-0.000972247,0.018130887,0.000315577,-0.007122414,-0.00152217,-0.034445439,-0.004085661,0.16243316,0.001825658,0.094747581
-0.000368715,0.019406058,-0.001184387,0.035271682,0.000277254,0.004358362,-0.00297702,0.04540918,-0.001641834,0.19530591,0.000701275,0.11864227
-0.000701664,0.024568927,-0.001503981,0.032868866,-8.79E-05,0.002838004,-0.004167853,0.12518507,-0.003107774,0.11804426,0.002493876,0.02768648
-0.000226551,0.011443756,-0.001341661,0.02823351,-0.000230265,0.003781286,-0.002173121,0.007550664,-0.00399827,0.19044395,-0.000186409,0.12957905
-0.000306367,0.009238103,-0.001108917,0.027373301,-9.86E-05,0.005226678,-0.005380048,0.085272223,-0.001980036,0.15013407,0.00186766,0.11010627
0.000191425,-0.005300988,-0.001338621,0.019645276,-0.000144054,-0.006401027,-0.004013372,0.13199997,-0.00643471,0.22947648,-0.003581343,0.1994649
0.000570709,-0.012471941,-0.001541012,0.020668978,0.000176195,-0.006492402,-0.003072642,0.04373689,-0.009414687,0.27794048,0.002087969,0.000821844
-0.000318437,0.016088501,-0.001327638,0.025444044,0.00027874,0.003114078,-0.003067814,-0.004175518,-0.004198875,0.17549324,0.000566296,0.058806751
-0.000102478,0.008063367,-0.001174837,0.022375265,-3.51E-05,-0.000145202,-0.004395532,0.063109316,-0.008616676,0.24372162,0.001255388,0.077535562
-0.000292663,0.004703155,-0.001221866,0.02437073,-0.000124177,0.001999819,-0.005217717,0.10247273,-0.008255839,0.2538428,2.62159E-05,0.12438627
-0.000561152,0.019154374,-0.001287982,0.034201879,0.000327851,-0.002809219,-0.001686735,-0.01185439,-0.005788846,0.20823523,0.0046461,0.048549015
-0.000294277,0.009182439,-0.000338242,0.013086677,2.70579E-05,0.001320647,-0.004457358,0.10666972,-0.002989823,0.1218866,0.002880713,0.039397988
5.74257E-05,0.010013284,-0.001604824,0.035028815,0.000141296,0.000700458,-0.004359939,0.092514835,-0.006478729,0.24063063,0.003768611,0.039394718
-0.000362192,0.007511179,-0.001861331,0.030216025,0.00046692,-0.006278125,-0.004097992,0.071865723,-0.003321132,0.12649634,0.00234484,0.059329912
-4.90E-05,0.00977602,-0.000817705,0.022024818,0.000586064,-0.004633914,-0.00286166,0.037851762,-0.00513619,0.25175607,0.000580464,0.063272387
-8.46E-05,-0.002292116,-0.001029034,0.016891602,-6.10E-05,-0.000864908,-0.005371105,0.076621808,-0.006025179,0.19173564,0.000688326,0.064563036
-0.00033692,0.014749978,-0.001224325,0.029192491,0.000216634,0.000416495,-0.001166676,0.043782581,-0.006244275,0.24610204,0.000137021,0.16501716
-0.000206242,-0.001881733,-0.000453475,0.00479116,0.000253221,-0.008314113,-0.004042933,0.077430561,-0.00221539,0.14568748,0.000760321,0.078370132
-0.000414003,0.00481137,-0.001134047,0.01833206,0.000450866,-0.008076672,-0.00404446,0.086591192,-0.007207433,0.22124216,0.003325368,0.020602072
-0.000516139,0.019403541,-0.001312334,0.032856889,0.000339635,-0.005911554,-0.002353975,0.044165738,-0.006083108,0.23084508,0.003485829,0.07120873
-0.000217534,0.007905847,-0.000786913,0.022552719,0.000209139,-0.006288433,-0.002179261,0.005812851,-0.0044033,0.18867037,0.002396102,0.012031878
-0.00069955,0.018280989,-0.00095331,0.021125581,-3.37E-05,0.003076162,-0.004512123,0.067375176,-0.007356221,0.23771887,0.000755479,0.033829033
-0.000702814,0.019871371,-0.000722789,0.020486852,0.000320751,-0.005479461,-0.00168994,0.066533655,-0.000115905,0.12540156,0.001879421,0.068475343
-0.000473734,0.019475568,-0.000706479,0.023955081,-0.000282592,0.010594674,-0.00491776,0.041366346,-0.005076483,0.18606475,0.00366567,0.039295174
-0.000117764,0.003019013,-0.001429931,0.028587034,0.000111466,0.000546562,-0.002315316,0.056740832,-0.007946005,0.28182277,-2.24E-05,0.16078611
-0.000241519,0.003162899,-0.000832029,0.015395285,8.88771E-05,-0.002272297,-0.003092595,0.051577181,-0.005482603,0.18977942,0.002901558,0.017818891
-0.000472132,0.014248386,-0.000785143,0.01581564,0.000250326,-0.007918805,-0.002077246,-0.019509133,-0.006082437,0.18873039,0.005066036,-0.002532102
-0.000346398,0.004751357,-0.001379728,0.022416176,6.24813E-05,-0.003526315,-0.006195926,0.18618411,-0.006503662,0.25255144,-0.000143328,0.12462946
-0.000183378,0.014143926,-0.001717935,0.035946231,0.000433081,-0.010722762,-0.003590574,0.10783403,-0.005916044,0.22313851,0.002843238,0.081094667
-0.000448195,0.016848817,-0.00117985,0.031155286,6.15046E-05,0.005659285,-0.00320659,0.058266688,-0.001610055,0.16816883,0.001578033,0.10609931
8.19259E-05,-0.004904936,-0.001540078,0.02041298,0.000214875,-0.012762313,-0.005273779,0.15046071,-0.006894541,0.29309228,0.001747863,0.071981072
-0.000360578,0.009819639,-0.001602247,0.026502037,0.000310965,-0.003974684,-0.003745101,0.094877087,-0.006442559,0.21890093,0.00265684,0.07434731
-0.000182353,0.006450932,-0.001195171,0.02444537,0.000168661,-0.003916849,-0.002507761,0.058899537,-0.005514877,0.18887468,0.000401413,0.050285153
-0.000705837,0.021412224,-0.001309501,0.030673647,-0.000256043,0.009963485,-0.002582775,0.022951338,-0.005514084,0.22494829,-0.000440264,0.13050516
-0.000225591,0.010960573,-0.001135104,0.028451083,0.000518341,-0.006138473,-0.003351191,0.046560388,-0.003720211,0.15846108,-0.000690283,0.094705373
-0.000354081,0.013518394,-0.000519424,0.01838553,1.19504E-05,0.005507508,-0.005792357,0.17668784,-0.00283471,0.12592646,0.001529758,0.011464496
-0.000510862,0.022521246,-0.001396603,0.028468788,6.80126E-05,-0.004950981,-0.004613507,0.078182533,-0.006060144,0.19616392,-0.000617025,0.091847092
-0.000447451,0.018218257,-0.000513619,0.015733147,0.00016972,0.004112692,-0.006004965,0.10937627,-0.002146115,0.10188019,0.004022346,-0.024352476
-0.000127868,0.006887742,-0.001614529,0.021385368,-0.000287445,-0.006394962,-0.001991782,0.002611902,-0.005789017,0.21061096,-0.00054213,0.15687376
-0.000318204,0.014452094,-0.000615749,0.012985794,1.65256E-05,-0.005726363,-0.005232312,0.1191745,-0.000704508,0.097785242,0.001234954,0.12447295
5.94328E-05,-0.00672777,-0.001361475,0.020994693,-0.000132804,0.001823971,-0.000442814,-0.071369253,-0.004808776,0.18357021,-0.000305109,0.16439743
-0.0002545,0.016688943,-0.001108883,0.020973025,0.000358959,-0.012754245,-0.006308082,0.13714017,-0.000999388,0.11580457,0.003247711,0.033313185
-0.000541543,0.015351902,-0.001156814,0.027622296,5.43038E-05,-0.000610228,-0.005522678,0.12635443,-0.005715977,0.17382732,0.002668585,0.069065906
-0.00013074,0.006275396,-0.001734945,0.031954981,-7.62E-05,-0.001280504,-0.002472778,-0.010431794,-0.007325206,0.20481949,0.001054093,0.02629194
-0.000424661,0.009149001,-0.001306567,0.026957817,3.05896E-05,-0.000908775,-0.004139865,0.040032785,-0.007410427,0.26783139,0.000538668,0.1354451
-0.000666422,0.026363125,-0.000729276,0.023271184,-1.30E-05,0.002097786,-0.005166528,0.046778392,-0.001821942,0.13434431,0.003736024,0.015220646
-0.000423482,0.010954659,-0.001229375,0.031616047,0.000177551,-0.002152623,-0.002123331,-0.015286727,-0.007693553,0.2578232,-0.00151371,0.10763236
-0.000705643,0.024889756,-0.001543087,0.046271261,0.000165342,0.004300447,-0.005085101,0.18585485,-0.003068123,0.14764859,-0.000368598,0.15949905
-0.00059077,0.020387728,-0.00102567,0.024385097,0.000243135,-0.001435457,-0.004463991,0.047653444,-0.005983047,0.26221737,0.002878439,0.06850908
-0.000276003,0.003915821,-0.001094373,0.014531701,0.000245611,-0.00816278,-0.003482768,0.014858756,-0.006555134,0.24253041,0.003251827,0.007075216
-0.000425994,0.019831611,-0.00080564,0.024513032,8.57755E-05,-0.010977046,-0.003793686,0.090407766,-0.006581776,0.22986887,0.002407047,-0.010112427
-0.000469875,0.017068403,-0.001678769,0.03438488,-0.000289915,-0.003221846,-0.00454815,0.063194074,-0.009632595,0.28736612,0.001630623,0.076339126
-0.000543987,0.026930468,-0.000848429,0.0298912,0.000508005,-0.004475731,-0.001637298,-0.039164811,-0.00508135,0.23961119,0.002933353,0.05370108
-0.000752585,0.02159033,-0.001380272,0.034751344,4.06538E-05,0.003180659,-0.005746189,0.12933058,-0.006904841,0.23840483,0.003832107,0.058365807
-0.000409602,0.015644165,-0.000929731,0.026126051,0.000139212,-0.001284741,-0.004773142,0.1246437,-0.002109296,0.17046697,0.001874291,0.15573083
-0.000572706,0.025947077,-0.000941523,0.028825613,0.000259468,0.003913031,-0.004470606,0.061518013,-0.005646442,0.2150609,-0.000725566,0.074300177
-0.000321005,0.016006896,-0.002279045,0.045795921,-1.75E-06,9.63863E-05,-0.00393184,0.072474435,-0.008318018,0.24323064,0.003110876,0.037673716
-0.000588518,0.016136786,-0.001294892,0.022321252,5.49223E-05,0.000500127,-0.00378438,0.034838978,-0.002698856,0.14247249,-6.43E-05,0.1531603
-0.000246021,0.00755434,-0.001983505,0.037424002,6.3382E-05,0.001434366,-0.005852387,0.15760611,-0.008361843,0.27683547,-0.002923301,0.16856025
8.56477E-05,0.002506726,-0.000980512,0.018868856,7.62686E-05,0.001362172,-0.00294959,0.056496777,-0.003781803,0.17556177,-0.000931196,0.12820202
8.83042E-05,0.004932861,-0.000920505,0.015446126,0.000314071,-0.007545938,-0.004507966,0.056241371,-0.002279297,0.12537612,-0.000842834,0.093733817
-0.000516645,0.024778932,-0.001516213,0.031893902,0.000662497,-0.016543169,-0.004849612,0.094236866,-0.006943322,0.22365546,0.001457086,0.099607185
-0.000467868,0.013270856,-0.001685757,0.039128557,0.000128728,-0.010200441,-0.002919787,-0.007975594,-0.006456206,0.19800627,0.00173515,0.02208429
-0.000554468,0.021282656,-0.001637904,0.04597551,0.000229032,0.001362673,-0.002857817,0.015460007,-0.006869744,0.26323235,0.001020108,0.10443244
9.9748E-05,-0.005055738,-0.002219507,0.039415333,-0.000193874,0.00511012,-0.004333388,0.084382899,-0.003999786,0.12672997,-0.000489879,0.096704833
-0.000227584,0.011387624,-0.000722307,0.022888718,0.000477509,-0.003258054,-0.00431828,0.16580641,-0.002836359,0.17141469,0.001338542,0.13746573
-0.000364777,0.012885897,-0.001573942,0.028659187,0.000382134,-0.009691405,-0.004649709,0.090329051,-0.006833668,0.23276514,0.002631682,0.037329961
-0.000283458,0.006968932,-0.001685211,0.037363525,0.000122503,0.003170078,-0.00151721,0.011679735,-0.007448846,0.27465409,0.000184972,0.12755498
-0.000292792,0.005882561,-0.001011289,0.020958357,8.44771E-05,0.002497962,-0.003469245,0.036111739,-0.006741434,0.2278118,0.001922606,0.12577142
-0.000416714,0.01906709,-0.001520743,0.035238266,6.69117E-05,-0.000302062,-0.002210357,0.010214189,-0.004162154,0.1624243,-0.00201144,0.12431308
-0.00025204,0.004492002,-0.000904664,0.027762832,0.00025308,0.001981754,-0.00415048,0.060176916,-0.003467152,0.15801573,-0.000921006,0.13588883
-0.000480309,0.020185558,-0.002723685,0.051739138,0.000271796,0.000477466,-0.007444633,0.14635246,-0.004838344,0.18058598,0.003115967,0.024824755
-0.000509924,0.020171698,-0.001586336,0.029474515,-0.000176869,-0.001057442,-0.00700753,0.13712215,-0.003989198,0.17264852,-0.000114276,0.068902999
-0.000606335,0.019169245,-0.000439516,0.012838566,-0.000328527,0.00540202,-0.002313962,0.038547352,-0.003888098,0.2177598,0.002785342,0.049725011
-0.000241547,0.012542251,-0.000684793,0.013932331,-0.000114965,0.000585476,-0.00155515,0.073386207,-0.002122565,0.17396116,0.002643767,0.063357323
-0.000330296,0.013027103,-0.000576277,0.019753618,0.000216133,-0.001762923,-0.001167912,-0.006291747,-0.00113905,0.10469748,0.000761058,0.12232269
-0.000285714,0.014222779,-0.001203656,0.033678737,0.000316289,2.4891606e-06,-0.0021747,-0.012961224,-0.002929185,0.13589667,0.001127738,0.097080693
-0.000338543,0.016504103,-0.001760413,0.042458955,0.000228429,0.003697898,-0.005151631,0.10721357,-0.005130062,0.16758636,0.004169221,0.055285066
-9.34E-05,0.005446394,-0.001246993,0.027593007,-0.000137359,-0.00647594,-0.005594624,0.13509129,-0.006854422,0.21830374,0.000105625,0.091706626
-0.000119729,0.01267654,-0.002044959,0.038202606,0.000422929,-0.006196677,-0.002039639,0.004125428,-0.006686621,0.26376441,0.003224801,0.042376354
-0.000388761,0.020186888,-0.000726017,0.020082654,0.000336338,-0.001997854,-0.00608802,0.12329423,-0.001373399,0.09757895,0.000544478,0.10250608
-0.000453232,0.018311957,-0.001436151,0.035383787,0.000348879,-0.002044618,-0.002759991,0.13669828,-0.007159281,0.24711233,-0.000176245,0.13141821
-0.000496116,0.020886669,-0.000944193,0.016006462,9.33859E-05,-0.010646589,-0.002398273,0.013077009,-0.002599845,0.13650826,0.002233028,0.047349103
-0.000251195,-0.000729173,-0.002161938,0.03223389,-0.000238198,-0.002849848,-0.005127712,0.11411149,-0.008082917,0.25225022,0.003453895,0.045471527
-0.000373011,0.012233181,-0.001775289,0.036470853,4.58562E-05,-0.001250683,-0.003333849,0.063916624,-0.006496179,0.2147321,0.00191032,0.084651425
-0.00056225,0.022692183,-0.001102957,0.028524585,0.000243675,-0.002612096,-0.002755549,0.015530849,-0.004437302,0.18849149,0.000332317,0.12054234
-0.000212738,0.011663033,-0.001267923,0.028800515,0.000214025,0.000173401,-0.004518132,0.10307851,-0.003946939,0.18537363,0.001874956,0.044111919
0.00012891,-0.0031595,-0.001201591,0.018608907,-0.000353967,7.08752E-05,-0.004045602,0.073834896,-0.005361306,0.2139243,0.003516388,0.11891802
-0.000184836,0.01350095,-0.001175325,0.023493957,0.000429751,-0.017192673,-0.004074808,-0.009079461,-0.004826883,0.17441912,0.003562146,-0.009208602
-0.000316024,0.008123029,-0.001018126,0.021399785,0.001110566,-0.023027422,-0.006193025,0.21705003,-0.003808599,0.20367844,0.002553466,0.034614179
-0.000111976,0.011966861,-0.001199277,0.026689908,7.45751E-05,-0.00080821,-0.006055244,0.13311301,-0.009488874,0.2930443,-0.000881894,0.11009322
-0.000794294,0.02621118,-0.001529621,0.037690923,0.000409364,-4.36E-05,-0.004032644,0.094874434,-0.003841172,0.17766525,0.00206497,0.092344202
-0.000172093,0.014500416,-0.000502633,0.011294882,0.000144478,-0.002976296,-0.002781553,0.010585552,-0.005312047,0.21487729,0.000699957,0.051840279
-0.000476481,0.009256107,-0.002006814,0.035550062,0.0002045,-0.005501037,-0.003554136,0.021089301,-0.00565159,0.19211015,0.001737488,0.05764645
-0.000610853,0.018101215,-0.001521985,0.038177919,0.000521251,-0.00813018,-0.003078677,-0.03386566,-0.007038904,0.2405324,0.003406483,0.052726954
-0.000632836,0.025438296,-0.00140702,0.030878654,-0.000222572,-0.00123189,-0.004499356,0.080973923,-0.005784068,0.20575592,0.001257981,0.05499699
-0.000484111,0.012802067,-0.000895089,0.028991118,0.000367936,0.000437527,-0.001809372,0.01009031,-0.005470439,0.25107327,-0.002518093,0.22333804
-0.000344007,0.018047104,-0.000952981,0.016478019,0.000131992,-0.015277171,-0.002823771,0.072591864,-0.005613712,0.19060847,0.002098723,0.024196956
-0.000278088,0.009630472,-0.00109807,0.020844003,0.0003439,-0.008512745,-0.001067307,-0.018694479,-0.00352796,0.15241311,0.001206157,0.060522567
-0.000234711,-0.003687213,-0.001506017,0.024270441,-1.25E-05,-0.007210504,-0.004414904,0.072443753,-0.007842228,0.2130046,0.002830768,-0.01348639
-0.000424853,0.017216688,-0.000714442,0.021980178,0.000159734,0.001234724,-0.009404624,0.24348794,-0.00505791,0.21847071,0.003286893,0.055290494
-0.000709228,0.026710732,-0.001515882,0.041274481,0.000299968,0.001607676,-0.005102112,0.001621228,-0.009169779,0.25089926,0.002234412,0.047096703
-0.000254492,-0.000503009,-0.001009793,0.013922106,-0.000289478,-0.001412943,-0.003546636,0.010805028,-0.005131822,0.18898192,0.001743398,0.063987546
-0.000234938,0.012496273,-0.001197884,0.024970336,1.39569E-05,-0.000923996,-0.001625637,0.054534867,-0.003385745,0.15475331,-0.001998567,0.09808138
-0.000100725,0.013565912,-0.001092398,0.030670673,0.000242082,0.004814964,-0.003655175,0.066218317,-0.007840712,0.28504258,-0.000615014,0.17939228
-0.000643595,0.013567307,-0.000403243,0.008447492,-3.94E-05,-0.002477807,-0.002785332,-0.018752526,-0.006588372,0.23676068,-0.001045838,0.11379459
-0.000624297,0.02140948,-0.000962147,0.027985564,0.000259462,-0.002276494,-0.007795075,0.18588212,-0.005366371,0.20817302,0.00086443,0.096145734
-0.000529824,0.016127579,-0.00183955,0.028393378,0.000116924,-0.007709671,-0.006414947,0.13428152,-0.001914787,0.13524623,0.003048784,0.024422733
-9.16E-05,0.006208828,-0.001384379,0.026653642,0.000156245,-0.00058257,-0.00185573,0.001616995,-0.006970036,0.23346937,0.002666942,-0.014594661
-0.000164911,0.008528427,-0.001250536,0.024245778,0.000269458,-0.008953265,-0.001305207,-0.014039912,-0.002256176,0.14269726,0.00336982,0.056963943
-0.000193529,0.009750512,-0.001376744,0.019462306,0.000126234,-0.003751798,-0.002785458,0.041092481,-0.004624167,0.18952908,-0.001837287,0.11992455
-0.000605439,0.019685971,-0.001000117,0.027010329,0.000369783,-0.002079618,-0.00361548,-0.003702916,-0.004828143,0.18827789,0.003582266,0.018542796
0.000397795,-0.010243538,-0.001568898,0.028281592,-5.21E-05,0.000607991,-0.003094796,0.10041797,-0.005584751,0.2008011,-0.000539837,0.1599956
-0.000349099,0.016976092,-0.000980637,0.018521344,-5.45E-05,-0.003131674,-0.001425562,0.039958451,-0.004657674,0.22898085,0.000826486,0.13433579
-0.000604156,0.017508665,-0.000996734,0.025531592,6.02707E-05,-0.002724905,-0.003211029,0.091161944,-0.004237607,0.2071756,-0.000850435,0.1728982
-0.000178589,0.009036804,-0.001549963,0.034136489,6.67E-05,-0.004435554,-0.00096624,-0.059982646,-0.001849584,0.14333205,0.00291838,0.079004191
-0.000341463,0.015194656,-0.001436012,0.029803114,0.000312554,-0.003895185,-0.004916743,0.10532279,-0.006584073,0.24662009,0.001257094,0.065185197
0.000273905,-0.011577309,-0.001519377,0.024471572,-0.000187406,-0.005198624,-0.001329838,0.026101638,-0.002495327,0.13493606,0.002473085,0.10436884
-0.000735883,0.018493466,-0.001684633,0.028819727,2.78847E-05,-0.000598728,-0.006373354,0.083376072,-0.007640463,0.2479911,0.003916882,0.046553612
-0.000873192,0.025667507,-0.000969668,0.023464581,0.000385369,-0.002645432,-0.005162231,0.080825552,-0.004507459,0.14535183,-4.86E-05,0.09617871
-0.000546586,0.023677081,-0.000555928,0.024013182,0.000426628,-0.000584538,-0.00464182,0.094998598,-0.005830641,0.24910013,0.003438555,0.036843285
-0.000666802,0.013354129,-0.001171332,0.015516629,0.000130121,-0.014423748,-0.005018686,0.077574089,-0.007098903,0.22637415,0.003821993,3.60863E-05
-0.000425321,0.008660288,-0.001528775,0.030124009,-0.000194191,0.001110567,-0.002559851,-0.059149783,-0.007717423,0.29061317,0.000199562,0.12013752
-6.22E-05,0.01109464,-0.001150762,0.025632557,0.00041339,0.001450082,-0.000555846,-0.031584762,-0.004672963,0.19273266,0.001352294,0.106084
-0.000406782,0.010522239,-0.001321023,0.024282157,0.000840993,-0.018855343,-0.005204226,0.10309715,-0.002639502,0.17187242,0.002803664,0.066435553
-0.000465167,0.012562556,-0.001621284,0.033556208,0.000245673,0.002464611,-0.004468648,0.086368032,-0.004539603,0.15677972,0.002418487,0.089081191
-0.000386147,0.017743463,-0.001045143,0.025720181,0.000140498,-0.00568931,-0.003943844,0.060364526,-0.005084439,0.23549944,0.001051433,0.12057135
7.62908E-05,0.00066311,-0.001012482,0.024641378,-9.42E-05,0.00389847,-0.002049917,-0.016687552,-0.001452213,0.11979254,0.002675389,0.089163586
-0.000657225,0.018557129,-0.002470079,0.048921667,0.000177066,-0.001227594,-0.005042107,0.063366033,-0.007282708,0.25673574,-0.000110361,0.10963078
-0.000293239,0.012284095,-0.001019044,0.020127852,6.91811E-05,-0.001370724,-0.001260394,-0.045267638,-0.006586892,0.20280978,0.002144456,0.005722974
-0.000342977,0.012234047,-0.001074156,0.022712752,3.48608E-05,-0.00109906,-0.00341822,0.04390588,-0.004259769,0.19557576,0.00220657,0.077741057
-0.000150025,0.007632848,-0.001004129,0.02745061,0.000337623,-0.000543237,-0.00350697,0.036275148,0.001554157,0.077838823,4.09942E-05,0.030720904
-0.000250437,0.015044595,-0.000927583,0.02710533,0.000427258,0.006325817,-0.003876064,0.045765575,-0.004765586,0.16279411,0.003209293,-0.010214594
-0.000605494,0.021301011,-0.001061409,0.027474942,0.000271497,-0.003816995,-0.003500186,0.05955397,-0.002030381,0.11726124,0.001203422,0.085525595
-0.000252237,0.004219282,-0.000897396,0.021936595,0.000262008,-0.00995048,-0.004773681,0.052301571,-0.005668513,0.22191709,0.000726418,0.13564226
-4.60E-05,0.005706503,-0.001284297,0.023288134,0.000604143,-0.013806398,-0.003200067,0.03663712,-0.007180284,0.23981775,0.001167885,0.04400355
0.000113567,0.008666684,-0.000949641,0.021007529,0.000170158,-0.014470629,-0.001141919,0.017134957,-0.005472426,0.22346851,0.003867151,0.015641231
-0.000238225,0.010294822,-0.001176411,0.020092919,-0.000121999,-0.00060059,-0.002169659,0.068742894,-0.00599032,0.22183245,-0.000290989,0.1208951
-0.000854036,0.02948226,-0.000884377,0.020792415,0.00062792,-0.010570291,-0.002830206,0.026075514,-0.001466034,0.12697718,0.00024234,0.087503225
-0.000307904,0.005958883,-0.000783458,0.016216636,-4.61E-05,-0.00289682,-0.002661839,0.13399778,-0.002855107,0.18024336,4.0905E-05,0.15511879
7.96445E-05,-0.002723333,-0.001782299,0.019784084,0.000703463,-0.029147893,-0.001330374,0.040722121,-0.0073814,0.26357105,0.000839426,0.068342708
-0.000312273,0.017807093,-0.001583156,0.041976236,8.36395E-05,0.004947197,-0.002057034,0.024154037,-0.003383704,0.15659682,-0.000753798,0.17081626
-0.000664381,0.026537992,-0.001163675,0.027111579,0.000325637,0.001690491,-0.003659242,0.038254958,-0.005996926,0.24233262,0.000753609,0.1149274
-0.000134835,0.00342056,-0.001712719,0.03094467,-0.000188187,-0.001589435,-0.005189104,0.078559563,-0.005871572,0.17395014,0.000878129,0.068602778
-0.000246637,0.016047651,-0.001397767,0.03000989,0.000173595,-0.00178094,-0.001513237,-0.026574932,-0.004031279,0.17493112,0.002707901,0.084307492
-0.000374439,0.022004517,-0.000999716,0.029842773,-0.000190948,0.009168991,-0.003789139,0.0609276,-0.003806368,0.19164518,0.006913234,-0.043145783
-0.000230447,-0.000687878,-0.001373701,0.019238593,0.000355169,-0.024908409,-0.002254034,-0.1071333,-0.006626185,0.19442232,0.001033187,-0.034490678
-0.00082698,0.029406514,-0.001139715,0.025582731,0.000113408,0.003025201,-0.005252136,0.083639443,-0.005274877,0.17948362,0.002853124,0.033036415
-0.000218415,0.01221127,-0.001644734,0.032536447,-0.000303235,0.003008564,-0.003952458,0.169807,-0.007829174,0.27109689,0.003308165,0.055092812
-0.000333847,0.016746353,-0.000544642,0.011546595,0.000245113,-0.005898518,-0.002234918,-0.01065362,-0.006415746,0.20982979,0.004777785,0.012504988
-0.00066643,0.023560483,-0.001218735,0.024460515,0.000114377,-0.002008226,-0.003611155,0.037030447,-0.005433294,0.21124688,0.003191985,0.042250816
-0.000187067,0.007772698,-0.001560339,0.034240928,-0.000111481,-0.001044782,-0.002669476,0.023651576,-0.006453158,0.19741315,0.001445203,0.055216398
-0.000111738,3.77795E-05,-0.0010587,0.02086013,8.84795E-05,-0.003335413,-0.002331132,-0.032091226,-0.007705886,0.25465193,-0.002468325,0.10596156
-0.000381478,0.006584327,-0.00087932,0.016151799,0.000809589,-0.027861707,-0.003568535,0.02298042,-0.004945144,0.18603678,0.002130786,0.061598785
-0.000225374,0.001658929,-0.001598352,0.028807905,0.00018593,-0.009653817,-0.003871984,0.057936277,-0.001967873,0.11074836,0.002867966,0.022846447
-0.00028074,0.020062957,-0.00107703,0.025083859,0.000191519,-0.005008699,-3.28E-05,-0.086256988,-0.003491153,0.15557885,0.002593864,0.018383905
-0.000447444,0.01781741,-0.001622022,0.032459799,-3.48E-05,0.004089984,-0.00127446,-0.009605559,-0.008428514,0.26036981,7.05435E-05,0.10274528
-0.000714235,0.011653865,-0.001329275,0.033547338,-0.000346696,-0.000494579,-0.003222853,0.047881953,-0.005721267,0.24198179,0.00175719,0.097442433
-0.000127288,0.012045165,-0.001463089,0.027826801,6.89089E-05,-0.001655921,-0.003938043,0.0296754,-0.007368815,0.24043138,0.001888099,0.010153694
-0.000465113,0.019040877,-0.001122053,0.025073428,5.02731E-05,-0.000898067,-0.005968994,0.10987268,-0.005700723,0.20972539,0.00137884,0.027338747
-0.000222235,0.014308023,-0.001007955,0.022940021,0.000195878,-0.001023286,-0.001501371,0.017003436,-0.005164512,0.23800349,9.82386E-05,0.15507878
-0.000201808,0.006165355,-0.000950213,0.012432913,-0.000107066,-0.000460172,-0.000251594,-0.080734894,-0.004282767,0.16360113,0.002216276,0.068263754
-0.000238379,0.012765698,-0.001150044,0.016686996,9.15462E-05,-0.007461672,-0.004758643,0.094775915,-0.002932792,0.15101385,0.0035107,0.063382149
-3.41E-06,-0.005282063,-0.001808813,0.032701444,-2.05E-05,-0.004969084,-0.001142267,-0.03760884,-0.006830075,0.22300604,0.000433222,0.10626803
-0.00016864,0.015570575,-0.000813245,0.018764509,0.000235393,-0.008045429,-0.005510356,0.13788699,-0.006433481,0.28127477,0.003175348,-0.013349208
-0.000601003,0.016968181,-0.001251087,0.023373861,0.000259363,-0.000428339,-0.004098209,0.059803404,-0.005994392,0.24460159,-0.001045454,0.17267114
-0.000232786,0.009251228,-0.001516173,0.027141111,9.95195E-05,-0.004039799,-0.006286604,0.10150468,-0.003592449,0.12514345,0.000755458,0.042374834
-0.000528523,0.020190135,-0.001000159,0.024750357,9.26377E-05,-0.004774459,-0.00623897,0.13133883,-0.003242823,0.12126689,0.001710632,0.002466469
-0.000668483,0.027856762,-0.001351241,0.037012417,0.000447206,-0.000899294,-0.003164751,0.023521049,-0.001682402,0.12654321,0.000817433,0.12758069
-0.000531758,0.025050109,-0.001248575,0.032740504,0.000174834,0.000308901,-0.003946642,0.11025839,-0.007134289,0.23977563,0.003238608,0.049362883
-0.000487868,0.011047104,-0.000746543,0.019822795,0.000337908,-0.002293854,-0.003076991,0.073353894,-0.0023581,0.16240436,0.002842799,0.060533721
-0.000737812,0.01710809,-0.000976368,0.030812541,0.000547056,0.003880747,-0.005922153,0.12685344,-0.004077396,0.15070833,0.003593012,0.04220314
-0.000984795,0.026166849,-0.001210397,0.029837932,0.000135736,0.004284702,-0.004809738,0.052653268,-0.007257983,0.21131487,0.003085733,0.041600883
-0.000311097,0.018631598,-0.001153669,0.028860839,0.000185118,0.002494623,0.000403583,-0.068724863,-0.005343543,0.22903804,-0.000212816,0.10822517
-0.000228239,0.01961402,-0.000719187,0.021639911,9.35947E-05,0.004376912,-0.00545304,0.13502316,-0.006148777,0.19314867,-0.001078329,0.11755011
-0.00031795,0.001371699,-0.001245882,0.014906075,0.000157108,-0.010530105,-0.002263707,0.055478431,-0.007711175,0.21468818,-0.00052009,0.1429283
-0.000262591,0.00879749,-0.001409126,0.029282328,0.000514026,-0.001639533,-0.003649634,0.035653688,-0.0045996,0.21404178,0.002065594,0.069686718
-2.30E-05,0.005764491,-0.00125705,0.02779787,0.000229456,0.000124321,-0.002893148,0.007909154,-0.006942318,0.22527763,0.002459321,0.08051759
-0.00046622,0.020372376,-0.000859023,0.028748767,0.000154081,0.001110803,-0.004860284,0.18294939,-0.003864435,0.21821363,0.001210637,0.14340691
-0.000134993,0.006640366,-0.001270998,0.02640352,0.000237125,-0.000663781,-0.003760464,0.01812532,-0.006252591,0.20585786,0.000437735,0.0675584
-0.000778494,0.028040582,-0.001377668,0.031504001,0.000108501,0.002367015,-0.004165078,0.032714635,-0.005408142,0.22476745,0.001871518,0.083147056
-0.000345305,0.010111058,-0.000600879,0.014841075,0.000367232,-0.002739519,-0.005357281,0.12810339,-0.004459998,0.1887439,-0.001361464,0.17278653
-0.00018458,0.007066998,-0.001245662,0.025603633,6.0835127e-06,0.002413032,-0.005197125,0.14613044,-0.005725049,0.1925713,0.002148057,0.016123105
-1.08E-06,0.009200651,-0.00146952,0.027729809,0.000408566,-0.002242889,-0.003198704,0.034344874,-0.005325976,0.21279922,0.002624507,0.049905006
2.11375E-05,0.00502823,-0.001010842,0.023448395,0.000229774,0.001925656,-0.003161015,0.077634864,-0.005576021,0.19487977,0.002599201,0.004055047
-0.000785865,0.01742412,-0.001393231,0.032031137,0.0001289,0.002554874,-0.003955441,0.07364893,-0.004932487,0.21284041,0.003934333,0.061072651
-0.000772422,0.022349723,-0.001452997,0.031197239,0.000268096,0.000568753,-0.003068324,0.077555291,-0.008596901,0.31190515,0.001072071,0.064388409
-0.000822967,0.021798134,-0.000833459,0.017925143,-5.33E-05,-0.003324441,-0.005475302,0.074901618,-0.00572738,0.24649078,-0.000425471,0.12039637
-0.000438642,-0.002984224,-0.001832448,0.025112934,0.000132884,-0.016916934,-0.005032445,0.088526674,-0.007951156,0.26170766,0.004188452,0.001109997
-9.04E-05,0.015237347,-0.001137747,0.030239375,0.000314851,-0.004598712,-0.004981065,0.083422236,-0.007262681,0.24319927,0.002982516,0.078219824
1.5178603e-06,-0.004218539,-0.00127507,0.018025098,-0.000222324,-0.003437324,-0.002220367,-0.033509862,-0.005556744,0.23342693,0.001124076,0.12169372
-9.78E-05,0.008104963,-0.000992094,0.018847004,0.000357063,-0.014186862,-0.003965677,0.095408268,-0.001528627,0.12742276,-0.000113645,0.13094398
6.15792E-05,0.005343035,-0.00121193,0.026265716,1.61848E-05,-0.001726312,-0.002377444,0.048081979,-0.006348508,0.25970539,0.001631604,0.12948927
-0.000455174,0.01356578,-0.00127703,0.03469526,0.000195136,-0.00065748,-0.002552548,-0.048221536,-0.006770444,0.21704014,0.002847467,0.061148029
-0.000458433,0.018821368,-0.00130507,0.028260548,0.000392681,0.003099275,-0.004279553,0.03047961,-0.006090861,0.2332913,0.000718534,0.096608102
-0.000252085,0.0045322,-0.001217741,0.019345278,0.000129225,-0.011150521,-0.001345467,-0.006133106,-0.005879884,0.2415332,0.003583526,0.039863717
-0.000420622,0.0173357,-0.001403047,0.028029755,-0.000132711,0.001802882,-0.00249333,-0.015523278,-0.001915361,0.10605627,0.001237021,0.070709072
-0.000651242,0.021131033,-0.001163617,0.023091372,5.1453E-05,-0.00275729,-0.003939373,0.024429809,-0.008526069,0.27572334,-0.001121802,0.18340991
-0.000131981,-0.004471346,-0.001188756,0.018182265,-0.00031263,0.002468678,-0.005884806,0.1897026,-0.001840899,0.12393249,0.001074208,0.030849094
-0.000123837,0.015751434,-0.001290385,0.030578813,0.000231432,-0.000218218,-0.002252382,0.009188877,-0.003880762,0.18790209,0.001492171,0.045941606
-0.000242116,0.005272833,-0.000939574,0.019567579,9.28178E-05,-0.003626455,-0.002213039,0.014382205,-0.005717072,0.26170465,0.00076352,0.094593897
0.000123573,-0.000748076,-0.001771153,0.035448059,-0.000161884,0.005220255,-0.008551565,0.25512081,-0.006977001,0.22599009,0.003155214,0.041853022
-0.000844853,0.027955275,-0.001259165,0.037050221,0.000610075,-0.001773709,-0.00499269,0.10808165,-0.007009683,0.25131193,0.002052093,0.048934624
1.79024E-05,0.008461318,-0.001009241,0.021495767,5.2319151e-06,0.001479719,-0.002344852,-0.00774292,-0.002801047,0.16084105,0.001835641,0.097823039
-0.000415218,0.015218818,-0.001252337,0.022617254,-9.86E-05,-0.001808357,-0.003660756,0.070496142,0.000477861,0.058147479,0.002577299,0.054616969
-0.000473405,0.01789045,-0.000632467,0.022120051,-1.31E-05,0.000948451,-0.006904536,0.1636584,-0.003800109,0.13941553,0.001588923,0.092323765
-0.000539335,0.017130015,-0.001128478,0.026145991,0.000236024,-0.009824167,-0.002401836,0.035775162,-0.004268558,0.21480894,0.00137867,0.12243441
-4.03E-05,0.000551961,-0.002194254,0.037559975,7.21082E-05,-0.002305972,-0.003272405,0.056018069,-0.005613836,0.19209528,0.002268252,0.090226233
-4.83E-05,-0.007340071,-0.001852523,0.026974164,0.00035395,-0.010508082,-0.004162228,0.052497346,-0.006596931,0.21472496,0.002617065,0.066229619
-0.000277454,0.009463588,-0.001038806,0.017466322,0.000469708,-0.012741582,-0.004903106,0.091181792,-0.005115547,0.15023673,0.005772853,-0.031758081
-0.000337584,0.006153658,-0.001280234,0.022330273,-2.01E-05,-0.002400624,-0.004723805,0.053587854,-0.004938304,0.17210169,0.002364232,0.008501721
-0.000249716,0.001471922,-0.001400939,0.025305187,0.00074294,-0.011490298,-0.003822698,0.051960655,-0.005936477,0.19828098,0.002114933,0.037955265
-0.000613245,0.014277306,-0.001580891,0.03058972,-4.52E-05,-0.000874098,-0.004515483,0.017376909,-0.007939981,0.24021327,0.00147926,0.054368205
-0.000354807,0.010789968,-0.001514202,0.03125136,0.000214944,-0.00293263,-0.003648213,0.043872342,-0.007928049,0.22591406,0.000409518,0.06084577
-0.000408554,0.017833367,-0.001008945,0.021115795,0.000186308,0.000164853,-0.003714683,0.067626849,-0.005198786,0.20841411,0.003128205,0.044863246
-0.000814829,0.022189107,-0.001265337,0.022112843,0.000430396,-0.015974164,-0.006592994,0.17628901,-0.004796687,0.18416969,0.003989331,0.016897567
-0.000434027,0.01799809,-0.00073501,0.025006671,0.000191993,-0.00244268,-0.004147921,0.07446596,-0.002517892,0.14532739,-0.001674716,0.10711981
-0.00041672,0.014513796,-0.000795475,0.022194291,0.000401565,-0.003741905,-0.004742126,0.083449394,-0.005715279,0.19510102,0.002283261,0.034656424
-0.000690763,0.022224832,-0.001376379,0.029511781,-2.97E-05,-0.001389879,-0.006135691,0.077125952,-0.006269719,0.21453343,-0.001079832,0.16101544
-0.000588609,0.024564696,-0.000798554,0.021292318,0.000192399,0.00130049,-0.003248126,0.045108728,-0.004828602,0.24556559,0.003942149,0.032102048
-0.000154462,0.013787732,-0.000316405,0.013927192,-3.06E-05,0.005759442,-0.00291418,0.000791496,0.000263034,0.10758876,0.004969198,0.051639091
-0.000494777,0.019849228,-0.000911535,0.027103562,0.000354765,-0.000925138,-0.007562555,0.18918419,-0.001743693,0.14819773,0.000594553,0.13665017
-0.00045575,0.016245164,-0.001578111,0.031377334,0.000268755,-0.008437121,-0.003327672,0.026350599,-0.002800603,0.1873166,0.002185319,0.040429212
-0.0007172,0.020919867,-0.000568398,0.010675309,0.000807308,-0.019428533,-0.002871833,0.014372376,-0.000421041,0.066257395,0.001281566,0.036590487
-0.000457149,0.013623003,-0.001457073,0.027063774,0.000422873,-0.005710178,-0.001609011,0.025486963,-0.006942861,0.24664086,0.001054182,0.05402346
-0.000311579,0.007828252,-0.000608117,0.012188935,0.000364621,-0.012584267,-0.005341691,0.11028314,-0.005426431,0.20560992,0.002823588,0.048439529
-0.000175123,0.00764184,-0.001092881,0.026497619,0.000852449,-0.013001986,-0.003352598,0.081357867,-0.004638639,0.25774682,0.002762787,0.053595994
-0.000363478,0.008683822,-0.000922501,0.021042183,0.000180753,0.000700158,0.001037107,-0.039429199,-0.004932988,0.19994406,-0.001938013,0.21956092
-8.92E-05,0.006747988,-0.001345206,0.025219437,-0.000226866,0.007488645,-0.004285809,0.098734803,-0.006808668,0.23468471,0.001933458,0.067555986
-0.000691338,0.028634636,-0.001299139,0.034265064,0.000370903,-0.002703593,-0.002804025,0.053140599,-0.005403273,0.20481563,0.0031592,0.079952598
-0.000658521,0.020901857,-0.001193615,0.030790228,-1.66E-05,0.002379844,-0.001344115,-0.036265288,-0.003094595,0.16101064,0.001275549,0.094222218
-0.000354729,0.009737012,-0.000684866,0.020555705,-1.26E-05,-0.001600931,-0.005088366,0.08352489,-0.004914834,0.19528405,-0.000579134,0.098113723
6.38639E-05,0.013558959,-0.000969757,0.023114029,3.48451E-05,0.000484373,-0.002191356,0.067100503,-0.002006944,0.13940206,0.001281327,0.13664348
-0.000394766,0.014837915,-0.001605811,0.027059617,0.000418924,-0.005308217,-0.004265557,0.11934991,-0.006444416,0.22529215,0.002213103,-0.016789749
-0.000416847,0.012961616,-0.000934844,0.021506255,0.000421828,-0.0025901,-0.00440786,0.009253858,-0.004529766,0.20478337,0.003522632,0.01681928
0.000124413,-0.000243452,-0.000928509,0.019860266,0.000441931,-0.006161044,-0.004082449,0.094151266,-0.002025152,0.11213323,0.001155883,0.12942344
-0.000602176,0.026419101,-0.000975921,0.03127519,0.000444295,0.000689672,-0.003882241,0.020510973,-0.005972304,0.22217891,0.003911356,0.038209599
-0.000199447,0.011627537,-0.001344077,0.026390182,0.000713403,-0.017660661,-0.003140615,0.090080284,-0.005789269,0.19524664,0.00511025,-0.020890245
-0.000556558,0.021533392,-0.000969759,0.024183754,0.000196994,-0.003865772,-0.002669566,-0.000586608,-0.005444249,0.2264749,0.005180021,-0.024917034
-0.000430708,0.014492223,-0.001075615,0.030996267,0.00067186,-9.31E-05,-0.004654484,0.090421006,-0.006379752,0.21345671,0.000453871,0.081181422
-0.000429842,0.015717331,-0.001193286,0.021604814,-0.000166763,-0.002736433,-0.004804852,0.11023183,-0.008666877,0.2904976,0.001049457,0.10357421
-0.000157033,0.017578194,-0.000848808,0.022065019,0.000210931,0.000404341,-0.004500279,0.10704354,-0.004601428,0.21169756,0.002777757,0.085286468
0.000162988,0.000805783,-0.001120022,0.025671838,-9.50E-05,-0.000847322,-0.002517411,0.084369555,-0.005155782,0.22265534,0.000977819,0.11484735
-0.000568621,0.013669378,-0.002136642,0.03887393,0.000756228,-0.013938264,-0.005736643,0.13557139,-0.0022918,0.13685678,-0.000481125,0.093048967
-0.000292824,0.014688456,-0.001081862,0.029379092,0.000188967,0.005080335,-0.003947491,0.031142956,-0.005767312,0.23379414,0.002512457,0.082668692
-0.000183814,0.008336355,-0.001227915,0.023382487,-5.00E-07,-0.005481961,-0.003474711,0.032936681,-0.005048964,0.18463857,0.004690701,-0.049682323
-0.000517869,0.01254194,-0.001487288,0.026775368,9.51504E-05,0.000493279,-0.002290456,-0.049872108,-0.004108612,0.15071143,-0.000799286,0.070937894
-0.000328752,0.002617563,-0.002028308,0.034901135,-0.000306263,0.000832546,-0.002891545,-0.014367602,-0.005659515,0.22092183,0.002105136,0.045105517
-0.000527874,0.020603934,-0.001515308,0.040606648,2.07223E-05,-0.001205788,-0.004973022,0.14432879,-0.006220991,0.261419,0.00339812,0.048189357
-0.000641076,0.024373388,-0.001867678,0.03147633,0.000163527,-0.000642704,-0.00703703,0.1529948,-0.006196328,0.22776587,0.001688517,0.089726031
-0.000559888,0.019841194,-0.001312442,0.028289389,-0.000129518,-0.002081564,-0.005443446,0.13032505,-0.002640559,0.15080272,-0.000391263,0.11941554
-0.000407742,0.015039056,-2.11E-05,0.011516085,0.000524776,-0.005182988,-0.003381138,0.052999105,7.7613E-05,0.10908622,0.002609105,0.070715629
6.49067E-05,0.002134093,-0.000935626,0.016475895,-2.52E-06,0.002136234,-0.002613361,0.012523962,-0.003133263,0.11521307,0.001932397,0.05319874
-0.000455018,0.015961096,-0.001312967,0.031168036,0.000414047,-0.000320905,-0.003478689,0.023991207,-0.00694195,0.22157969,-2.85E-05,0.095745273
-0.000130963,0.003682602,-0.001657685,0.031414852,-5.01E-05,-0.002731031,-0.003107952,0.024337737,-0.002743984,0.15963019,-0.000307514,0.07730981
-0.000967252,0.032842949,-0.001347922,0.040620808,0.000267884,0.00308229,-0.00437668,0.096190847,-0.006340517,0.24633367,0.000729261,0.14576031
-0.000512167,0.015038082,-0.000838558,0.016909271,-4.56E-05,-0.008213972,-0.004206213,0.085148335,-0.003361191,0.21177362,0.002191826,0.08167357
-8.10E-05,0.004881344,-0.001290806,0.031944543,0.000420424,0.001881089,-0.001252418,0.032666914,-0.006507355,0.23611471,0.001404807,0.14557891
-0.000705166,0.029293992,-0.000641674,0.026511757,0.000451141,0.002186569,-0.003624833,0.10023235,0.000434011,0.08059375,0.002026482,0.088282533
-0.000484747,0.015463851,-0.001674567,0.037309691,7.67924E-05,0.003961003,-0.002233592,0.013474438,-0.005514361,0.20805125,0.002844272,0.05664159
-0.000372372,0.015499113,-0.00082691,0.019863037,0.000468048,-0.002282647,-0.004387214,0.11747914,-0.004460072,0.19247636,0.001502715,0.076344036
-0.000285246,0.004768285,-0.001190635,0.01928729,0.00020447,-0.00879952,-0.003684159,0.053372208,-0.004443219,0.16847326,0.004022328,0.003568112
0.000297485,-0.015337603,-0.000893538,0.013109423,-9.05E-06,-0.009585345,-0.001326201,0.035644818,-0.002903196,0.15489055,0.003699032,0.024065621
-0.000389637,0.008100404,-0.001354298,0.024115002,-7.46E-05,0.002466868,-0.004848359,0.13895158,-0.003931214,0.13928543,0.002234989,0.076541536
-0.000307957,0.014389304,-0.001288599,0.02457528,0.000154363,-0.000393554,-0.003327199,0.073688664,-0.006231022,0.24147579,-0.000675553,0.11716542
-0.000506346,0.01726789,-0.000290282,0.009748069,0.000292604,-0.001999738,-0.006576271,0.13289569,-0.006062216,0.19152503,-0.000377559,0.14226773
-0.00066096,0.018101333,-0.002034976,0.046006344,-0.000138529,0.007205615,-0.004975854,0.075275823,-0.005066037,0.20797105,0.000676449,0.07181593
-0.000282747,0.007151801,-0.001305465,0.02260741,7.15193E-05,-0.001167818,-0.003043259,0.022075903,-0.007652768,0.26418042,0.001012405,0.088734522
-0.000296246,0.013121422,-0.001102068,0.022134757,0.000541925,-0.020612791,-0.001586625,-0.036681905,-0.005409835,0.25581256,0.004062693,0.022227591
-0.000638071,0.023672951,-0.000886476,0.026185941,0.000251502,0.002197498,-0.005536075,0.15267254,-0.004978157,0.21773046,7.68399E-05,0.08544641
-0.000513787,0.016468849,-0.00146595,0.02561415,0.000384833,-0.015710281,-0.003360117,-0.020242885,-0.007237771,0.26268405,0.002038064,0.026480459
-0.000107312,0.003659575,-0.001466652,0.026301419,0.00027353,-0.000439728,-0.002745669,-0.029398883,-0.006794791,0.21199124,0.002508415,0.033860598
-0.000563803,0.016285684,-0.000940347,0.025489222,0.000329031,-0.000733199,-0.004451904,0.039770845,-0.007084785,0.20446146,0.002998199,0.017882505
-0.00036369,0.009450596,-0.001733041,0.027989719,-9.09E-05,-0.001475322,-0.006350431,0.16661361,-0.00722255,0.23187873,-0.001488748,0.14133118
-0.00077362,0.020706737,-0.001207569,0.023512609,0.000192663,-0.005222819,-0.002984503,-0.021290423,-0.006338411,0.23485446,0.001489703,0.072284482
-0.000265824,-0.004575922,-0.001842236,0.031197721,-0.000174124,-0.004542076,-0.004632448,0.085809551,-0.005723497,0.21228206,0.00241396,0.060676888
-0.000797891,0.01438332,-0.001766151,0.030264385,8.4569274e-06,-0.000416295,-0.007044312,0.11866771,-0.000798502,0.06893149,-0.000144549,0.13897198
-0.000459719,0.013980879,-0.000574127,0.025684383,0.000348375,-0.002235703,-0.003412389,0.078500763,-0.00541046,0.19676675,0.000251107,0.12521093
-0.00043603,0.020575983,-0.001373994,0.029830672,6.9433E-05,0.001229234,-0.006760746,0.11845102,-0.003195541,0.12737335,0.002400874,0.020197149
-0.000295559,0.015459945,-0.000927518,0.023181034,0.000269609,-0.000595829,-0.000896617,-0.064125277,-0.006776684,0.22944053,-7.83E-07,0.05836878
0.000139392,-0.003016516,-0.000699405,0.006266698,0.000170534,-0.016852228,-0.001157953,0.012434837,-0.004166858,0.15799372,0.00436156,-0.01299727
-0.000360482,0.020176381,-0.000794778,0.024906408,0.000189661,0.000948512,-0.005284966,0.11728343,-0.006565213,0.23072258,0.002293533,0.083332688
-0.000408571,0.014227991,-0.000408913,0.014899762,0.000320946,-0.000754475,-0.001418554,0.018733589,-0.00043629,0.12058569,0.000649602,0.15732695
2.87903E-05,-0.000142045,-0.001112361,0.025693787,0.000240344,-0.00339369,-0.000968651,-0.015801404,-0.005544935,0.25270301,0.001693338,0.10414559
-0.000515047,0.011392402,-0.001611279,0.029339088,0.000703935,-0.026164424,-0.004898899,0.1095112,-0.007172166,0.2800917,0.001888873,0.074173316
-0.000756936,0.029945312,-0.0013771,0.033567522,0.000216726,-0.000784162,-0.005371399,0.10109159,-0.006128917,0.1870721,0.001971819,0.01806915
-0.000267351,0.008104769,-0.001249997,0.014992581,0.000594885,-0.01808388,-0.002422605,-0.000695973,-0.005716521,0.20979799,0.00132668,0.018483086
-0.000351863,0.008380336,-0.002002746,0.03030896,-1.35E-05,-0.005323367,-0.004504468,0.047078636,-0.007980333,0.25829098,0.004180614,0.073493458
-0.000673508,0.01997024,-0.001487193,0.037809566,0.000129222,-0.004374005,-0.004604924,0.091733389,-0.007943594,0.26544511,0.001845558,0.034978598
-0.000643568,0.023534309,-0.000801835,0.026082426,4.08068E-05,0.004708989,-0.004437082,0.047019567,-0.005720528,0.22401163,0.001498941,0.04722913
-0.001005332,0.023263356,-0.001184833,0.027879564,0.000168823,-9.62E-05,-0.0031487,0.073318794,-0.004782103,0.18453252,0.003120934,0.039278552
-0.000563515,0.016581755,-0.002129308,0.035712726,-0.000194414,-0.001630011,-0.000655292,-0.050470334,-0.008204156,0.27828616,0.001897747,0.066061728
-0.000422381,0.021381328,-0.000676049,0.020726558,0.000479617,0.004098327,-0.006545054,0.14621165,-0.005012888,0.2119531,-0.000211247,0.13468024
-0.000362568,0.007341327,-0.001731032,0.037860673,0.00024465,-0.010240021,-0.002037447,0.026572077,-0.006999603,0.24204306,0.000100086,0.11609616
-0.000725999,0.018574884,-0.001398645,0.034362081,-0.00011788,0.00404213,-0.005903098,0.11182199,-0.001576459,0.13875182,-0.001072583,0.1186203
-0.000543008,0.012366582,-0.000947214,0.023278374,-1.77E-05,0.002341405,-0.004091903,0.085065,-0.006093504,0.24805798,0.000894883,0.080513127
-0.000527263,0.02072202,-0.000878651,0.018892882,0.000208836,0.001173265,-0.000970289,-0.090952642,0.000212994,0.08313369,-0.00018352,0.08612074
-0.00069007,0.028541494,-0.001301685,0.033954538,0.00016569,-0.00205412,-0.00544102,0.13100298,-0.006625701,0.24879615,0.001761496,0.046860103
-0.000656175,0.023752429,-0.000794166,0.020561786,0.000265986,-0.005789027,0.000761279,-0.028074346,-0.000428654,0.14049324,0.005089302,0.089546114
0.000168442,-0.004178201,-0.00123621,0.019221686,-0.000246623,-0.001943354,-0.002391976,0.045329288,-0.005065011,0.23635514,0.001239625,0.13207306
-0.000293786,0.013129937,-0.000731101,0.021950608,6.77817E-05,0.000578725,-0.003094439,0.14710152,5.7039E-05,0.12674055,0.00350053,0.14146468
-0.000562829,0.026548743,-0.001604059,0.032572336,0.00014426,-0.000604953,-0.005036642,0.076996855,-0.006521035,0.22446305,0.000900683,0.097809367
-0.000670406,0.027237779,-0.001880525,0.04738003,0.000234659,0.004556333,-0.002966563,-0.026657296,-0.00685004,0.20912169,0.002504572,0.063723117
-0.000142336,0.017881265,-0.001130636,0.025995335,0.000240327,-0.001629782,-0.002998225,0.035069212,-0.002922115,0.17310625,0.002986915,0.011915714
-0.000803612,0.01664146,-0.001015438,0.014613687,0.000130071,-0.007655328,-0.005906487,0.045575112,-0.00085088,0.050706901,0.005602055,0.015877301
-0.000145433,0.007413432,-0.001207583,0.025474833,0.000516111,-0.010427983,-0.004577239,0.050296541,-0.004020402,0.15722173,0.001088893,0.053000811
-0.000228159,0.019676818,-0.001326003,0.027543314,-4.78E-05,0.000846784,-0.00423217,0.078652069,-0.003094465,0.17822185,0.002054679,0.089721642
-0.000353562,0.013506165,-0.001731011,0.037737135,6.48272E-05,0.000181568,-0.002498334,0.044570077,-0.007408428,0.26413292,-0.000950804,0.12284965
-0.000376399,0.014397765,-0.001076494,0.026850697,0.000173425,0.001818316,-0.004818689,0.10518747,-0.003649892,0.17255729,0.003968129,0.011532565
-0.000387137,0.00462777,-0.00139628,0.021176826,0.000487889,-0.014117522,-0.00474655,0.087473579,-0.006842989,0.24270292,0.000717192,0.096634984
-0.000525115,0.024571989,-0.000932261,0.031453002,9.03805E-05,0.001828251,-0.005617459,0.11519227,-0.004675965,0.20712247,0.000264124,0.14559983
-0.000107507,0.009110108,-0.000961352,0.019459795,8.4711E-05,-0.00450659,-0.004854095,0.071552828,-0.004267184,0.16564326,0.001254553,0.033507377
-0.000720943,0.020916924,-0.001050439,0.031042868,9.94692E-05,-0.002727215,-0.006214008,0.14292638,-0.004556201,0.21113908,0.001674317,0.08757975
-0.000497394,0.013361587,-0.001662413,0.029121798,-0.000118237,-0.002240964,-0.003334496,0.056753531,-0.009268773,0.28870678,0.00296135,0.079699159
-7.96E-05,0.011261984,-0.001077647,0.026785234,-7.49E-05,0.002452785,-0.003899552,0.089188091,-0.005639808,0.23410295,-0.000109449,0.16561118
-0.000697919,0.021176672,-0.000758252,0.019156031,0.000405341,-0.006404326,-0.006199143,0.15819068,-0.003998735,0.14560318,0.002178282,0.058197543
-0.000565422,0.018156774,-0.001340461,0.030354872,0.000362928,-0.001392365,-0.000940423,-0.002199549,-0.006627624,0.28337818,0.002515198,0.070341952
-0.000390703,0.016392453,-0.001157816,0.03174841,0.000223159,-0.002729918,-0.004506464,0.040420756,-0.004106745,0.12689975,0.003933698,0.003188263
-0.000386939,0.013222625,-0.001339901,0.018493738,9.11131E-05,-0.009489062,-0.002616264,0.019418867,-0.007933344,0.25205439,0.003487965,0.002954643
-0.000236394,0.016230002,-0.001174164,0.022450745,-0.000177374,-0.002170908,-0.003882953,0.12681946,-0.002094172,0.14615656,0.000399792,0.12247406
-0.000630578,0.023386398,-0.00149852,0.030101087,0.000279972,-0.003737733,-0.007724489,0.13276453,-0.004645414,0.16242024,-0.001765805,0.12925737
-0.000475551,0.013075056,-0.00132157,0.024970969,0.00053584,-0.000869288,-0.004001023,0.048411552,-0.008268635,0.22775598,0.001773874,0.052884456
4.36139E-05,-0.000128766,-0.001413769,0.033207528,0.000140861,5.4327E-05,-0.004045136,0.088993624,-0.004562058,0.18438184,0.002704138,0.095793851
-0.000429903,0.013593399,-0.000975885,0.024256602,0.000186077,-0.002223788,-0.004283984,0.056058601,-0.000704993,0.093470663,0.000186012,0.11184967
-0.000308892,0.017388407,-0.000690136,0.023044428,0.000458822,-0.006369514,-0.002867745,0.073819086,-0.001040822,0.13811162,0.003272098,0.059256002
-0.000393493,0.012689742,-0.000682419,0.013835542,0.000368285,0.000434219,-0.00465955,0.07905782,-0.002600943,0.13293949,-0.00255496,0.16868648
-0.000504337,0.023358883,-0.0010488,0.036249202,0.00081359,-0.018802861,-0.006756221,0.18054463,-0.003001883,0.15397441,9.53937E-05,0.10492986
-0.000260704,0.001724062,-0.001206688,0.020368848,9.11399E-05,-0.01274208,-0.003628839,0.09998478,-0.006238942,0.22873908,0.003489551,0.005944761
-0.000512837,0.012894054,-0.00122118,0.02274029,-0.000129071,0.000912107,-0.003589397,0.085612647,-0.004332389,0.22123703,0.001545417,0.12623078
-0.000245548,0.013960769,-0.001309916,0.022348693,0.000528827,-0.018363986,-0.002455857,0.021184266,-0.004206805,0.17011307,0.002787924,0.020656375
-0.000658969,0.021186493,-0.00107379,0.028147686,0.000100061,0.002030246,-0.003764241,0.10420801,-0.003593989,0.19667053,0.003695636,0.059225079
-0.000202257,0.008279099,-0.000878915,0.020756418,0.000118148,-0.008691943,-0.006111035,0.13453571,-0.006339626,0.26096776,0.006061138,0.021217626
-0.000458495,0.019732306,-0.001381543,0.032627407,0.000261206,-0.003649269,-0.005658756,0.092297137,-0.005285357,0.17746587,0.005283481,-0.017126076
-0.000574887,0.021458099,-0.000963147,0.020264454,0.000380799,-0.009184565,-0.005248078,0.062551782,-0.006327412,0.25153938,0.000984563,0.076238379
-0.000573008,0.013293601,-0.001460984,0.027232511,3.47452E-05,-0.001482314,-0.000280966,-0.12989996,-0.008789166,0.2414504,0.00283452,0.003271304
-0.00043321,0.012902067,-0.001421309,0.028781749,0.000203928,-0.004529508,-0.00458342,0.087918788,-0.003893662,0.14657785,0.002125264,0.044439033
-4.74E-05,0.008588014,-0.000999605,0.025869569,0.000173786,0.000284893,-0.004062748,0.10314062,-0.00347995,0.20433089,0.003673186,0.075744137
-0.00024488,0.00754376,-0.000915221,0.025950084,-8.70E-05,0.002493728,-0.003842849,0.069562823,-0.002539401,0.14213319,0.00113643,0.045188926
-0.000289698,0.023311617,-0.001170558,0.030319884,-6.89E-05,0.001119412,-0.00315746,0.046298675,-0.006143693,0.22935572,0.003845668,0.059919037
-0.000435839,0.019162387,-0.000695627,0.016559998,0.000251056,-0.005184196,-0.004128695,0.082214698,-0.002598995,0.11161751,0.004797911,0.010014071
-0.000186347,0.018594548,-0.001485965,0.031692039,0.000338053,-0.00712567,-0.004969241,0.093234278,-0.003424264,0.11271271,0.003865861,-0.008601264
-0.000487145,0.004604104,-0.001794449,0.023118356,0.000285574,-0.002592462,-0.004615752,0.10890388,-0.007973786,0.28676948,-0.00115615,0.15559107
-0.000581828,0.020958534,-0.000997203,0.019455854,1.77204E-05,-0.002008071,-0.003014801,-0.00434532,-0.002389218,0.12002978,0.003063361,0.035264064
-0.000465944,0.008669686,-0.001262182,0.027312905,8.01576E-05,0.000729439,-0.002788788,0.02127674,-0.007135533,0.27954543,0.000233011,0.084851623
-8.59E-05,0.007214253,-0.001394652,0.024725977,7.5819E-05,-0.005883609,-0.004669878,0.10500488,-0.00256993,0.11938982,0.000200205,0.10324141
-0.000487934,0.001919815,-0.001785511,0.032788578,-5.48E-05,-0.001414702,-0.003254154,0.012986425,-0.006784902,0.23286061,0.000770943,0.074253857
0.000277579,-0.001671708,-0.001106865,0.016843572,0.000407258,-0.00785689,-0.004311891,0.10572862,-0.001515114,0.13689502,0.000457596,0.097973779
-0.000158661,0.003212182,-0.001167614,0.020462595,0.00010349,-0.009940377,-0.003669366,0.069020458,-0.005367907,0.23372979,0.00246567,0.013283874
-0.000474244,0.018348729,-0.000817658,0.025724325,4.8458E-05,-0.002698936,-0.004671908,0.12997045,-0.004701289,0.20723003,0.002092762,0.083520979
-0.000264574,0.002733914,-0.001379214,0.024145842,0.000341116,-0.004738069,-0.004455012,0.054024097,-0.006930921,0.22672324,0.000640773,0.10244834
-0.000461942,0.017243428,-0.001047783,0.022250177,-0.000168066,-0.005467378,-0.006217805,0.15030564,-0.00637377,0.24478433,0.001118973,0.02530651
-8.45E-06,-0.003607139,-0.001332154,0.017180793,0.000366864,-0.017576834,-0.004012293,0.040221091,-0.006366449,0.18720616,0.003447081,0.009079467
-0.000553914,0.016971473,-0.001401642,0.028287135,0.000125928,-0.003969198,-0.004892702,0.1085692,-0.00418426,0.1331255,0.004636982,0.05592896
-0.000537204,0.014302987,-0.001422388,0.02975457,0.000333572,0.000182264,-0.003677738,0.045367941,-0.005577496,0.19429554,0.001252478,0.061194662
-0.000461776,0.014565271,-0.001975319,0.036955163,6.20546E-05,-0.003735848,-0.003716575,0.033261191,-0.003159937,0.15671284,0.001836175,0.028327102
-0.000372432,0.018135346,-0.000727925,0.020719906,0.000128407,0.001502092,-0.000723299,-0.053977765,-0.004307866,0.22687569,0.001872123,0.025333859
7.2847711e-06,0.003589241,-0.001544854,0.031500418,0.000703595,-0.010712769,-0.003615838,0.083038822,-0.006299301,0.23284002,0.001373533,0.11972252
-0.000582142,0.020903395,-0.001626808,0.03825549,0.000238739,-7.56E-05,-0.003528115,0.079353385,-0.003683383,0.22233354,0.001466379,0.075992234
-8.98E-05,0.000714669,-0.001254069,0.023089508,0.000254559,-0.012507758,-0.004853389,0.066644631,-0.00810417,0.26865086,0.003367611,-0.019531032
-0.000760996,0.019060843,-0.001871109,0.04502527,7.23584E-05,-0.002157568,-0.005520019,0.11000409,-0.006440895,0.21226886,0.000183418,0.094988167
-0.00018457,0.007002006,-0.000538113,0.015238797,0.000103328,-0.003188815,-0.00290664,0.055735394,-0.003269875,0.17838565,0.003373108,0.09913636
-0.000187407,0.01129093,-0.000866416,0.016411778,0.000423789,-0.015119525,-0.004030121,0.09714029,-0.002304875,0.13418372,0.004920216,-0.005169248
-0.000790242,0.01870315,-0.001612245,0.039122608,-5.07E-05,0.003425015,-0.004116324,0.12520206,-0.002904014,0.15228611,-0.002393561,0.15437512
-0.000340735,0.001880051,-0.001048695,0.022501521,-1.34E-05,-0.004076365,-0.003101102,0.004252489,-0.006236086,0.22676744,-0.002038603,0.13731927
-0.000343327,0.018381866,-0.000911516,0.023341805,0.000137336,-0.003674063,-0.003179374,0.004716182,-0.005542516,0.22218934,0.003274106,0.053995796
-0.000256854,0.00088567,-0.00158851,0.029615836,-0.000192206,-0.001227683,-0.001184184,-0.022969976,-0.010607563,0.35600853,0.002278441,0.10560288
-0.000439016,0.018202646,-0.001247236,0.022344923,0.000600807,-0.012939691,-0.003545743,-0.013417505,-0.005756683,0.20980853,0.002823575,0.047660969
-0.000447444,0.022107201,-0.001077459,0.029470174,0.000299493,0.000455348,-0.001960725,0.049024589,-0.004575485,0.22943392,-0.003385776,0.17533132
-0.000623927,0.011834251,-0.001126502,0.019784689,0.000781822,-0.028265739,-0.005069594,0.12433793,-0.007121609,0.27998278,-0.002316455,0.13871232
-0.000694559,0.024523234,-0.001134814,0.027216433,9.36242E-05,-0.004799313,-0.004406913,0.079709232,-0.005864597,0.22192784,0.00015682,0.10072749
0.000225877,-0.003985489,-0.001849033,0.028094169,-0.000177786,-0.003010449,-0.002891933,0.093613252,-0.0042052,0.1488609,0.001620629,0.020199023
-0.000409924,0.01063608,-0.001648917,0.025993329,0.000195822,-0.012151483,-0.005584019,0.11602449,-0.006917033,0.22456527,0.0043894,0.002634408
8.88557E-05,0.006296321,-0.001550629,0.029297329,0.00020966,-0.001015775,-0.001820006,0.032460492,-0.003321277,0.20200184,-0.001047508,0.14168972
-0.000446362,0.010040786,-0.001056587,0.031016827,0.000579405,-0.007904399,-0.004025606,0.076859407,-0.002577893,0.1694895,0.002914086,0.073211499
-0.000992194,0.029420227,-0.001611354,0.034339353,-0.000319215,-0.003582137,-0.004508247,0.000227228,-0.005138496,0.16603622,0.001822355,0.03068517
-0.000439384,0.012911084,-0.000975449,0.020235758,6.76306E-05,-0.000279607,-0.005903774,0.14405797,-0.004756117,0.2148401,-0.000229476,0.13167745
-0.000519009,0.013291946,-0.001467624,0.029789573,0.000422995,-0.008565993,-0.003356632,0.071219862,-0.007339783,0.26181212,0.003041799,0.026822258
-0.000700206,0.020973604,-0.000588707,0.020393228,0.000324837,-0.002255507,-0.004800628,0.053277142,-0.000934155,0.10282645,0.000678928,0.12067387
-0.000445151,0.015021158,-0.000372994,0.01718932,0.000275003,0.004471654,-0.002493913,0.042902615,-0.00467134,0.220935,0.001464116,0.11262061
-0.000607313,0.023150394,-0.001743658,0.044153437,0.000241659,0.003315558,-0.004594862,0.063471243,-0.003985981,0.20475841,-0.000983377,0.14895639
-0.000331457,0.000877673,-0.001494704,0.012308778,-0.000196403,-0.012415537,-0.006122443,0.089115739,-0.001433079,0.072504774,0.002715102,0.01636479
-0.000101906,-0.000404429,-0.000783031,0.019222993,0.000694451,-0.015822636,0.000198608,-0.034844521,-0.007760333,0.25909224,0.003184847,0.07372763
-0.000394597,0.019049009,-0.000593472,0.025581989,0.000266077,-0.000449498,-0.002559384,0.041181434,-0.001208385,0.097825497,0.002953464,0.016987292
-0.000402746,0.020452745,-0.000764037,0.024486944,0.000223101,-0.00046395,-0.006526723,0.14226943,-0.00563039,0.2069903,0.001824393,0.036532316
-0.000628326,0.022369448,-0.001783165,0.034474481,0.000498812,-0.011056219,-0.00459222,0.10017131,-0.005567316,0.23043375,0.004232454,0.01954459
-0.000406722,0.021168809,-0.001570774,0.027061215,0.000239222,-0.003770387,-0.005245257,0.11297467,-0.008906605,0.26197386,0.003029384,0.024189983
-5.34E-05,0.001812927,-0.001952585,0.035581611,-0.000145532,-0.008714659,-0.003160995,0.088453822,-0.007664687,0.24945316,0.00089732,0.15615289
-0.000535744,0.022737209,-0.000836057,0.029407162,0.000306387,0.003373708,-0.004983822,0.087263338,-0.006656551,0.23829634,0.002691989,0.034494128
-0.000285831,0.015576595,-0.0012703,0.035565972,0.000175376,-0.002433673,-0.000651651,-0.004038762,-0.007413148,0.25621232,0.003597116,0.044661421
-0.000139579,0.009080961,-0.000278311,0.01498864,0.000450847,-0.001691436,-0.003412008,0.04208263,-0.003982257,0.19403556,0.00416768,0.027743123
-0.000426924,0.019618863,-0.001170021,0.029835891,0.000204899,-0.000498577,-0.002663285,0.048075605,-0.005202912,0.19460498,0.002591536,0.094479464
-0.000265793,0.011414995,-0.001176797,0.028463075,0.000390375,-0.001192089,-0.004844739,0.097675607,-0.005764992,0.20684981,0.003390777,0.059360731
8.77278E-05,0.007004449,-0.001796689,0.032929942,0.000424565,-0.001256048,-0.002454774,-0.017496269,-0.002884701,0.13270995,-0.000965018,0.12523852
-0.000690576,0.019516889,-0.00078775,0.022434972,0.000174642,-0.008550187,-0.004608632,0.067584373,-0.007943345,0.25167614,0.003245807,-0.007996354
-0.00051404,0.015313435,-0.001085162,0.032841146,0.000179335,0.003560392,-0.00420148,0.02817392,-0.003079405,0.15179352,0.000647525,0.098808132
-0.00042115,0.019619675,-0.000953545,0.019234531,9.78835E-05,-0.00268561,-0.000638215,-2.30E-05,-0.001641314,0.10896686,0.003482568,0.02885684
