T2_panel0,T_panel0,T2_panel1,T_panel1,T2_panel2,T_panel2,dT2_panel0,dT_panel0,dT2_panel1,dT_panel1,dT2_panel2,dT_panel2,T2_ld0,T_ld0,T2_ld1,T_ld1,T2_ld2,T_ld2
-.000048499744,-.0066031939,-.00072855892,.013077085,.00024300578,.0041652834,-.00013917679,.0085137943,6.4285809e-06,.001901769,-.00026954463,-.0026600535,-.0015516256,.05706612,-.0036110885,.14585511,.0013094289,.066398591
-.000096900316,-.0029598007,-.00091513788,.018890606,.00028103654,.0015591957,-.000051365769,.0014729877,.00065101834,-.0085434467,-.00029571529,-.0011887333,-.0021703548,.040868983,-.0081696222,.22908132,.0031003344,.032160662
-.000098252953,-.0031856874,-.00099999167,.021541305,.0003297638,.0029077325,-7.5111475e-06,.0012408604,.00014377983,-.0028961715,-.00035911659,-.0010613921,-.0018088204,-.014266509,-.0067888279,.27428702,.0011180914,.024533752
-.000013163524,-.0071755056,-.00068395975,.014702569,.00014859019,.0074246847,-.00008368952,.0066078249,.00028389122,-.0030625977,-.00017975958,-.003536233,-.0017154826,.02132652,-.0013436301,.13683593,-.0010500202,.057218701
.00022016585,-.015243206,-.001718685,.031876821,.00029329417,.00087231613,-.00025926493,.0092812954,.0015923028,-.02410865,-.00029685016,.00085638178,.0015716251,-.11360895,-.0072262227,.2631025,.0012361003,.066384092
-.00019564167,-.0015563195,-.00071196369,.013176844,.0002564044,-.0046286499,.00021540896,-.0019323572,.00022280218,-.0013565888,-.00020142421,-.0016937874,-.0051897643,.13761924,-.0049060364,.16451746,.0012854523,.039597396
-.00010039093,-.0019531576,-.00042918307,.0076295501,.00024417535,.0025193342,.00019800487,-.0010057205,-.000073754447,.0023929854,-.00036373557,-.0021807081,-.0055625411,.11382858,.000067312147,.079763405,-.00027178059,.088937826
-.00036228876,.0027205213,.000051678544,.000073586649,.00022425853,-.0034883858,.000093797993,-.00058323925,-.00038239395,.0084313629,-.00035958181,.0029983283,-.0036732818,.079200029,.00023089409,.0078133689,.0048644957,-.094798408
.000063991611,-.012566233,-.00040597533,.010205215,.000021496553,.00035017746,.00010597212,.0012244051,-.000089740824,.0019933872,-.00010881431,-.0019386791,-.0028706251,.016999913,-.0038753229,.072955683,.00025942491,.033076577
-.00036784736,.0081312452,-.0012991397,.022778263,.00060002937,-.0024131383,.000055358814,-.0012594932,.00047611803,-.0060580173,-.00052467856,.0015159798,-.0062706796,.21301775,-.010542848,.34058279,.00011706066,.12049035
-.00025597218,.0055590714,-.00077817502,.013692231,.00043321954,-.00093324855,.00012040143,-.0045725056,.00073637103,-.0081514046,-.00053105108,.0039345212,-.0016197319,.055224072,-.0040794238,.16993874,.0025148222,.042593427
-.00025967933,.0022820411,-.00043977718,.0096011413,.000087321183,.0011192394,.00017240024,-.0031825765,-.00014902523,.0038610708,-.000086991327,-.0013123808,-.0031817658,.10839199,-.0027142593,.12951486,.0024730081,.022880247
-.00085143396,.017819747,-.00041473313,.0048354957,.00035759519,-.00090820645,.00041900904,-.0095078079,.00014489473,.0021372314,-.00045472314,.0028468599,-.0030923872,.065950021,-.0063338769,.19039197,.0012362271,.044150174
-.00023559583,.0019559709,-.00062433042,.01282036,.00022094721,.0033171831,.000099501216,.0012493057,-.000037029713,.0016144731,-.00025207963,-.0043395604,-.0046900231,.10935124,-.0059838081,.20448771,.00067434058,.089484766
-.00012480207,-.0039876807,-.00056014978,.011279074,.00015690258,.0011846523,.000027434589,.0034318056,-.000040458192,.0012534696,-.00029213278,.0013232122,-.0031103846,.0086837243,-.0040501202,.14251128,.001064053,.007858959
-.00027108745,.0070310086,-.0010559279,.019209012,.000088776244,.0010596206,.00006483202,-.0014183557,.00033370839,-.0037834258,-.00025107624,-.0010057058,-.0056672455,.21576183,-.010277612,.32628947,.00084652455,.064507
.000075671305,-.0084666554,-.00093009922,.017880453,.00015415769,.0030487746,.000071542752,-.00065772055,.00058938068,-.0058464329,-.0003189019,.0010114716,-.0019986606,.043022029,-.0060055587,.17709886,.00025526152,.053645063
.000013500195,-.0047003441,-.00069207913,.013132473,.00018243509,.0022937569,-7.2675061e-06,.0032431532,.00024848487,-.0022191766,-.00020441723,-.0010322861,-.0018632837,.014304545,-.0018090762,.11146137,.0019973291,.036435243
.00029844011,-.013334843,-.00089760241,.014186398,.00040353226,-.0003771983,-.00029179628,.011602071,.00026781857,-.00093678426,-.0004016723,.0011449561,-.00042747703,.0065622586,-.0035859263,.11431856,.0024871514,.029317748
-.00006541246,-.0098252604,-.00065565179,.011342345,.000099690842,.00010120854,.000010723072,.0057924828,.000017189785,.0051422608,-.00016435908,-.0020342157,-.0026720362,.068855703,-.0047581852,.13201046,-.001227506,.075383969
-.0002027429,-.00043784521,-.00079963147,.013452412,.00037470867,-.0087174773,.00006680275,.00059204153,.00016536054,.0031097953,-.00037036938,.0020421257,-.0035668223,.10567674,-.0031420346,.07735642,.0024373464,-.029841367
-.00023492215,.002693075,-.00043875701,.01053827,.00035258883,-.00010300132,.00010901999,.0011305788,-.0001029876,.002906373,-.00034395925,-.00059041119,-.004059819,.1070693,-.0068956884,.22613084,.0016063043,.038576588
-.00019115614,.0011003645,-.0010651016,.019819926,.000046246529,.00063918688,.000079967809,.00022800834,.0006995619,-.0075008632,-.00024776955,.00049217552,-.0033626563,.089882076,-.0042025163,.14201467,.0019741126,.025080292
-.00026484864,.0022895539,-.0003800003,.01145853,.00029826691,.0041787182,-.000022774224,-.00077077007,-.00020302819,.003019247,-.0003452285,-.0028684349,-.0029080687,.095655695,-.0029343851,.11725981,.00012245413,.066436626
-.000045025339,-.0020127066,-.00095384795,.021462327,.00033457502,-.0005311424,.00013242288,-.0050902092,.00029950892,-.0040748003,-.00029370768,-.0011170011,-.002988159,.090351596,-.00048821865,.078419916,-.0016646761,.093469292
-.00038942322,.0078076166,-.00056544051,.014916558,.00011262012,-.0016209583,.000071550174,.00052704551,.00016406843,-.0020341037,-.00024965397,.00019795794,-.0052205841,.15800624,-.0039241849,.15969093,.0010684441,.037762366
-.00029080594,.00025765286,-.0013132187,.029073739,.00049118925,-.0082012163,.000031517706,-.0017909765,.0010616675,-.018265368,-.00058743428,.006175634,-.0045970017,.16861787,-.0096881846,.29739767,.0018988585,.0013939275
-.00026796231,-.0014224257,-.00046680594,.009117946,.00055670342,-.0054722251,.00031097035,-.004290822,2.7979813e-06,.0024352069,-.00050977746,.0026429722,-.0049846773,.067147538,-.003665389,.08518932,.0021972721,-.021514134
-.00052242796,.012306995,-.00027341052,.011330806,.00054090429,-.010436118,.00011678409,-.0046178279,-.000028389279,.0001178785,-.00053057924,.0070283804,-.0016022425,.11225758,-.00058127078,.074145913,.0032144799,-.02797541
-.00038816637,.004210236,-.0009745998,.020710858,.00026827282,.0023701247,.00021452774,-.0029240532,.00044259347,-.0049651889,-.00039639985,.0019588075,-.0049406253,.13470902,-.0002365437,.043709323,.0007331376,.074307747
.000049729679,-.011083076,-.0011124432,.023249879,.000099489953,.0043142065,-.000082329963,.0094569074,.00066477479,-.0093115261,-.00018783018,-.0016006575,-.0021862567,.039113384,-.0014164663,.055205826,.00071522518,.072518282
.000018188144,-.014702348,-.00083331915,.022478873,.00042682071,.0019792232,-.000058755457,.0087120803,.00087669207,-.014069798,-.00047607571,.0014364275,-.0010784601,-.003238043,-.0039667827,.16871534,.0015298711,.046099067
.00041418377,-.015330847,-.00053125119,.012266637,.0000560761,-.0012479094,-.00029754787,.006573258,-.000098821765,.0013682039,-.00018683093,-.0024696905,-.0013829938,.058870055,-.0014145811,.14309871,.00065453601,.090915613
.000019539129,-.0067641949,-.0010347953,.021091003,.00046088631,-.0024095008,.000018019287,-.002805107,.00059259735,-.0098955445,-.00039496218,.0022165428,-.002140248,.026719991,-.0025886109,.12983489,.0026985712,.012374506
-.00021184678,.001638376,-.00061563763,.010584376,.00034649679,-.00059195666,.00023063923,-.0060962453,.00023455609,-.00019196779,-.00039621338,.003192499,-.0044750245,.1173117,-.0038445138,.16034392,.0034029395,-.03378072
.00010522755,-.0078436136,-.00086585269,.0183037,.00046201682,-.010228409,-.000057529225,.0028233915,.00044769296,-.006713409,-.00043430922,.0017432026,-.00033924414,.011747654,-.0019917577,.069950178,.0032315052,-.015747767
-.00014547113,-.0026286177,-.00044809835,.010264273,.00041486038,-.0067509376,-.000018587078,.0039117909,-.000099884754,.0043745684,-.0004249441,.0029193382,-.0011093861,.062381178,-.0047401036,.12369698,.00024194481,.030713148
-.00004128645,-.0087609012,-.00055260427,.0083809784,.00029443481,-.005615246,-.0002341925,.013979646,.000093790033,.0045421198,-.0003445996,.0036775416,.00032863099,-.04452531,-.0012451595,.070403561,.0021237675,.010535105
-.000050953771,.00057722285,-.00042478504,.0056863925,.00051251426,-.006141481,-2.8335819e-06,-.00012270735,-.00015549247,.0065210899,-.00054453505,.0044124071,-.0039717047,.10555688,-.0033150769,.16489552,.0023931465,.025685923
-.00022403197,.0027539022,-.00058281299,.0092893727,.00037923272,-.0020617831,.000036430465,.001728826,.00031448907,.0013727639,-.00050080201,.0054382784,-.00020950231,.0031952506,-.0015019642,.11670638,.0029329543,-.024257047
-.00023441199,.0029538351,-.0008849313,.024821054,.00024333093,.00038550046,.0001149336,-.0019502634,.00035981255,-.0079486622,-.00034853758,-.00016735622,-.0029586353,.081529193,-.0042363238,.17270842,.0018049633,.04134931
-.00005701424,-.0060740728,-.00065662112,.015131836,.00034824896,.00086137035,-.00017365512,.0058603031,.00073167123,-.011794952,-.0003788677,-.0011978989,.0020752149,-.029728523,-.0020434037,.09910094,.00027088312,.058157071
.00029531767,-.015865119,-.00089181407,.014797944,.00027717842,-.0034698145,-.00017754789,.0059743938,.00017639592,-.00012227417,-.00032490378,.0015185872,.00063230423,-.057514235,-.0036237747,.15728562,.0011175587,.032497395
-.00010844178,-.0049189436,-.00075752119,.014837315,.00036174088,.0033626626,.00026897923,-.0043325983,-.000088570356,.0011453767,-.00039479515,.0013321042,-.0031783932,.024509957,-.0045240629,.15596522,.0013092039,.062536001
-.00022922506,.0038918771,-.00054392888,.010796336,.00034021382,-.002037504,-.000086935281,.0010848399,.00016573109,-.00033239246,-.00038112351,.0025889992,-.0017746546,.067380942,-.0037275783,.12637757,.0020441404,.022268409
-.000035771482,-.004298822,-.0010800272,.022824794,.00045703046,-.0044647828,-3.4015402e-06,.0016065728,.00015472971,-.0024386726,-.00034180249,-.0008559174,-.0014757946,.049525626,-.004975047,.18313825,.0032500285,-.016276188
-.00013724297,-.0018424334,-.0011190693,.023411103,.00059541879,-.0034348969,.000023723442,.00022429295,.0010058552,-.01642585,-.00060278649,.0041326894,-.0049288031,.14466281,-.0084049655,.31461203,.0020666758,.069501869
-.00020620946,.005269526,-.00071846443,.017210392,.00066933577,-.012769552,.000012654372,-.0030432288,.0002706502,-.0032784843,-.00053630752,.006983913,-.0023554491,.10952061,-.0041286442,.15209395,.0036335124,-.013056065
-.00043844077,.010859256,-.00064805493,.015086673,.00026266649,-.00074791326,.0003661864,-.01046473,-.000064708409,.0026388962,-.00024384554,-.0024542436,-.0057809833,.16026519,-.0051663793,.15279241,-.00012186289,.064656034
-.00050582649,.013328766,-.00036895159,.0071679465,.00029373943,.0023314997,.00022772139,-.0056492947,.00032768879,-.0037894817,-.00044580188,.0020409019,-.0048183897,.1795665,-.0043693124,.24272642,.0011123011,.085546464
.00015989538,-.016843388,-.00091670576,.01687016,.00032303162,2.2575507e-06,-.00012412733,.0095425015,.00011447341,.0023542091,-.00032345386,-.00085197197,-.0013846935,-.025762975,-.0031716235,.11153685,.0016911922,.036687296
-.00050142466,.0054024383,-.0010813123,.024866018,.00016371404,.0058309296,.000044005974,.0042687315,.0011678531,-.018771961,-.00024716096,-.0024333198,-.0020614397,.048069827,-.011428337,.30873454,.0005533676,.056198936
.000033933266,-.0086374041,-.00067793234,.012394098,.00016147205,.00031925819,-.000011496055,.0025111884,.00019792114,.00034313582,-.00029420468,.001228901,-.0014765786,.019497553,.00037244303,.04269547,.0018358573,.013709578
.000091222151,-.0066967173,-.00050878589,.011495498,.00020122668,.0032122415,-.000081535793,.0038880906,.000084467152,-.00094932195,-.00027736201,-.00097278057,-.0022672475,.035843037,-.0018499296,.071886942,.00061972579,.022851637
-.00041743487,.0089649875,-.00044367762,.010110044,.00011266278,-.0036412533,.00011341751,-.00066358183,-.00029814115,.0075138905,-.00022610267,-.0015440804,-.0045115892,.12972985,-.0025237794,.12965035,.0036257913,-.036963966
-.00028743205,.0068886238,-.0010763733,.023368247,.00023224688,.0011876486,.00011599747,-.0045651435,.0004843956,-.0071041887,-.00027809379,-.0008885042,-.0051490315,.18602601,-.0048938026,.18079178,.00039967665,.055648983
-.00040065366,.0027703855,-.00056398916,.012037783,.00060567755,-.012263563,.00011423328,.0002823369,.000021305887,.0019298161,-.00041742952,.00002566795,-.0052508023,.13846314,-.0074513974,.26230362,.0062452457,.0047800802
-.00035385185,.0022977113,-.00054099865,.013886182,.00022471699,-.0018423557,.00012276699,-.0035688756,.000068868925,-.0018914609,-.00030357155,.00078744715,-.0044568237,.12850973,-.0016756733,.034511458,.0013695983,.032967366
.00014700397,-.011954432,-.00026047329,.0041858908,.00034195141,-.0018919165,.000022359349,.00035556892,-.00027362336,.0081284549,-.00042217071,.0010685017,-.0022019716,.050523799,-.0064592431,.18344256,.00039323868,.07047835
-.00023909569,-.00029740893,-.00073128729,.013550103,.00025966676,.00065457349,.00001959751,.0079293493,-.000016571914,.00085853389,-.00044731633,-.00034826048,-.0028483502,.072439551,-.0066458145,.21351551,.00090043031,.044154197
-.00011682529,-.0042768079,-.00095062546,.016650287,.00065862556,-.01315799,.00014310538,-.0012956056,.00020649252,.0010882618,-.00050987722,.0050366954,-.002487374,.082687646,-.0029529324,.12646675,.0025221058,.0012418609
.000029099207,-.0036728694,-.00080276345,.01981974,.00051872531,-.0025910723,-.00010758871,.0038839937,-.00023281758,.0051083826,-.0005183653,.00043908533,-.0013295428,.030909566,-.0076879524,.25669223,.0019266828,.076520458
-.000059389247,-.0066742864,-.00053279602,.010865832,.00021643221,.0023708015,.00014630814,-.0015829115,-.00010771389,.0033260414,-.00031262854,-.0010185264,-.0031965235,.054850385,-.0041467575,.18552786,.0010370812,.070289753
-.00019979046,.00043651467,-.00031704744,.0090208212,.00020454635,.00011388559,.000030593943,.00025907098,-.00016562273,.0023927132,-.00036836925,-.000078313351,-.0014877293,.031437624,-.00065345725,.071888261,.00080967072,.049931008
-.00040213601,.0078385687,-.00090280583,.02072037,.00045678212,-.00023214801,-.000047212499,-.00022948653,.00048885716,-.0059191706,-.0004865205,-7.7680670e-06,-.0024805665,.12060117,-.0020681059,.16560639,.0020631396,.070624501
.000038643917,-.0026320741,-.00063257036,.01318404,.00022695074,-.0011655595,-.00015835708,.0051536923,.00046203902,-.004922803,-.00041326307,.00051034131,-.0021377932,.087414011,-.0027352769,.12081689,.00052260823,.063908055
-.000041446601,-.0074607767,-.0012180416,.023123626,.00024775011,-.0016157902,-.00014660053,.0096390136,.00016637408,-.0022656936,-.00026630671,-.0010910638,-.00016120795,-.06470973,-.0038254929,.12964644,.0039550061,-.059852991
-.0001372759,-.00091135374,-.00072282803,.017346226,.00046896108,.001844866,.000085068823,-.0014996008,.00016038578,-.0033084254,-.00047793772,-.0014572247,-.0021289722,.085508205,-.0085859532,.30849019,.0043582846,.059486546
-.00032099269,.0094131539,-.00048603295,.013123049,.00062020001,-.0051918975,.00019515044,-.0040601362,.00017462952,-.00099020335,-.00060458464,.0018581892,-.0052412623,.24668215,-.0052746716,.20879818,.0023686739,.02977073
.000063259475,-.005597177,-.0008377324,.015674297,.00014014808,.0046062241,-.00028553553,.012087667,-.000026894575,.00017813066,-.00022540655,-.0017484637,-.0020194366,.01830763,-.0031531695,.094678961,.0005092448,.04681721
-.000056284051,-.0069601643,-.0010696385,.018917397,.00014497782,-.0038540079,-.00014319045,.0054445369,.00044616632,-.0027800463,-.00028886198,.0013997935,-.00027050744,-.0090972353,-.0033523275,.14683218,.0016773404,.033681661
-.00032274891,.010562218,-.00066246034,.014139662,.00033490054,-.0012222378,.00023109761,-.0063466779,.00010320932,-.0014727961,-.00044603957,.00034502891,-.002673436,.10706725,.00067261903,.0035862802,-.0011550136,.054247353
.00039127099,-.015413595,-.00086366886,.014573001,.00013501605,.0045993417,-.00039423947,.011962506,.0002690753,-.0017878609,-.00032561005,.00034063778,-.00075985788,-.00022039663,-.0050192131,.21647993,.0012496131,.061100759
-.00015867593,-.0014183318,-.0002522002,.0082872454,.00058236538,-.0056603323,.000087043474,-.0049438085,-.0002062386,.004995198,-.00054210849,.0046661934,-.003617174,.093869679,-.0010976861,.20058806,.0047858716,.10363552
.000037146019,-.0028805493,-.00067979889,.011759094,.00029065329,.00079363125,.000043601631,-.00053408416,5.7411785e-06,.0023543721,-.00036544341,-.00019252081,-.003013775,.053984404,-.0001542378,.019354926,.00082587451,.024186762
.0001150948,-.0057764715,-.0010703984,.018792054,.00015530799,.00039729028,-.000088341199,-.0013271264,.00023638304,.0017572314,-.00034809826,.002741029,-.0017290867,.025303205,-.0049782009,.18332759,.001580261,.0047082459
-.000079082005,-.0034872228,-.0006738549,.013752093,.00019597347,.0026520446,5.2500236e-06,.0064050271,-.00013921627,.0043388666,-.00034014933,-.0024432281,-.0047320239,.12929891,-.00065882003,.053445879,-.00055535696,.05331799
-.00035007132,.0081579415,-.0011487653,.025736894,.00052203418,-.0029208534,.000057595542,-.0024104337,.00051989564,-.0093833655,-.00049232069,.0034739973,-.0045912364,.14367196,-.0086635528,.19649228,.00042168918,.034162514
-.000095720148,-.0039350702,-.00077948137,.015492682,.00022163386,.0041892063,.00011635531,-.0024397797,.00023250448,-.0014707622,-.00040846577,.0007934423,-.0026120089,.036035102,-.004637301,.13042645,.00061581406,.036389057
.000019107698,-.0088289091,-.0010452816,.0172319,.0002745009,.0029573347,-.00021259242,.0069582066,.00065217965,-.0057261167,-.00034820521,-.0024683524,-.002893975,.10042768,-.0073931767,.22158861,.0019249275,.058573045
.00029004714,-.019931389,-.0011513318,.019478906,.00034869887,.00076660537,-.000093086121,.0074286684,.000029312638,.0020892418,-.00041672433,-.0015999954,-.000069786525,-.10964033,-.0080493707,.20512593,.000035725981,.055844937
-.00015176363,-.0025588751,-.000764945,.012038982,.00028490752,.0004056645,-.00011629872,.0027004478,.00031057038,.000034013963,-.000072885261,-.0026896626,-.0018570917,.064358585,-.0036381432,.14148502,.0020767136,.039811369
.00025996848,-.017898483,-.00063688692,.012118758,.00044663259,.0019947507,-.00022641063,.010979556,.00013231816,-.00056721538,-.00046799905,-.00037056187,.0012708387,-.045735072,-.0061326283,.21313527,.00066696084,.094807103
-.00032286759,-.00054846064,-.00077512919,.013845524,.0003373418,-.0040677818,.00016753915,.0010404749,.00061711424,-.0056466418,-.00027909558,.00063872465,-.0049753501,.099870346,-.0043682461,.16027907,.0014236122,.030946268
.000043426709,-.011823154,-.00097707519,.015356022,-.00001817973,.0024694053,-.00015988604,.0076468331,.00025103372,.00044729983,-.000082080252,-.0018720976,-.0024613268,.011417187,-.0033918773,.10498659,-.00027907843,.044359226
-.00012981327,.0018371438,-.0012537444,.0233457,.00027749094,.0039116396,1.3251361e-06,.00069652399,.00067275966,-.0059624915,-.00026242004,-.00097891642,-.002203509,.088715091,-.013900047,.33356255,.0042894441,.049876846
-.00009958489,-.004920078,-.00065128383,.014375499,.00027300444,.0062197912,-.000086463602,.0063809133,.00038619502,-.0032800094,-.00044023633,.0012219509,-.000058262976,-.013093887,-.0045896345,.1667182,.0011309762,.045429714
-.00019622447,.0035431848,-.00095985772,.017004298,.00038378587,.0028832054,.000035042169,-.0014253733,.00067351875,-.0070298403,-.00033735731,-.0010453562,-.0035287954,.17681621,-.0058247005,.24588645,.0042470209,.035395969
.00015290901,-.0091077564,-.0010985933,.022813717,.00023663352,.0013592473,-.00028968751,.0093052955,.00072931976,-.011675501,-.00034568433,.0022877599,-.00060640404,-.033374537,-.0024573982,.085795604,-.001764256,.02796096
-.00012327911,-.0030307386,-.00060538808,.012746053,.00030709436,-.0046835449,-.000052168838,.006477871,.000089518377,.00035124124,-.0004041419,.0028048977,-.0020001307,.052106243,-.0051456732,.18083553,.0022748718,.00094953994
-.00015205095,-.0064510754,-.00058988144,.010707133,.000047978257,.0033955174,.00024185127,-.0015534344,-.000079919279,.0034850664,-.00017141773,-.0014714219,-.0046297256,.16382013,-.0082144942,.26545131,.0013020175,.064380318
-.00015986881,-.00086062262,-.00073485565,.016312849,.00040075544,-.0031777981,.00021979964,-.0056563308,.00030200885,-.0032392705,-.00039739427,.00032563871,-.0022300365,.085320286,-.0052388683,.18183441,.0033254919,.02594889
-.00010360996,-.0056892186,-.00075446983,.015825376,.00056575204,-.0018161047,.00011254205,-.0010049582,.00043470797,-.0065688654,-.00045877259,.00037135353,-.0024588469,.044987313,-.0032063951,.093470596,.00075305451,.051474404
-.000011970618,-.0058389744,-.0011641238,.024102658,.00016470358,.0008949723,-.000091194903,.0054799882,.00050914753,-.0041978159,-.00028208134,-.0019322039,-.0019701833,.038097341,-.0050846916,.17182145,.00067589938,.066314064
-.000030851868,-.008357984,-.00081137248,.014541605,.00040597099,-.0050742105,-.00022192986,.0094586443,.00010703154,.0004810704,-.00038657917,.00145807,-.0032536073,.020162046,-.0067497026,.19087644,.0040499573,-.068633392
.00018095538,-.016704243,-.00014342462,.0023797967,.00013259797,.00020370637,.000010757578,.0031048574,-.00027451504,.0069031576,-.00034193808,.0010057718,-.0040347772,.060307182,-.003622269,.073195904,.0015974643,.022353686
-.000053929914,-.0025472697,-.00057068939,.011312372,-1.4976305e-06,.0050349603,.00010276026,-.0011099126,.00024743707,-.0030803191,-.00022161659,.000074716445,-.0031690074,.10062998,-.0040033977,.15584573,.0029067984,.017082399
-.000033467808,-.0042944797,-.00078079914,.018448632,.00019824834,.0013664386,-.000048990667,.006198206,.000033342942,-.0012372698,-.00031919972,-.0045481753,-.0032448568,.071164742,-.0042225895,.1487602,.00021636003,.025647331
-.00014133925,-.0033531552,-.00081590476,.01909695,.000045302666,.0030177643,-.000064515276,.0050214664,.00046692221,-.004806289,-.00025685012,.00027640976,-.0054848441,.17307994,-.002926524,.23798312,.0025580581,.042277705
.000028622913,-.011885544,-.0010586275,.018067438,.00014434494,.0024085625,-.0001051975,.011755311,-.000017017175,.0025533203,-.00024646227,-.004220821,.0013165828,-.05830783,-.0082635991,.26306871,.0024624921,.033682197
-.000080766396,-.0032057399,-.00034494794,.0065283636,.00020161498,.0040712175,-1.2497389e-06,-.00037594954,-.00028690146,.0052328147,-.00040239256,.00066839776,-.00068903994,.0042858105,-.006064876,.17911536,.00013905218,.056778301
-.00063617586,.0097434036,-.00041087237,.009709294,.00034524707,-.0055682464,.000073276635,.0018417294,-.00011734713,.002132758,-.00032237975,-.0012347304,-.005017126,.16221574,-.0038261428,.16271497,.0037482639,-.011627116
-.00042619495,.0088382289,-.0007807439,.01614538,.00033248489,.00048667722,-9.7997399e-06,.0018550629,.00042032378,-.0052982667,-.00041757012,.0030194502,-.003480681,.081140026,-.0033028615,.12783976,.0041914247,-.029014328
-.00035187352,.0075923102,-.00055478525,.0086693736,-.00011012366,.0051669087,.00030089746,-.007583838,-9.2993459e-06,.0041280757,-.000049982857,-.0045277406,-.0058674305,.16786976,-.0020491339,.084001355,.0020425047,-.0043359147
.00031918904,-.016223388,-.0016850499,.02991523,.000051872044,.0075666867,-.00018956626,.0075004678,.0008793532,-.012830033,-.000092087073,-.0066840462,-.00043954462,-.011732939,-.00073252502,.13318835,.0015305674,.06515868
-7.1148465e-06,-.0029781759,-.00090630923,.018850986,.00050671992,-.0081571788,-.00014943213,.0032721169,-.000081806182,.0031224748,-.00040154104,.0026414709,-.0024302555,.10079014,-.0026543518,.15924934,.0040567447,-.015262276
.00018860673,-.010817473,-.0010932104,.027035013,.00039221946,.0015261254,-.0001085142,.0053377897,.00044218067,-.0057731457,-.00043386067,-.00084388017,.00038886463,.00023956495,-.003912664,.16092387,.00051445415,.076350734
.000070635644,-.0063735736,-.00056292303,.010048208,.00061143888,-.010811093,-.00024251911,.0082587721,.00018548449,.0014198471,-.00052649266,.0043351026,-.0012651611,.050458692,-.0061435536,.18766762,.0021805114,-.0060383193
-.00019367714,-.00056302833,-.00058774819,.014930664,.00042782651,.0015608541,-.000072140312,.0058524702,-.00018658463,.0030575399,-.00042976593,.00011383,-.003396505,.084512495,-.0059178839,.26683682,.003060316,.050723925
-.00011055741,-.00063339859,-.00024962024,.0098718824,.0002727705,-.0036011513,.0001131142,-.0024476105,-.00036246711,.0082166763,-.00031505703,.0031722598,-.0014795066,-.0047462271,-.00059725321,.051900908,.0035410787,-.066353016
-.00025322477,.0035078514,-.00069019495,.012929549,.00024405614,-.0023751371,-.000025809002,.002533976,-8.2074057e-06,.0046949033,-.00019316396,-.00094503124,-.0022892088,.078077517,-.0018133901,.071125098,.0007675846,.036491219
-.00014841418,-.0025671499,-.00088357541,.018585481,.00023373355,.0012042796,.000077083329,.0047411276,.00031649726,-.0047222134,-.000091317605,-.0061628977,-.004870363,.093107678,-.0032489963,.14401633,-.000073260177,.090636559
-.00046845205,.0087690419,-.00054780603,.015315516,.00037255409,.000013747205,.000050723822,.0028947832,.00019303439,-.0026390976,-.00046309383,.0011308303,-.0023736847,.052179929,-.003849007,.098555058,.0008409,.038386464
.000042922737,-.0090428274,-.00076221197,.012395561,.00042086522,-.0013507049,-.00013213779,.0073855505,.0003922793,-.0032241307,-.00048626706,.0033182707,.00016051455,-.01708388,-.0034456158,.1268083,.0047050933,-.027970225
.00027199337,-.015717104,-.00067614426,.014089515,.00061731209,-.0010696915,-.00019347704,.0082362005,.000034094479,.00031863886,-.00059285242,.0027535853,.0016039489,-.051906228,-.0018237665,.12039019,.0013034409,.059012637
-.00024086937,.0013637409,-.00073102111,.014150141,.00038519723,.0023941037,.00021535929,-.0075073559,.00022741345,-.0018043823,-.0004021544,-.000013688612,-.0037163086,.1076239,-.0028951548,.13441379,.00062021462,.030286588
-.00018222595,-.005643304,-.00038270999,.01013393,.00016213435,-.0031396283,.000012521355,.0025637466,.0002264865,-.0012647364,-.00025078165,.000070753595,-.0012245687,.00082533259,-.0017419034,.054293849,.00021553192,.070784777
-.00012398584,-.006196294,-.00037089383,.0078344885,.00045528397,-.0024769891,-2.1261196e-06,.005390672,-.00031197144,.008815635,-.00046887688,.0023873392,-.005491131,.13394916,-.0052248873,.21665612,.0014691473,.031532221
-.00032218322,.006546007,-.00059583795,.016435262,.00022504054,.0054951808,.00022210351,-.0033204376,.00022596728,-.0028516944,-.00033439926,-.0028194392,-.0054820455,.1635797,-.0047139921,.18458183,.00074960676,.079554528
-.00023924668,-.0066860146,-.0011080478,.015875055,.00069219142,-.010169086,.000091446433,.0039493297,.00056623301,-.002709893,-.00055085676,.0032672372,-.0026751424,.032591525,-.0087450435,.24880843,.000997658,.08951883
-.000019732073,-.0039819712,-.00057581865,.010943187,.0005143077,-.0037635348,-.0002995838,.0095116887,-.000081568993,.00067886349,-.00056427298,.0037558912,-.0036396638,.13034739,-.0023788626,.11222556,.00083238509,.027151857
-8.1002599e-06,-.0015505725,-.00052561209,.012713078,.00039395873,-.001423993,-.00026750876,.0097518731,-.00021978442,.0041873832,-.00032025989,-.0021992482,-.0039184042,.12529264,-.0021424943,.10264923,.00026752235,.083663553
-.000099569486,-.00097406236,-.0008786766,.019071059,.00037127067,.0051260176,-.00011986449,.0046683815,.00027909694,-.0035443355,-.0003377739,-.0017838751,-.011016312,.58370322,-.017040934,.69546348,.015717573,.34841913
-.000088969929,.0050640013,-.00029236666,.0088764615,.00032578167,.0030589818,.000072200346,-.0092027318,-.00024996535,.0054350137,-.0003839604,-.000046388315,-.0027840936,.1420124,-.0028390291,.10452081,.0017990464,.029493678
-.00027774877,-.0011981324,-.00031626641,.0085138232,.0001966744,.00020380734,.00018669137,.00016012222,-.00018314656,.0034393561,-.00023291049,-.0036074757,-.0048573837,.078223109,-.0020856061,.08165855,-.000027556793,.069858216
-.00030482569,.0077052955,-.00052880083,.011135167,.00024555303,-.0019599593,.00013311331,-.0059041227,.000012732151,.0030928578,-.00035216773,.00094765401,-.0068911486,.23900117,-.0053524198,.17715658,.0044319518,-.046245385
-.00021917747,.0019611858,-.00032683605,.011212783,.00053110457,-.0017623161,-7.8252269e-06,.0024233495,.000159584,-.0019589376,-.00047395847,.00097527081,-.0011786012,.064805098,-.0036658298,.17009577,.00097166304,.046298627
-.00036972025,.0034677933,-.0013525118,.027430171,.0003319621,-.0074864668,.00028614074,-.004703348,.00095081993,-.012915934,-.00030179275,.0023516209,-.0028536425,.089457646,-.0030194549,.13046293,.0018058383,.04562236
-.00030376928,-.00057032169,-.00048813509,.010233791,.00036227398,-.010092413,-8.9946197e-06,.0054266457,.00023634351,-.0001596356,-.00034768708,.0026648685,-.001965998,.046503246,-.0048489934,.14955433,.0034184728,-.0094032735
-.00002788987,-.01049796,-.00013317914,.0070057032,.00034499576,.0006615218,-.000088209199,.0065714712,-.00021260677,.0048508542,-.00033436599,.00026630025,-.0015915019,.0060853576,-.0045403745,.16707507,.0014467498,.030340368
-.00043037877,.011660394,-.00045789854,.011658175,.00022759201,.00033443535,.00036065586,-.010846947,-.00014630759,.0021515808,-.00034653302,-.0011358365,-.0064334497,.19721338,.0021811405,-.051791899,.00018135784,.053001363
.000043493463,-.016431039,-.00090212631,.017084412,.00060768129,-.0089815399,-.000204479,.013717594,-5.1355810e-06,.0016177716,-.00060140324,.003371835,.00016788533,-.076145045,-.0048505319,.15886831,.004068946,-.04728986
-.00017468665,.0025893915,-.00036131544,.0069201747,.00013452975,.0032834311,-.000074069889,.0027674439,-.00015315798,.0059310016,-.00020474018,.00097110699,-.0038177851,.12337761,-.003510725,.13635562,.0015002534,.063266344
-.00028361782,.0032482226,-.00092392653,.016005209,.0003237559,.00094230281,.000053531756,.0030048985,.00048072112,-.0033465233,-.00034639888,-.0016084847,-.0030859108,.085935958,-.0085059525,.26437449,.0027413098,.055319373
-.00037383335,.0070304885,-.0010568,.026369592,.00031175459,.0026509764,.00011435962,-.00091358885,.00052856153,-.0064163576,-.00039049805,.00058631209,-.00096519443,.032123569,-.0057328204,.17710392,-.00046425869,.056186222
-.00027804554,-.00038222256,-.0010119581,.018062852,.00015965005,.00020065624,.00031694074,-.0036250954,-.000057349847,.0030597975,-.00030889869,-.000024654863,-.0040548821,.094835073,-.0018912827,.12603548,-.000051695384,.065300293
-.00054810924,.013595854,-.00097713887,.018966191,.00017504126,-.0026144728,.00023405861,-.0055814218,.00054729875,-.0041561546,-.00040554223,.0040855347,-.0045440802,.15276609,-.0031872347,.14859746,.00054070016,.083616577
.00013324365,-.011730327,-.00014953296,.0048014764,.00066033681,-.01188345,-.00030054178,.0149426,-.00014804411,.0029487484,-.00058748556,.0037544691,-.00019954755,-.031153752,-.0025360365,.097358301,.0022603055,-.030401649
-.00021192791,-.0065230485,-.00095779309,.022909075,.00020990678,-.0035670595,-.000092065973,.0060968935,.00088511663,-.013320076,-.00036336883,.0028665701,-.0014562776,.0034729487,-.0050444216,.15706247,.00029067739,.042205144
-.00052330311,.018342314,-.0005176519,.011965086,.00030126481,.00027976348,.000070318136,-.0047634644,.00049670204,-.0038818449,-.00039685238,.000032000571,-.002333733,.11617073,-.0032493533,.14301081,.0011086949,.051734269
-.000058019508,-.0072976057,-.00059547403,.015353785,.00024505012,-.003448921,-.0001992277,.011983671,.000075115371,-.00034651984,-.00035524767,.00073966093,.0001942665,-.029455334,-.005279866,.17535092,.0030679994,-.010559321
-.00052232185,.011817615,-.0012532477,.022942901,.00015574427,.0011032746,.0001823424,-.004067725,.00064070226,-.0051959506,-.00032011309,.0029534712,-.0045176013,.11829335,-.0030576086,.097288646,.0010839294,.049441557
-.00012357604,-.0037370049,-.00015475675,.0067995288,.00030211275,-.00087399676,-.000037405542,.0028424344,-.0003935142,.0079689603,-.0003922318,.0005808362,-.0029216367,.094325565,-.0064887465,.23588152,.003137242,.027599461
.00009259837,-.0083365245,-.00090242468,.017364224,.00011750182,.0013390075,-.000093654562,.0066206092,.000329823,-.0034460998,-.0002118019,.000033734937,-.0018897291,-.00043194281,-.0045596813,.15620896,.0012126728,.037956063
-.000062464649,-.0046139299,-.00031864957,.0072100493,.00058264937,-.006032974,-.0002356145,.011898672,-.00020324094,.0030126174,-.00052684039,.0037437188,.00087532849,-.064283386,.00084989861,.043663092,.0017542018,-.026234545
-.00053918199,.010165327,-.000484952,.010319392,.00045669317,-.0022153649,.00010303039,-.0014794201,.00010616968,-.00065734272,-.00049458962,.003105859,-.00069960428,.010545062,-.0027106886,.082898661,.0027629654,-.021229664
-.00038495313,.0079587353,-.00021338384,.0025983839,.00025416707,.00071120809,.000079289071,-.00011337819,.000028362976,.0031001044,-.00022799437,.00058151939,-.0013535914,.063782133,-.0032850553,.13288029,-.00069252215,.07197579
-.000076675446,-.0043673567,-.00048438145,.015838856,.00028818435,.0054990901,-.00016850645,.0073137204,-.000062061314,-.000066857814,-.00034834893,-.0022649565,-.00017006596,.0037269427,-.0040271506,.16633762,-.00021857544,.068461604
-.00024597332,.0028542944,-.00071136991,.011483516,.00035731026,.0024837861,-.00017528051,.0062821228,.00030073,-.0012972406,-.00035955806,.00051473273,-.0040355166,.093042776,-.005535129,.17299271,.00070362102,.05659673
.00025211697,-.014846778,-.00081127201,.020798052,.00076354382,-.0019187379,-.00020061045,.0080950856,.0003323759,-.0056858184,-.00053475547,.0018516814,-.0017966398,.036247049,-.004868323,.2045612,.00001717323,.12271541
-.000077064688,-.0022935332,-.00082486426,.015481461,.00031554521,.0017360913,-.00012246176,.0062724799,.000039795494,.000037722635,-.00040369926,-.00045746428,-.0017685667,.045585223,-.004346943,.19280143,.0011942521,.033700418
-.00033247384,.0020287824,-.0003077561,.010032029,.00034805064,.00082877226,-.0001155175,.0071897623,.00006112516,-.00058928592,-.00046892339,.0015863301,.0017792989,-.01052199,-.0023705626,.11361783,.00078435498,.092857957
.000047737092,.00034620537,-.0010577987,.020509161,.000057157795,.0056013032,-.00033142904,.0087699117,.00030526787,-.0022713316,-.00013642252,-.0052234549,-.0018162671,.10219968,-.0024703366,.1441102,.00041394864,.066564493
-.000023059343,-.0035337321,-.00062107708,.010721687,.000057293859,.0077951709,.000027157586,.00047694694,-.000057447796,.0058051362,-.00016225249,-.0041482178,.0014414662,-.017841781,.0058171782,-.051347271,.00038644281,.069315962
.00014943436,-.01066962,-.00073391199,.015178318,.00043609692,.0014476231,-.00010581859,.0059154052,.000053728174,-.00083148084,-.00053155021,-.0012197739,-.0020598858,.060061328,-.0049214815,.16814597,.00011647863,.060341254
-.00025409283,.0022406229,-.0013430942,.020176571,.00056484423,-.011637923,.000075953547,.0017016308,.00086168532,-.005864732,-.00050677988,.0066165621,-.0053984094,.15182982,-.0053336555,.16982329,.0026445924,-.0071292999
-.00034193747,-.0035350479,-.00074167666,.01296692,.00019803426,.0040684077,.00019449924,.0023320948,.00022666052,.000010770777,-.00033760432,.00087150017,-.0032310528,.030874208,-.0036228527,.14769123,.0012569171,.030061062
.000085016494,-.0076851374,-.00034345695,.0048009478,.00033674709,-.0034667365,-.00019911173,.010335208,.00007605485,.0030560289,-.00026391441,.0012709966,.00076091161,-.059540175,-.0051540784,.14903885,.0034426881,-.073495969
-.00024417031,-.00084114302,-.00099743449,.018533172,.00028871643,-.00059063558,.00014066856,-.0011935476,.00053646218,-.0042715226,-.0003365525,-.00015542746,-.0013630479,.067493878,-.0033445819,.14909062,-.000094820076,.086790606
.000017258946,-.0023431366,-.00064225664,.014502886,.00014974772,.0016046687,-.00011612271,.0022364508,-.000033185413,-.000096009448,-.00017186973,-.0026150949,-.0042577679,.14912987,-.0053852727,.23570679,.001691649,.084086336
-.00013130814,-.0040826276,-.0010568242,.017025899,.00027360281,-.0015510584,.00042133758,-.0095166769,.00044599967,-.0023875178,-.00044925822,.00074818742,-.004234449,.071186148,-.0082364809,.24994695,.0010148931,.020781461
-.0003484202,.0017103236,-.00044119195,.0067505781,.00035699099,-.0071566473,.00027918839,-.0021988482,-.00005717481,.0033060007,-.0002371711,-.00031586442,-.0062271529,.16090508,.0002607624,.027162418,.0017116225,-.0054121227
-.00022144115,.0045816945,-.00064495951,.01215192,.00023959036,.00052419404,.0001904472,-.0068307989,.0002653469,-.0006635809,-.00034356196,-.00035186595,-.0039076861,.11477339,-.0010129275,.065091036,.00070066209,.03352312
.00014741694,-.011558058,-.0010197518,.017743075,.00018996657,-.00057695061,-.00033286729,.011182283,.00036375193,-.0017165645,-.00023183663,.00021692718,-.0036420517,.044744499,-.0058234711,.20237482,.0063137352,.024480185
-.000383273,.0037949251,-.00079733046,.016857091,.00045716041,-.0055836057,.00014552678,-.0020691431,.00039296164,-.004650197,-.00048771771,.0046457727,-.0057694702,.17983721,-.010543711,.40409791,.0019820537,.022898724
.00011981549,-.009874301,-.00099487707,.01815024,.00020443166,-.00090878195,-.000054960365,.0071514528,.00014264946,-.0020430961,-.00026728897,-.0039263372,-.0021952749,.009598528,-.0017155493,.052197032,.00053048594,-.0063145603
-.00021293861,-.001674202,-.00047657997,.0075344634,.00034203377,-.0037044687,-.00020785784,.0078171296,.000016463962,.0031287961,-.00037102515,.0011542791,-.0042521791,.12462331,-.0061658658,.23893623,.0037340887,.050201707
-.00038155026,.0077434164,-.0012505099,.020110153,.00018204936,-.0021205351,.000052998628,.00094751897,.00066384726,-.0047294833,-.00031948477,-.0002815206,-.0037383246,.12838987,-.0059284321,.23122618,4.3775531e-06,.013999687
.00014694636,-.006793669,-.0014016725,.030515166,.00033383991,-.0017150871,-.00032563534,.0075052627,.00067041779,-.01173016,-.00029570848,-.0019215523,-.0011589859,.051669702,-.0056677866,.26182276,.0029518586,.03708078
-.00027077016,.0020873505,-.00023819205,.0069859237,.00014899713,-.00056868215,-.00022189312,.010554777,-.00016528723,.0042751343,-.00016880409,-.0013271201,-.00031685253,-.00049247238,-.0027750591,.11291328,.00036862015,.051205728
-.000098719647,-.0070434911,-.00052912539,.0081579294,.00032809141,-.0014080083,.00010498444,.0020430649,.00029827325,.0017208231,-.00040432412,.0025663888,-.0038631414,.059456754,-.0032658819,.10349366,.0022138122,.0080541307
-.00016806312,.0010061635,-.0010526233,.019972045,.00034516014,-.0035554117,.000087696229,-.0025386915,.00060657057,-.0068194768,-.00040801716,.00069302408,-.0040397821,.11828548,-.002211648,.14755468,.00096871372,.044937648
.00014032086,-.012273946,-.00040931985,.01138846,.00038548576,-.0013158374,.00008663028,-.000010986509,-.00041848017,.0075478591,-.00028929758,.00023665029,-.00074962457,-.0039532753,-.00054279406,.047485437,.0039912979,-.017982647
-.00013933369,-.0042602164,-.0012654657,.020108718,.00030243277,-.00010185099,.00018251064,-.00072674517,.0013091442,-.014072667,-.00043671922,.0031489036,-.0029566712,.082297415,-.007108245,.22172044,.0016912874,.041158132
-.00053960719,.014922121,-.000565077,.012952033,.00038166615,.00098645163,.00003131256,-.0010631832,.00012451706,-.00035426358,-.00044273617,.00083929265,-.0052781873,.19627063,-.0025659711,.15470497,.00058445637,.067038551
.00012581583,-.0060621407,-.0010995168,.021613032,.00070902851,-.0087961722,-.00019447636,.0058157668,.00051714113,-.0068526859,-.00064507022,.0050313878,-.0031024541,.096481614,-.0048379591,.20348249,-.00080986496,.084482528
-.00022958049,.0043632267,-.00090838521,.018435696,.00017985169,.00067710859,.0001892626,-.0021721413,.00024598319,-.002474685,-.00040301669,.0022057695,-.0058952826,.20355362,-.0020206727,.12145784,-.0010439154,.1056515
-.00034234903,.0073968372,-.0014951832,.029933469,.00033709826,-.0016097974,.00010048049,-.0013946373,.00058119628,-.0065205474,-.00043786541,.0035823465,-.0024052185,.073013969,-.02130973,.58097541,8.7050967e-06,.06445016
-.00054474443,.0098540625,-.00047282086,.010465741,.00022899629,.0011456324,.00024929969,-.0035952493,-.000093209586,.0038424935,-.00036990567,.000759941,-.0043123751,.12618427,-.0048542949,.20280792,-.00020891918,.037929349
-.00028774291,.0023213995,-.00060195226,.013578229,.00024526118,.00045644632,.000078345482,-.0012313868,.00028949889,-.0029912645,-.00035586415,.0030484465,-.0036649194,.066149965,-.00094161648,.03904872,.0049309698,-.061682567
.000030311223,-.0077576032,-.00086706481,.016154943,.00029358827,-.00027412607,.000012221069,.00031399573,.00019883002,.0014567142,-.00032175423,-.00026028694,.00013996683,-.01438754,-.0059754858,.20986807,.0016350048,.018881343
.000012116872,-.0083427541,-.0010349146,.018655045,.00013769415,.0050610034,.00010501542,.0028835125,.00067800889,-.0049917381,-.00013492376,-.0030707025,-.00093481014,.013607595,-.0057933573,.23394836,.0009858039,.078690551
-.00019713279,-.00037684978,-.00054909452,.013498755,.00061281386,-.0058694589,.00009917,.0019510931,-.000092386916,.0033231885,-.00039997231,-.00066899892,-.0040487517,.079663657,-.0034037961,.14338596,.0023225273,.020193053
-.00036023324,.0035123643,-.00046341476,.010958925,.0005471973,-.0054432852,.00012892642,-.0031960516,-.00042785611,.0088216504,-.00045155748,.0013546757,-.0093957968,.28790891,-.00014829537,.17457859,.004015639,.1339483
-.000075279779,-.0086004948,-.00030676665,.0056336317,.00035837502,.0023603202,.00021584518,.0017500697,-.00018327853,.0053553148,-.00051924016,.00032297004,-.0023965826,-.014807165,-.0041024466,.14762524,-.00059847231,.065915301
.000027858965,-.0060911882,-.00020884219,.0023490286,.00012826567,.0019882172,-.00010275747,.0063127042,-.00021787964,.0053048804,-.00014360917,-.00096495118,-.003131266,.11150369,-.0075061647,.23118769,.0013920777,.071822464
.000066556124,-.0043961378,-.0012866274,.025991699,.00017058948,.0061624125,-.00024284043,.0060931067,.00049047242,-.0059277308,-.00029493464,-.0019134009,-.0010685764,.019173449,.00084019767,.08799798,.0011214673,.068343274
-.00023943816,.0022851925,-.00069389434,.014886011,.00027049193,.0017508251,-.00011365433,.0023615623,.00022639221,-.0021642114,-.00036387661,.00061175739,-.0016920165,.062241286,-.0052370555,.19695269,.00054200651,.074872993
.000075745658,-.011480784,-.00067740149,.013690777,.00030244526,-.0015428764,-.00004071858,.0035487262,.00028227779,-.0023030997,-.00030541929,-.002709494,-.0010373225,.010069545,.0015990237,.031113548,-.00042051496,.09153264
-.000057513938,-.0081200348,-.00046837673,.011699313,.00046959001,-.0034237329,-.000059558388,.0052503711,-.000060879596,.0022574652,-.00046283583,-.0013795878,-.0017157417,.023683922,-.0043439912,.17369421,.001390198,.033607479
.000033148208,-.0058484138,-.00002016418,.0032297734,.000028201677,.0045849495,-.00025184738,.0071951025,-.00058102736,.012251589,-.0002019642,-.00030609375,-.0013221105,-.020827914,.0013586363,.050222915,.0012976532,.059325039
.000067621615,-.0068534054,-.00039180086,.0058393027,.00055986422,-.0065330695,.000094471412,-.0014966209,-.00012676776,.0033323045,-.00049803103,.0038512831,.000068044727,-.041410401,-.0023710812,.11261616,.003484705,-.039648138
-.00038430907,.001993319,-.000082519415,-.00032355989,.000077591816,.0014358707,.00016294977,.00061383744,-.00037452974,.0093282145,-.00016876661,.00087425148,-.0043594274,.086379819,-.0040697041,.15944815,.00081100257,.032328386
-.00050037465,.0062948042,-.00065388926,.0087485909,.00029590301,-.0015231405,.00023011102,-.0037750513,.00013736798,.0038828314,-.00035103163,.0025264944,-.0049094614,.15599604,-.0044873259,.1943711,.0016976619,.035935264
-.000042225034,-.0043810494,-.00062175555,.01096815,.00046298781,.0013034904,.000045883193,.0012953711,.00027570524,-.00034471642,-.00044328131,-.0011302151,-.0022910917,.082051806,-.0045285788,.12137073,.0014913116,.036903281
.00029426831,-.026624912,-.00096571579,.018466365,.00017622609,.0021746182,-.00019047226,.015607306,.00058813801,-.0052761864,-.00029752951,.000092373601,.00044386397,-.084778242,-.0075553441,.2500048,.0014066483,.053676244
-6.3729431e-06,-.0041664396,-.00059608533,.011188514,.0002453099,-.0029640901,-.0001388532,.0052364864,-.0001076343,.0031473564,-.00028921111,-.00080433267,-.003203697,.056185313,-.0017525173,.10750118,.0028118563,-.025159979
-.00028639543,.0027511085,-.0003014025,.0091659846,.00019481327,.0023793625,.000013059741,.0024620856,-.00012144077,.0014817083,-.00029557428,.00090055732,-.0034117489,.078565165,-.0035758889,.16392803,.001475135,.051528558
-.00021411519,.003954621,-.00082423398,.017957719,.0001121844,.00345579,.0002011711,-.0048615243,-8.7455664e-06,.000037007943,-.00021882028,-.0033323036,-.0040164981,.088682555,-.0047210045,.13765979,.00011906127,.056247689
.000042180578,-.0053425436,-.0010293149,.018272737,.00039060749,-.0056487434,-.00020872457,.0091926428,.0002040446,.0011863889,-.00041408231,.0025969939,-.0026959677,.060199156,-.0031784836,.12488604,.0025793172,-.020277178
.00018086207,-.014592433,-.0009059126,.010650837,.00019630461,-.0010888499,-.00012470933,.011004061,.00039541462,.000040800976,-.00025996362,.00053906994,-.00040498556,.0053092521,-.0040776487,.14630957,.0020924131,.037987746
.000062780971,-.012297794,-.0014523336,.022400565,.00040430835,.0031074774,-.000093457253,.011441558,.0009238121,-.0061275121,-.00038025927,-.00058506924,-.0011061457,-.037428271,-.0062565776,.17850044,.001618619,.054718133
.000016968383,-.0083500044,-.0010148491,.018881226,-1.0471746e-06,.0059120278,-.00018134023,.011529017,.00027068934,-.00027607902,-.00017572398,-.0013315422,-.0019875779,.046894323,.00025193443,.05798417,-.00081554381,.050103724
.0002464554,-.01085349,-.0005151956,.01013621,.00045303555,-.0036354519,-.00038239241,.014436531,-.000090596521,.002015278,-.00042453862,.00026588913,-.000057938105,-.012776819,-.0018332446,.091747098,.001354254,.047169335
-.00012510392,.0029960107,-.00023624949,.0017608555,.000013807473,-.0030739829,-1.7691345e-07,.0013532299,-.00020737185,.0061764522,-.00024254037,.00085116812,-.004611704,.12117135,-.0046754531,.13993619,.0024618551,.0037640652
-.00020477013,.0047327327,-.00098180468,.020298051,.00043562087,-.0099391751,-.00011801304,.0050609512,.00015849147,-.00010724096,-.00029381819,.0025143905,-.0014362251,.087865509,-.0031922276,.1305296,.0023358034,.0051500769
-.00029248369,.005762754,-.00068291562,.012708889,.00023183813,-.001999676,3.7138836e-06,.00083637709,-.000022297194,.0027274776,-.00031160729,.00069129094,-.004895695,.17490245,-.0020908124,.078785948,.0010809137,.025866015
-.0001587256,.0028750927,-.00068207132,.010405615,.00048146589,-.012663681,-.000099511046,.000026698355,.00032026213,.001059065,-.00056492887,.0084334696,-.002698028,.11786144,.005273235,-.073058382,.0027393934,-.011572247
-.00010817336,-.0075259367,-.00092623953,.017204212,.00030559677,-.00020417551,-.00013854721,.011278511,.00028365271,-.0021774664,-.00041550709,.00096670905,-.0042180233,.093762495,-.0071957302,.2558938,-.00023909006,.18120939
.00010309568,-.0052122567,-.001401271,.024974814,.00054281845,-.0077544143,-.00014954773,.0033903907,.00045196345,-.004728144,-.00055568735,.0033967495,-.0013192326,.051638752,-.0054210764,.2099552,.0017027042,.10684429
-.00022193838,.0016612161,-.00067548768,.015399767,.00034885068,-.00070686184,-.00001897423,.0037059202,-.00010578225,.001518958,-.00043430983,.0021851843,-.0047212555,.10578925,-.0083005941,.29393715,-.00061846309,.078546308
-.00010864832,.0017113215,-.00095703948,.019847153,.00038574132,-.001510486,-.000087761771,.00092734792,.000046206049,-.00049004611,-.0004441315,-.00016065352,-.0025141505,.12064441,-.0012927433,.090418331,-.00011034609,.06581182
-.0001263678,-.003650778,-.00077398628,.018791586,.000170639,.001558859,-.00024308877,.0095093967,.000071427145,-.0026749263,-.00025879068,-.0034367891,-.0048500937,.10906233,-.0040086466,.26733044,.0033090066,.022980075
.00022139923,-.016576728,-.00032775349,.010251822,.0005459988,-.008025635,-.00024550746,.01176964,-.00018010041,.0021777307,-.00047451214,.0021953557,.0010953224,-.098701335,-.0051995846,.20740765,.00055419677,.093667068
.00028019128,-.015203767,-.00020661551,.0048287609,.00038753572,.00064213161,-.00027610338,.0087798787,.00019743391,.00038171373,-.00032454749,-.0019334788,.0023350595,-.043953255,-.0037669842,.15018812,-.00081101269,.062438227
-.000082080303,-.0046968786,-.00069264619,.011938971,.0002681246,.0023369065,.00006407233,.0046771998,.00019097028,-.00072280382,-.00034189422,.00062735053,-.0036429027,.066391759,-.0068083978,.18779041,.00073003391,.048267525
-.00029509739,.0015227548,-.00090859481,.014619008,.000081888385,.0014768639,.00019169698,-.0011340271,.00048665464,-.0030088685,-.00016871151,-.0018657339,-.0048229718,.12217517,-.0013955251,.077312067,.00065052172,.04049303
-.0002715147,.0069115618,-.0013755595,.028517704,.00043854062,-.0016651056,-.00027822549,.0069362936,.0010223244,-.015416185,-.00050830544,.0021518553,-.0030090751,.11926363,-.005919978,.22014979,.002506983,.040970348
-.0002494872,.0010729026,-.00074391346,.01488364,.00023109905,-.000973241,.00016177278,-.0019294831,.00029111441,-.0025369599,-.00036743679,.0011901434,-.0027602171,.063460976,-.006337902,.18592313,.0014862522,.030009557
-.00012317939,-.0046988465,-.00048003139,.010540534,.00030839368,-.0058427849,-.000043510263,.004832597,-.00017881418,.0061281798,-.00024032946,.00026368452,-.0028455844,.074516185,-.0020315861,.11136672,.0018146175,.046051688
-.0002553435,.0047951993,-.00065713655,.013248818,.00031648422,-.0020166233,.0001922978,-.0033735477,.00051803346,-.004402996,-.00039309202,.0025060114,-.0025216311,.089345336,-.0034276685,.094397441,.0022224579,-.045021504
-.0001927742,.0030506416,-.0006247898,.016686523,.000269168,-.00035477575,-.000069654554,-.0008952365,.000099792269,-.0038720593,-.00027496397,.00021284098,-.001868489,.071077324,-.0018212245,.10068832,-.00062799343,.06699416
-.00024915324,.0033058741,-.00040456845,.006540528,.00014383224,-.00059804408,.00014338187,-.0054921866,.00002284638,.0027119906,-.00035172451,-.0010085523,-.0034270685,.12631634,.00033804687,.031405304,-.00074225536,.083336234
-.000038572758,-.0041164774,-.0010238497,.020687813,.00032316745,.00068088208,-.00012616358,.0082659628,.00039051886,-.0034470137,-.00032610513,-.0018364794,-.0031902913,.092904948,-.0068300911,.22050413,.0013266522,.070747912
-.00018866464,.0031178964,-.00032874907,.0065058484,.00013763714,.0036135465,-.000060258157,.0035316981,.00023283303,-.00056242436,-.00028279287,-.00031803132,-.0026474874,.098876029,-.0047223396,.1474838,.0017150653,.045022015
-.00015031906,-.0020195763,-.00055432459,.0079165241,.00032016798,-.0015784382,.000016082706,.0036033432,.000069283029,.001889435,-.00037943979,.00011593655,-.0035139313,.07324522,-.0018971958,.11040763,.0010131582,.010050628
-.000080421523,.000048107973,-.0006312512,.013875869,.00030565794,.0010615055,.0001231097,-.0032737877,.00049012539,-.0059399931,-.00039523735,.0015763107,-.0037453007,.10409991,-.003560913,.16509321,.0016102598,.066373959
-.000083989478,-.0027390842,-.00075071584,.0096749207,.00017989868,-.00053093542,.000043192162,-.00023231698,.00060703658,-.0031706819,-.00033301944,-.0014610969,-.003823034,.11577547,-.0052845748,.16052812,.00052365341,.041516621
-.00019695314,.00084671658,-.00043840965,.010662698,.00052963349,-.0036856048,.000011758521,.0045304624,-.00028245908,.006267515,-.00060618151,.0039285878,-.0052836491,.17820168,-.0032488082,.24002373,.0020855484,.037071966
-.0002260794,-.005538037,-.00072609598,.014955376,.00032531252,.0041080052,.00022370557,-.0014442318,.00085936411,-.0092646517,-.00032699294,-.0011753662,-.0044872272,.15073277,-.0059715468,.17254531,-.00036066162,.0610702
-.00056840503,.013315655,-.00063860707,.013149619,.00030600221,.0029976338,.00014518485,-.0029725726,.00042449529,-.0010809238,-.00038009288,-.00086416927,-.0011101465,.072505862,-.0020886681,.080192223,.00045811775,.062465992
-.00012746184,.0026713959,-.00062052667,.014670891,.00050616119,.00069894025,3.4685283e-06,-.00077523227,.000010238427,-.0013799261,-.00050320558,.00045392735,-.0016526179,.022500973,-.011590503,.31820422,.0025587508,.066327989
-.00024607353,-.0037677363,-.00081834424,.012705474,.000067589121,-.0006394817,.00012057349,.0033602717,.00058043859,-.0011696325,-.00022562753,.000087141918,-.0035201591,.079372212,-.0047971052,.15285833,.0020947692,.034019362
-.000046757752,.000078644422,-.00075720157,.017583827,.00018389424,.0026511382,.0001024057,-.0018774504,.000098292832,-.0023985612,-.00029127629,-.00030734733,-.0046995278,.17233631,-.0066567385,.25379199,.0016033911,.036806092
-.00018030562,.00237033,-.00050765602,.0068797204,.00020065236,-.00022729128,2.8786692e-07,.0013058246,-.00010360619,.0053986558,-.00038158582,.00088306243,-.0039791688,.11524171,-.0023269593,.11400077,.0004115164,.045909014
-.000090739682,.0032535845,-.00048326823,.0087102065,.00038578009,-.0031457769,-.000011314352,-.0021478839,-.00010371289,.003669726,-.00043855325,.0025554416,-.0025484459,.097349837,-.0024895333,.11362169,.0039463006,-.036295846
.00017785247,-.018006582,-.00056883862,.015239192,.000264631,.0049014301,-.00021537044,.01063014,.00032525964,-.0023029989,-.00032860888,-.00073467009,-.0017220996,.016713344,-.0041728597,.15024702,.0011375538,.056203555
.000059584705,-.013783143,-.00098382949,.017861677,.00020182658,.0017841161,-.00025969159,.015183313,.00068487535,-.0087921983,-.00030238761,-.00082112849,-.0021230159,-.030787176,-.0024550057,.13057874,-.0018434469,.14075939
.000055690474,-.01321201,-.00099364179,.016620427,.00029622603,.0023234726,-.000084118183,.0092362547,.00036064483,-.0012186174,-.0003961699,.00080933666,-.0016982625,-.0023806253,-.0070207515,.22028482,-.0001000342,.090841338
-.00018869108,-.00042536482,-.00089236628,.017910374,.00020525503,.0044531557,.00033106923,-.0058199503,.00026996949,-.0021564299,-.00024697671,-.0034940774,-.0040739467,.1155465,-.0087716505,.31522274,.0034234393,.043312654
-.00040060599,.0087032858,-.00055506243,.016207865,.00028305763,-.0011012424,-.000066105953,.00056380534,-.000089018518,.0011724088,-.00028448354,-.0028556229,-.0047199745,.14789397,-.0023000576,.17014879,.003359579,.036553469
.0001492766,-.01399299,-.00084067532,.012888225,.00039158497,-.0095666787,-.0001270448,.0076055904,.00021980829,.00079724164,-.00045566112,.0034190929,-.00055632938,-.011112873,-.0076577459,.18038036,.00065409351,.033676732
.00013724147,-.0067762136,-.00081840565,.014123168,.00032566997,-.0047323895,-.0002586068,.0075302171,.00013244395,-.0013011239,-.00019265887,-.0031581067,-.0014815823,-.0049280152,-.0096462211,.2898058,.0030863162,.0071642972
-.00025076521,-.0027632937,-.00087937835,.020658728,.00024644248,.0039118784,.000085677981,.0029112836,.00060459925,-.0095556257,-.00035110407,.00032069554,-.0046388907,.118168,-.0035288122,.13125475,.00041167653,.060625069
.00024644795,-.015990559,-.00051155878,.011695893,.0005578156,-.0078455377,-.00022129925,.0097249988,.000011910643,.001177548,-.00050202775,.0019684974,-.0015637926,.022102783,-.0044082771,.19099948,.0032023599,-.00095727749
-.000082219427,-.0070711565,-.00024685235,.0068891952,.00022461965,.004222325,.00025408366,-.0003033356,.000070393144,.0023586482,-.00038522569,-.00065494061,-.0043881494,.068600915,-.0050058155,.11867574,-.0012006728,.040508505
-.00018718046,.0047292593,-.00098451425,.018961219,.00020957463,-.00028727125,-.000040701554,-.00018673133,.00014405622,-.0014233071,-.0002477979,-.0038783718,-.0025386948,.097077936,-.0013895059,.069305614,.0015624663,.032519564
-.00021987887,-.0033405782,-.0013404173,.024816304,.0006577844,-.0070378743,.00029020896,-.0036411809,.0010009592,-.011423571,-.00050206215,.0030884838,-.0016240691,.047119103,-.0091317557,.39554188,.00058235065,.18430778
.00031577717,-.013476618,-.00032810165,.0051737954,.00028048307,.0022295946,-.00039000661,.01006735,-.00037057762,.0091000302,-.00038012106,-.00019712963,.0036633001,-.09884458,-.0035115904,.13472576,-.000098018143,.024503665
-.00056536222,.014973608,-.00049937965,.016198285,.00024893077,.0023788353,.00028688367,-.0092287324,.000096069984,-.0016313994,-.00036603093,.00092208682,-.0041786144,.14127311,-.0080320025,.30504224,.0043665818,.033344574
-.0004682233,.0098750433,-.00054539443,.011376581,.000081154147,.0019889083,.00026254635,-.0060939007,-.00010259908,.0010851566,-.00024960664,-.0015260794,-.0054209596,.19790077,-.0036183239,.1859131,-.00021496227,.074361183
.000013717204,-.0053313915,-.00086751382,.02058134,.00029657793,.0039500408,-.00005216639,.0018786109,.00034687889,-.006534636,-.00035135943,-.0013941821,-.0020616618,.057328489,-.011043085,.38674453,.003617024,.051387876
9.5640116e-06,-.0077251648,-.0014022902,.029529076,.00044687651,-.012227047,-.00017274091,.0089444211,.0015968963,-.025587384,-.0004035036,.0056803115,-.0011340615,-.0078360643,-.0068735597,.20261338,.000035881723,.024256358
-.00010966756,-.0031906562,-.00070282293,.012513135,.00019237699,-.0021656719,1.9434672e-06,.003588187,.00024096062,.00038905791,-.00026037474,.00075177336,-.0027071396,.080087736,-.0042042919,.15987091,.0011461901,.028496295
-.00025834114,.00040746521,-.00035227384,.01115466,.000047164474,.0035186659,.00018514026,-.00021450652,-.00015614052,.0020365887,-.00017482767,-.0033695584,-.0038954902,.099593744,-.00056107831,.09128391,-.00021318962,.070376441
.000084814121,-.0039257868,-.00069620617,.015569346,.00024230349,-.0026545024,-.00013439659,.0021084913,-.000071805756,.0010066981,-.00033211883,-.00050259707,-.0015570634,.088867046,.0010013094,.10400803,.0023894857,.041600719
-.00029756097,.00026642266,-.00023966414,.0019868347,.00028559085,-.0022688888,.00019800587,-.0014863501,-.000010749413,.00489301,-.00025961516,-.0014086611,-.00095709163,.011556306,-.0040612957,.13313158,.00035768552,.04837013
.00002266212,-.0048318878,-.000320472,.0081316102,.00043702731,-.0061616572,-.000093968105,-.00066974951,-.000091638693,.0028071019,-.00053981075,.0033279371,-.0012802148,.018949555,.0013149893,-.0032153213,.0028110489,-.04559527
-.000020561867,-.0048623504,-.00073112414,.011904711,.00021172409,-.00097157079,-.00008121835,.0047901287,.00034876209,.00066728942,-.00031648055,.00335902,-.0011587312,.035019688,-.0049419114,.16781776,.0018481133,.014302026
-.00034447896,.0048450753,-.0002698832,.0061351014,.00040239457,-.0080355508,.00027051623,-.0079917172,.000015960091,.0037311169,-.00037613677,.0023308957,-.0039435979,.080317624,-.002046257,.085777707,.00078094378,.023790997
-.00011320804,-.0047044638,-.00094413565,.01758153,.0006057779,-.0085283946,.000066250715,.0034069524,.00041049102,-.0038920073,-.00052934227,.003734807,-.0036471994,.092855722,-.0073803514,.22116199,.00029290552,.09296906
-.00020341082,-.0098738475,-.00039777413,.010068685,.00056701939,-.002701048,.000073652569,.0068703373,-.00033512566,.010039458,-.00055038609,.0057108509,-.0028796503,.013965371,-.0021704747,.12045794,.0019083659,-.028030338
-.00030554441,.0038343489,-.00081809965,.01335108,.000074881689,.00038824466,.00013051843,-.0018758933,.00096820464,-.010611806,-.00025856943,.00020620918,-.0032571671,.060182918,-.0033700722,.096926793,.00010780124,.034492183
-.0005680609,.013570637,-.0010163564,.021718416,.00023297599,-.0021484499,.0001486846,.00096659485,.00092181884,-.01320774,-.00035434595,.0018806841,-.0044774078,.12943611,-.0066925078,.23678222,.0018992161,.026094478
-.00003948509,-.011591018,-.0008478387,.01910023,.00048980262,-.0088006034,-.00011668965,.0091634206,.00032783748,-.0052585187,-.00060910417,.0060810195,-.0015619439,.0096708089,-.0062227184,.18471947,.0014339141,-.023013368
-.00033123637,.00036086951,-.0010193473,.01686498,.00028599636,-.004944026,.00028213955,-.001698341,.00059319579,-.0026155538,-.00023886737,-.002592901,-.0064196703,.20958303,-.0041326494,.14012833,.00079088914,.032728791
-.00014528281,-.0011783411,-.00067182025,.01257592,.0000178305,.0025936097,.0002028473,-.004753984,.00046742591,-.0011177956,-.00029993115,.002650605,-.0053797737,.15843631,-.0026355444,.10390485,.00079742144,.053220376
-.00022238449,-.0016377458,-.00040381492,.0088766972,.00032957958,-.0010525803,.00026263608,-.0035501949,-.00014636197,.0046408069,-.00032198723,.00088744541,-.0057376088,.11600874,-.0047951406,.14113423,.0036198027,-.042041507
-.00047252423,.0077071842,-.00060608081,.011069145,.00024327049,.0030496097,.000068071218,.0016704155,.00015377348,.00047161549,-.00037843292,.00013588037,-.0042877919,.087352164,-.0021914046,.10715181,.0011244522,.070067197
-.00044239772,.0065965159,-.00078074896,.014275207,.00016774808,.0042747101,.000097610202,.00023683258,.00044516643,-.0010783199,-.0002706786,-.0022586533,-.0037069733,.1553635,-.0032594446,.13236199,.0010838642,.082425572
-.00052886247,.010960842,-.00088522385,.014502319,.00030223149,-.00056100613,.00054059079,-.014930189,.00031183803,-.0018052642,-.00036845158,-.0033517897,-.0062633352,.22577579,-.0081170313,.26976746,.0020626073,.034421146
-.00038671444,.010138487,-.0014759073,.031065922,.00050227123,-.0023050923,.00016920191,-.0064956141,.00098719588,-.015236188,-.00046196231,.0018963618,-.00374809,.10904094,-.0061312653,.21718957,.0031050437,-.0057096123
.000029492832,-.0083805779,-.00082782499,.017398894,.00029083429,-.003087969,.000031757132,.0019625088,.00020052535,-.0011363731,-.00030211214,.0013747633,-.0021621587,.058527503,-.00087804144,.053885195,.0031110197,-.00088622927
1.0182519e-06,-.0080696018,-.00086794299,.014874683,.0001535851,-.0041936743,-.0001780368,.0087416014,.00025342387,-.0019074528,-.00023977128,-.0002483381,-.0017701352,.0064885784,-.003660376,.20859329,.0030497087,-.0097886818
-.00023694067,.00028425374,-.00134221,.025522407,.00013926283,.0004876926,.000016628237,.0017452487,.00041282244,-.0039245575,-.00024247605,-.0014928589,-.0016002149,.048179224,-.012898841,.38046607,.002320068,.043103032
-.00026862274,.00034794674,-.00049599982,.010757727,.0001942887,.0018943371,.000035397868,-.00087529974,.00024155967,-.00075195561,-.00029587734,-.00095625845,.0003221659,.026221048,-.0015267382,.028105641,.00039211533,.062232684
-.000079845697,-.0013092741,-.00090672815,.018048169,.00044620567,-.0043765111,-.000071782459,.0035275086,.00040420238,-.0025058414,-.00039204457,.0025062799,-.0034062751,.11671336,-.00307629,.11778054,.0039630593,-.022408525
-.00030175826,.0034679919,-.00092846807,.014087718,.00031690946,.0033015618,.000055137825,.00081142789,.00048609113,-.001665853,-.00037160801,.00023856835,-.0040374305,.12641306,-.0049018767,.17792496,.001935527,.041867942
.00022363548,-.011995115,-.00050264515,.0073433858,.00015026845,.00048983441,-.00018230944,.008449127,-.00018547043,.0053999182,-.00029836327,-.0013003923,.000096898679,-.025935214,-.0041366401,.16899812,.001404781,.046317257
-.00013940842,-.0030817001,-.00073909678,.014735322,.00028645509,.00036961198,.000092292044,.0015713391,.00012095533,.0014633199,-.00039064162,-.000039327453,-.0036733379,.067191139,-.0057243854,.13581368,.00089699525,.044277061
-.00033965069,-.0025441495,-.00056703045,.011658818,.00031042509,-.0025435151,.0002205927,-.0006866795,.00019971149,-.0012582853,-.00043746392,.0024710211,-.0023535516,.03590912,-.0020391115,.093938068,.00035999485,.040602092
.000035776757,-.0050263284,-.00062750303,.010803293,.00031987796,-.0040437938,-.000082471583,.0033795875,-.00024098992,.007663663,-.00038856082,.0025009983,-.001743277,.060643647,-.0054399404,.2106754,.00086059608,.056982551
-.00035911519,.0040579089,-.00067069335,.013925606,.00024959922,-.00030589252,.000063801177,-.002201604,-.000043225398,.0017926588,-.00012196964,-.005126934,-.0043318551,.1467717,-.0040885713,.1812707,.0028841977,.058328237
-.000018900182,-.0041509303,-.00080926332,.014011667,.00048852054,-.0057133306,-.00015267215,.0099234479,.00059835747,-.0048714513,-.00043204788,.0029129405,-.0026291159,.042354397,-.0049048779,.13211365,.0014383028,-.018610923
-.0001462197,-.0025706228,-.00039275334,.014301852,.00012262123,-.00079632225,-7.0720662e-06,.0038426698,-.0001442473,.0012175114,-.00026103211,-.0008190705,-.0041968203,.13116074,-.0062560383,.2474899,.00091880671,.0886629
.0002803636,-.016300807,-.00063093402,.013879882,.00011144132,.0040701097,-.00033033956,.011504689,-.0001481308,.0067540538,-.00015099267,-.0036126047,.00030931036,-.02864165,.0043657073,-.064487919,-.00026740116,.081701741
-.000036017685,-.0043145264,-.0013324197,.025216866,7.9728861e-06,.003488003,-7.7608656e-06,.0038005931,.00050884968,-.0055571161,-.000076973236,-.0048574079,-.0015807552,.078571998,-.0070965425,.21005253,.0022174646,.048671685
.000034840716,-.0089730583,-.00037905396,.0087831281,.0001786464,.00028933916,-.000086693923,.0047395844,.000016266767,.0018236834,-.00030714422,.00087810273,.0007847239,-.063587658,-.0054098261,.19926798,-.00040785797,.067502275
-.00015082341,-.0062287021,-.0014989926,.02667016,.00021933534,.0038536969,.000030408055,.004879164,.00090101216,-.010630785,-.00021266978,-.0011988342,-.00017288947,-.026039617,-.010368503,.26088589,.0020070854,.050045602
-.00004849839,-.0019111397,-.0010083806,.021640973,.00043131469,-.0038933714,-.00014978653,.002347644,.00078169204,-.01060002,-.00046421061,.0017991088,-.00064606819,.062923759,-.0055890167,.15557562,.0033542514,-.085176229
-.00031698932,.0054641189,-.00073583645,.014246719,.00039379092,-.0033031367,.00023642615,-.0023492838,.00027058946,-.0013024488,-.00052071235,.00090474909,-.0047530737,.12565374,-.0012179466,.056101002,.00085603684,.048770081
-.00027959631,-.0021015469,-.00038363526,.00639136,.00028170727,-.0014398197,.000089515466,.0026707281,-.000064998349,.003853542,-.00026136922,.00086840347,-.00043292332,.024786239,-.0045588571,.14654225,-.000074035983,.027366368
-.000061564577,.0038597709,-.00044074599,.00866755,.00092727219,-.0089746341,-.00018932183,.0014315415,-.00022450188,.0044889362,-.00072818052,.005827242,-.0021348686,.1267502,-.001934285,.13647875,.0039476566,-.023154078
.00024458076,-.021320483,-.00124979,.021634808,.00030724282,.0017436574,-.000092260816,.013429267,.00065924489,-.0048481636,-.00039321152,.00069328019,-.00021801902,-.072542064,-.0060358681,.18618587,-.00031355684,.038851433
-.00024508231,-.0024911959,-.0011348525,.026030453,.00048493381,.0013425489,.000057898149,.001533749,.00076757342,-.013975429,-.00045692365,.0021317247,-.0026980715,.074568696,-.0053411052,.23232956,.0076408889,-.03295324
-.000074943571,-.011928986,-.00061459013,.012812071,.0004236481,-.00041643687,.00027404798,.0034607463,.000031738011,.0014140826,-.00044051389,.0017331719,-.0038254042,.034695406,-.0045779929,.12100638,-.00017200784,.037137598
-.00028852539,.0064346269,-.0011534261,.021536238,.00047848752,-.0038068655,.000069157184,-.0025477121,.00007482012,-.00084797858,-.00045258887,.0015199544,-.0052833152,.1711157,-.0044835084,.16710265,.0019394932,-.013976237
-.00032314405,-.0016599119,-.0010136286,.016071608,.00029219087,-.0057640574,.00041988058,-.0024143136,.00034407669,-.0015843229,-.00017952308,-.0029733852,-.0052797631,.13720936,-.0035037661,.13472188,.0018241034,.031009007
-.00023963759,-.0033766471,-.00042418184,.013331672,.00035788849,.00075269258,.0002436418,-.0042809737,-.00011978923,.0015431033,-.00028033191,-.0016387604,-.0038145271,.074815556,-.0013514375,.087135181,.00088078098,.051532004
-.000036229692,-.0037807811,-.00041242896,.0039958511,.00023090265,-.0031803749,.000068955458,-.00039821549,-.000037209647,.0065663364,-.00029097474,.0020014278,-.0030480914,.041382313,.0020731566,-.012105534,.00028609473,.042656913
-.00031334331,.0033745933,-.00032227568,.0090988632,.00047641827,-.0070823161,-.000019365163,.002971648,-6.4575318e-07,.0014470676,-.00045529567,.0048557986,-.0022418688,.075429253,.0007594109,-.017687541,.0024407103,-.047462955
-.00031664321,.0039509949,-.00042942064,.014710703,.00034205103,.0015360935,.000067962239,-.0013684202,.000011401914,-.0018764067,-.00039645721,-8.4196836e-06,-.0024138482,.085327663,-.0026536435,.14203085,.00042675048,.044897996
-.0001743521,.00040745438,-.00058270647,.011452571,.00036801773,-.0015720377,-.000069241396,.0023957442,-.000020834639,.0021831507,-.00022490445,-.0033808504,-.0018423587,.10738005,-.0021315503,.12826613,.00056573423,.08215595
.000092802133,-.010308614,-.00063621893,.013747972,.00045909965,-.0062986901,-.00011972035,.0031176065,-.00014120578,.0043469407,-.000531108,.0057030264,.0016262645,-.14374386,-.0041251276,.18060921,.0068615684,-.093287945
-.000048165602,.0018405193,-.00069280248,.013560595,.0002728691,-.0027024259,-.000025110836,.00048276255,-.00019258454,.0052843019,-.00039157423,.00051053148,-.0021677837,.040112313,-.0046057687,.17358273,.0023206666,-.012598206
.000016822152,-.0045871008,-.00083448034,.014779084,.00016011798,.00066117058,-.00014751102,.0029790974,-.000047042002,.0020214228,-.00034923884,-.0012480923,-.0026540316,.056684062,-.0040289811,.17189531,.0015496606,.061339878
-.00016709363,-.0012399268,-.00043228472,.0099118324,.00057004922,-.00068997021,-.000062165105,.002410278,.000085270221,-.00046901853,-.00059249846,.0017833976,-.0021017406,.020586066,-.0021639543,.11595394,.00059167366,.047144711
.000083117586,-.0080300448,-.0014935473,.027477272,.00032872555,.0015523259,-.00014271885,.0074407374,.00085338199,-.0075424025,-.00030703371,.0007424255,-.00089399482,-.064658023,-.01000763,.29681915,.0010105722,.049261831
-.000023135486,-.0092651648,-.00063191395,.016795475,.00043250885,-.00070424593,-.000028569446,.0061123827,.000094458053,-.0029548167,-.00029104552,-.00043550701,-.0015725247,.023676531,-.0047643366,.17123201,.0011032792,.047164626
.000029296853,-.011401743,-.00074894977,.015513497,.00033928442,.0036102205,.000097683886,.0012957306,.000093202791,-.00043824423,-.0004056379,.0011305627,-.0015041401,.024773713,-.0037841101,.13927135,.0014171588,.02357302
6.1156284e-06,-.0068109985,-.0011393173,.019874536,.00020248083,.00012359289,-.000013170614,.0012300161,.00078506628,-.0067389379,-.0002712892,.0016007215,-.0025016058,.053846452,-.0064738095,.18441582,.0018429811,.021525003
-.00030984075,.010116354,-.00088620442,.02440674,.00037680299,-.00035220405,-.0001086066,.00053858582,.00012548844,-.0043948703,-.00036389637,.00073256448,-.0004212647,.032146577,-.0045329491,.16795108,.0036645036,-.017577488
-.00018538481,-.0026947421,-.0008548132,.013242257,.00040295147,.00092335959,-.000012161506,.0030648722,.00047040239,-.0013479715,-.00034121607,.00089364708,-.00026928814,-.036096815,-.005283583,.15851717,.0012404596,.007824556
-.00018616914,.002642018,-.00055939041,.0077335788,.00027624884,-.0097243804,-9.9821737e-06,.00013305138,.00012865543,.0034324175,-.00035643348,.0036609017,-.002220971,.035724789,-.001325282,.055507254,.0014840566,-.019359274
-.00032856848,.0041741133,-.00093274791,.018342642,.0003816853,-.004491894,.00010392864,.0014677802,.00064474164,-.005975855,-.00050613465,.0045021931,-.0024307135,.094018698,-.004174829,.16594882,.0021601578,-.028305154
-.000040358445,-.0025413216,-.0005443602,.011209151,.00004052461,.0011510169,-.000051748029,.0045958883,-.00017703589,.0029101321,-.00022447067,-.0012362117,-.0041784742,.07585194,-.003127767,.096619718,-.0001482231,.039103962
-.00033612095,.0023637894,-.00067538489,.010685037,.000591235,-.015539453,.00024957204,-.004272067,.00045884412,-.0029954677,-.00052944315,.0064096469,-.0061154058,.15745689,-.003905914,.14141256,.0032134599,-.044836391
-.0005734755,.011342239,-.00054640509,.012071757,.00023995519,.0003342152,.00024039311,-.002759543,-.00019189074,.0067197224,-.0003295952,-.00041208201,-.0030800872,.095543392,-.00060937105,.066574022,.0019056414,-.0075270608
.00030205783,-.014084839,-.00040295042,.0059714224,.000098403507,.002377558,-.00012804383,.0041159173,-.00028193652,.0098936325,-.00018544043,-.0042291149,-.000025238018,.0063019767,-.00010600955,.076315314,.0010050124,.060408287
-.000083584397,-.0073223007,-.00050236023,.01049706,.00031028758,.0016166458,.00014153896,.00086863193,.00068097422,-.0078912303,-.00032373911,.00050489308,-.0035106167,.015346438,-.0030627083,.079503819,-.00031108761,.030127799
.00013528322,-.0051761582,-.0013801812,.027480789,.00030235667,.0045284657,-.00013071511,.00066890422,.000176042,-.0018565144,-.00036887397,-.0010587055,-.0028892611,.14750339,-.0054074028,.25246403,.00032116409,.12184264
-.000038306953,-.0063079861,-.0003884848,.0052062669,.00028069702,-.0030242493,.00025872709,-.0023750865,-.00011428749,.0063458025,-.0003257588,-.00058374729,-.0042190594,.097592801,-.0041465443,.12880352,.0014110189,.005944808
-.00028343135,.0020188717,-.0007565397,.013291759,.0006047503,-.0072061196,.00015389836,-.003846803,.00021937556,.0011610026,-.00054335193,.0055149863,-.0021072177,.041816063,-.0020513327,.078795128,.0018244165,-.023520445
-.00017688965,.0008538937,-.00067541737,.015532782,.00041714168,-.0040321695,.000044126471,-.00087501737,.00020494119,-.0020968297,-.00037722487,.0019853073,-.0028108547,.097033732,-.0048550707,.18306191,.0018667945,.012575559
-.00026287386,-.0018485028,-.00076778006,.012776926,.00031952152,-.0023535204,-.00016334857,.0080881082,.00019325054,.00087639451,-.00027998435,.00073691906,-.0004606279,-.0048473259,-.0038413096,.13974243,.0021350789,.059533194
-.00025020947,.0018281739,-.00048052316,.01214106,.00015837369,.00024936898,.000058126865,.0044898209,-.0001264309,.00089756609,-.00032842235,.00075673813,-.0043105893,.081877038,-.0041952985,.15173693,.00111751,.049246263
-.00016815818,.0026323313,-.00059676607,.013966619,.00028128587,.0012572146,-.000052144907,.0039169081,-.00011152119,-.000509259,-.00031071113,.0017296924,-.0026669248,.075776391,-.0039233561,.12067234,.0014540679,.026556432
-.0001754446,-.0030277329,-.0006501156,.011790795,.0003152712,-.0016631996,.000021453663,.0028468517,-.000075137425,.0057505267,-.00035111047,.0035159825,-.0043967911,.083007365,-.0043305787,.14131911,.00083773572,.029163118
-.000075743708,-.0059634917,-.00014763034,.0084536988,.00024122508,-.00047437233,-.000065399196,.0053605535,-.00024483065,.0036436585,-.00037780643,.0020795604,-.00055295485,.020514244,-.0024590336,.11718278,-.00071489305,.052107416
-.00059071276,.017369311,-.0010450924,.016503302,.00030185224,-.0021265419,.00016896987,-.0045951777,.00047285156,-.0017121771,-.0005008537,.0051070121,-.0058407811,.21649244,-.0039008607,.15728804,-.00016492693,.078549102
.000094247924,-.0065923342,-.00040928443,.0067935064,.00048071751,.00037556043,-.00018580361,.0061361529,-.00031676612,.0097160218,-.00048384973,.0019386224,-.0012943605,.044600073,-.0057630488,.20378871,.0008425843,.059605826
-.0001259454,-.0056551881,-.0012271635,.022018068,.0005499337,-.0040260386,.00002745356,.0060246,.00078317564,-.0082431873,-.00047588896,.0019148329,-.0024697974,.013493631,-.0046686521,.16694398,.0028891473,.0076553766
-.00027388392,.0047511458,-.00072855502,.014975363,.00055341772,-.01345043,-6.4531023e-06,.0020491136,.00019433654,.00029519323,-.00040681515,.0042790971,-.0010485514,.039106652,-.0014461927,.06644161,.0046968269,-.033601213
-.00027575606,-.0006942153,-.00101051,.020008199,.00013475656,.0036413479,.00002605697,.0047726156,.00033719075,-.00197809,-.00024702467,-.00031080801,-.0025080482,.071883917,.00042161407,.054988403,.00031042891,.058473226
-.00027071548,.0062032612,-.00058660633,.014160178,.0005533052,-.0026313521,.000065492481,-.0033707842,-.000054249511,-.00022571278,-.00056255533,.0035138538,-.0044727717,.094357915,-.0051761353,.17458007,.00055722398,.026089342
.00023991903,-.017503792,-.00081090408,.01512258,.00024634853,-.009148445,-3.8945004e-06,.0028849617,.00013823689,.00084545719,-.00014095647,-.0030955593,.00062618742,-.083536163,-.00106812,.086979918,.0041788677,.00056875229
-.000015789401,-.0095982263,-.00050444918,.010710408,.00017841076,.000021660677,-.00011477626,.0060441191,-.0001317243,.0027639801,-.00036412023,.00082975294,-.0034563509,.069345482,-.005599306,.23437917,.002224603,.033744376
-.00053540186,.012397884,-.00096179068,.018538114,.00016708011,-.0027122074,.00022325855,-.0055226199,.00030432569,.00070050114,-.00035530998,.0015287146,-.0030038445,.087458305,.0012649903,.0030369607,.0059142136,-.11147916
.00020275675,-.01474104,-.00097193167,.017638475,.0001556498,.0046057161,-.00006084712,.0058046123,.00027738855,-.0030566736,-.00022181949,-.0030195697,.0014592431,-.040667627,-.011969374,.36227521,.00015941629,.14035684
-.00024698194,.002325794,-.00075057318,.011218403,.00019802611,.0010541598,.0001946774,-.0036447919,.00011657327,.0019326948,-.00024746658,.00014221662,-.0025747546,.101643,-.0075758374,.25585717,.0014273337,.043983743
-.00010474923,-.0018494967,-.0010015224,.020453027,.00057251099,-.010739357,.0001393105,-.00032071635,-.00037577047,.01103234,-.00051956152,.0029444555,-.0038344027,.072386302,-.0049113529,.12841475,.0041540754,-.06309063
.00010847094,-.0077212574,-.00068115193,.011455745,.00031434104,.0018929262,-.00028484044,.007809144,.000020851499,.0014932298,-.00040505946,.0020152896,-.00026359723,-.019818936,-.0023372199,.098429263,.00083764066,.046663579
1.2554608e-06,-.014902717,-.0010866111,.019604931,.00018705365,.0029685816,9.6364083e-06,.0065711564,.00092667405,-.012926231,-.00029625304,.00074959348,-.00059095939,-.073828556,-.0044745938,.13738845,.00048491464,.072616518
.00015971089,-.0073394906,-.00090769748,.015782414,.00022956151,.0020200587,9.8655501e-06,-.002631502,.00025141402,-.00053334486,-.00041323979,-.000040474915,-.0011492451,-.0046968991,.00041450653,-.0028333454,.00067564269,.063583888
-.00036360297,.0010606797,-.0004435138,.010736411,.00031936137,-.0061794035,-.000096770593,.0046602054,.00020858257,-.0021642435,-.00038325266,-.00048862264,-.0025557976,.09496507,-.0037758702,.14455669,.00047836869,.084793545
-.00020706792,-.0060712304,-.00075533806,.015459037,-4.9441883e-06,.003326444,-.00014107495,.01038783,.00028369928,-.0012464927,-.00010218807,-.0026954596,.00082448713,-.051827908,-.0090113599,.31557971,.0017900908,.024420073
-.00027541327,.0035643841,-.00063683616,.010713631,.00025614805,.0022783484,.00015601508,-.0056055724,.000085515516,.00077700778,-.00032495469,-.0036792776,-.0037382303,.083165586,-.0079654595,.23648146,.0013481712,.070828199
-.00037587222,.011196949,-.00091345399,.01473936,.00015945244,.0027611882,.000087401619,-.0043672039,.00050526852,-.0044278074,-.0002653714,.00011011955,-.0034877062,.12632738,-.0056938417,.16792761,.00077022996,.043667357
-.00035448448,.0046808599,-.00024839211,.0076976265,.00039802855,.0055307993,.000019091998,.004449334,-.000096226846,.0028659008,-.00033586405,-.002363875,-.0020360199,.05635725,-.0025645394,.15533675,.0016888119,.069227315
-.000074875737,-.0094163222,-.00067212246,.015972881,.00012323885,.0091104377,.00017799676,-.0011571452,.00096037402,-.014569504,-.00023500994,-.0034527744,-.0024040909,-.0085387891,-.0070733735,.18185253,-.00012764204,.043516699
.00011282979,-.01015391,-.00064539054,.011741217,.00021493695,.0024774526,-.000041534648,.0030654431,-.000098419536,.0047575738,-.00032541418,.001522218,-.0021901003,.043446399,-.00316687,.1448071,.0015886358,.044658497
-.00031012151,.0027486004,-.00092968839,.019479306,.00037170071,-.0030262738,-.00014132384,.0079825176,.00013001086,-.00080280507,-.00042498496,.0015547805,-.00022311092,.028696371,.0082522472,-.10765448,.0052970005,-.0508072
-.00017609198,-.0048764772,-.00047472399,.012449757,.00026901971,.0031795145,-.00016418766,.0092134867,.00021943338,-.0019142035,-.00036488738,.0026137279,-.000080690275,-.0096283751,-.0028133644,.12949225,.0019275728,.051532056
-.00051570439,.00798875,-.00071809621,.018109912,.00045865242,-.0015526339,.00033703403,-.0087850159,.00054805732,-.0075869551,-.00040237646,.0027450444,-.0036484851,.087460376,-.0049646031,.17321594,.00067925238,.040949918
3.3781228e-06,-.0094538061,-.000514407,.01379374,.00048549598,-.0043114345,-.0001303501,.0074312179,.000084041007,-.0010781098,-.0003689662,-.001258143,.001395899,-.036818624,-.0049384004,.23351911,.001073032,.15819079
-.00013111728,.0021380354,-.00045892104,.010446323,.00064619334,-.010235303,-.00011021568,.0025658186,-.000085034109,.0019396043,-.00048402246,.0027911128,-.0018610545,.10984591,-.0029680252,.10597141,.0029792858,-.026935587
-.00020256444,-.0010464713,-.00047970301,.010589194,.00023886014,.0028679937,-.000062355743,.0052095316,-.000036714751,.00080317922,-.00039766141,-.0001340387,-.0054969382,.1360056,-.0057098651,.22653934,.00010629598,.10553677
.000012923138,-.0042131217,-.00073169294,.012554494,.00009212891,.0012952762,.000075767712,.00017516424,.000087220287,.0016509786,-.000301297,-.00013479326,-.003535673,.077690601,-.0020535206,.066074774,.0020796251,-.06122379
.00013042915,-.010634928,-.00030033503,.0051056989,.00019008687,-.0034146593,-.000072587725,.004417548,-.00034600569,.0095845014,-.00031905589,.00075666362,-.0013021068,.030579343,-.0037792181,.14677261,.00079966721,.025351118
.00018885474,-.012186504,-.00064508367,.012845332,.00070523785,-.012738187,-.0002072669,.011304475,.00034293183,.00026508793,-.00052468444,.0036227345,-.0023840079,.066537447,-.0018398927,.083358444,.0032100976,-.019040013
.00029777584,-.014798406,-.00080655346,.012244593,.00004565189,.0022455212,-.00026156195,.01286898,-7.9385118e-06,.0037301553,-.00012984524,-.0033940144,-.0014363243,-.02535012,-.0023798291,.06923043,.00049974897,.063412003
.000018988028,-.0060277483,-.00069333083,.011392508,.00027736078,-.0014330569,-.00026609792,.008361727,.00028679901,-.00028903777,-.00031412102,-.00029730433,-.0035745646,.12721139,-.012821558,.34380597,.0019148106,.007337247
.00013631018,-.0073979376,-.00088183384,.015533634,.00013153773,.000092602219,-.00022493338,.0064877882,.00021236279,-.0015801477,-.00027875579,-.003603203,.0017470043,-.07152804,-.0026216756,.14502856,.0029809247,-.010719983
-.00026868511,-.0038576124,-.00095289876,.018201265,.00027125145,-.0015155908,.00029329132,-.0011319097,.0007261486,-.0091923224,-.0003179948,.00023797771,-.0030797091,.063310206,-.0035119145,.12667368,.0016967958,.032219376
-.000084671236,.002666445,-.00084425544,.016719196,.00073610398,-.0066587226,-.000099712634,.00030056405,.000059490223,-.0010323103,-.00054693746,.0036333373,-.0031940218,.13324367,-.0083672209,.34645775,.0013007849,.036876675
-.00018813166,-.00082859921,-.00084096333,.016288372,.00066762301,-.015639167,-.000073219388,.0054912455,.00046592322,-.002953067,-.00050129887,.0051886886,-.0027342571,.12198798,-.004989082,.19994318,.0048346808,-.051730394
-.00011865565,-.006573671,-.00093576586,.017105898,.00031254507,-.00062958559,-.000091657981,.0038111589,.00051151268,-.0034391286,-.00039217519,-.00015067929,-.0010588573,.047257423,.00058297877,.076556623,.0016756612,.039004985
.00013136516,-.0090302639,-.0010846605,.021228272,.0003814247,.0069532502,-.00011164823,.0030836512,.00034191139,-.0048962627,-.00051829574,-.0027414523,.0005683286,-.069634169,-.0060423287,.18471895,.00031304595,.074308962
.00021970445,-.017174847,-.0011751514,.025709378,.00026093164,.006702356,-.00026215569,.012794301,.00041063529,-.0054646884,-.00028219688,-.0024154875,-.0012754716,-.06298174,-.0029933027,.1602065,.0032598223,.065358788
-.00036356557,.0029724375,-.00056216895,.011476093,.00010733664,-.0051576765,.00020667756,-.0047515407,.000097165394,.0010899504,-.0001609902,-.0030387761,-.0016409593,.053477667,-.0010417602,.087164924,.0032972216,-.032729525
-.00031329924,-.001241762,-.00030357833,.0054013818,.00012321393,.00018947934,.00021952385,.00064621074,-.0001322352,.0051775295,-.00018827694,-.0008386827,-.004186627,.06020578,-.0027113208,.11040924,.0010666862,.034402024
.000018936325,-.0094030714,-.00081372919,.016096326,.00036295794,-.0041541751,.000063541134,.0030103929,.00030180562,-.0034534547,-.00035526083,-.00060904672,-.0023863928,.018125676,-.0054237605,.17922573,.001247514,.018865226
-.00022035425,.0048137829,-.0012387778,.021560317,.000077873832,.0038131943,.00010520884,-.0037147317,.00047417919,-.0034589183,-.0001846479,-.00053157663,-.0048749596,.15942083,-.0095786583,.27364102,.001860133,.055746287
-.0001756188,.00088916847,-.0010349327,.019082291,.00022891223,.00074252411,.00027585565,-.0058167442,.00053112715,-.0056057191,-.00026833726,-.00036114879,-.002261471,.053799614,.0022788984,-.027578104,.0004942317,.031758834
-.00017340112,.00089587836,-.00084237824,.014182447,.00023082738,-.0003309575,.00013767509,-.0055279396,.00022347504,-.0023887486,-.00022737782,-.0015282228,-.0045981132,.1450617,-.0067296838,.26305199,.0024598199,.040396914
-.00040746224,.0063907485,-.0009035868,.014453277,-7.3499550e-06,-.0010269851,8.1108192e-07,.0036711551,.00045648636,-.0024345762,-.00014077278,-.002532345,-.0026532381,.082168922,-.0049266913,.19898553,.00035045639,.048957773
-.00050741428,.0095629888,-.00079700281,.015057874,.00025881649,.00098650751,.0003185235,-.0066113477,.00039390413,-.0017722073,-.0003426047,-.00058684382,-.0075150533,.24810249,-.00096686505,.04453247,-.0016556964,.093692571
.000028538318,-.0033874891,-.00074652111,.012341109,.00054409972,-.001965645,-.00016446192,.0060002501,.00030388284,-.0015599438,-.00050981541,.0026005548,-.001319591,.048509277,-.0016840962,.14281616,.0012899643,.088270187
-.000070125243,-.0072250939,-.0007413624,.011041979,.00027355875,-.0060291998,.00023418416,-.0027113017,.00030239418,-.00015122298,-.00021993935,.00080146297,-.0028392014,.064741254,-.0025890404,.10262819,.0033883434,.0079815518
-.00025121865,.0038122104,-.00084662053,.016657477,.000044999448,.0068591372,-.0001097509,.004527682,.00025378633,.0005643554,-.00021355995,-.0013327664,-.0030719426,.10183255,-.0040751388,.16394375,-.00065768353,.090024345
-.00018676174,.0021305254,-.0011172257,.024193721,.00024699245,-.0037975546,.000045838329,.00040815835,.00017340943,-.0034601067,-.0003212532,-.0014732304,-.0038041971,.13356464,-.0065908036,.21957453,.0017196924,.059950963
-.00032076912,.0057648588,-.00069455599,.0095291324,.00041227732,-.0014045369,-6.1473264e-07,-.0018798331,.00019505422,.0028797754,-.0004355899,.0011047822,-.0040935646,.16128759,-.00523098,.15413471,.00033031526,.040649205
-.00032000159,.0077992859,-.00026718178,.0053982055,.00016390468,-.0020873225,.000041945284,-.0016705127,-.000038163726,.0030306878,-.00018336013,-.00092260423,-.0020142235,.092068955,-.0010517577,.10974436,.0012941479,.059007946
-2.5452264e-06,-.010459315,-.00096138241,.019075701,.00019367707,.0015352326,.0001182534,.0024637296,.0002451741,-.0018471273,-.00039679318,.00035698959,-.00064404547,-.021637091,-.008403087,.31300735,.00044754084,.031311627
.000067904824,-.011408075,-.00059292396,.0097368993,.00067040982,-.017954186,-.00014202799,.0081249801,.00021959895,.0004182863,-.00046184592,.0043245405,.0002579905,-.015996719,-.0015682254,.040698078,.0018225906,-.019766996
-.000080081438,-.0011116759,-.0005531137,.010636404,.00052976888,-.0012413351,-.000032360604,.0025537645,-.000077920915,.0039113909,-.00041033191,.00087332074,-.0027019505,.047367774,-.0056820391,.1755739,.0036125183,-.01334538
-.00018917654,.0014978232,-.00096980855,.020040613,.000063766965,-.0025530192,.000082818115,.000029304056,.00023607492,-.0014098473,-.00027471085,.0020632981,-.0046144561,.10552374,-.0023396912,.071079202,.00053904753,.0085137719
.000077520897,-.0075547379,-.00094645313,.017508274,.00033305443,-.0028319897,-.00017837674,.0048917406,.0002510224,-.0013183588,-.00039234955,.0019196306,-.0022728264,.034113724,-.0024394521,.11340734,.00077971438,.022251524
-.000050656723,-.0036790958,-.00072248501,.012919149,.00048076978,.00066672399,-.000058231948,.0056538126,.00055678713,-.0034344129,-.00046939045,.0022510365,-.0021774936,.06409733,-.0041503408,.15672091,.0018515795,.04539768
-.00028478424,.0080659734,-.00043669212,.012843833,.00026690189,-.00039093979,-.000035610024,-.0043352558,-.00011461543,-.00014937654,-.00022871949,-.0011006806,.0013890152,.02327344,-.0017510477,.056666795,.0011342467,.039503675
.000086229098,-.00874337,-.00070776913,.013222661,.00044627109,-.0027103217,-.0002053971,.0076777181,.000033348773,.00020333106,-.00036055263,-.00046623361,-.0005825038,.0013084132,-.0044278717,.19164144,.0012076613,.025091333
-.00014204011,-.0052566919,.00022620869,-.0040974077,.00044367526,-.00064725737,.000036717585,.0041801436,-.0004227813,.009817617,-.00050027057,.0017653737,-.0025686235,.035788219,-.0040113847,.16203849,-.00035729859,.055786271
-.000078699166,-.0080710957,-.00073598337,.015338157,9.7520996e-08,.004889369,.000032259373,.0031546361,.000061516657,-.0014408794,.000015690895,-.0048752166,-.0032486969,.070277192,-.0006713288,.092607841,.0012822647,.052767817
-.00014436239,-.0040013678,-.00094731344,.016377144,.00022319437,-.004119073,-9.0282856e-06,.0047089751,.00053399173,-.0038547923,-.00035507779,.0024414614,-.0031127022,.066235296,-.0035149916,.097442448,.000062115207,.053770725
.000028506085,-.0029288565,-.0004378423,.011462667,.00063506013,-.0049928515,-.00013955013,.0044630556,-.00023801785,.0044462304,-.00062587502,.0068489234,.0005825432,-.032124478,.0010897606,.007524719,.0050024921,-.050074469
.00017753195,-.013731316,-.001580001,.036131404,.00036437239,.0016336477,.000025180663,-.000015267649,.00091870583,-.016387895,-.00035926726,-.0028820981,.00061471667,-.088557914,-.013643627,.39967027,.001121157,-.00071047054
.000038351733,-.0041246554,-.00070121669,.015678614,.000075438969,.0018210054,.00015848177,-.0061469288,.00017137958,-.0012975857,-.00012055441,-.0054736058,-.0043217745,.14076394,-.0045658639,.13792388,-.00086777884,.054602444
-.00012546615,-.0068039377,-.00085541542,.015058136,.00033220806,-.00055033033,.0002564826,-.00017172078,.0003988728,-.0049458272,-.00035703203,.00022211387,-.0034610434,.062639587,-.0020795178,.088244595,.00049435679,.043897163
-.00014135511,-.00020451049,-.00078163866,.016653925,.00024372416,.0051556649,.00012379183,-.001227345,.00025278114,-.0012604016,-.00029678887,-.0013660782,-.0053071813,.15944289,-.0051591462,.16212638,.00084589235,.050606091
-.00016061311,-.0025263631,-.00061845192,.012533709,.00081406895,-.013490187,.000024525805,.00092338549,.000091152549,-.000047945763,-.00071287603,.0073475693,-.0019937321,.05335803,-.0026131202,.070666216,.0018783429,.0015918727
.000033981858,-.0042363172,-.00096098974,.018676916,.00035834289,.0015381936,.000013515045,.0011537853,.00024502756,-.0024743557,-.00033656659,-.002139875,-.0030250081,.051863782,-.0035574152,.15769976,.0047765281,.050584141
.00012990317,-.0088683488,-.00083141495,.016327629,.00042542603,.0029076952,-.00022547535,.0099769281,-.0001236645,.0039278222,-.00043493145,-.0015850828,-.000027799784,-.026125927,-.0033362512,.15329136,.0026999535,.017651374
-.00052637415,.00467028,-.0010123637,.01543513,.00037917608,-.0023665619,.00053340429,-.0078046396,.00047309691,-.0028378638,-.00038039716,.0028145039,-.00730858,.15634437,-.0046231872,.12487029,.0018328616,-.016749872
.000085494306,-.0029971914,-.0012114606,.020347837,.00025942203,-.00014418706,-.00013455926,.0018270261,.00044956713,-.001941935,-.00034497437,.0015586193,-.0026215371,.10705012,-.0025257443,.1538831,.0043757311,.035554409
-4.2653232e-06,-.002151791,-.00074422767,.017055646,.00023789455,.001493413,-.000010291717,.003651506,.00012397948,-.0023832917,-.00028340527,-.0029414915,-.0018859155,.073370554,-.0056454944,.21181184,.00053851423,.047763903
.000064808992,-.002119354,-.00067004596,.012606002,.00023592448,.0054195481,.00020225238,-.0055290083,-.00017437631,.0034137974,-.00027921575,-.0028681697,-.0036202064,.085217439,-.0027436314,.14572749,.0018381287,.042849433
.00015142359,-.0097176917,-.0009898647,.020117667,.00026863124,-.0039304425,-.000082139326,.0025158632,.0006172288,-.011586921,-.00026634117,.0021124331,-.0033948354,.098587275,.0006496883,-.0021805505,.0016342372,.011448789
-.000069966918,-.0023666644,-.00035539546,.0083956551,.000097188764,.004516359,.00012851725,-.0057397247,-.00033369081,.0093668867,-.00017173788,-.0033147696,-.0050665089,.12978069,.000086465778,.02733773,.00046475531,.078284249
-.00033296729,.0026544281,-.00075635611,.011919999,.00032725502,-.0040059527,.0001610324,.0013688046,.00043112849,.00066072284,-.00040517654,.0050873728,-.0035697122,.085857838,-.0032799884,.12051673,.0015744226,.00025561859
.000068606925,-.0046167406,-.00093488529,.016892763,.00022070811,.0021845223,-.00023644767,.0050579421,.00032168871,-.0022975681,-.00023865912,.00095094636,-.0020262497,.026873728,-.0031892818,.15101695,.001629474,.039046366
-.00026536194,.0076660528,-.0005498103,.010705981,.00024102863,.0022904337,.000073362593,-.0021362677,.00062117103,-.0071266708,-.00032158371,.001322715,-.0038930632,.14020978,-.0054334644,.17856273,.00050546689,.047546238
-.00040518976,.0087817861,-.00058631675,.010602161,.00043289433,-.0064789709,.00014310726,-.0025300069,.000042030566,.0014565421,-.00051085814,.0052833455,-.0047848895,.1360897,-.0016989375,.11333404,.0018571481,.0032661932
-9.6518324e-06,-.010782905,-.00052681728,.0090142647,.00018611344,.0016166621,.000019057687,.0061247316,-.000059924543,.003921242,-.00037507812,-.0018510221,-.0018678666,-.017157873,-.0017150979,.1199773,.00093654799,.035807751
-.00035471754,.0034860631,-.00018349935,.0057873596,.000047136262,.0032422047,.00020753,-.0034436712,-.00026280846,.0047855452,-.00018984321,-.0021322668,-.0037251278,.11053036,-.000094362476,.096948169,.0017255888,.043786954
-.0001519428,.0033228507,-.00011178715,.0024999853,.00045047753,.0010528443,.000041368159,-.0043166489,-.00040384464,.0099528357,-.00043801364,-.00064009376,-.0043529733,.17051777,-.0037612689,.16749169,.001698347,.025664892
-.00015862803,.0016548051,-.00044191061,.008969822,.00018903593,-.0013723053,.00014687254,-.0052393572,-.00017730707,.0049384218,-.00026235983,-.00019343615,-.0030313137,.078189157,-.0040503885,.13062032,.0013591076,.00832651
.000097164397,-.0054358789,-.00078753068,.016260585,.00037002613,.0011554889,.000093968265,-.00049924466,-.00024405126,.0053921049,-.00040134866,-.00021177737,-.0028131816,.074357979,-.0059702233,.20998216,.00033713836,.058088854
.00015659408,-.010847246,-.00074262958,.012429139,.000396182,-.009182374,-.000072834664,.003795072,.00024154609,.0013894795,-.00037188124,.0041100541,-.0016188615,.063654073,-.0029480332,.077257887,.0048185475,-.046155248
-.00024251074,.0039820736,.000033819633,-.0025333881,.000023222918,-.0011592788,.00017716922,-.0050665108,-.00046835237,.010027759,-.0001021791,-.00072433543,-.0069555002,.21147138,-.0029716438,.092280202,.001868307,.019449225
-.00024777051,.0072679576,-.00040507631,.0084573245,.00044410786,-.0048310603,-.000023296971,-.0020995799,-.00026763816,.0073361024,-.00037872687,.0022854717,-.0022697235,.091993578,-.0062504881,.25704402,.0019574091,.061524827
-.00032487803,-.0042221677,-.0012009683,.02364298,.00018629548,.0013411286,.00022049803,-.0012925535,.00095464266,-.01258271,-.00035808719,-.000040617011,-.004275294,.08554446,-.0028647075,.14305329,.0012925334,.055603173
-.000093328919,-.0015697995,.00012384316,-.0040352019,.00011504605,-.00044620453,-.00010314029,.002531772,-.00050674909,.013791142,-.00024504462,-.000907093,-.0002281411,.048337199,.0057273088,-.083932601,-.000092376889,.073029004
-.00028597596,.00038082813,-.00070890039,.013503611,.00031285745,-.0015399776,.00043382513,-.011119103,.00012056965,.00010833945,-.00027022848,-.00029338783,-.0029964673,.036126934,-.0022131021,.11641072,.001090024,.031118568
-.000027817478,-.0092772627,-.00093117874,.020064998,.00021210841,.0049099787,-.000049788901,.0023325142,.00030133346,-.0030960001,-.00028678545,.000016491769,-.0031227451,.0017279751,-.0077365357,.25043333,.0034459878,.030456694
-.00021636521,.00010361354,-.00067180564,.013414127,.00035514243,-.004958712,-.000016383263,.0016317922,-.000082528219,.0044424413,-.00041916964,.0040183733,-.0039571784,.10998254,-.0072298897,.27162081,-.000074197109,.1022956
.000032298511,-.011762456,-.00045582824,.010920846,.00034842067,-.0013779078,.00018481202,4.9107070e-06,.00017656444,-.00073797029,-.00031544993,.0010156551,-.0046743648,.10089342,-.00082861562,.1134685,.0026566084,.00062196417
.00021348408,-.021192839,-.0008988757,.019735949,.000077332152,.0045087938,.000047967867,.0071559655,.00037897451,-.0057286615,-.00027696666,-.0016301891,-.001487238,-.010851357,-.0076488652,.24233446,-.00032744548,.042640295
.000090895941,-.013233151,-.00055320869,.013624967,.00013723236,-.0036080114,-.00018397962,.010523479,.00027166371,-.0022581744,-.00028475886,.00085478253,.0019616445,-.042371169,-.002437704,.098192535,.0003382258,.057499003
-.00036401092,.0087538483,-.00054192432,.011548982,.00094242755,-.013753318,.000081319442,-.0033363556,.0002940986,-.0012056415,-.00092022558,.013047339,-.0012651149,.041818567,-.00074252393,.075652778,.0042254683,-.061961334
-.00014376742,-.0011152693,-.00079080981,.013894415,.00017360575,.0021169845,-.000041648651,.0038617107,.00030368459,-.0014520107,-.00026489468,-.002038039,-.0027435289,.08572457,-.0037089842,.14917196,.00085545739,.054880701
.00007907379,-.0066502756,-.0016349733,.030277476,.00051066699,.0018825575,-.00027499159,.0075343489,.00076952804,-.010197232,-.00049912272,.00099685497,-.0029101071,.1035248,-.002794428,.16451801,.0021470776,.10841515
.00019764424,-.016428644,-.00080634339,.015769297,.00040823588,-.0041289087,-.00018868176,.010520247,.00016531983,-.0024647766,-.00039387285,-.00092610111,.00082450354,-.037943743,-.0018434769,.13244684,.0025402051,.027632711
-.0002004251,.0033031395,-.00062051084,.013596962,.00015543519,.00010659934,.00002971442,.0013215974,.00019193812,-.0026927553,-.00015912583,-.0032349213,-.0039931713,.12254561,-.0044079116,.17453426,.001202417,.047758911
.00045820276,-.019789545,-.001059669,.018825414,.0003756574,.0017114135,-.00043536036,.016056404,.00067889324,-.0065819975,-.00045635115,-.0001887199,.00051584002,-.056366201,-.0053265612,.24803784,.0026220649,.061263777
.00010642662,-.0096480604,-.00041625713,.0099417642,.0003770476,.0010220519,-.00026232921,.010450268,.00052493485,-.0068966867,-.00042871744,.001572002,-.00023943203,.0093421219,-.003292039,.12427066,.0026297492,.029341804
-.00017930205,.0019525173,-.00068415998,.012986325,.00032916115,-.00059295289,.00022119388,-.0064178044,.00004687659,.0033502325,-.00042616445,.00029886371,-.0049386872,.12055951,-.0048289541,.15347761,.00039158997,.062630191
-.00032579078,.0036183305,-.00045737493,.010393356,.00028302358,-.001032079,-.00011780587,.0082487008,.000032328971,.0035251225,-.0003517525,.0002904108,-.0025878593,.11795241,-.001295864,.11989946,.001261671,.047416117
.00013681098,-.014820555,-.00051468099,.012191944,.00016028542,.0035358802,-.000023975877,.0069226394,-.00014946923,.0024535428,-.00026301702,-.0012130009,-.0015355013,-.057251234,-.0011717328,.16148151,.0030038978,.042170905
-.00010727247,-.010340756,-.0009105152,.0175984,.0001400378,.003853566,.00005278704,.0055534709,.00059250486,-.0058161807,-.00021012344,-.0026059032,-.0008799099,-.036419116,-.0080284355,.27666488,.0032118151,.059296273
.000073040312,-.011114208,-.0010344716,.019111747,.00018192246,.0065823286,-.000013513504,.0035839723,.00028661513,-.0016832958,-.0002985074,-.0025269205,-.0010018649,-.0014934231,-.0097554689,.30611968,.00048172107,.14865418
-.00033091032,.0037965693,-.00039789255,.0096644238,.00023776192,-.0038932567,.00015677174,-.0015842253,-.00043416285,.010215062,-.00018812611,-.0006854721,-.0050648432,.15228049,-.0032227784,.11149717,.0032756361,.0021999443
-.00020651729,.0024489728,-.00050353567,.0076107513,.000088355417,-.0022986101,.00042032835,-.01037603,.000059736874,.0043685776,-.00022686365,-.0010454026,-.0067570298,.16049491,-.0026505871,.078591309,.0016571598,.0024009796
-.000019794348,-.0033329215,-.0011837396,.021988936,.00017018328,.0043549198,.000099900768,.0013827167,.00042055952,-.0044039036,-.00034310462,-.0002573923,-.0025922076,.052349415,-.006835842,.19305731,-.0014563407,.058612958
-.00030697274,-.002137406,-.00087286555,.015373702,.0002400135,-.00072909496,-.000051229163,.0058523184,.00045339609,-.0026267588,-.00034406807,.0018931243,-.00062265515,-.014431989,-.0040701749,.13608977,-.00079999643,.065910392
-.00012976129,.0008413925,-.0005796756,.012022702,.000089724359,.000077400742,-.000098266282,.0015245012,.0002529464,-.0005188061,-.00017035348,.0016441394,-.0023388469,.028826874,-.0021667921,.097238913,.0022976969,.0063499431
-.00021387261,-.0010714306,-.00070366292,.01267735,.00024803643,-.0015116761,.000024439627,.0038157795,.00037059118,-.0026629416,-.00033425749,-.00060326885,-.003046351,.06521751,-.0050968421,.1871067,.0011855678,.025056237
-.00019329216,.0020334329,-.00079403486,.016574945,.00057003245,-.0028193917,-.000045243014,.0010217645,.00034095166,-.0047594174,-.00064592675,.0034411422,-.002065314,.091400512,-.0056654685,.23559307,.0024643741,.067423955
.00001541518,-.0049291952,-.001389844,.025262846,.00010844298,-.001124176,-.000093341543,.0057252212,.00028379887,-.00069298159,-.000086991116,.00058618863,-.00126176,.023339499,-.0043876432,.18792956,.00086810195,.04107694
.00024821726,-.011299707,-.00068177446,.017621176,.00025791649,.0052105119,-.000089558271,.0026861313,.000023617122,-.0010896777,-.00029746612,.000079519952,.0035203721,-.19431585,-.0078903604,.42280659,-.0022101654,.27284622
.00011387985,-.012377159,-.00071591826,.012224372,.00026836703,-.00071319385,-.00017454787,.0081877783,.00029208604,-.0016688843,-.0003738004,-.00038852927,-.0012103574,.0033164609,-.0041908002,.17845134,.0015581325,.042053878
.00039768586,-.017223164,-.00080851576,.013980286,.0001416984,-.0016863951,-.00044571806,.015080803,.00017062647,.00043255734,-.00023867645,-.000071639355,.00052418519,-.061454404,-.0033461079,.12620412,.0018355764,.032515895
-.000026163651,-.0082503213,-.0010022125,.021052262,.00034783137,.0013176302,-.000095091345,.0066417232,.00083944143,-.0097283516,-.00036125345,4.4211611e-06,-.00088242471,.010217925,.00077071838,.0011353432,.00018949305,.052037168
-.00014973152,-.0047453563,-.00031033868,.0066250982,.00046745702,.00059317565,.00015705424,-.003357945,-.00011067042,.0038340713,-.00051279872,.0021658333,-.0027594359,.04244937,-.0033784462,.13713431,.0054605771,-.042553741
-.000027904973,-.0029376436,-.0016073649,.030498667,-.000034700264,.0013073317,.000038101112,-.0010353575,.001087099,-.016182626,-.00010582501,-.0024369801,-.0043514133,.10244458,-.005732297,.16848172,.0021232571,.062484905
.00023795245,-.012980475,-.00068176701,.013199608,.00044146701,-.0047696461,-.00025179738,.0089346981,.00021340033,-.0002500549,-.00032339426,.00035908652,-.00080045976,.0055278288,-.0035587524,.14252384,.0025157807,.034034073
-.00019757515,.0018323908,-.00014419763,.0052208169,.00036032923,-.010760991,-.000100251,.0050491393,-.0002478979,.0061561898,-.00030391681,.00010101226,-.002967546,.079648077,-.0051436285,.20156665,.0033713004,.018741857
-.00019723932,.0029913341,-.00076538534,.015436312,.00035506824,.0012569239,.000059089103,-.0016426939,8.9547975e-06,.00099225063,-.00037679003,.0013218869,-.0080261054,.30251127,.00052007078,.17482229,.0043808278,.044493061
-7.4408217e-06,-.0040536085,-.00058323418,.013626617,.00037096464,.00064068631,-.00014418692,.0041345768,.0001522547,-.0011534264,-.00038083893,.00072073744,-.0051055192,.15927972,-.0040407744,.28360006,.0039393315,.084994957
-.000092149734,-.0052506146,-.00062982104,.013197813,.00028515118,.0011988402,-.00032088716,.010210147,.00017178254,8.6572136e-06,-.00039874646,.00029697068,-.0012680104,.043451611,.00079255603,.053886339,.0018171835,.061281376
-.000065893502,.00040195478,-.00032793026,.0074320422,.00017698407,-.0012592877,.00004068323,.000179864,-.00033836355,.0070085963,-.00027832866,-.00052586425,-.0014674576,.053074546,-.0017158514,.12310621,.002674622,.016592165
-.00016631493,.0018540099,-.00048356751,.0086248033,.00044531832,-.0070920414,.000093771028,-.0031226166,-.00010242533,.0024765173,-.00034256862,.00089561509,-.0011886607,.091567606,-.010738901,.42851827,.0061240126,-.04363979
-.00003076169,-.0046290634,-.00074055907,.015522134,.00029077835,-.00030569508,.00017173533,-.0021572865,.00037293191,-.0034181483,-.00024813061,-.00072147092,-.0032918919,.08209227,-.0051263981,.17513277,.00276731,.0078993291
-.00031129821,.0039132191,-.00087057322,.021914909,.0006262238,.0007710972,.000025460038,-.0006924246,.0005070304,-.0060163378,-.00053944736,.0016736401,-.0015529818,.058765814,-.0027436819,.13157034,.001432003,.042320915
-.00030592823,-.0011194324,-.00038776491,.0099481586,.00029943607,-.0037299071,.000039762177,.004622696,-.00014635174,.001482183,-.00038475628,.0037975432,-.0014360939,-.00087416545,-.0024996109,.10889454,.003077996,-.0087749707
-.00058797281,.0095968079,-.00072997849,.019162279,.00034476622,.00096230878,.0001418132,-.00053139927,.00048658348,-.0049196864,-.00033065953,-.0013927919,-.00099906488,.043183979,-.0025580325,.10577898,.0016143873,.049802672
-.00035432426,.0066460627,-.00106428,.019213576,.00015529923,.004141055,-.000056187691,.0031154831,.00087164465,-.0089935511,-.00024734333,-.00019385273,-.0048513734,.1462775,-.007217003,.21363638,.00065261777,.054018501
-.000046005222,-.0050423634,-.00054149597,.0087864026,.00021338035,.0011192072,-.000031949236,.0016162408,.00016701843,.0013411324,-.00036538788,.0021003825,-.0013879032,.047797527,-.0048464742,.16155224,-.00003675207,.041612204
-.00025168183,-.0018385118,-.00091156288,.01709746,.00042541357,-.0018830416,.000097746983,.0010639334,.00062222732,-.0061355196,-.00053299422,.0040627797,-.0035677915,.089362204,-.0016065461,.067761786,.0011279171,.044129726
-.000061904771,-.0079801893,-.0010559856,.021408807,.00046273691,.0011790463,.0001770193,-.0013748506,.00048713057,-.0061659995,-.0004489256,-.0032838075,-.0012856697,.0031877027,-.0081468346,.25162163,.0016228013,.036808293
-.000184695,.0026086776,-.00057474454,.011967914,.00035096132,-.0011963691,-.000041380081,.0044411994,-.00026831581,.0073911706,-.00030008893,-.0019029694,-.001991431,.091817945,-.0096901022,.33263353,.0028937089,.030738562
-6.9720190e-06,-.0040366263,-.00078516384,.015497274,.00022391412,.00013475491,-.000026432577,.0042741061,.00039104302,-.0020741087,-.00032431935,.0010023197,-.0019857197,.05387067,-.0023041188,.14145613,.0003203112,.054947708
-.00042245383,.011051751,-.0007608445,.015455212,.00043273027,.0042842352,.00010530182,-.0057115657,.00033128841,-.0028081676,-.00043672795,-.0018154708,-.0016404132,.09924075,-.0058913366,.21213903,.0025470955,.070803016
-.00024971602,.0069888388,-.00069052982,.015299831,.00035101917,-.00019348801,-.000025989597,.0024795313,-.000073333853,.0026832516,-.00030992585,-.0022163319,-.0033258246,.094325416,-.0028315245,.13971539,.0015580367,.06004053
.00039766502,-.023315949,-.0013176054,.023403836,.00040473076,-.0039690863,-.00021419632,.01228998,.00086023746,-.0061066099,-.00049484835,.003217459,.001480058,-.13545558,-.0024379103,.14075029,.001887162,-.0010910203
-.00045023713,.0049643298,-.00044773746,.011368832,.00046082129,-.0014408542,4.3737309e-06,.0048809559,-.000056484216,.0010873127,-.00044381348,.0025112131,-.0042241528,.12399157,-.0049461266,.13990526,.0035032616,-.05999504
-.00019276983,.0029410569,-.0004849812,.009155836,.00013739441,-.0042167231,-.00013188293,.0033409642,.00015951961,.001010207,-.00020379845,.0016281767,-.0019742579,.076212093,-.0013591764,.073642388,.00062627642,.016256759
-.00014355237,-.0070433002,-.0010924769,.018762361,.00040974974,.00066313031,.00015573113,.002234424,.0006174632,-.0047206595,-.00044968055,-.00022068278,-.0011604002,-.052288167,-.0083132545,.22114924,.00058285514,.022628078
-.00029788507,.0057872357,-.00071323669,.016161138,.00027772025,.0050148233,.00014926936,-.0024217102,.00063728908,-.0067587979,-.00040930696,.00046641479,-.0049965591,.16067725,-.0059961774,.19398148,.00024679999,.063901588
.000018261713,-.010083587,-.00074434647,.014781635,.00034675759,.0022036843,8.3364166e-06,.0038234689,.00019709791,-.00012276057,-.0003338097,-.0025849715,-.0023162162,.077266574,-.0054301741,.25366491,.00071344635,.10338857
-.00022022361,-.0027092262,-.00041660923,.01133507,.00018150875,-.0044687567,.00034758387,-.0045662089,.00015960158,-.0013621773,-.00026989871,.00049519318,-.0042157923,.066380285,-.0036049003,.13735454,.0032367185,-.029914668
-.00033766034,.00056752568,-.0015153664,.030079247,.00033025566,-.00041305769,.00039808871,-.0017677455,.00082180684,-.012420657,-.0002976766,.0016140634,-.0042879218,.099157423,-.0062380675,.16422845,.000094365045,.042565703
-.00029585263,.00076331693,-.00059260201,.013430385,.00011852641,.0013148867,.00012990416,-.0022473037,.00019309229,-.0011037871,-.000234771,.00048270842,-.0011365322,.059496127,-.0032962551,.12740383,.00085328345,.054009769
-.00042984658,.0069122333,-.00059393176,.0098520312,.00034190196,-.00091298495,.00024270568,-.0028355396,.000053231211,.0056740576,-.00033795487,-.000087970046,-.0061249509,.17626682,-.00059689512,.075024165,.0010722842,.045275539
-.00036446904,.0014225248,-.00083021307,.016542576,.00015081346,.00068994472,.00011591358,.0028311003,.00034279822,-.0014939142,-.00018883757,-.0017721492,-.0030395375,.071742862,-.0066981604,.21252321,.0019449155,.033512294
-.00023072744,.0019261418,-.001116748,.02093436,.00048515879,-.01125663,.000060736351,.0037273297,.00048711186,-.0076788929,-.00041269578,.0010866973,-.0021315615,.055289451,-.0055656852,.16861132,.0027648765,-.0077412841
.00028508974,-.020735947,-.0011503192,.019169785,.00025972212,-.0012880858,-.000016009213,.010197632,.00039372308,-.0051213177,-.00036653841,.00055198476,-.0014346917,-.04822322,-.00363842,.12573385,.00075526524,.0055791242
-.00018888141,.0043920092,-.00073889666,.017158765,.00025445939,-.0017621983,5.3555241e-06,-.0019256033,-5.1113002e-06,-.0012873724,-.00020204922,-.00043979802,-.005111271,.15143639,.00007944963,.029205928,.0023101158,-.014911366
.00027290275,-.010283466,-.00049897766,.010018406,.0002972103,-.0050708898,-.00017379886,.0047621527,-.00012814246,.0035644204,-.0003616903,.0025849643,-.0026388417,.078921452,.0010448928,-.0075074486,.0053357035,-.088612631
-.00052279508,.011477233,-.00077392027,.01291691,.00028887662,-.000900126,.00029561442,-.0093499012,.00060430856,-.001649361,-.00034501718,-.00057265605,-.0047317827,.13404313,-.0043531284,.16478421,.00061468937,.080471411
-.00030594363,.000756505,-.00025071978,.010753918,.00043989436,.00011777613,.000012286737,.0029628116,-.0002989416,.0043306192,-.00041813357,.00059851038,.00031558561,.026268689,.0018265982,.030602166,.0010816978,.048622031
.00013670852,-.012620384,-.00075467688,.014214369,.00057043432,-.0053654457,.00015795372,-.0032140142,.00023182906,-.00059772155,-.0003261829,-.00078718131,-.00096001429,-.0014468168,-.0068691657,.22243492,.0036846555,-.0041608126
-.00054256822,.007808533,-.001135241,.021071646,.00027389749,.00010286958,.00047668669,-.0091851046,.00077019096,-.010283141,-.00028002696,-.0028493449,-.0056224517,.16386917,-.0037472979,.19801241,.0024547365,.051720217
-.0001964082,.001280126,-.00087562605,.02235041,.00017798039,.00033718543,.00002914679,.0027945065,.00044828776,-.0052645905,-.00028720964,.00036894565,-.001909063,.051451318,-.0030713859,.084683217,.00072215503,.061492961
-.00040187035,.0095398873,-.00043425243,.012925469,.00025461736,.001254841,.000086817636,-.0017855203,-.00014259944,.0017516705,-.0002488264,-.0010424404,-.0045653433,.19222273,-.0029560244,.17356098,.001990898,.077767767
-.00055113033,.0089685852,-.00056318875,.011371692,.00015716875,-.000043612446,.000093301969,-.00058252143,.0003578543,-.0030810554,-.0002903851,-.00093992363,-.0042163655,.15615991,-.004719587,.19835711,.0015032795,.056624588
-.00038882557,.0052988445,-.00078010431,.018263564,.00039657488,.001234652,.000050578001,.0027094844,.00032533417,-.0039523039,-.00061231118,.0039032141,-.0040367818,.088027343,-.0028100943,.12311536,.0023599991,.023292566
.000051092411,-.0096531287,-.00071028597,.010267894,.00019687557,.0015206479,-.00015028771,.0095747868,.00029447876,-.00029209955,-.00030014568,-.0026818281,-.00049010484,-.0083961431,-.0026853371,.12897873,.0014014291,.060584817
-.00050283899,.010301434,-.00079259352,.014336777,.00030040208,.0017253427,.00017272348,-.0074011325,.00056155561,-.0054710163,-.00036690908,.0015207409,-.0043703602,.14856283,-.0026406278,.097601727,.00055398612,.047722813
.00013136872,-.015992569,-.00047819156,.011276312,.00020756258,.0030304613,.000014017529,.0038559197,-.000068887559,.00028401808,-.00031538613,-.000030098819,-.0023753762,.050688777,-.0070170844,.26872265,.0018826441,.045662954
-.000088335859,-.0032614428,-.00084459595,.016263586,.00027461784,-.0072242329,-.00010267069,.0077970373,.0012109538,-.018146744,-.00028014416,.0035877433,-.001804668,.039602481,-.0035998595,.11321437,.00030795136,.070493296
-.00014735444,.000099357712,-.0012605797,.021763757,.00028579251,-.0026618612,-.000045354689,.0030369572,.00097001699,-.0060191867,-.00037359667,.0026916789,-.0020594297,.076300822,-.0048380038,.14940073,.000045911471,.052591119
-.000061223785,-.0043379231,-.00096070522,.016675932,.00020634739,-.0018274549,-.000016779284,.0031579135,.000045044126,.003060977,-.00021549863,-.0011330295,-.0031743627,.039697174,-.0032183365,.11821817,.00325493,-.01012273
-.00011320465,-.0043616327,-.0005855721,.011062671,.00030103128,-.0029223463,.0002451452,-.0026321593,.00010216311,.00167821,-.00038480482,.0012072653,-.0038168547,.057794169,-.0044193743,.19078882,.0017634133,.028046289
-.00016010177,-.0060851704,-.00078472734,.01385006,.00028710335,-.0040391376,-.0001615373,.010434809,.0002428494,-.0021061359,-.0001805295,.00022931187,-.0021683567,-.011507436,-.0058925902,.16525182,.00274706,-.040853199
-2.2202073e-06,-.0080922451,-.000897285,.015235113,.00051993114,-.0097104572,-.000011234302,.0036020132,.0004895234,-.002634886,-.00055014348,.0073842988,.00089570857,-.065632947,-.0035269626,.14105542,-.00018988135,.0078530461
-.00039671423,.0065770787,-.00056905427,.0090296669,.00011912126,.0010236845,5.1169859e-06,.0031062397,-.000038250568,.00075975491,-.00015523632,-.0041701924,-.0045216884,.17446837,-.0049934988,.22554898,.0025795735,.028876144
-.00057075679,.011864243,-.00057485455,.015362652,.00054888049,-.0034744202,.00021174097,-.0061251102,.00017275951,-.0019227961,-.00040856053,-.00042563176,-.0027630068,.10749011,-.0014509808,.11443891,-.00033516192,.094352312
-.000038076461,-.0037826954,-.00094595511,.021492567,.00057851285,.0020928744,.000036918824,.0041227876,.00037587978,-.0074237934,-.00059608318,-.0025504821,-.0010885842,-.011741125,-.0058848551,.18849894,.0028362691,.08861047
-.00048405482,.0024898907,-.00066035771,.012178428,.00079860259,-.015697723,.00019769036,.0054095266,.00036345972,-.00041745056,-.00072549039,.0092748944,-.0037678387,.07508979,-.0045939875,.14542376,.0028165136,.0051357308
-.00029065579,.0051546767,-.0002741763,.0079102404,.00056025322,.0025491188,.000076736178,-.0056818426,-.00036418065,.0074897893,-.00063191674,.0009157632,-.001738211,.062086098,-.0055575767,.18993206,.00096306601,.032368578
-.00024502765,.0057250727,-.00051867531,.012710117,.00029790815,.0017879626,.000069120055,-.00073867146,-.000027958269,.0011284515,-.0003661839,-.0011736589,-.00022491229,-.0102823,-.0090895277,.3507112,.004065257,-.015986091
-.000091356604,-.0031219062,-.00067670009,.014815132,.000404808,-.0057914481,8.5949632e-06,.0032762666,.0003562292,-.0038350755,-.00036666967,.0024785767,-.00058447616,.010228375,.00089440355,.021489426,.0027263833,-.021292085
-.0001094012,-.002157202,-.00050529477,.01096255,.00050417881,-.0015797362,.000014157374,.002764836,.000074595482,-.00037546188,-.00057278178,.0062026605,-.0036224925,.064269036,-.0041719992,.15227468,.0039895186,-.025370959
.00014401232,-.0092246169,-.00072318997,.011641153,.0007043443,-.0085111689,-.00019591369,.01068826,.000043788481,.001595173,-.00070798915,.0065092482,-.0023065237,.047349013,-.0032069494,.1682118,-.00036370713,.089255027
.00029475568,-.024281105,-.00060602179,.011468019,.00048797129,.00049487519,-.00011798598,.0098181246,.00024632082,-.0004035077,-.00044387433,.0016419576,.0030336285,-.15789652,-.0012990852,.063669555,.0021160697,-.0055685979
-.00037295645,.0028230872,-.00066586031,.015223972,.00039210042,.0012194441,.00016830003,-.000028518194,.00045464261,-.0051303264,-.00030149706,-.00012739896,-.0040421961,.11280236,-.00664239,.19491801,.0043343878,.019245967
.000021004518,-.0092609907,-.0010154643,.016699528,.00030779632,.0011206035,.00012476133,.00036991091,.00033354838,-.0017068009,-.00044971111,-.0022330007,-.0017558612,-.0088443058,-.00051209627,.069022425,.00010613394,.051110327
.00037962303,-.016469525,-.00098907831,.018176006,.00045788844,-.0026918883,-.00025123139,.008539224,.00018780152,.00096329325,-.00035266136,-.00032879147,-.0010660345,.033097427,-.0078917574,.27470231,.0028440538,.027791169
.00012801462,-.0075673782,-.00046637113,.01017308,.00021743047,.0012221524,-.00011857608,.0076926728,-.000068749912,.0010435544,-.00031361397,-.0019949891,-.0019672781,.045244657,-.006031353,.21163176,-.000048630103,.062195767
.00024832276,-.015920246,-.0010816205,.017238053,.000069259077,.0042099184,-.00028291877,.012059591,.00041478346,-.0034420923,-.00027477217,.00091448956,-.0012803008,-.052297,-.0042090998,.18533993,.0024317282,.050952483
-.00032627719,.0079993671,-.00067609374,.011862951,.00029490393,.0035748424,-.000017960989,-.00093229901,.00010550165,-.000098666023,-.00027933254,-.0031015128,-.0034118709,.10800187,.00084725814,.092271231,.0036284556,.07881441
-.00023801702,-.0028397467,-.00044270701,.00983823,.00026480693,.0040548905,.000082263374,-.0011305144,.00027121013,-.0018330092,-.00028592785,-.0004312637,-.0027214724,.044776145,-.0027871651,.12121145,.0010486252,.039494328
-.0001695634,.0035194156,-.0003433867,.0081277005,.00037298867,-.0054496462,-.00014938471,.0026370136,-.00019137916,.0041929972,-.00025308155,-.00061713153,-.001994295,.080240346,-.0050618779,.17144905,.0003741002,.012062223
-.0001825034,.0022307741,-.00018537974,.0037009032,.00039719837,-.0032983529,.000017870059,-.00072196202,-.00038768159,.01330163,-.00030342361,-.0016896058,-.0054061012,.17345724,-.0050492343,.16160005,.00092854898,.074725121
-.00013908214,-.0071995035,-.00083874661,.018414142,.00027182241,.00082805607,.000015379828,.005326638,.00056962518,-.0086069545,-.00033681828,.0012475546,-.0030811185,.057173166,-.0079019181,.29858643,.0038011624,.0018410891
.000018229568,-.0044018961,-.00030391695,.0051336554,.00016391127,.0012505363,-3.3672811e-06,.000077124285,-.0000368529,.0021206629,-.00028749692,-.0019660441,-.0030117028,.095838755,-.0029449204,.10607956,.00030849659,.062644243
.000034137887,-.0028327426,-.00035592043,.0053650667,.00017021375,-.0021259906,.000050918345,-.00049431244,-.00021546666,.0084203519,-.00021122438,-.0003837457,-.0055166557,.16550806,-.0012067307,.080004469,.0017700832,.025001386
.00021953073,-.016766403,-.00092703255,.018052951,.00021948149,.0022985023,-.000058390717,.0076114009,.0002085234,-.0017241457,-.00025382364,-.0029568516,-.0004956653,-.004635775,-.0068347496,.22159272,.001140974,.037816621
-.00037390503,.0072487062,-.0011207066,.02285164,.00015813533,.0073358375,-.000058731039,-.0002719422,.00063039939,-.0082356278,-.00034848187,.000091738395,-.0097957691,.2714909,-.0087915305,.31087103,-.0029783233,.28636065
-.00064582145,.021418193,-.0010089361,.020859266,.00036809818,-.0049562529,.0001124581,-.006022613,.00080789911,-.011792655,-.00040163944,.0020007708,-.0027808095,.113686,-.0035276075,.12259145,.0029223219,-.028577628
-.000019350624,-.002112923,-.00038643659,.0060955514,.00018878176,-.0015835924,8.4010462e-06,-.0012549532,.000096728858,.0027873022,-.00030837406,.00014488568,-.0035679825,.12493061,-.003666878,.16702737,.0021955241,.042521793
.00010621193,-.0040407134,-.00040623441,.0095264874,.00020908992,.00077226618,-.000082303202,.0020766899,.00016329477,-.00095487287,-.00033625393,.0016617577,-.0025754899,.080154285,-.0062335613,.17920482,.00086763001,.035340831
.000041042887,-.0098673766,-.0011414122,.022867426,.00063801062,-.0070976941,.00006436868,-.00091024878,.001146734,-.018334646,-.00043931248,.0040696589,-.0021677613,.036348369,-.014630889,.53189397,.0090902466,-.12352139
-.000020321251,-.010192689,-.00058711646,.0084314337,.00013497498,-.00053403887,.00003839457,.0046898597,.00015186868,.0015047099,-.00028913881,.0014562135,-.0015642297,.0098139271,-.0014385276,.056977738,-.00054715096,.030939158
-.000090298563,-.001168935,-.00072968693,.015945315,.00021607973,.0030107996,.00010322058,-.0027816319,.000027951488,-.00054071104,-.00026871785,-.00062748586,-.0023145615,.11349043,-.0043684011,.20660619,-.00060787197,.11495156
.00010222631,-.0065602916,-.00070701115,.0097497972,.00014882846,-.0046662148,.000018652667,.0011855764,.00052893651,-.00029313038,-.00023544687,-.00014570895,-.0042729983,.09602502,-.0032807568,.097138561,.0025614521,-.028685929
-.00052306248,.013231787,-.00052351638,.010557248,.0001202604,.0021937867,.0002295116,-.0058297203,.00017500731,-.00077308906,-.00025330746,-.0023068027,-.0044055409,.1529766,-.0055432725,.18685004,.0010565916,.059274521
.00006155506,-.0013831889,-.0008686806,.02053586,.00018987992,.0084348973,-.00010183024,-.0011906562,.000047967416,-.0012210152,-.00025752225,-.0054513784,-.00037127922,.070692159,-.0094837472,.33434922,.0033961115,.12070017
-.00038761232,.0063275509,-.0005427521,.01290608,.00041804847,-.0044748792,.00020792679,-.0027952557,.00019269135,-.0016193861,-.00048496932,.0054739551,-.00358374,.11069451,-.0022173484,.12659621,.0016893183,.043312814
-.000032530341,-.0070535839,-.00096783059,.020567205,.00047620485,.0012992894,-.00022474879,.0090053631,.00051233842,-.0050144605,-.00060729566,.0061242194,.00090890884,-.073136657,-.01032897,.332185,-.00075394224,.1715484
-.00035106557,.0069007794,-.00044548229,.012475043,.00018030437,.00017537405,.00018055539,-.0035271612,.00012824404,-.00068273314,-.00031205264,.00096152711,-.0034250345,.13015528,-.0062059448,.19127864,.0017090981,.019779149
-.00021050344,.0017907574,-.00068994501,.01474658,.00026146509,.0032155723,.00033409637,-.0032433809,.00004026742,-.00022369878,-.00030116033,-.0014160398,-.0051812148,.092673868,-.0036315119,.1350909,.00040268278,.054461654
3.4816955e-07,-.0026230456,-.00048955466,.010456474,.00026563436,.0028664528,.00003503789,-.0013231713,.000098397322,.0010070544,-.00035420115,.00057857536,-.0026416727,.099353589,-.0044036317,.17069726,.001720962,.043258607
-.00058735511,.0080511952,-.00076444971,.013550942,.00035882022,-.00086985459,.00022614961,-.0031045431,.00013920246,-.0016270025,-.00039494989,.00083748758,-.003249723,.10494215,-.0063036331,.21186842,.00088486139,.081736311
-.00019724852,.0013142684,-.00027599811,.0045991382,.00022820703,.00029728792,.00027649748,-.0062395064,-.00014241578,.0026690089,-.00034643858,.0028256758,-.0051027401,.088084437,-.0052673318,.16839927,.0031438966,-.015073959
-.000065754226,-.0035548666,-.0010052819,.018757027,.00049336907,-.0054669403,-.0001221695,.0043884395,.00031189024,-.0016167712,-.00050824409,.0038516608,-.0020737322,.06682954,-.0024902853,.14342749,.0020763036,.02727947
-.00019992642,.0063648284,-.00079148746,.01200317,.00037417701,-.0011877714,.000052974014,-.0018960041,.00051633234,-.0027166081,-.00036632374,-.00047537644,-.0027878734,.11093885,-.0040720473,.16576573,.0025375118,.030705296
-.000036906855,-.0069114934,-.000080680707,-.00026136002,.00018411483,.0018422054,.000048438127,.0021577575,-.00030257483,.0084798736,-.0003531861,.0002933419,-.0019215811,.03761011,-.002805307,.1096713,-.0021670598,.064369276
.00029015713,-.016963232,-.00078988087,.013380254,.00040825779,-.001179742,-.0002267754,.0086295614,-.00019384312,.0085113887,-.00053903542,.0008999916,-.0010358372,.010915558,-.0022125328,.15683262,-.000083374754,.053312123
.00014387874,-.012811581,-.00079033774,.011941883,.00037442974,-.0032545412,-.000046602603,.0043899948,.00040019868,-.00083841378,-.00053770829,.0062858812,-.0029485731,.10263524,-.0050416808,.22159258,.0033999998,.07398206
-.00014942969,-.0030271308,-.00096534687,.018988289,.00045391882,-.0084707839,.00027332272,-.002691515,.00024473143,-.0035082598,-.00036487417,.00023825964,-.0046823043,.17394531,-.0023391638,.089452282,.0016589512,.013981967
-.000047166181,-.0025935981,-.00039395498,.0070964871,.0003688772,-.002823754,-.000080032551,.0026757615,-.00014105739,.0041343635,-.00040899887,-.00048627125,-.0018586137,.041859739,-.0032511237,.12375816,.0019580913,.020486776
-.000065698616,-.0099999756,-.00084725081,.017663797,.00019843795,.00029971346,.00018701471,-.00039367322,.00012057263,.00084032869,-.00021297144,-.0021162783,-.0018213042,.035487555,-.006975871,.24615389,.00062496384,.04964463
-.00008029661,.0024541996,-.0009400624,.019874264,.00026846575,.0021162126,.000017689808,-.0048999391,.00043018488,-.0040278514,-.00033808453,-.0025651341,-.0030066667,.11303651,-.0017105991,.058480315,-.0003278158,.059120044
-.00030358857,.0047151428,-.00092862459,.017992429,.00011670312,.0061623286,.00026760696,-.0042624958,.00027894753,-.0031077792,-.00030078334,-.0007970588,-.0041352068,.15446623,-.0089200307,.30745324,.0013785844,.084206052
-6.6660846e-06,-.0015940018,-.0013127066,.02551352,.000075768054,.0012887378,-.00012966229,.0030106122,.0007108571,-.0098837456,-.00016519209,-.00051084248,-.00097811501,.059930876,-.00020847926,.041405044,.00190778,.068503894
-.0003386731,.0042654956,-.00069356349,.01562311,.00025838937,.00024744641,.00017040342,-.0031659098,-.000070166607,.0013163743,-.00026648355,-.0016249858,-.0050991257,.1009649,-.0075397631,.20898877,.0014378318,-.004992384
-.000075981829,-.0082094269,-.00073272811,.015083279,.00035116149,.0009113563,.00010180217,.0024238734,.000018578912,.0020465215,-.00037722706,-.00043845316,-.0024689664,.015925866,-.0037869771,.13298458,.0022868279,.042894818
-.00013217753,-.0027173036,-.00040774528,.013154358,.0002785931,-.00035364466,.000047799258,-.00047065137,-.00028703007,.004106882,-.0002662086,.00015756259,-.0025625555,.075080663,-.0021261803,.12219068,.0021456361,.035113476
-.00022223059,-.0045041377,-.0010986467,.020192422,.000033239616,.0019162734,.000046336816,.0056472248,.00094668759,-.010186579,-.0002306292,-.0035680509,-.0013851112,.056371957,-.0027574983,.11272192,-.00048264457,.088164225
-.00015378326,.0010356527,-.000507035,.015888646,.000039003029,.0063733622,.000039102932,.0014071093,-.00014147237,-.000078967067,-.00027193932,-.0028218804,-.0031756125,.090942882,-.0079027833,.29873195,.00066257513,.069441862
.000050705636,-.0057259845,-.00042840911,.0076910551,.00015600964,.0028412363,.000076099808,-.00073106762,.00011850673,.0027827788,-.00023447424,.00019603441,-.0044523599,.12620293,-.001595952,.09456791,.00025711118,.035394739
.00013898245,-.0083764456,-.00093989499,.019851992,.00030369431,-.00030560931,-.000092701899,.0055154744,.00052666053,-.0060166647,-.00033073581,.0014331571,-.0016272796,.048951175,-.0066919457,.21761473,.0020170731,.028862473
-.00061924575,.013668303,-.00077794702,.014355476,-.000019685078,.0059442171,.000022884153,.0021921585,.00028019585,.00002585221,-.00020133099,-.0031134544,-.00059621281,.043613352,.0036127537,.016692536,.00027752569,.079791151
-.00025980981,.004094494,-.00065519946,.01409886,.00033516547,-.0050535132,.000069824127,-.000438563,.00017972557,-.0016415898,-.00035102002,.00076996564,-.003612028,.11019929,-.0068858974,.21685493,.0031329754,.012062168
-.00019004928,.0021505917,-.00060125248,.013229568,.00044539582,-.0048004687,.000082162631,-.0020374923,.00018492053,-.0020594287,-.00041474652,.0031932145,-.0035388118,.096533656,-.0043569864,.14015423,.0030442025,-.003797435
.000048995174,-.0060585216,-.00082875614,.013515869,.00037401702,.0042806258,-.0001857841,.0077433325,.00018913932,.00043827976,-.00051082729,.002283057,-.0017915212,.00067809533,-.0044622235,.19122542,.00035871743,.06506367
-.000075572505,-.0038056169,-.00092839642,.01978562,.00034858767,-.0008101209,-.000029624664,.00006259208,.00054973154,-.0065203467,-.00042639486,.0045212349,-.0027716286,.080001026,-.0034763536,.11867483,.0022042668,.02862191
.000059608639,-.0042782756,-.0012879574,.01965869,.00043969639,.00089731527,-.00027486929,.0049767285,.0011165864,-.009856117,-.00039818048,.0012475475,-.0034606846,.11519463,-.0041897451,.15689187,.0013661201,.035038918
-.000026348791,-.0053460458,-.00033639761,.0058048321,.000011923074,.0025463423,-.00018194329,.0086464006,.00016775716,.00011715604,-.00012502725,.00041173492,-.0014275153,-.022483146,.0060139103,-.12125923,.0042634243,-.082937554
-.0003141005,.0088675078,-.00074118667,.016569115,.00025368997,-.00099460967,-4.6746554e-06,-.00076148158,.0001251514,.0015409291,-.00037337723,.0011548045,-.0046091937,.13133933,-.0048278989,.16012259,.00076580828,.060086757
-.0001101848,-.0016200654,-.0009537877,.017368015,.00040843282,-.0042265519,-.00011274907,.0045447983,.00066561525,-.0071115149,-.00033045173,.0032220304,-.002968325,.065432996,-.0055251503,.16440967,.001377066,.019676128
.00023588572,-.010004831,-.0012682881,.020760249,.000269079,-.0005712338,-.0002044873,.002353203,.00042756074,-.0025504127,-.00035214395,.0035770696,-.001246711,.011010049,-.0036797919,.12850699,.001177393,.088019602
-.00022264873,.001265827,-.00096631295,.023369519,.00045983016,.0052964808,.00016792468,-.0087542497,.000091186506,-.0042726467,-.00042007319,-.0007850831,-.0014436643,-.036906093,-.0044133309,.16416202,.006579916,.082625456
-.00023962979,-.00052511343,-.00034479616,.0099656433,.00017609129,.00063783076,.000071523893,.00043420607,-.00025002944,.0057392637,-.00023630625,-.00087345141,-.0010478821,.01841506,-.007405262,.20113188,.0032825849,-.041935772
-.000093700255,-.0046485998,-.00071139744,.011087998,.00027922343,.0045650871,.00012121277,-.0016211041,.00019373122,.0022511226,-.00031520621,-.00016966187,-.0036937681,.083155379,-.0038366669,.15614757,.00034822882,.058784306
-.00032261998,.00081181398,-.00062133052,.011667801,.00044928837,-.0091320565,.00015148168,-.00008533481,-.000020672234,.0032059739,-.00052854052,.0020512748,-.0020499215,.064031765,-.00064520317,.07918898,.0027449813,-.011209477
-.00018907363,-.0021109409,-.00070901489,.014420496,.00030616045,.0024854655,-.000063956235,.003364221,.00041714622,-.0046427785,-.00034933432,.0015114764,-.0024326413,.064233921,-.0020514664,.066315569,.00045963941,.023303311
-.000083420622,-.0027057331,-.00086301373,.020810902,.00042036281,-.0033659637,-.0001391204,.0041450406,.00042457427,-.0054891407,-.00045125579,-.0010845534,-.00099461526,-.022032106,-.0075329156,.21477538,.001879469,.027915107
.00015365987,-.0097274352,-.00061665039,.014231592,.00015435911,.0037717728,-.00029654268,.010673341,.0003198903,-.004788042,-.00017417957,-.0011997388,-.00029702979,-.0091845151,-.0047173938,.17458118,.0017051671,.061088171
-.0007392909,.02182067,-.0006023504,.014067522,.00048575419,-.0043750061,.00031664202,-.012758287,.00091644673,-.01255204,-.00047187723,.0050746421,-.0037813238,.17021054,-.0046818303,.16233671,.0025964682,.039076116
-.00040859109,.0029925902,-.00059102167,.014418247,.00011462854,.00091146381,.00028989473,-.0053385571,.00019300335,-.0023488123,-.00024233025,-.0017268519,-.00022045584,.016094107,-.0032496781,.1748379,.0013486661,.067629479
-.00026542202,.0030161438,-.00095575431,.014922965,.000082200313,.0013796337,.00010042761,-.0027739271,.00078624749,-.0063906084,-.00011600858,-.0026167063,-.0012093624,.074480936,-.0066423542,.19145274,.000080622965,.08102791
-.00027094799,.0042030816,-.00099486206,.019864125,.00019547099,.0065206275,-.000043349974,.0036800166,.0006090902,-.0061567705,-.00024042344,-.00061712036,-.0016529048,.092929184,-.0073661776,.17396548,.0021289748,.032874566
.000054405598,-.0075592035,-.00059012283,.010350347,.0002505428,.0021980635,-.000022047059,.0044674934,-.00003040278,.0012959567,-.00030759221,-.0026204048,-.0034871853,.053124212,-.0028232264,.11216944,.00093750446,.040565986
-.00012416366,-.0036872469,-.00069680047,.014789209,.00070027827,-.010443054,-.00012854201,.0077596004,-.000023756847,.0010210711,-.00066587841,.005757649,-.0017646516,-.010149244,-.0032004812,.12571473,.0023144307,-.026093818
-.00020891213,.0018794729,-.0012357144,.023080781,.00049358729,.0020236254,9.3424260e-06,-.0028879396,.00016700508,-.0015073828,-.00052140333,.00032643779,-.0030625158,.059171245,-.0025897867,.12710197,.00086115248,.06369181
-.00033528105,-.0015467112,-.00055994326,.012335104,.0001222834,.0038499574,-.00005374365,.0088109048,-.000088381719,.003104551,-.00031631856,-.0033560765,-.0033206816,.0093966322,-.0074068788,.25025839,.00063525711,.047733907
-.000026691077,-.011249577,-.00069442857,.017285017,.00036806261,.0052488642,-.000047171263,.0082138525,.00019793486,-.0028546103,-.00029827887,-.0032779449,-.0019422189,.008288933,-.0064841048,.20166132,.0011132727,.064119086
-.000072346113,-.0091087744,-.00096570008,.021377975,.00053766131,-.0032207088,9.7809118e-07,.0060887123,.001062601,-.016574092,-.00047386225,.0020119837,-.002445695,.0035102076,-.0027448998,.13847274,.0015333135,.010664016
-.00041273539,.0087503958,-.00059732958,.01188194,.00043111743,-.0068834992,.0001405862,-.0016333568,-.000053469383,.0042671501,-.0004469956,.0034563118,-.0073720342,.2993373,-.0059796735,.2240639,.0046139136,-.030861378
-.00033696258,.0026872763,-.00039522556,.005841752,.00013921416,.00065159949,.00011347449,-.0021676202,-.000035400943,.0051469724,-.00032919971,.00028527802,-.0034416292,.097641855,-.0051079434,.16375369,-.00061360106,.067547128
-.000011544857,-.0042824317,-.00047603689,.010925619,.00031053805,.0020991904,-.00010084613,.0058027226,-.000080126789,.0041315639,-.00031170552,-.00013513125,-.001274768,.030739013,-.0034958413,.1502676,.0030872342,.030800443
-.00013614784,-.0069064647,-.00070049521,.015617728,.00003923375,-.0019437447,-.000021129465,.0044354857,.00036218253,-.0032980598,-.000157328,-.0011809252,-.0022152148,.040613424,-.0036026835,.10351071,.00023803583,.063478105
-.00020474245,-.0027448786,-.0010745818,.022912161,.00013522808,.0031817015,.00033959057,-.0055403793,.00012082286,.0012712443,-.00023383851,-.003278865,-.0049808617,.12386774,.00051496067,.0058197132,.0013814089,-.015231609
-.00026605013,.0034022955,-.000016111477,.0031083343,.00068813039,-.0089321984,-.000023169487,.0030452728,-.0002552887,.0054078689,-.00065238663,.0029267184,-.0010990533,.035369691,-.00097787927,.080527745,.0032386105,.013697489
-.00020773546,-.0030672017,-.001413424,.025359085,.00046432173,-.01142363,.00014439045,.0022963469,.0012826099,-.018210948,-.00047527996,.0058714161,-.0035020204,.068012901,-.0050836387,.13394983,.00063730252,-.025879215
.00036474637,-.017334115,-.00069432851,.011247556,.00025117112,-.00092639204,-.00024157476,.0087591987,.000053528925,.0040008971,-.00034777852,.00025108588,.00093282445,-.082426637,-.001803742,.11612221,.00039066572,.038266469
-.000016318305,-.0035889701,-.00049254851,.0092380494,.000046307599,.003141653,5.0701192e-06,-.00030658967,-.00019353318,.0048676473,-.00019187569,-.0027075417,-.0033367446,.098153427,-.0048306868,.15532377,.00065322715,.050189871
-.00010048351,-.0033864232,-.0012808369,.026153939,.00082204439,-.0077046365,-.000031181698,.00034208453,.00049402937,-.006822974,-.00064082141,.0059068687,-.00092003413,.034311954,-.0024878641,.148398,.0043632598,-.018130584
-.00030997492,.0087834075,-.00034396615,.0069587566,.00049688655,-.0064371978,.000033766781,-.002680596,-.00014769779,.0059966529,-.00040380564,.0012581504,-.0019763932,.091727115,-.0028194687,.10628805,.0048051206,-.040280953
.000062534797,-.013571952,-.00048562,.008202008,.00037252859,.0015550444,.000035813442,.0046379105,.0003569751,-.0021594306,-.00044782148,-1.5377877e-07,-.0015268807,-.0181858,-.0024450589,.13614364,-.00011811998,.088441953
.0000972208,-.013137797,-.0006307154,.012319825,.00023362541,.0057205558,.000025305168,.0016538997,-.000022374599,.0014165029,-.00042110661,-.00085677108,-.0011783822,-.056798343,-.002027187,.14946918,.0016953318,.072939098
-.000026291173,-.0062817284,-.00091444456,.018870128,.00031200465,-.0050954567,-.00007673556,.0069809724,.00041443124,-.0050262525,-.00034538211,.0018257835,-.0017446605,.049052052,-.0056098001,.20010991,.0028483276,-.0030394772
.000068915651,-.010958673,-.00072409731,.014501138,.00056846131,-.0035349093,-.00022271414,.007225357,.00054421986,-.0051001618,-.00055828341,.0043453421,.00047397389,-.040423799,-.0051500779,.14336096,.00212091,-.021686735
-.00058856793,.013822274,-.00061579695,.0093773799,.00010251103,.00082183408,.00024590391,-.0099440077,.00039949131,-.0016527374,-.00029311475,.00033158908,-.0024390302,.074357346,-.0030253779,.13970283,.0013310043,.041049141
-.00022048765,.0010437944,-.00067505019,.013620805,.00039871092,.00094294653,-.000038734277,.0066266479,.00016351434,-.00066783198,-.00041651228,.00015627872,-.00057589036,.023101442,-.0032104149,.14980996,.0015981375,.059123978
.00026417544,-.014878329,-.00085328484,.014255397,.0001054798,.0028109546,.000056566685,.0042228322,.00044340661,-.0054269796,-.0002311444,-.0024886106,-.0037601513,.069804192,-.0018260955,.042556979,-.00038097764,.036205646
.000099652876,-.0048426087,-.000498179,.012872429,.00025928812,-.00056225917,-.000088563676,.0040282533,.00012248459,.00053201645,-.00034151066,.0014096672,.00034128584,-.025134828,-.0018839182,.038153239,.0031046486,-.051645886
-.00036126695,.00598766,-.00046187488,.01348424,.00087054365,-.011070057,.00043227058,-.011910366,-.00004618871,-.00033835752,-.00074111699,.0063785943,-.0052380883,.18316118,-.0018440767,.14705275,.0016772178,.02473836
.000096384501,-.013663664,-.00079236901,.01451156,.00054208137,-.0061256471,.00013627262,-.0007833257,.00022484377,-.0010751387,-.00045594116,.0016862209,-.0011922301,-.010040874,-.0051319296,.16229181,.0042196666,-.014058505
-.00020369554,.0040961783,-.00048680932,.0082583399,.00024510137,.0033417398,-.000035022986,-.0014535059,-.000079718506,.002274381,-.00027350927,-3.8525266e-07,-.0066595762,.2461241,-.0053462302,.26199865,.0042695166,.14121255
-.00037271349,.00358715,-.00088441675,.022529371,.00044235223,.004840252,-.000090760237,.003887739,.0003070157,-.005581582,-.00046579185,-.0016769163,-.0012245167,-.063310653,-.0070321178,.34448642,.0036852183,.082435861
-5.7891266e-06,-.010635909,-.0013059234,.025609395,.000090500631,.0059754192,.000040239029,.0054501882,.00053150411,-.0071601365,-.00020338078,-.0037346475,-.0030110648,.016089035,-.0052747023,.16185413,.0005606811,.061503444
.000079363948,-.0096622454,-.0012194408,.021358177,.00022639199,.0034265874,-.00013773001,.0092808753,.00098219875,-.010032739,-.00028886113,.0015974849,-.001603517,.0035082621,-.0036225249,.1234504,.0035283777,-.034946736
.0001412495,-.011907347,-.0015291331,.027570663,.00030415962,.0022721253,-.00020158218,.0097504109,.0012096681,-.012713046,-.00041416721,.00099820562,-2.8262161e-06,-.02286393,-.0077798525,.21400966,.0018703751,.058060803
-.00016044076,.0042799246,-.00075550587,.015183548,.00018767772,.001734636,-.00015785704,.0032998368,.00011425937,-.00060905487,-.00027674358,.00017870152,-.0067076362,.19993211,-.014059813,.4071314,.0021235594,.011032924
-.0004182847,.0099427011,-.00015055347,.0054562395,.00041875194,-.0035618513,.00014003196,-.0025982684,-.00034470792,.0057487483,-.00035245225,-.0022773934,-.0015632624,.068928376,-.0016505222,.084029838,.0016724414,-.014379832
.000012262489,-.010577021,-.0013381261,.024961971,.000099536592,.0047478778,-.00014335054,.012316509,.00063763082,-.0052555725,-.00026815134,-.0011013572,-.001590644,.0010007224,-.0036464222,.17663193,.00039302095,.066846572
.00037654481,-.019904481,-.00076280668,.015823601,.00085249922,-.0081125889,-.00028975817,.013953445,.00027109444,-.0020975887,-.00066753366,.0029802818,.0017402042,-.099116482,-.0063135144,.25271532,.0021138971,.061039843
-.00022812274,-.00170731,-.00070446433,.012764196,.00027351073,.00020625751,.000085003354,.0016821801,.00065177598,-.0046439562,-.00034442477,.00050488481,-.0026378941,.041150153,-.0063076657,.17787416,.00036809139,.050158281
-.00041233879,.010229222,-.00050081703,.010412218,.00045698599,-.0013804868,.000031242325,-.00040175719,-.00011703295,.0051249769,-.00058938673,.0045671975,-.002071708,.10093694,-.0064676506,.22191328,.001616576,.051948506
-.00026605188,.0050169411,-.00039978564,.0094029065,.00030217186,-.00068473036,.00011091205,-.00015374574,.000020308607,.00093661854,-.00027794778,-.0021300688,-.0037524253,.13146362,-.0014954964,.075841628,.00077773456,.063305058
-.000073914518,-.0083770677,-.00094434503,.014715808,.00012678276,.0041471086,.00010400426,.0014129244,.00049389258,-.0027064777,-.00020574025,-4.6586333e-06,-.0030950611,.098135658,-.0017005122,.14743978,.00065373076,.079835974
-.000059492384,-.005533563,-.00050685718,.0096212253,.00017808312,.0010067953,-.000098269455,.0058658994,-9.9634753e-06,.0039869882,-.00031596352,-.0016332101,-.0039877938,.087355971,-.0021424468,.10263826,-.000025454277,.074208915
-.00016001138,.001592903,-.00046016535,.0099846562,.00023619209,.00053209107,.000081037935,-.001034279,-.000042235108,.0028016448,-.00027294445,-.0016127434,-.0032556457,.095128372,-.0040981658,.19133267,.0028612984,.074268274
.000020668967,-.0065572844,-.00077059597,.015901815,.00014414273,.0035152966,-.00010480855,.0039858548,.00027862532,-.0018515511,-.00029539954,-.00040737202,-.004435949,.1211338,-.0047793458,.22854555,-.0011404178,.12452114
-.00012035912,-.0048648575,-.0010896857,.021659486,.000022384327,.0050834361,.000072123228,.0015236519,.00061212218,-.0062475298,-.00029975691,.0015613622,-.00016940612,.0064164638,-.0042331605,.14364785,.0036868644,-.018213755
.0001590881,-.0043142964,-.00067507656,.012561257,.00019893647,.0034627859,-.00016083798,.0045699575,.00020977366,-.00088058284,-.00042670648,.002193942,-.0024868925,.04201436,-.002444949,.1125908,.0010538758,.034758504
-.00037595906,.0015767649,-.0010218362,.019005025,.00015334789,.0013381001,.00033791841,-.0060546119,.00036855289,-.0034256063,-.00021963702,.0010931488,-.004117589,.059820477,-.0061583631,.20532677,.0034851856,-.043674473
-.00034727121,.0044658934,-.0010517986,.023212716,.00059228239,-.00021621062,.00022175384,-.0054253205,.00033689346,-.0022194842,-.00045914244,-.0014424362,-.0035289282,.1131546,-.0044074808,.18911369,.0019934226,.060740042
-.00019708187,.00068365847,-.00049416954,.0094824629,.00019866478,.0048458898,-7.2807088e-06,.0015123306,.00018775809,-.000089189052,-.00022051063,-.0022690098,-.0028472429,.023551716,-.0044779126,.14706998,.0020712272,.05124528
-.000094772193,-.0018548834,-.001845128,.033278137,.0003797184,-.0020191749,.00005779893,.0002565828,.0011583315,-.017549556,-.00010708814,-.00216739,-.0042917226,.17034999,-.0034847877,.15341534,.0015971067,.10977638
-1.8174469e-06,-.0075136139,-.00094637065,.017278161,.00010159085,.0042975014,-.00011554282,.0047770012,.00027428166,-.0015309646,-.00022749466,-.0009449771,-.0021269857,.073984645,-.006786922,.25145683,.0036257824,.078389339
-.0004059819,.0010109398,-.00053142587,.011650596,.00039531005,.0011178755,.00014035776,.0013450409,-6.2560625e-06,.0014291789,-.00052206405,.00050937163,-.0053519318,.12841579,-.0028718668,.17427607,-.00043785089,.094447613
.00010847801,-.0094623091,-.00051225215,.010644172,.00022172664,.0039092395,-.000032052147,.0028550006,-.000074058888,.0026132509,-.00026633285,-.0017242369,-.0030985614,.091541752,-.0054978835,.20997515,.0014067093,.069745772
.000041944018,-.0064329645,-.0013799283,.030584041,.00063589343,-.0082997056,-.00012110463,.0065154368,.0003193685,-.0058576679,-.00043729803,-.00093463412,-.0023669458,.037023343,-.0071568643,.22826432,.0042212196,-.04014127
-.00031169111,.0046428274,-.00047039983,.013260061,.00028931469,.00076110405,.00028453075,-.010355151,.000034287321,.00053874258,-.00030901984,-.00023293665,-.0066276873,.22930422,-.0031825523,.11959452,-.00084947626,.065786399
.000095105032,-.0066946042,-.0014651715,.029479517,.00061568641,-.0088726077,-.000033756594,.0039007016,.00082544039,-.0098835947,-.00045198252,.0021351886,-.003588533,.082180552,-.0014216516,.094158679,.0029835247,-.018187935
-.00034273,-.0041852142,-.00086763717,.016593499,.00010237135,.00051749917,-.000029286082,.0085250838,.00032188374,-.0013796946,-.00025928835,.00056114647,-.0019566361,.01528803,-.0082081072,.25086358,.0028584355,.03303875
-.00013646561,-.007746825,-.00074853492,.011557141,.00018775115,.00077934418,.0002444147,-.0068069207,.000046480447,.0037438322,-.00028784978,.0016539055,-.0044261818,.081433877,-.0025763602,.096047156,.0033067213,-.045064133
-.00061035651,.017615836,-.00077213871,.014916208,.00067775848,-.002171414,.00014240175,-.0083836224,.00076983415,-.0065207928,-.00057388307,.0028568318,-.0023918569,.11273182,-.0055574006,.19089115,.0038066765,-.013150635
-4.5556558e-06,-.0099923788,-.001019583,.016564809,.00030019632,-.0022756984,.0002295617,-.0019128172,.00038577657,-.0037957504,-.00017183633,-.0021682377,-.0020880364,.0091990801,-.0046242839,.17467354,.0025518027,.06123513
-.000081441729,-.0022821373,-.00045452677,.0093077654,.00075298763,-.0036238336,-.00016809377,.0037894233,-.00023146631,.0064080823,-.00069151045,.0046285749,-.00014724776,-.010613923,-.0051442492,.25385389,.0033498451,.11343814
-.00028517324,.0012597885,-.0010975719,.022426438,.00049704046,-.0032043464,.00011655729,.0026920617,.00055659318,-.0089781061,-.00044567208,.0015022623,-.0025930083,.070731871,-.0080192592,.23546964,.0017012004,.028111935
.00015146346,-.0060572028,-.00049108517,.0061472375,.00038268007,-.006298427,-.00012418223,.0029055292,.00013579446,.0020994158,-.00038207293,.0018528081,-.00024278229,.012134551,-.0013506244,.085938826,.002467043,-.055838551
-.00009687784,-.0059341746,-.00054817589,.0081156371,.00013033782,.00094575167,.00026068476,-.0056769093,.00014635631,.0020098856,-.00016933534,-.00041373583,-.0052274484,.086948022,.001973537,.008825249,-.00055197749,.047746945
-.00041151411,-.000091359339,-.00046930168,.0095182629,.00024128665,.0014732551,.00013579693,.0014776357,.0001334066,.0017458154,-.00031063199,-.000462016,-.0051957732,.14185046,-.0006533105,.08394558,.00031543834,.063643672
-.00038497837,.0072954912,-.00067541434,.017598115,.00032773154,.0010209511,.00020512479,-.0053537157,.00036870487,-.0047387495,-.00033713048,-.0019813096,-.0040522348,.13744797,-.0038776181,.14883901,-.00022788504,.065883562
.000096306394,-.0080979904,-.00099383027,.020549422,.00055384974,.0042727296,-.00026330614,.010722005,.00051359629,-.0069778846,-.00042041129,-.0015717347,-.0024645363,.058150962,-.0085549485,.27557504,.002030869,.080862507
.0001677643,-.011016552,-.00072609168,.015508436,.00010250914,.00011161831,-.00023351953,.011384457,.000099384713,-.0013773023,-.00030575148,.000079896832,.00033108398,-.030688705,-.0013200203,.13598479,.0028967217,-.00059064315
-.00042218671,.0054424289,-.00045020992,.0097837495,.00039601559,-.0020661622,.00011693288,.0023196938,.00011508623,.0027423096,-.00048643272,.0023262107,-.0029712473,.066127911,-.0024752491,.14932309,.0025193754,.015047694
-.00024003717,.0029318335,-.00050389988,.014099479,.00051945157,-.0095641678,.000045688841,-.0027368257,.00009138375,-.000035520392,-.0004686774,.003336855,.00014494277,.027400514,-.0025359988,.1428403,.0019718907,.028053977
-.00022971375,.00048903126,-.00067821518,.012184203,.00032542206,-.0012362904,-6.4320709e-09,.002453648,.000028653074,.0026357484,-.00042641151,.00039585616,-.0036828252,.08322344,-.0040974086,.14824544,.0011052893,.042242005
-.00018074819,.00047382576,-.00067579554,.017125025,.00010529708,-.0010805373,-.000056469675,.0039200387,-.000061552673,.00071704428,-.00019728173,.00020902435,-.00037998563,.027294829,-.0021869428,.13014701,.001508617,.058915664
-.00073802884,.017647702,-.00024892017,.0076406067,.00021009841,.00037136578,.00023413866,-.0052758916,.000052201252,.0013948523,-.0002852623,-.00013234693,-.0042363261,.15282665,-.0037537506,.1538865,.0017297715,.063871227
-6.7488963e-07,.00029065504,-.00091489253,.020791,.00040864968,.00079586694,-.00021478611,.0025950791,.00019910329,-.0036402964,-.0004238633,9.4425857e-08,-.0051253224,.14924417,-.010201568,.42004946,.0013423844,.056527156
-.00031442932,.00024759202,-.00052783615,.0081933122,.000028149339,.0025840946,.000049243241,.0015523406,.00037860131,-.0013952844,-.00012223753,-.0016594314,-.0019681833,.023402182,-.003786355,.12570167,.00073887449,.035766851
-.0003064856,.0049710232,-.00083892682,.016167937,.000508208,-.0041951342,.000064923712,-.00283947,.00055259978,-.0055076787,-.00039760323,.00070948811,-.0041957512,.12142481,-.0037990508,.18968093,.0021447863,.046635382
-.00002935719,-.0075604254,-.00022492213,.0049589169,.00022644774,.002688603,.00016759345,-.0018547834,-.00017532975,.0034191727,-.00027634393,-.0018822039,-.002660977,.065829903,-.00078302919,.14673616,.0029795829,.027749345
-.00041779439,.002226986,-.00068533682,.013401515,.00033834815,-.0027016753,.000074176838,.0024294483,.00023057043,.0011661922,-.00053546071,.003156313,-.0049361889,.079607531,-.0031815518,.10740586,.0022834626,-.016649673
-.00023571837,.0081906579,-.00077984482,.015292408,.00026670561,-.0029839796,.00036605122,-.0092884805,-.00010938056,.0027399696,-.00032207317,.00051307789,-.0073128468,.26583058,-.00072163198,.12382724,.0015842756,.03872947
.00015756409,-.0069960817,-.0011683267,.026700314,.00022230325,-.00022931818,-.00012850403,.0021279126,.00075285695,-.011701922,-.00033152019,-.0018493298,-.0020433078,.097737618,-.0037033155,.16648872,.0034774053,.029707434
.000049965798,-.0079724696,-.0012153909,.025598472,.00096172397,-.010854401,-.00024251801,.01124255,.00085607223,-.011450212,-.0008284442,.0094717052,-.0019963151,.06187354,-.0086883744,.28286806,.0014046504,.086394213
-.000052390282,-.0061302125,-.00055313355,.013016771,.00036379776,.0018968141,-.000082083519,.0071803238,-2.7102431e-06,.00068439485,-.00043527022,-.00021035166,-.000041592302,-.022290245,-.0037278044,.1518871,-.00077962212,.091681689
-.00010971149,.0025819009,-.0012214427,.021173112,.00039922405,-.0023090052,-.000042083291,.0012113845,.00078289059,-.01006547,-.00031353685,.00053255813,-.0027662152,.081677102,-.0090931058,.29483953,.0010476684,.055503942
.00005129019,-.009543567,-.00044476718,.0072857393,.0003150191,.003607092,.00015694041,-.00092204288,-.00016619411,.007028908,-.00041389663,-.0017728474,-.004567245,.095065311,-.00028094984,.06729921,-.00086866016,.093367979
-.00019332142,-.0014528454,-.00085945224,.022911381,.00033620113,-.0015618377,4.0779705e-06,.0018652539,.00047924754,-.0063043367,-.00041974153,.0016675222,-.0027469643,.054544363,-.0012784079,.10836601,.0010374221,.056801405
.00023533599,-.015041177,-.00085246272,.012154794,.0003748248,-.00088930706,-.00023345064,.0086451601,.00011449688,.0003935183,-.00055206718,.0030592335,.00013542618,-.1053788,-.007879681,.2419728,-.0009384338,.10818636
-.00046831547,.007270168,-.00062812347,.015070212,.00048376439,-.00051228929,.00014571342,-.000306912,7.4976342e-06,-.000902684,-.00051175122,-.00035085005,-.0047753593,.13709539,-.0039973333,.14229734,.0012865299,.044351444
-.00023195022,-.0029387309,-.00075596076,.016494052,.00022845414,-.0036821014,.00038715469,-.0079202438,.000067028988,-.0020028669,-.00030858029,-.0030535795,-.0035690533,.047545187,-.003739266,.1662071,.0015283662,.05668918
-.00035356777,.0032520008,-.0013230968,.024001278,.00033942427,-.0035927619,.00033733618,-.0044256239,.00028065828,-.0038406048,-.00042965537,.00067439402,-.0035692279,.072845884,-.0046999333,.12294449,.0007510343,.033536401
-.00019509991,-.00061338983,-.00052384078,.011415823,.00023850465,-.00063760648,-.000052805302,.0021904602,-.000081426806,.0033931013,-.00028221545,-.00047475964,-.0045706769,.10248601,-.0016965431,.16011064,.0028613096,.12661967
.000044237204,-.0036336838,-.0013691573,.025349135,.00051358889,-.0047872583,-.00017372031,.005924846,.00063137949,-.0073207025,-.0004711345,.0015673297,-.0017475117,.065345116,-.0089036888,.31266788,.0012642558,.069627039
-.00015321106,-.00035418369,-.0010294453,.015650781,.0002658618,.0037677602,-.00015265151,.0050284052,.00055411208,-.0035647822,-.00037008477,.0012718085,-.0035649992,.11706277,-.007640928,.23722465,.0010387101,.03972064
-.00042946884,.010183073,-.00036744744,.011808303,.00035363302,-.0042828275,.000083141094,-.0020007323,-.00020362635,.00088978029,-.00034631506,.0019685905,-.0037539401,.10940344,-.00035611432,.036765836,.0041789855,-.048382651
.00008421886,-.0074439999,-.001006645,.020852622,.00013845875,.0054997448,-.00011962776,.0036391972,.00059854897,-.0093903001,-.0002754477,-.0013961161,.00077165762,.017684644,-.010302122,.26294488,.00071699312,.062564969
-.00010545235,-.0037894291,-.00082000834,.016131466,.00080028939,-.0078782635,.0001674435,.00027443178,.00029394272,-.0017405301,-.00062785717,.0036084014,-.0020437334,.054914266,-.0081127379,.30765882,.0038947656,.032942951
.000094063165,-.0069596018,-.00036783161,.010739857,.00033495406,.0065553472,-.00014637219,.0054125506,-.000039735536,.00041155578,-.00032195167,-.0028710719,-.00022003181,.015433245,-.00063234044,.029248379,.0010015335,.053816076
.0002774469,-.015299259,-.00089682202,.015550419,.00029361228,.0024673005,-.00031420559,.0099532539,.00035178728,-.00081452978,-.00034684164,-.00112687,.001024446,-.042426899,-.0096575944,.35015863,.0021550721,.027862394
-.000087503227,-.0030309181,-.00078086235,.016438659,.00010616561,-.0037405672,-.000025447485,.0034414905,.00026169687,-.002322084,-.00020729176,.00049592619,-.0050731795,.15906674,-.0015732837,.11075343,.0024484461,.0065686842
-.00028468884,.0036449318,-.00035162576,.0062424112,.00011224382,.0034172512,.000023104531,-.00052873569,-.00026490045,.0063962005,-.00031510915,.00065671623,-.0029280116,.12132146,-.0064205658,.21459642,.0013275752,.059225682
-.00015030043,-.00091195444,-.00087189593,.017262956,.00024817901,.0022708073,.000016611039,.0012986521,.00052211585,-.0048978636,-.00024272919,-.00028455417,.00010646111,.027528344,-.0023031363,.13263606,.0020837984,.057776362
-.00011437352,-.00076275761,-.00048720426,.0092927273,.000091480775,.0023488794,.000027688617,-.0020451944,.00011993186,.0015217663,-.00017720112,-.0018019462,-.0017706093,.060480107,-.0012442964,.091848619,.00037525981,.056818437
.000030852934,-.0084563112,-.00028894428,.0068550236,9.8615155e-06,.0022766595,.000026233285,.0032930071,-.00017633304,.0047815391,-.00018781105,-.000757195,-.0037453377,.029213121,-.0048294496,.15066093,.000076547236,.024847183
-.00011757439,-.0019837883,-.00072636676,.01390891,.00012951721,.002325333,-.000080147416,.0042457031,-.00014121123,.0035749921,-.000189172,-.0022430513,-.0017731107,.070361279,-.0030811124,.1251431,.0012548537,.065148711
.00023263269,-.010891337,-.00048479153,.0075682807,.00040688305,-.0060947444,-.00023123671,.0062265536,-.00012224658,.0059911874,-.00030847295,.0031704851,-.0012911605,.0041817594,-.0027978299,.10239144,.0034322492,-.025367495
-.00058918417,.012862315,-.00064714806,.016146852,.00043055572,-.0016042654,.00011545957,-.0013829822,.000066600034,-.0016346227,-.00048677516,.0024470156,-.0026783939,.068597369,-.0022213275,.10350992,.0035648476,-.029275861
-.000057887162,-.0025873063,-.00077914196,.017681573,.00033033258,.0012898956,-.00012592366,.0045697126,.00030005802,-.0040561394,-.00040948682,.00039651146,-.001808904,.049647298,.0015821226,-.013859024,.0010543059,.0063668857
-.00034108013,.0043969736,-.00057296024,.010564627,.00013024514,-.00091563922,.000070158785,.0014387752,-.000022542456,.0045472523,-.00031844986,-.00077968306,-.0028070121,.06444142,-.00422438,.153815,.00079832831,.033199061
-.000027195889,-.0045956173,-.00054275675,.010510924,.00027628627,.0029764837,.000011473303,.0015364704,-.00010954529,.0022539732,-.00032027904,.0010044751,-.00086682371,.020965967,.0019175955,.01771667,-.000088487614,.06682723
-.00011899701,-.0039997175,-.00047338865,.011013294,.00046848226,.001050428,.00013761713,-.0019920201,.00020568143,-.0023829977,-.00050563359,.0027659105,-.00099082058,.029803434,-.0027879868,.11079916,.002052255,.01696559
-.00060189515,.013277405,-.00059685204,.011694131,.00032121286,-.0072484217,.00024280656,-.00144797,.00013827051,.00023398783,-.00027622987,.0038271544,-.003118986,.092063203,-.0016055548,.10122646,.0032354367,-.0054432168
-.00057395553,.01527592,-.0002851001,.0079149576,.00026109521,.0020373529,.00029675645,-.012431078,.00019270157,-.000587683,-.00030401492,.00024441193,-.0007536679,.045467384,-.0065864581,.20552504,.0016758444,.021139937
-.00046627954,.0053292881,-.00065906404,.014969178,.00038911513,-.0045804959,.00016297,-.0036373478,.00039417957,-.0024017286,-.00048865913,.0032464201,-.0016966034,.081264377,-.0011952998,.080100216,.003219832,.011818584
-.0002213064,-.0026583897,-.0012219201,.020684926,.00037661719,-.0077565489,.000098050194,.00050882844,.00087715883,-.007652136,-.0003847167,.0040007047,-.0021219687,.084124275,-.0039936779,.14062758,.0013386754,.07542257
.00019252187,-.013663581,-.00093479798,.015230712,.00017275622,-.00015904196,.00016711734,-.0041198493,.000041775831,.000721419,-.00020580167,-.0046672719,.0003038604,-.036639169,.001040013,.079051845,.0021702419,.04240917
-.00050945091,.009820872,-.00076714042,.011606252,.00035438096,-.010375088,.00022077817,-.0022250751,.00060523028,-.0033358738,-.00032084881,.0049349223,-.0042441837,.14319037,-.003007022,.12058883,.0035726833,-.028235272
-.00011784909,-.010943229,-.0021878995,.041981559,-.000018902296,-.0028521589,.00016757897,.0046121562,.0012560481,-.021623489,-.00016903323,.00049905234,-.0022752178,-.012231356,-.0045767031,.15660235,-.0026644345,.17248081
-.00022679449,.002679836,-.00071712316,.010831187,.00062703231,-.0092118382,.00017760841,-.0019259389,.00033897927,-.00071566919,-.00064568425,.007210657,-.0039517102,.097111836,-.003774507,.14139506,.00020179014,.012592068
-.00017145633,.00038560163,-.00062801031,.0097833285,.00014942655,.0029017963,.000044567154,-.001202349,.000086918822,.0019966078,-.0002863523,-.0012079128,-.00473719,.12379971,-.003732322,.17380436,.0013514606,.051784076
-.00025378156,.0079648253,-.00045322414,.014715363,.00066128286,-.0077735041,.00012451572,-.0052744048,-.00023580992,.0027937081,-.00054745894,.0027362455,-.0021569892,.13659441,.00017092261,.059747417,.0030398243,.01661313
.000070199145,-.010055229,-.00032533938,.0094952397,.00029798583,.0005307637,-.00022967797,.013188111,-.0002488195,.0034180165,-.00030383409,.0021864213,-.0009078685,.032198712,-.0043462235,.20464769,.0016738937,.10407779
-.00019746176,.003514328,-.00097937859,.021272466,.00030758942,.0025164373,-.000032718151,.0025671115,.00016786071,-.0019660306,-.00014259166,-.0043340884,-.0027683626,.096389115,-.0067558116,.20743293,.00024223264,.066745281
3.0816689e-06,-.010325213,-.00035193958,.010231546,.00050834659,-.0028476825,.00017506254,.0024632022,-.00015558928,.0040971497,-.00048242992,.0028658444,-.0023905009,.069982626,-.0034486996,.17520003,.001038112,.038520329
.000045422163,-.0128759,-.00089326664,.019118607,.00042667528,.0012454365,.00016925359,.001980938,.00045542512,-.0044830902,-.00043063512,.0019722988,.00041318272,-.055523865,-.007549291,.24510148,.0029447235,.029322445
.000088601686,-.0073770648,-.0010755691,.020864356,.00065819122,-.0035399657,-.00022954754,.0103542,.00046318435,-.0064839679,-.00061460206,.0040013758,-.00060636282,-.046336658,-.0047911066,.17340869,.0015668153,.10168775
.00013940726,-.0091582611,-.00086921448,.017234646,.00023290557,.0032959946,-.00021189601,.0043697627,.00027605722,-.0013606858,-.00034055157,-.0013750696,-.0049745883,.12382914,-.011959544,.34690076,.0043744594,.0089936331
-.00050851505,.0029002596,-.00044489844,.011788773,.00046394681,-.0041551315,.00004674344,.0058210194,-.00016936989,.0031348718,-.00043683031,.0015807573,-.0012853011,.0079121217,-.0025106787,.12422695,.0028808464,-.00043173309
-.00039640802,.006072883,-.0005821262,.012053153,.00017919317,.0034639956,.000091764312,.00075847004,.0002529436,-.0028782743,-.0002847508,-.00028265003,-.002533504,.10654882,-.0030993614,.1411508,.00035101993,.078125648
-.00039617348,.0032808192,-.0010289968,.022204522,.00021451624,-.0013360275,.00011868071,-.0013525604,.0003507543,-.001988532,-.00031735734,.000017259126,-.0037000307,.093913756,-.0033084326,.11386728,-3.1078432e-08,.052073658
.000061531078,-.0088240057,-.001036906,.014762091,.00023225084,.0036480674,-.00012150695,.006921845,.00033839291,.0012200441,-.00040173685,-.0012939778,-.00098965724,.0055791987,-.0063913395,.18475975,.00053960434,.017211188
-.000073680196,.000022729755,-.00008996392,.004786314,.00029290884,.004808241,-.00017577499,.0037757219,-.00038208568,.0064738896,-.00030122881,-.0001967998,-.0011872458,.015120969,-.0039044498,.166752,.0014587024,.041934654
.00013462524,-.0087132165,-.0006228789,.014571154,.00022434736,.0015423381,-.00020453983,.0057986085,-.00018301693,.0030114187,-.0002606276,-.0029117279,-.00047665896,-.0021108508,-.004649458,.17757827,.0016268715,.028243581
-.00015949769,.000029207084,-.0006595038,.012414803,.00020348054,.0015301002,.000079114063,-.0026011502,.00011879278,.0011813708,-.00039540514,-.0013845497,-.0017311261,.030078296,-.0081689693,.23990548,.0015779918,-.03221634
7.8477342e-06,-.00028761028,-.0014649922,.025663372,.00013224554,-.0024562178,-.000079288555,.00062662864,.00031514317,-.0036527363,-.00021486163,.00042662778,-.0024159863,.062572882,-.0021156825,.081255741,.0031265724,.016086739
8.3631667e-06,-.0097642774,-.00044612246,.010480555,.00065204635,-.0025498972,-.000018345601,.006125689,-.000039819664,.0019048366,-.00057781319,.0047066594,-.0029276563,.028658997,-.0086463932,.25355503,.0047643762,-.013486325
-.00011892655,-.0084014768,-.0013979776,.025351379,.00040690604,-.0019527464,.00013611811,.0019943151,.0011647809,-.015459162,-.00034368914,.0022651679,-.0032785716,.052531976,-.0045632864,.19069631,-.00037528999,.10880932
.00024247479,-.010676601,-.00088879321,.017406048,.00047453237,-.00019196652,-.00021565889,.0071409675,.000043403321,-.00018297858,-.00043138964,-.00065558776,-.00023376111,.0098125357,-.0051597948,.17679544,.0025609012,.068470001
.00032825247,-.017479872,-.00058394083,.012428085,.00028945136,.0026755242,-.00023651471,.013334114,-.000027102373,.0010213471,-.00029797506,-.0038564063,.00071657856,-.040935624,-.0059697838,.19009794,.00097008405,.036179245
-.00013571834,-.0029393598,-.00032156904,.0043471809,.00031485368,-.0095880954,-.00018030067,.0086870305,-1.4352967e-06,.0049411762,-.00036933424,.00072150305,-.0033184462,.062244002,-.00045897657,.064058654,.0034936178,-.034026057
-.00022555509,.0046820198,-.00050636614,.0092754215,.00030196679,.0023026243,.00025664593,-.0020339282,-.000089657682,.003321874,-.00040011224,.00017507043,-.0057782265,.16824368,-.0036177987,.15220359,.00070844527,.050369803
-1.2340435e-07,-.0042892983,-.00060810015,.008786709,.00017715451,-.0015444527,-.00012512552,.0032689369,.00019177709,.0010967741,-.00038621933,.00030950096,-.00060903269,.031445216,-.0041261842,.14365879,.00034638264,.066406615
.000025451867,-.0055760508,-.0011990027,.022411916,.000089971778,.00089474226,-.00029956573,.01077413,.0010207287,-.014012958,-.00019759026,-.001797307,-.00065712142,.027683498,-.0046229875,.19418493,.00080595817,.046823919
-.00029707563,.0011245161,-.00040132817,.0084196245,.00041074076,-.001877751,.000027171656,.00028535197,.00023488693,-.0017156446,-.00041238675,.002435138,-.0020909125,.041406207,-.0096770693,.32060203,.0020257812,.042098839
.000071723058,-.010335592,-.00055919075,.01213549,.00039813828,.0010955108,-1.1221010e-06,.0033145342,-.000025514679,.00046900741,-.00050255493,.00012348805,-.0017188012,.061632361,-.0057065492,.18545192,.00077033916,.081840374
.0002544641,-.013455085,-.00066363986,.015673388,.00019303284,-.00020534865,-.00027696835,.0087052714,.00016146155,-.0034893926,-.00034121369,-.0010248033,-.0007246458,.029810205,-.0033705828,.1241805,-.00040281151,.071560778
-.000077725184,-.0060085077,-.00086899992,.015488639,.00062281039,-.008540309,-.0001431648,.009589158,.00022717306,-.00040537666,-.00056997547,.004698996,-.0015948608,.072074078,-.0057699322,.22453853,.0016060647,.060629353
-.00034820751,.0083704749,-.00035638871,.0085857417,.00023378499,-.0018997762,.000048900412,-.0012018112,-.00034598439,.0054892409,-.00029877701,-.0017268257,-.0027702237,.093251683,-.0042455923,.15585856,.0014802497,.062612794
.00019039487,-.011698752,-.0010011643,.023037504,.000096337229,.010077772,-.000067649831,.0053963368,.000012470954,-.0030990965,-.00036740315,-.0023279001,-.0019677633,-.062856436,-.0079893805,.24311051,-.0078147743,.331927
-.00014899946,-.0019967598,-.00078341772,.016623978,-.000049784707,.0056699794,-.000084344778,.0060547059,.00038719107,-.0048913602,-.00017208388,.000011921909,-.00061905547,-.015701924,-.00090140023,.067604378,-.00070524396,.048020177
-.00073594181,.017283745,-.0014142399,.024519239,2.1135675e-06,.0039760331,.000073285177,.002061259,.0014484565,-.015640656,-.00024633642,.00093560183,-.0040847599,.085399762,-.0071579614,.21032502,.00035308735,.067901298
-.00018918456,-.0018858997,-.00074104266,.015637329,.00022947401,.0038135294,.0002562748,-.0043238993,.00010123124,-.00080389401,-.00026363903,-.00047526762,-.002762092,.074006461,-.0019110342,.068101257,.00069423683,.010879274
-.00015002288,.00050037028,-.00016753079,.0041985363,.00017658743,-.0072257803,.00028105298,-.0082210843,-.00043639733,.010162713,-.00022326833,.000088823661,-.0037256859,.12104726,-.00076554506,.052215461,.00098414277,.0053736269
.000055094522,-.0051285457,-.0003991682,.0097390926,.00014545652,.0052508749,-.000028898825,.0027637808,.00025664456,-.0022417197,-.00026573444,-.0017019057,-.0012208668,.013202794,-.0073768906,.22389257,.0019309904,.045209605
-.000098645556,-.0065079993,-.00076182676,.019955121,.00080158905,-.0091750938,.000017674907,.0031908327,.00039225654,-.0074548852,-.0007283173,.0085362028,-.0017874633,.03566945,-.0021973746,.12384731,.0035634476,-.019009303
.0003316954,-.016452353,-.0009047268,.016520184,.00021346325,.0039854604,-.00029024336,.010437107,-.000019651286,.0010975978,-.00041629912,.00048058757,-.0012231402,-.014740628,-.0057169292,.13645999,-.00011870412,.051146436
-.00004731134,-.0077072149,-.00031345923,.0075215087,.00060415006,-.008773597,-.000090790403,.0046740947,-.00026439645,.007452562,-.00056613516,.0038960581,-.0029420836,.036361292,-.00095353369,.056110792,.0036351238,-.020339038
-.00021586049,.0034094437,-.0004616314,.013138416,.00043463989,.003564686,-.00012018125,.0010674472,-.000039365968,.00068470283,-.00044892359,-.0012848134,-.0017396334,.061682798,-.0057264357,.23709731,.0029957436,.058288213
-.00010175961,-.0057290103,-.00038458087,.0068577463,.0002407369,.00078774476,-.000036069134,.0089684557,-3.3846845e-06,.0029668193,-.00033587302,.0012447011,-.0027728539,.025148539,-.0040850472,.16790664,.0016959537,.04833344
-.000085898137,-.0028634081,-.00097279635,.018374687,.00029737593,-.0035319389,.00013298914,-.0014143006,.00030088026,-.0028792776,-.00035947785,.0021546187,-.003658439,.097696804,-.0034533474,.12441313,.0009791177,.034659248
-.00043543664,.0055288719,-.00098841661,.023662735,.00015111898,-.001735623,.000042393491,.0034185564,.00069224898,-.011309601,-.00027757406,.0026651395,-.0041946061,.09897726,-.0063931202,.22298972,.0014521703,.0072598327
-5.2039472e-06,-.01342776,-.0010766372,.018698236,.00020896287,-.0019687659,-.000044478198,.009550848,.0012640891,-.017380862,-.00023639821,.003027095,-.001132286,-.0049868305,-.0012435165,.080464981,.00090671325,.028142342
-.000014091143,-.0013408547,-.00071361888,.014105584,.000098862569,.0034380006,-.0001032705,.004944161,.00016392594,.0013890802,-.00020040093,-.0033809191,-.0046986663,.14290021,-.01092305,.35507813,.0021606116,.043011133
-.00024922806,.0022542526,-.0013688649,.026957329,.00044219603,-.0037960622,-.00011482976,.0022427058,.00083544396,-.010803186,-.00040526257,.0034672434,-.0013102128,.023803612,-.0056105256,.15834726,.0015281381,.037771888
-.000037513488,-.0028842564,-.00074305944,.01797769,.00023313393,.0037594961,.00012582628,-.0062552178,.000083072657,-.0012445286,-.00039055984,-.0032830173,-.0028829328,.040906008,-.0086874003,.27355766,.0017394151,.043339621
.000028144117,-.0063618082,-.0013430391,.02023235,.00024117297,.0026914631,.00013649566,.0048033367,.00083071593,-.0067710085,-.0003667064,-.0011227974,-.0016626681,-.00027818192,-.0094858287,.28806305,.00098489667,.024396939
.00013979826,-.002726939,-.0012267665,.026416196,.000063408828,.00088305736,-.00031263419,.0096227545,.00046737012,-.0075881821,-.0001844518,-.0018043625,-.0029032573,.084536441,-.0022636598,.10754852,.001053344,.053518821
-.00025463552,-.00065718428,-.00069168513,.014754299,.00026196669,-.0048618023,.00013038165,.0013957906,-4.2210459e-07,.0023903116,-.00041612462,.0017812769,-.0049991244,.17617187,.00044352602,-.0047746487,.0029749738,-.007100143
-.00042686478,.0030675041,-.00049922307,.0097576547,.00027041757,-.0015752886,.00015932022,-.00071334722,.00018606038,.00010917649,-.00036743836,.00018385213,-.0035861079,.048703633,-.0023164288,.084843665,.0003238307,.019485667
-.00016895977,.001670768,-.00059904269,.014527272,.00070744602,-.017430607,-.000059623446,.0014252146,.00015255176,.00014746853,-.00056976679,.0046027279,-.0030745703,.065380163,-.0034107203,.15433381,.0034677624,.008102132
.000065734617,-.014329708,-.00074453157,.010287195,.0004098473,-.0028291931,-.000047390913,.0065926234,-.000090234003,.0060203648,-.00050371652,.0026457142,.001898078,-.16447528,-.010664747,.29878175,.00094925717,.05456762
.000018125527,-.01457574,-.00069066219,.014638989,.000026712005,.0020524652,.000081645565,.0074112043,.00020621704,-.0010850624,-.000063489329,-.0021780538,-.0028378495,.051292676,-.0043525384,.23398456,.00097329449,.14763857
-.0001690433,.00057727576,-.00055172882,.0088429749,.00049215078,-.0029780304,.000054032735,.00036420277,-.00015567489,.0068723015,-.00043769562,.00093610212,-.0046917815,.11958308,.0024275605,.0074415519,-.001121507,.071694314
-.0001031313,-.0027873549,-.00051005045,.017278451,.00023000938,.0056045009,-.000074833006,.0041458732,-.000017797622,-.0019351833,-.00031420178,-.002817868,-.0043811626,.098440066,-.0052950997,.13887288,-.000091845992,.080994733
-.00066506729,.015118549,-.000581489,.014139744,.00041670134,-.00013449839,.000019493749,.0021689569,.00054756633,-.0078703351,-.00038173731,.00028103002,-.0059122508,.16129026,-.0057262811,.20037644,.0037861492,.020307492
-.00023519505,.0017658158,-.00032501842,.0073867016,.00034134233,.0027529004,.00023341102,-.0083851563,-.0002010332,.0041863965,-.00035388398,-.0029994436,-.0041742218,.081338808,-.004502797,.15718918,.0010896543,.050496817
-.000047143683,-.001833564,-.00010037649,.0034107352,.00037755742,.0021851999,-.00011710801,.0054973708,-.00047875266,.0082324855,-.00052720925,.00029254364,-.00089497806,-.0064612413,-.0034388851,.15459651,.0013556222,.033020154
-4.2094807e-06,-.0052041588,-.00034686303,.0077924263,.00056459371,-.013635685,-.00023285093,.0082628746,-.00031886186,.004155525,-.00046575064,.0019260701,-.00037400748,-.019332856,-.0014336265,.07376755,.0035769397,-.052263848
.000046637211,-.012426286,-.00045400852,.010937515,.0002847288,.0017196652,-.00013902363,.011169473,-.00019772342,.0046246699,-.00036034116,-.0029313178,-.0024016649,.017028796,-.0045028403,.21282396,.00038872284,.054526452
-.000086899439,-.0084177209,-.00020750298,.004554715,.00021445149,.0028338283,.00037903307,-.0036224483,-.00041428269,.0085440883,-.00037623351,-.0017460743,-.00080089032,-.067986548,-.0077518746,.25061074,-.00049840059,.065339155
-.000029325012,.0025986896,-.0013193407,.024502328,.00033842446,.0083811004,-.00003556622,-.003973553,.000691803,-.0091569917,-.00033740938,-.0058076843,-.0024778086,.084247731,-.0064908019,.18652342,.00053477276,.12981613
.00010777396,-.0074108709,-.0005846367,.011215911,-5.2593969e-06,.0028395874,.000040345822,-.00035710214,.00012393142,.00089464837,-.00010918621,-.00085827924,-.0029808804,.052497115,-.0010560387,.013542991,.0047880621,-.10781009
-.00032752819,.0019179516,-.00049083761,.0077223452,.000044687218,-.00048286188,.0001907165,-.0039866189,.000027123499,.0037850086,-.00020696603,-.00060829875,-.0035680456,.07186231,-.0048296489,.17469947,.00039745675,.022811301
-.00022888924,-.004426877,-.00090654771,.019705929,.00013857703,.0028576634,.000030598803,.0075802146,.00047156756,-.0062972973,-.00034103869,.0027747196,-.0031138521,.039573226,-.0044088811,.15007399,.000043700158,.048918612
.000020181618,-.0036982461,-.0009526487,.014751493,.00033653062,-.0067392061,-.00012451978,.0040119542,.00049060473,-.0015208676,-.00047305098,.0063123298,-.0025305173,.083820283,-.0067631919,.19121949,.0027708074,-.035147555
-.00024207281,.0041131061,-.00080885255,.020284081,.000039202328,.0068556913,.00011222195,-.0036977816,-.000081685539,.0017967685,-.00027033445,-.002469236,-.0018266067,.054018751,-.001403144,.092356682,.00051176088,.046562511
-.00008059416,-.0078986669,-.0016248529,.026981339,.00011714778,.0013246163,.000053957723,.0053608809,.00090804638,-.0098025333,-.00022378353,-.00021661862,-.0027055785,.031885277,-.007145464,.22613998,.0010378833,.045183282
9.0830627e-06,-.0048576756,-.0011562533,.023195134,.00016050473,-.003896168,.000046122143,.0036906898,.00085156632,-.0093736062,-.00025924831,-.00027839042,-.0032847074,.072763741,-.0031873323,.12698783,.0012516427,.027359065
-.00021242816,-.00077296741,-.0003959169,.0021691283,.00030977221,-.0025269059,.000044741748,.003777589,-.000073847375,.0073815794,-.00039239449,.001569393,-.0040645543,.10965287,-.0042065908,.16013084,.00098482228,.02619949
-.00019394245,-.0043508746,-.00086903479,.015353736,.00012645072,-.0020841812,.00024139698,-.0005414511,.00049962231,-.0042457315,-.00021733508,.00045941363,-.0041051577,.063053243,-.0036631266,.14311895,.00088612863,.044255216
-.00019583822,.0037485599,-.0009147728,.018780548,.00042601684,-.0012683709,.00018577462,-.0060525215,.00047531023,-.0035277142,-.00046145733,.0035962269,-.001922982,.065935053,-.0040223603,.2265351,.000872306,.067438543
-.00017957274,-.00051217049,-.00084730634,.013390782,.00031572409,-.0037286552,-6.3811244e-06,.0046317121,-.000052922333,.0038249327,-.00039508566,.0011755342,-.0047013927,.12597695,-.0021628733,.13611162,.0020252126,.058013141
.000047803711,-.00091131753,-.0011206017,.025024442,.00035985463,-.0030884584,.000058534257,-.0042048092,.00020452029,-.0045169517,-.00033641144,-.0033841145,-.0017931301,.059925865,-.004140025,.20570594,.0027314799,.047922257
.00012051743,-.009790617,-.00056479749,.010074085,.00036129332,-.0048590433,-.00023858179,.0091760801,.00033903966,-.0023661784,-.00029828757,-.00011205866,-.0034911879,.098813169,-.0049527213,.17290421,.0019898284,-.00031596396
-.00028887994,.0037077083,-.00056488207,.0088516921,.00027202413,-.0056147114,-2.6704756e-06,.0034023304,.0001769768,.0010908066,-.0003120499,.0014823435,-.0023009905,.05515619,-.0039573479,.135995,.00089596678,.0039667874
-.000094994088,.00082492107,-.00043150791,.011001752,.00043670402,-.0054920879,.000069376503,-.0010060469,-.00016611136,.0031657387,-.00050584128,.0027466449,-.0035705466,.10102227,-.0062799687,.2008529,.0016692095,-.00027627696
-.000099798883,.0011925567,-.00091766054,.019841406,.00041717861,.00030432228,-.00014693326,.0032965706,.00037875734,-.0063834605,-.0004929516,-.00025608501,-.0032847675,.11657456,-.0030195923,.19065449,.0003302322,.091672905
-.0001924159,-.0021280502,-.00044997304,.011952098,.00027575102,.00044588093,-.000084823019,.00608519,.00013873386,-.00078019727,-.000346891,-.0013760768,-.00037495996,.0077864444,-.0025433521,.10514797,.00017864446,.067189172
-.000058568105,.0022049909,-.0004859133,.011172729,.00081842777,-.0098371338,-5.9490194e-06,-.0054710484,-.000065751752,.00046022134,-.00070087583,.0083817355,-.0015486497,.054870579,-.0043222336,.1567964,.0022231562,.023518385
-.00026732011,.0063490453,-.0007003225,.016244663,.00012313915,.00012592551,.00017518818,-.0048216903,-.000012663958,-.001279591,-.00021726808,-.0035732482,-.004769342,.1664454,-.0052247643,.19012308,.0010487987,.065059789
-.00047434145,.0076352283,-.00077855971,.013349773,.00044326347,-.0012165055,.00029543572,-.0049455934,-.00038790781,.011928,-.00052179635,.0022761317,-.0036023227,.10667572,-.0036672342,.18605413,.00089480897,.063562907
.000057122365,-.0033441226,-.0010876267,.016301328,.00025587494,-.0010220043,-.00016356807,.0026075204,.00050492876,-.0024472016,-.00026377378,.00076287537,-.0054964744,.18269108,-.0019832302,.14358792,-.000086515211,.054290909
-.00024034944,-.002266279,-.00086117798,.015160253,.000065958804,.0041380962,.00014963633,-.00079330133,.00018377401,.000077429831,-.00023814999,.00046697969,-.0033194064,.011059979,-.0048476523,.13042353,.00014317589,.054143026
-.000065181724,-.0067967996,-.00095840992,.01583099,.000081938357,-.0001759883,-.00021729793,.010178804,.00050522276,-.0028021731,-.00023445288,.00033636295,-.000037612375,-.078137875,-.0068564131,.22785616,.0022382874,-.039935347
-.00017674442,.00071291294,-.00062736811,.011955547,.00033996921,-.0050472603,-.00017537641,.0061027189,-.00014287094,.0052492372,-.00030557581,-.001314693,-.0037890449,.060874607,-.0035259263,.12756191,.0036057157,-.031442106
-.00027559453,.0026939809,-.00044786127,.0076998058,.00028692003,-.00033861157,.00019249173,-.0023580154,-.00015262407,.0040130615,-.0004593053,.001250586,-.0040897364,.10627109,-.00383416,.13861153,.00052740652,.046530742
.000013408085,-.0050949282,-.00066012004,.011612078,.00023394146,-.0018089855,-.000016714805,.0028537621,.00030269776,-.00055148319,-.00036111785,.00030519621,-.0020544685,.09221068,-.0002524083,.062279075,.00049579993,.044327654
.000079020305,-.0078914249,-.0014153894,.028698467,.00011143238,.0015404311,-.000028091295,.0049284017,.00059477548,-.010096766,-.00025123102,-.0005292914,-.0012153874,.0082481056,-.0069881035,.19820906,.0020660677,.012014758
-.0003060532,.001110114,-.00062941707,.011027055,.00052489038,.0030590538,.00028287969,-.004738553,.00030755741,-.0017083017,-.00062792812,.0034676392,-.0033552069,.086215049,-.0061940514,.18265764,.0007359162,.048928428
-.000083502709,-.00078109809,-.0004734821,.011009132,.00035658153,.0031917575,-.000072944371,.0035603386,-.000070439186,.0027342571,-.00044525723,-.00031172016,-.0028191837,.069853581,-.0017607409,.12812002,.00084557431,.072434261
-.00021663612,.0024652802,.000013928438,.0015151546,.00047755844,-.0041673062,-.000087644505,.0048073372,-.00033006034,.0083758319,-.00041053403,.0017800034,-.0018962137,.062240548,.0016465915,.011031439,.0040174541,-.027913146
.000070346839,-.0064389268,-.0006355634,.015340092,.00057403877,-.004890827,-.0003221097,.01288799,-.00013720331,.0039803484,-.00059910375,.0024726591,-.0008423301,.037297484,-.004866506,.20234106,.0018476695,.044614926
-.00052192406,.009453143,-.0010638071,.022416821,.00087050139,-.0079728384,.000076623983,-.0010728941,.00098939741,-.012078974,-.00070229277,.0073749302,-.0024247854,.043399431,-.0065169996,.23585169,.0045475229,-.023555787
-.00059476792,.019767912,-.00090196414,.024028782,.00015581034,.0035700502,.00025900055,-.0094190091,.00065507839,-.0097033894,-.00030806978,.0024233796,-.0036843801,.14535645,-.0014911107,.094520025,.0022668543,.018214505
-.000078181663,-.0031196307,-.00058711297,.010664323,.000256653,.00029355317,-.00011196826,.0022656266,-.00004739008,.0019758628,-.00024705779,-.00046449204,-.0010740873,.018176671,-.0043521784,.14526857,.0013580723,.010873375
-.00041745018,.010939377,-.00063336227,.0085061835,.00028672154,.0015517751,.00010337629,-.0038058423,.00014464364,.0011159431,-.00034777605,-.00057391252,-.0039908909,.2490938,-.0039148978,.20417887,.000088051842,.1978865
-.00016555334,-.00051840884,-.00084458641,.017117118,.000015270314,.0015460458,.000035243174,.00081325654,.00060868345,-.0078952434,-.00018164987,-.00032490891,-.004299588,.10122838,-.00054882118,.0084968582,-.0012488203,.070696421
-.00028088348,.0016536473,-.00041788735,.008461453,.0002846265,.00091049669,-6.5155627e-06,.0033819333,-.000036916117,.0018006214,-.00035655583,-.00049882638,-.0022861792,.069746278,-.0043477714,.16791889,.0010713192,.039770965
-.0003647827,.00025881923,-.00063963188,.014741039,.000095303585,.0011900791,.00024946008,-.0023949933,.0002086071,-.00081274426,-.00031065545,.00035726538,-.0062347706,.15223283,-.0027111904,.14807667,.00058027398,.0710897
-.00021094302,.0058977208,-.00078808778,.013160821,.000057085283,.0035000129,-.00022114506,.0059868842,.00030011433,-.0021694463,-.00014334261,-.0039319624,-.002537078,.076980256,-.0038669491,.14973086,.003284286,-.0055012158
-.00037032808,.0080173407,-.00094597787,.018753661,.00059387757,-.00027927579,.000037585487,-.0013488355,.00082619814,-.0066701742,-.00049888727,.0037220377,-.0033019311,.15157437,-.0072846799,.29355121,.0074536372,-.022783538
-.000080844526,.0021962686,-.0019492663,.037979014,.00046083314,.0026390525,-.000090868954,.00067855493,.0011225414,-.016133102,-.00046305082,-.0015563981,-.0025854041,.11728831,-.003558778,.18779261,.0017712265,.072259642
-.00038647602,.0020409783,-.00079727545,.019623369,.0001535152,.00035719643,.000075300421,.0029480972,.00015767061,-.0025549168,-.00023038068,-.00077651232,-.00041265276,.0078946492,-.012103466,.37624258,.0043075099,-.016045626
-.0002874778,-.0072877635,-.00074387121,.017525578,.00023313095,.00039307491,.00018037959,.0022809077,.00049616751,-.006662115,-.00033418409,-.001069136,-.0023763981,.03538252,-.0059360177,.20051216,.00088291301,.081291541
-.00015694082,-.0009110847,-.001032419,.017934188,.00024780346,.0045527476,-.00013262275,.0061042067,.00034762634,-.0028870557,-.00029713026,-.0025929385,-.0027470603,-.000045646062,-.0034822938,.11715796,.0010716207,.04023746
.000042502514,-.012469469,-.00110389,.021111159,.00058880314,-.0019647817,-.00014638816,.0082127238,.00061386905,-.0072465469,-.00047065792,-.00013307405,-.00036687197,-.038046923,-.0077310954,.21874626,.0018867832,.048767678
-.00013142746,-.0054091597,-.00053906959,.012366382,.00033661138,.002206892,-.000066784844,.0052516772,-.000075029857,.0017099582,-.00032588132,-.00081749301,-.0021958922,.016757054,-.0019400178,.10280716,-2.0322625e-06,.068267167
-.00011676921,-.0014130537,-.00068078423,.0174233,.00033356634,.0051870868,-.000054118354,.0071027707,.00015739699,-.0017332818,-.00034498711,-.00071932364,-.0017375938,.038513001,-.0010011131,.075597219,.00017992691,.055944648
-.00030543373,.000801849,-.00086017331,.018618554,.00043742816,.0026421701,.00019956824,-.0029921362,.00039305692,-.0041190661,-.00042881886,-.0029275571,-.0026948126,.073869608,-.0030990622,.18960689,.0035888224,.06720686
-.00025017618,.0015267722,-.00015167889,.0017208116,.00067708164,-.010596567,.00016741066,-.004837947,-.00012832256,.0057255388,-.00050004071,.0023371666,-.0025947408,.091854461,-.0047476157,.18072313,.0027554834,.0057958183
-.00050333538,.0091219489,-.00074514333,.013437835,9.8437749e-06,.0015929383,.00012267445,-.0029950589,.0004617337,-.0014480165,-.00013345863,-.001321499,-.0036705055,.098467737,-.0069471179,.20169555,.00075111631,.048645906
.00012435664,-.0082271965,-.00076802174,.018978307,.00031288949,.0025039692,-3.6736881e-06,.00068085222,-9.4047900e-06,.0006958305,-.00038496318,-.0013748623,-.0023100968,.013609448,-.0045791403,.20802739,.0019859371,.095629163
-.00038855354,.0009660832,-.00091486756,.018657444,.00027049519,.00015281758,.00014653125,-.00020698531,.00010510178,.0015241978,-.00032930926,.0016814098,-.0032992747,.079063632,-.0027916161,.10242342,.0013249586,.024093606
-.000028881263,-.010286045,-.00068991137,.012842128,.0004242112,-.0045681722,-.000023048668,.0042724372,.000030035979,.0014052892,-.00043466777,-.0022171256,.000201524,-.064008735,-.0038802626,.14152816,.0027914427,.026672736
-.00034358501,.0096050706,-.00050097978,.0110783,.00022738724,.0010695173,.00013526416,-.007113751,.00033382975,-.0025632335,-.00033949575,.00030892552,-.0037507764,.18834448,.0002026359,.023891179,.0018281316,.07258185
-.00037866042,.0061691301,-.0011949521,.019991558,.00035503175,-.0044444883,.00015337951,-.003389576,.00068594841,-.0051058526,-.00048074147,.003245241,-.0037378741,.1379194,-.0040702019,.12658201,.00032779254,.034447376
-8.4817526e-07,-.0045211436,-.00059349538,.010582653,.00048740316,-.00097419083,9.8095979e-06,-.0017517364,.00039406191,-.001695376,-.00048844644,.00092134083,-.0038787096,.12238555,-.0014765267,.069686353,.0012210927,.028948847
-.00038054248,.0023508212,-.00029816283,.0086512556,.00024927396,-.0021662519,.00022148134,-.0028464885,-.000343964,.0083509125,-.00027458987,-.0015439236,-.0017299277,.052513722,-.0049823872,.18530653,.00080911949,.059490003
-.000097647106,.0037586498,-.00023566505,.0030774442,.00039266431,-.0064930734,-.00025633519,.0036677287,-.00033278044,.0095073739,-.00051602349,.0021391709,-.0022452022,.11958132,-.0019069022,.12075268,.00079567544,.060003545
.0002438817,-.011282121,-.00043652294,.0079075638,.00027783323,-.00051868329,-.00040368186,.012698776,.0001599337,.0018989091,-.00031049087,.00066188152,.00028691837,.015277297,-.0029753693,.12438381,.0033218772,-.023693208
-.00024137928,.0017443987,-.0011204843,.021364722,.00052774593,-.0065327571,.00012223324,-.0036370095,.00056913518,-.0090778144,-.00054454122,.0044657527,-.004516704,.097044349,-.013086285,.36070755,.0043114955,-.033690769
-.00037414784,.0066956151,-.00069800613,.011272795,.000076074932,.00062831835,-.000045991052,.0011821012,.00026621314,.0002336388,-.00029595706,.0024315305,-.0056043053,.2314315,-.0073540057,.27106392,.0020805693,.052981138
-.000034695215,-.0064812475,-.0011153774,.014649492,.00011328869,.0021077741,.000091543516,.0037916501,.00033629325,.0020391524,-.00027871403,.00035256232,-.0031082772,.060148735,-.0053342008,.1314037,-.0010516895,.036344782
.00019445676,-.0089816023,-.0009692969,.016673671,.00012630198,-.0012783686,-.00022613822,.0075006061,.00051064731,-.0029429472,-.00029866709,-.0033187503,-.0016068622,.055144098,-.0031362642,.10057135,-.000047813515,.066208944
.000090875183,-.011211977,-.00087792223,.015714457,.000059508362,.0039638388,-.000097888784,.003367315,.000036094862,.0013391386,-.00017640994,-.0017596086,-.0028593568,.065036938,-.0018410316,.12608327,-.00042493839,.05483235
-.00022032924,.0049354299,-.0010041759,.015056718,.00064358453,-.0068600457,-.000076865741,.0025820911,.00055385142,-.0014658313,-.00058556674,.0050548757,-.002759448,.078390457,-.0065789972,.21073671,.0013675137,.041216169
-.00018768167,-.0011603616,-.0010111979,.020114845,.00015792453,-.00080457312,.00022963862,-.0039221942,.00063779711,-.0060685836,-.00024955411,.0014437762,-.0045484276,.123256,-.002482227,.078503974,.001343235,.0086843837
-.00018421511,.0041853455,-.000791586,.015521085,.00032083862,-.00094715971,.0001078753,-.0033292044,-.000037296453,.0019780984,-.00028340769,-.0007344003,-.003417576,.072555773,-.0040463801,.18730609,.0027596031,-.025525747
-.00019966986,.0032572804,-.00061796256,.0123629,.00013991767,.0012502057,-.00011796153,.0013642553,.00025008139,-.0017180997,-.00025670376,-.000050809424,-.0026203352,.10774316,-.0035285046,.12618832,-.00013353584,.065891646
.000097415497,-.0041479776,-.00040103425,.006218594,.000823493,-.013989339,-.0001432682,.0029586172,-.00030766308,.0074676434,-.0006768349,.0065353406,.00036888832,.0041344687,-.0012411856,.092670679,.00404674,-.039068498
-.00030553434,.0060982672,-.00052016566,.011649963,.00020414416,.0012848696,.000060319242,-.0031331724,-5.6963477e-06,.0016975097,-.00029332328,-.00055574498,-.0045283353,.11764212,-.0029222327,.10188049,.001100285,.03689466
-.000087282126,-.008511073,-.00094276044,.017583322,.00029723058,.0015840896,.00001088327,.0037795086,.00056733238,-.0059137167,-.00031716519,.00098400691,-.0022551259,.01480881,-.0012543232,.085901111,.0020489497,.046461627
-.000099819023,-.0049163913,-.00063575868,.012499839,.00020910297,-.00057930039,-.000081873419,.0084206369,.00019504948,-.0012780033,-.00032682269,.0019179236,-.0036819302,.11676343,-.0087168198,.35560566,.0029870265,.051766712
-.00002119266,-.0091437474,-.00077069347,.014038603,.00038721832,.0042010746,-.000080272948,.0062988601,.00027587175,-.0013168827,-.00046990436,-.0038484316,-.0020692835,.038565267,-.0059518088,.16057874,.0019653735,.053194344
-.00012781803,-.0013703887,-.00060820021,.008974378,.00096793007,-.020691769,.000047608341,.0017809622,-.00007869245,.0039609736,-.00069524121,.0096390741,-.002880455,.085324772,-.0066807698,.18684645,.0036611406,-.039332349
-.00029635234,.0083385268,-.00055733952,.013555129,.00019542333,-.00066957489,.00032585085,-.0098159546,.00023310079,-.0023307356,-.00026201006,-.0010767868,-.0039947042,.11492377,-.0050018104,.12888616,.00028820551,.05082196
-.00016573691,-.0035719103,-.00049899146,.011681918,.00027859182,-.0051280959,.000060971579,.0031057545,-.00018207343,.0022682636,-.00027699434,-.0034459047,-.0034177839,.10325972,-.0039966595,.174676,.00073850795,.0049896268
-.00021522265,-.00068388105,-.0010157614,.017014576,-1.8137088e-06,.0069492604,.00021563465,-.0024606488,.0005880745,-.0038636827,-.00024169689,.00029855163,-.0025953155,-.020639744,-.013111311,.37019199,-.0037102732,.19454144
.00065759005,-.022999436,-.00043787365,.010786003,.00052757293,-.00091548043,-.00026673896,.0040153596,-.00015554708,.0015954392,-.00049273937,.0010117705,-.00029571887,.029701296,.00042117925,.01788443,-.00029192091,.068735935
-.00020553829,-.0011734515,-.00083246181,.019919911,.00037113403,.0033478099,.000021439184,.0034276333,.0001790603,-.0025865003,-.00036780248,-.0017453355,-.0016522668,.047230083,-.0045633763,.15976085,.0013144582,.08564949
-.00022465653,.0073527121,-.00089866034,.016185688,.00034318218,.0029823161,.00036879352,-.011764972,.00028524804,-.004363047,-.00025695871,-.0029402873,-.0049202996,.18222275,-.0067058154,.22722463,.0029660524,.040589049
.000041601321,-.0053856648,-.0011220764,.02212107,.00053421984,.0013760683,-.00021776557,.006246089,.00077113317,-.0093540046,-.00059776125,.0040439293,-.0013159128,.030879816,-.0079912683,.22740148,.0012991796,.046355754
-.00022355177,.0014350915,-.00080557395,.013371145,.00062360161,-.010489443,.00012735187,-.0019970932,.00073821313,-.0039686491,-.0005962599,.0060107745,-.0047807856,.090236336,-.0045317383,.15445144,.0027246671,-.027661068
.000036378242,-.0089049656,-.00071738288,.013992864,.00012525347,.00030930401,.00013112249,-.0039508855,.00030604217,-.00094505469,-.00028363676,-.0019069891,-.0030093894,.051070847,-.0060727736,.17904505,.0019073132,.037682794
-.000084810184,-.0033232898,-.00099266542,.018716527,.00045464135,.0002621747,-.00017251483,.0065337126,.00055083557,-.0070495973,-.00046643885,-.00043134196,-.0026134404,.10139571,-.0065942197,.2347974,.0023553842,.065245613
-.00034829005,.0021916386,-.00041825097,.0065843412,.0003234148,.0043179244,.00016378124,-.0041305292,-.00027204602,.0064329798,-.00043043084,-.001908317,-.0040253899,.097874433,-.0029737535,.12357976,.00079003343,.068118669
-.00013115841,.0013287381,-.0014013577,.030190581,.00034335518,-.00065138983,.000073414732,-.0017225958,.00039634202,-.004528183,-.000451859,.00019000134,-.0030919537,.10148961,-.0076819672,.25893569,.0025469337,.02976796
-.00060375297,.0164725,-.00049316412,.0094903233,.00050953357,-.0051226914,.00027844653,-.010338998,-.00013795795,.0051160529,-.00046036171,.0021472203,-.0071246903,.23140511,-.0054526431,.18911938,.0018888201,.028675273
-.00075214554,.015286177,-.00092518836,.015367577,.00027325784,-.0047432003,.00038924621,-.0035948977,.00070596987,-.0050257659,-.00027279175,.0027143951,-.0074874116,.20464413,-.0039167469,.16833663,.0011595661,.040578838
-.00006027758,.000089156303,-.0012333966,.02026864,.00032550839,-.00051254424,-.000087750304,.00065387174,.00071239751,-.0075474293,-.000244731,-.00082890596,-.0045118281,.16881242,-.0021204338,.13731642,.0028343119,.061108969
-.00018422195,-.0029163924,-.00079251715,.012538065,.00047629027,.0020854822,.00018979813,-.00042949055,.00027230059,-.00097192678,-.00046383531,.0012631194,-.0042618439,.090019546,-.00093052129,.096360102,.0021374815,.049469512
-.00022530749,.00089329766,-.00024465207,.005043108,.00049242971,.0012837448,.000061172061,-.0013972011,.000053731219,.0011568561,-.00049081579,-.000096266682,-.0017400142,.058927167,-.0033807734,.14536516,.001193937,.07607042
-.00049294485,.0096489852,-.0010367184,.019753233,.00023767826,.0042815642,.000029383782,.0013260718,.00063560024,-.0073358165,-.00023248191,-.0032091695,-.0038063664,.12880221,-.0046610944,.1916883,.0012609434,.056086875
.00011169849,-.0069933948,-.00023406434,.0059402566,.00030177238,-.00074337353,-.00010455483,.0031709496,-.00034950365,.0075765401,-.00039671204,-.00083608518,-.0035726207,.084508277,-.00019916348,.074671216,.00084824645,.068800777
-.0002007048,-.0014126702,-.00095672131,.015339925,.00051444618,-.0022743295,.000086906904,.0016046064,.00065070367,-.0055229086,-.0004523464,.0018593268,-.0042958907,.089500815,-.0036443118,.11059966,.0027556045,-.014005993
-.00028256181,.0012527677,-.00052294886,.011107462,.00053115893,-.0030478996,.00016271048,-.0012991662,-.0002109019,.0048448807,-.00047439005,.0029118753,-.0053125266,.15227053,-.0069007901,.20622261,.0019858889,.042515926
-.00022678739,-.000083747604,-.00062125857,.011437744,.00041148314,-.011786067,.00008258145,.0017472411,.00019082276,-.00056961016,-.00034828548,.0036608577,-.004769403,.14920527,-.0046814387,.15869801,.0046259761,-.077637531
-.00020300804,-.0016247712,-.0005955149,.01063331,.00044972595,-.009531159,-.000021891397,.0055634533,.00011085875,.0010243878,-.0005717891,.0050193365,-.0037168963,.08070001,-.0066563515,.20425028,.0035117816,-.059095986
-.000035485569,-.00905322,-.00069139717,.011934428,.00033203413,.0020662614,.000029698489,.0042246613,.00013606729,.00026556465,-.0003850332,-.0024950576,-.0027747587,.071528748,-.0036741879,.16286048,.0015492116,.055851869
.000071207593,-.0087240618,-.00068688556,.01235837,.00025184767,-.00038611545,.00015609108,-.0026404453,.00028979609,-.00063856971,-.00028329046,.0019452939,-.0042767292,.094317876,-.0048540412,.17212819,.0012759716,.047136754
-.00022468466,.00067724305,-.00082426926,.015316648,.00037877591,-.0043400731,.000027585469,-.0016696156,.000059377926,-.000030616317,-.00036644051,-.0002777375,-.0031301191,.089423895,-.0051196786,.1837219,.0016393086,.046210881
.00011961827,-.010583749,-.0015501162,.032027472,.00067965133,-.0026090592,-.00011564961,.0042631123,.00096611073,-.013797122,-.00059822644,.0030787801,-.0015654775,-.010969477,-.0055242358,.1922856,.003284239,.0089934282
-.00020348947,.0011574739,-.00054468826,.011364444,.000081644459,-.0010570266,.00015597488,-.00028311941,.00029349554,-.0032777442,-.00023874818,-.00089652237,-.0043210122,.10863911,-.00049105211,.092605539,.0015665365,.022497972
-.000079898266,-.007870039,-.00068505603,.013471097,.000058865149,.0017198016,-.00015330805,.00887792,-.00010339076,.0021243761,-.00024098053,.00035245926,-.00011133314,-.081431545,-.0059225559,.23949851,.0015841158,.028022809
-.000028322485,-.0068405014,-.0013108226,.022977391,.00031482297,.0039916835,-.00013477518,.006349735,.0008399192,-.0078132153,-.00044930025,.00022793765,-.0048779678,.11106364,-.0056444439,.20569152,-.0017482875,.060482841
-.00031365134,-.00096240005,-.00045687371,.0084173083,.00013685667,.00066274684,-.000024936191,.0055406652,-.000079146106,.0044558328,-.00025245774,-.001694875,-.0039464077,.075429171,-.00070455956,.08839231,.00047872023,.09435498
.000031503918,-.0053246142,-.00032215205,.0088805528,.00020106866,.00094018877,-.000080270183,-.00037136764,-.00014827556,.0040254123,-.00032064342,-.0015152654,-.0016326783,.092513777,-.00044366682,.056585468,.001178307,.063920982
6.7643969e-06,-.0079669142,-.00066440366,.017801967,.00040991581,-.00067406922,.000067446475,-.00024171673,.00013592542,-.00035528551,-.00054427871,.0023914161,-.0019381808,.038700394,-.0044572903,.15587939,.0013594156,.055746723
-.000071001901,-.00036779969,-.00079809019,.016153598,.00012960755,.0024252897,.000035748923,.00028959612,7.2418470e-06,.0010421624,-.00024428777,-.0021479917,-.0052640843,.15914743,.0010490549,.072546311,.001405072,.057348091
-.00043935777,.0056630899,-.00043867435,.014023478,.00040758972,-.0049396115,.00013545842,-.00032315843,.000030500523,-.000052475742,-.00041828287,-.00083023706,-.0023337179,.065239742,-.0023767471,.085024446,.0016387741,-.010012742
.00018358635,-.011740752,-.00052519375,.0091331871,.00011282391,.0017361454,-.00018553635,.0086169392,.000022791319,.0015906229,-.00022412218,-.0013366747,.0006688888,-.037800249,.0015931519,-.0097167082,.00099061662,.037523836
.0002303861,-.016086347,-.0011177646,.02468813,.00044699624,.0018813482,-.00017047592,.0072949296,.00028306962,-.0042328765,-.00041638353,-.00061734364,-.0026053013,-.0087426612,-.0075600147,.31410712,.0028960018,.040427722
-.00037289964,.0060333931,-.00076945627,.01879891,.00055998517,-.0051222281,.00008117671,.0014878622,.0002034088,-.00301485,-.00041220768,.001947413,-.0023859951,.10799435,-.0045798258,.14524101,.0038215716,-.011848384
-.0002473389,.005138847,-.00037545562,.0040347781,.00022876196,.0019185812,.00023082436,-.0056761466,.0001619376,.00159424,-.0003018704,.00014661626,-.0040731551,.12141792,.00031593203,-.0055246637,.00063960894,.035035856
-.00014879805,-.0035715145,-.00053538714,.012954399,.00036199566,.0025719358,.000065014981,.0021796783,.000012936749,-.00026996274,-.00039719164,.00037174663,-.0034922552,.041248418,-.0075134593,.26213616,.0025622477,.061236627
-.0001868987,-.0017719598,-.00095155905,.016583089,.00027234433,-.00053878682,.00012198675,-.00099759537,.00049511244,-.0033755118,-.00034778687,-.00039897088,-.0036514201,.07537017,-.0065264162,.22236355,.0012005529,.043857571
-.000049955324,-.0072751585,-.00043200952,.0084984871,.0001214759,.0031867633,-.00015480467,.011494943,.000075710763,.0025837901,-.0002005141,-.00052708481,-.0016833314,-.01743602,-.0027274266,.10739484,.00090279838,.057222199
.000027077975,-.0094897738,-.0010805276,.016400032,.00021817003,.0014567175,-.00025347364,.012011283,.00056558964,-.0028968458,-.00037210278,-.0001886579,-.0015734676,-.012653927,-.0043822434,.14570482,.0013382722,.039773148
-.00022773087,.00085837208,-.00047859459,.0094699459,.00032037488,-.0011033701,.00030985178,-.0018909088,-9.5364740e-06,.0041616308,-.00020794429,-.0020749832,-.0048595136,.13452508,-.0022977681,.061024897,-.0005616874,.053477269
-.00069853774,.019216603,-.00070572004,.01466438,.00033453721,-.00048811975,.00016020793,-.0078150472,.00025298496,-.0015034396,-.00053214387,.00080210419,-.007272556,.24945666,-.0080492143,.29557326,.0022219892,.024769079
-.00009625352,-.0080564767,-.001254905,.026455685,.00055882364,-.0079441965,-.000064373678,.0073929271,.00037303841,-.0042059682,-.00050899759,.0038313358,-.00070516393,-.02060955,-.0035932085,.21422979,.0030733196,.015340606
.000067280147,-.0044469661,-.00039954175,.010974843,.00016515308,.006492177,-.00012883155,.0042549353,-.00025729134,.0054136617,-.00028249886,-.0021830604,-.0033498821,.10808414,-.0020115573,.10109846,-.000077299417,.068362758
-.0003932465,.0063699381,-.00055835966,.011470138,.00011975774,-.00036532563,-3.1873180e-06,-.00097854389,-.000062205465,.0040781223,-.00019601465,.00068866269,-.0026279758,.097117878,-.0054951897,.18033351,.0014652313,.059473008
-.00020046336,-.0004335095,-.0023134565,.047189556,.00022360453,-.0016626833,-.0001168846,.0045177382,.0012986714,-.022489861,-.00020002999,-.0024219416,-.0022822449,.057615533,-.0078344671,.27518877,.0016980035,.042542562
-.0003404927,.0011418458,-.00013811143,.0040035206,.00054467964,-.015912967,.00003672254,.0044260267,-.00020738706,.0059939325,-.00045977181,.0057448894,-.0042907498,.12241364,-.0008918111,.027938157,.0032145085,-.04887246
-.00017785346,-.003061041,-.00065146224,.012553974,-.000072738098,-.00072952895,.00005252019,.0014805375,.00026059276,-.0017832902,-.00012763009,.0010206652,-.0031156605,.11012287,-.0018052693,.083249412,.00045436609,.052028634
-.00028352247,-.00047888633,-.00097773096,.023267515,.00068596384,-.0058802268,-.0001260853,.0056378604,.00058677816,-.0079665463,-.00075908127,.0060158819,-.00247226,-.029656,-.010929175,.40753379,.0016217631,.076739669
-.00029672839,.0014287196,-.00039719863,.0080314567,.0002350641,.0022324629,.000050632316,.0014461937,-.00038343752,.011820505,-.00025266132,-.0020529549,-.0014235898,.049032383,.00035500302,.056140956,.000689546,.045650057
.00027645405,-.021074645,-.00063551945,.0099867387,.00016791352,.0017414798,-.00015203057,.0070131528,.00024998499,-.00038866763,-.00026766458,.00052947359,-.0011797461,-.060892455,-.004401674,.17851023,.0012106632,.016825816
-.00036721778,.0055414899,-.00084857247,.020273557,.00037804726,-.0020198633,.00011992103,-.0053976532,.00036531061,-.0047631962,-.00038188428,.00045347129,-.0010533661,.069649324,-.0014111969,.061101481,-.0009450682,.070677616
-.00019949571,.0033242928,-.00011460792,.00065903121,.00015527953,.00062723795,5.1179436e-06,-.0015715993,-.00044875219,.011457788,-.00020866144,.0010012212,-.0011236783,.061100375,-.0017381029,.10716736,.0012627966,.043095611
.00043837528,-.018783063,-.0010532275,.021621773,.0002937688,-.00064649677,-.00032047281,.0087279556,.00030326896,-.0029559522,-.00027716608,-.00021484608,.0011247164,-.096244574,-.0076953466,.24634175,.0012476312,.018954258
-.00027605167,.00048337827,-.00099621317,.016661638,.00026019316,.0027701918,.000101408,-.0025271601,.00060096325,-.0040368699,-.00031632581,-.00043657311,-.0029491866,.04948004,-.005799938,.18637908,.00021906817,.07631442
.000053964661,-.010534817,-.00075911463,.014205362,.00027344885,.0019362142,-.00014405872,.0095788632,.00011261369,.0021576192,-.0003581247,.00036490554,-.0012003673,.024909195,-.0038481595,.15072161,.0012412393,.05273382
-.00026540799,.0012955751,-.00079270685,.013415693,.00014597799,-.0016723978,.00007940441,.0002383836,.00038876728,-.0011621362,-.00035542587,.0026366229,-.0041460241,.11598659,-.0041369959,.1390195,.00062198477,.050777286
-.00014586827,-.0039371103,-.00070022227,.019276889,.00011238268,.00096686423,-.00002360806,.006669092,.00049316511,-.0049797446,-.00023348558,.00028099157,-.0018328042,.063501984,-.0060920743,.31656703,.00051847391,.070362188
-.000012097219,-.0041842363,-.00067246455,.014787008,.00035459711,.0031948441,-.000031174332,.0031181499,.00018281639,-.0015452746,-.00033950596,-.00059805636,-.0028367827,.049575631,-.0047978801,.14799498,.001170393,.053933267
-.00032998531,.001749523,-.00091047963,.016839392,.00043240536,-.010085025,.00028224153,-.0067810011,.00055114261,-.0056523755,-.00034279254,.0013553858,-.0049159648,.13224642,-.0043902989,.20681854,.0040852861,-.052628472
.00018697453,-.010225661,-.0010200021,.018800918,.0002995164,-.0025896023,6.0316497e-06,-.000075426753,.0002861754,-.0012886837,-.00029506953,-.00024436193,-.0016439401,.061110631,-.0014894336,.11331596,.0022566004,.007295439
.0001379067,-.015047251,-.0010445814,.023763394,.00057325634,-.00044681915,-.00021491319,.014650499,.0014545759,-.022327475,-.0004201007,.0014728864,-.0013375352,.024084125,-.0045406073,.2275278,.003538521,.030623987
.00024347889,-.018622134,-.00065543957,.011458718,.00018141376,.000030098927,-.000026645688,.0055888332,.00018190169,-.00019847014,-.000290697,-.0011666324,.00010236284,-.086815424,-.0028511805,.096443251,.0001175287,.080283962
-.00027765482,-.0048150355,-.00076385337,.016267082,.00023904919,.0026525324,.000088835077,.0046055876,.00038067604,-.0039202906,-.00029344487,-.00033923163,-.0024938784,.0064418064,-.0041287239,.16775824,.0025212697,.041368779
-.00004522772,.00064555526,-.00083631999,.018814171,.00023885019,.0062566376,-6.8457553e-06,-.0023104136,.00010072292,-.0031254,-.0003436922,-.00060331484,-.0022179584,.085362338,-.0033055821,.17979288,.0042057568,-.0086645531
2.4250044e-06,.0005258203,-.00038393651,.0095933611,.00042679353,.00064213609,-.00023489924,.0074936622,-.00020803073,.0044933357,-.00039258169,-.000065865694,-.0036622672,.13351136,.00042443417,.038863566,.00047009368,.064420544
-.00017131359,.0020606061,-.00067075243,.014852813,.00031461404,-.000053455602,.000089848058,-.0041625532,.00013713801,.0006891028,-.00040340654,.0003902679,-.0038311137,.14408112,-.0099645825,.36063451,.0023216452,-.0057770093
-.000062747895,-.0073756091,-.00060471502,.010835043,.00058223883,-.0090586264,.000031050735,.0037702126,.000074881755,.0015851987,-.00047152766,.0017699767,-.0023707177,.062762693,.00046840479,.074194595,.0018875059,-.012481213
-.00010599024,-.004630114,-.0013742101,.025899373,-.00007868337,.0060603325,-.00007670249,.0069010044,.00096671935,-.0088838823,-.00011908395,-.0019574687,-.0021485388,.032562304,-.0058570537,.19134191,-.0010033126,.056927636
-.000060274593,-.0043445006,-.0011611527,.023288656,.000328989,.0031998814,6.5270729e-06,.0078939358,.001109683,-.017386716,-.00042203011,.0010258437,-.0016639965,-.0034190735,-.005108783,.1523862,.0016783708,.016716477
-.00019075353,-.00097022264,-.00087959011,.015068674,.0003778699,.00094821741,.000044651202,.002967346,.00053453021,-.0047861296,-.00037519963,-.00087649742,-.0033080592,.11083585,-.0045222878,.15551689,.0010349897,.048248522
-.00037408227,.0052207527,-.00066987058,.012533845,.00020397488,.0021861277,.00014644243,.001204357,.00040919328,-.0024539405,-.00029618686,-.000086811604,-.0042428784,.069829412,-.0029431116,.082950726,.00087651063,.059227362
-.00017721673,.0017429515,-.00053326797,.009346812,.0001619027,.003355532,-4.3217033e-06,.0021897433,-.00023411625,.0064285686,-.00030023055,-.0031294595,-.0040229051,.15964761,-.00012405979,.10112339,.0012506024,.057393882
-.00023904502,.0035091592,-.00070284895,.016085478,.00058063155,-.007619583,.0001028277,-.0046775932,.0001975245,-.0032350807,-.00056433241,.0043832376,-.0031944744,.086731449,-.0031545544,.16079496,.0031059266,-.045082502
-.00023863662,.0035158591,-.00074258621,.014619409,.0002350836,.0012216782,.00022219174,-.0047568684,.00035997335,-.0032757011,-.00043480162,.002331336,-.0047410857,.14361969,-.0042330376,.17031178,-.00058741798,.059668425
-.0003021305,.0035554757,-.00066177465,.014615624,.00024078318,.00028745385,.0001963371,-.0046346453,.00022923609,-.0012580445,-.00039532664,.00080669043,-.0019671014,.047192335,-.0063187568,.21356227,.0020223651,-.013063439
-.000012185129,.0015558075,-.00054121501,.011193984,.00005190961,.0063759172,-.00023338171,.0029055388,.000044068096,-.00041342436,-.00024281531,-.0024427429,-.0020628383,.098145567,-.0030583518,.1637011,.0015190059,.093614243
-.00019352918,.0030120921,-.00021183556,.0077827913,.00020025671,.003287635,.00011986135,-.0046928511,-.00021563483,.0031829956,-.00023272408,-.0026684362,-.0028941068,.12468383,-.0037524961,.18091361,.0015998583,.082701035
-.00051073992,.0047229496,-.00072349369,.016611528,.00034095929,.0033598926,.00023234116,-.0026596775,.00031375518,-.0027743585,-.00044861049,-.001294004,-.0031838117,.11791567,-.0078024701,.25520343,.0020275721,.07540331
-.00050310115,.012398742,-.00061893021,.016189758,.00017815223,.0038059033,.00018604942,-.0086618057,-.000038655191,-.0010990424,-.00037619658,.0016458619,-.0041378038,.15575323,-.0058604898,.26331475,.004076683,.021472694
.000087855573,-.0062031806,-.00026795783,.0093138926,.00021391959,-.000035366982,-.00023598554,.0041332715,-.00026247915,.0029674035,-.00018686398,.00056175835,-.0012728528,.042650219,-.0034694045,.17557412,.00092474971,.053937916
.000044552144,-.010761286,-.00065668306,.01038458,.00036072082,-.0080016134,-.000016058861,.005923498,.0001508327,.0031563058,-.00040845253,.0039104312,-.0028899433,.041111086,-.0035691413,.16103616,.00093485357,.008269554
-.000025931373,-.0065365839,-.00090205425,.021175232,.00016539109,.0019738714,-.000063331761,.004514046,.00074488088,-.0067003234,-.00037207719,.00095829554,-.00095098844,.024147743,-.002436622,.10731238,.00010010528,.080153294
-.00017780757,.0028406987,-.00061470579,.015233671,.00037580251,-.001913706,-.000025695721,-.0018601338,.00021423833,-.0014179134,-.00036735865,-.000055094923,-.0023492076,.14563569,-.0056874542,.18638605,.0018205773,.049520418
-.00019130991,-.0027948401,-.00082103204,.011720911,.00027078431,.0014533106,-.000043909517,.0062930482,.00048801975,-.0022245117,-.00032341751,.0017430376,-.0033230134,.063446715,-.0081687681,.20675889,.0033753349,.025292799
.00016686856,-.0026067689,-.00064628985,.013012826,.00064334425,-.009789845,-.00032571697,.0068103392,.000036529367,.00020506485,-.00054544082,.0044552232,-.00033944956,.03675412,-.001933462,.11058427,.0022284465,-.03513955
.0002376434,-.0084364982,-.00078295509,.012354767,.00022816463,.0022288931,-.00012208623,.0046420083,.00069877412,-.0037587099,-.00024501869,-.0014842284,.00050313736,.01004525,-.0069111735,.21205443,.001015807,.056777917
-.00028871562,.0016712791,-.00014117181,.0035316152,.00061276718,-.010858812,-.00007596358,.0074730641,-.0001449586,.0052411342,-.00050098827,.0019857541,.00068997976,-.036839694,-.0057786317,.17018904,.0033599648,.0086845895
-.000021416476,-.002162491,-.00042769234,.0069236029,.00029803472,.0020610145,.00011801657,-.002830148,-.000087146625,.0033302207,-.00029235918,-.00085359148,-.00270471,.042791951,-.0028129925,.11228453,.0038441475,-.061833482
-.00018526941,-.010532768,-.00035467296,.0083026057,.00031394081,.0037994415,.000064875392,.0035185509,.00017029791,-.0010433603,-.00037985569,.00071478763,-.00078013178,-.048498221,-.00682951,.21214773,.0011128663,.057737418
-.00058214355,.018380338,-.00071893114,.01894787,.00037306908,.0064494368,.00035254855,-.010931662,.00015480549,-.0033864768,-.00039263305,-.0020971652,-.0048344196,.21922545,-.0053821015,.21799919,.0021660947,.07592918
-.00012145528,.001071409,-.00041628772,.0097146211,.00015070218,-.00010952369,.000092062372,-.0020032316,.00025162403,-.0017479917,-.00020302854,.00028301869,-.0038201592,.10841165,-.0031872953,.084756561,.00069308927,.010890371
-.00021815923,.0046509546,-.0007948663,.012653541,.000081370395,.0012009689,.000038149508,-.0013463851,.00038182491,-.0016815497,-.00020700225,-.0015514555,-.0030891895,.10360871,-.0052528949,.18506555,.002348579,.066482946
.00036440903,-.020629527,-.00098474871,.016050903,.00031369983,.0026005793,-.00010154899,.0084069353,.0001620018,-.00030395493,-.00035596782,.000088362678,-.00071958575,-.022450015,-.0029663385,.11814938,-.00018513516,.046425927
-.00020044374,.0034149825,-.00048180085,.012211661,.00021588762,.0038419892,-.00013989524,.0038602233,-.00013077472,.0016672391,-.00020708465,-.0015345216,-.002552765,.075706705,-.0044844225,.18244515,.0016138911,.037229571
-.00025020895,-.0025148226,-.00086306798,.017925307,.0001848964,.0032524941,.000073974668,.0029087469,.00028947592,-.0031754423,-.00033426067,-.0010668114,-.0025449677,.013053722,-.001975381,.11151227,.00099186343,.058606844
-.00029997528,.0012748014,-.00073509722,.0095963785,.00011925365,.0045208069,.00028146882,-.0067431703,.00050366239,-.002878553,-.00024431007,-.00087975198,-.0039238445,.076885544,-.0071573011,.17886643,.0020046087,-.022184815
-.00015825758,-.0040916549,-.0012506205,.022000091,.00060863222,-.0024332011,-.000090307549,.008609199,.00096552115,-.0084317038,-.00055370026,.0028391306,-.002830575,.039275374,-.007429122,.21856093,.0016017343,.023806138
-.00017542177,-.0009133165,-.00084349635,.015517668,.00027117925,.0024583272,.00011555281,-.0031195721,.00067998236,-.0073546572,-.00033153943,-.0011606487,-.0032778587,.10421001,-.0084939748,.21794115,.00032722569,.051649842
-.00044786025,.0082296608,-.00093753822,.020001885,.000069918657,.0014866889,.00035163815,-.007985753,.00091081101,-.013008347,-.00017180397,-.0015827855,-.0060376027,.14336386,-.0053810561,.17619114,.0015245323,.023028681
-.00011917169,.0025723118,-.00089076074,.013508357,.000095032628,-.00066044129,.00011469343,-.0009455515,.0007792777,-.0073609236,-.00026308876,.0032504287,-.0040472578,.12692426,-.0026793757,.11234181,.00074794737,.0059117363
.00007645625,-.012271572,-.00065605319,.014785183,.00019851969,.0042110197,.000018255829,.0087040896,.00027292143,-.0041589825,-.00033026014,-.0015346756,-.0022419912,.020467207,-.0023688676,.1156536,-.00071193284,.057723019
-.000035653582,-.0094436333,-.00077949185,.011318184,.00039335524,-.0086400853,-1.3958008e-06,.0062807729,.00041606807,-.0012131892,-.00028481052,.0033811312,-.004650638,.07093209,-.0010605655,.019953653,.0047137174,-.089465663
-.00043250437,.013602809,-.00084357313,.014851063,.000053501608,.010540648,.00018222895,-.0079361042,.00041762955,-.0035043338,-.00027861254,-.00046231807,-.004708759,.15347748,-.0051061818,.18984826,.0008828094,.07489448
-.00016623773,-.0025180157,-.00049409585,.011244356,.00038576385,.0016830742,-.00013651335,.0059710797,.000039686769,.00030152444,-.00056230329,.0019520675,-.0029149856,.031472001,-.0055525037,.18855663,.0016276246,.055824049
-.00041947031,.0075000897,-.0010505705,.021447016,.00030655865,.002431222,.0001827525,-.0034811753,.00058558211,-.0054268455,-.00036067175,.000086749831,-.0045906357,.12960705,.0013912421,-.028649369,.00017265877,.080753371
-.000066982626,-.0067964066,-.00059255172,.010722757,.00032531199,.0033178318,.00025064661,-.0049876017,.00016669594,-.00014998511,-.00037972588,.00050679792,-.0012366981,-.021069214,-.0042047645,.18916264,.0015765111,.021042375
.00038048759,-.009450146,-.00094304193,.020599745,.00021551896,.0027197767,-.00032054717,.0037336464,.00014552686,-.0030213012,-.00021222432,-.0040868623,-.000734028,.043022141,-.0076098721,.25237867,.0014061214,.042352144
.000086403881,-.011957737,-.00091678521,.019539773,.00022642178,.0051657194,-.000021566309,.0055267792,.0003181395,-.0033419605,-.00029316437,.00077585853,.0016907547,-.099477775,-.0048852051,.20631349,.002376247,.035230767
.000093966955,-.0091147032,-.00055546791,.012360432,.00016090322,-.0024377634,-.000056670015,.0022348864,.000092460366,.0001035734,-.00028093933,-.0014874616,-.0024440028,.062561549,-.0040426594,.18142316,.0021599983,.047249191
-.00017742188,-.0014182819,-.001454898,.02919684,.00035210219,.0039538685,-.00008140508,.0032538348,.0010930198,-.015466251,-.00046179208,.001354722,-.0019205725,.036161326,-.0080088442,.25152698,.0028760605,.06116078
-.0001768388,.0017139798,-.00015822984,.00052460015,.00043656374,-.0012160708,.000054363813,-.0017110521,-.00033511268,.0099115018,-.00042514599,.0026434511,.000028841239,.016950794,-.0044460162,.12433726,.00048675929,.058893338
.000034561141,-.0026505738,-.00055804779,.0077089728,.0002113403,-.0049190652,.000025545949,-.0019245729,-.00013654922,.0052544395,-.00025855284,.00038921085,-.0027243563,.082061239,-.0064051109,.3027167,.003649374,-.0028723713
-.000068537949,-.0035220545,-.0010354816,.0200164,.00038267026,.0012132255,.000074057076,-.00073629507,.00069354399,-.008616589,-.00050965481,.0018217765,-.0030260661,.11108962,-.0074332496,.18726419,.000059656835,.048336595
-.00049996347,.012759284,-.0012122605,.023048747,.00033323833,-.0052490872,.00022201013,-.0056715929,.00068479532,-.0081677064,-.00033649494,-.0013782893,-.0044458439,.14666869,-.0059711677,.21151374,.00042178348,.060808446
-.00027669052,-.0033071006,-.0005309534,.01245184,.00039418787,.00083360256,.000013351641,.005495097,-.00010281986,.0020270266,-.00054798316,.0050264718,-.0020718954,.058327716,-.0022244044,.10299037,.0026891991,.043153755
.000119623,-.010690134,-.0011027169,.020596625,-.000051695373,-.004326696,-.00023769434,.010874423,.00060694735,-.0060962592,-.000040373405,9.4594552e-06,-.0015359879,.013879102,-.0054662665,.20363408,.00057738472,-.030758604
-.00020071432,.00050620135,-.00091845775,.014547838,.00025971766,.001402479,-.00012655467,.0065156631,.00024489468,-.00064376584,-.00042323166,.0000808478,-.002515961,.074896038,-.0059990007,.19845483,.0011234399,.050062947
-.000051425788,-.0093963407,-.00088243949,.016433347,.00048100972,-.0064120907,.000063999774,.0068942532,.00051150162,-.0035841202,-.0005093459,.0043462482,-.0034598438,.060138818,-.0033022969,.12742539,.0028327107,.011678304
.00033332687,-.018438758,-.00090638053,.013455878,.00042174244,-.0025720911,-.00036680821,.013423054,.00041760041,-.00024525172,-.00052067736,.005103142,.0008471121,-.053995892,-.0019815639,.097896151,.0029065148,.0039989152
.00023039468,-.01201305,-.00089402596,.018312475,.00032198819,-.000037792124,-.00022488368,.011532048,.00021239019,-.00033054285,-.00030107365,-.0016594307,.0023392057,-.071485907,-.005506122,.21094425,.0020732817,.059055056
-.000021396752,-.0063503855,-.0006072431,.0091496361,.00033087539,.00019728347,-.00019440228,.0065020951,-.00019674098,.0047689094,-.00027648907,-.0027913474,-.0028489535,.10896521,-.00043027347,.11458272,.00045505058,.060470216
-.0002363391,.0062829927,-.00072962983,.018044535,.00019777828,.0044043451,.00016231783,-.0038129378,.000090389622,-.002170139,-.0003721953,.0013106859,-.0037863585,.11165945,-.0010283568,.045929808,.0021186923,.020497877
-.00039665619,.0087823896,-.00004889644,.0032602353,.00042621684,-.00096665614,.00024393253,-.0042806165,-.00039103586,.0082172574,-.0005323462,.0014815626,-.0039356723,.14090155,-.0043334197,.15363218,.0016309918,.053283665
-.000051636282,-.0072240918,-.0016801043,.02736322,.00023334788,.00091207767,.000075538861,.0029287015,.0010954532,-.013793967,-.00040613243,.0030354918,-.0020097166,.054270975,-.0084611522,.22147265,.001917026,.049677897
-.00030285752,.0014210865,-.00045713861,.01237837,.00052159844,.00086986227,.000078601792,.00030621691,.00014341695,-.0012083143,-.00058228424,.0016879773,-.003309336,.068856783,-.003014941,.18175218,.001383392,.040793952
.00011821088,-.01170671,-.00039833921,.011713994,.00025360149,.0037927437,-.00025551897,.011423999,.000099507393,-.0010843793,-.00029238054,-.0016096545,.0023804244,-.1010632,-.0050184187,.19502288,.0021650246,.017714614
-.00059425854,.011976767,-.00041227596,.011361123,.00022546233,-.0013546146,.00023903168,-.0034684855,.000049661605,.00060266105,-.00026672825,-.0013782043,-.0036329485,.11150333,-.0020246366,.12200402,.0022779589,.046893965
-.00049254129,.010245799,-.0004091989,.014026896,.00019673341,-.003443795,-.00001195856,-.00035129028,.00017774194,-.0032470764,-.00031677374,.00079371396,-.0010176875,.10771117,.00066435756,.073986188,-.00017220332,.068079405
-.00037865265,.0036971236,-.0010394027,.021420594,.00021544189,-.00038827324,.00020628974,-.0047528129,.00038851242,-.0035433036,-.00032904738,.0012925027,-.0048658224,.14364503,-.004267999,.13561392,.0010902248,.036249492
.000040324536,-.0038469834,-.00067267107,.014189969,.00045733558,-.000072060007,.000074398624,-.0018756684,.00019737436,-.0013454705,-.00045760398,.00038013051,-.0021002924,.05017459,-.0033127652,.12129854,.00093066867,.022988062
-.00048856653,.010372265,-.0007118659,.016998302,.00023935815,.0013857827,.00021087755,-.01022166,.00024541115,-.0044587483,-.00039077757,-.00045215603,-.0041123996,.17228548,-.0026385593,.11311911,.0010373398,.027674586
.00014748954,-.010946003,-.00083151343,.014765511,.00017504123,.00070176268,-.0001020953,.0031765762,.00052235636,-.005786608,-.00026466011,-.0010582226,-.0001864212,-.020940155,-.0046764929,.20399319,.003018806,-.0059551541
-.00015825332,-.0020896506,-.00063395518,.014420069,.00034741277,.0011115693,.000039835169,.0011486508,-.00039043959,.0091969129,-.00035219683,.0011725496,-.00040956339,-.059632234,.00039547172,.090880431,.001242863,.040976532
-.00013571481,.0019023115,-.00083240465,.019437317,.000252125,.0036969597,.000077548808,-.0051341476,.000052808711,-.00082442031,-.00037910303,.0018604586,-.0036614549,.15287212,-.0020888001,.087484881,.003243621,-.021031758
-.00020582255,.0039052991,-.0012120964,.022065336,.000091241032,.0058865547,-8.7860900e-07,.0011035878,.00049814361,-.0062835161,-.00026807067,-.0014485185,-.0022699567,.10306031,-.003176098,.18363671,.000018007653,.074330941
-.000590524,.012316375,-.00059123262,.016088344,.00035622044,.00052052282,.00032891045,-.0082518253,.00037967405,-.0023748516,-.00031602566,-.0014229686,-.0074840244,.23021953,-.0039980584,.11637459,.00095432659,.038321406
-.00024253583,.0013052521,-.00046695239,.01147614,.00033586734,.0053041116,.00035184348,-.0085622827,-.000037660724,.0017552229,-.00021804227,-.0029365688,-.0054605738,.13207199,-.006801751,.18998572,.0018694912,.039435036
.00015512107,-.0078268209,-.0012765761,.025635742,.00025247814,-.00074635528,-.00014615839,.0048974827,.00069285452,-.010441163,-.00029994739,.00005811359,-.0018717231,.057150193,-.001082681,.10534634,.0010389123,.052333981
.00021163715,-.016800841,-.00045524252,.0090546543,.0004176588,.0023584242,2.7787137e-06,.0048131887,-.000096954711,.0041255946,-.00048128847,-.00014609647,-.0020193388,.11721916,-.0086017875,.32876545,.0013774574,.12331123
-.0006361432,.014284213,-.0014906754,.028357472,.00035700871,.007886976,.00010898547,-.0034115175,.00092993397,-.012493172,-.00034966922,-.0036922931,-.0058604605,.21013293,-.009130761,.29263559,.0017032629,.091593578
-.00030030776,-.0026101375,-.00068293291,.018624907,.00040018733,-.00010191942,.00021841917,.00045793995,.00047257531,-.0066247475,-.00047329432,.0025223715,-.003394244,.061743002,-.0067366492,.19200277,.0022110434,.0074012792
-.000042681851,-.0068622236,-.00099732121,.017923171,-.000049882106,.0015097701,-.00014498959,.0096983388,.00035253499,-.0022883948,-.000088181863,-.0010013107,-.0042323582,.096283928,-.0044757319,.17746013,.0014989516,.056283128
.00027136467,-.016864965,-.00054408261,.0137246,.00036291781,.0010465983,-.00025241595,.0083154896,-.00010701116,.0025704976,-.00038046762,.00036083919,-.0010182642,-.037347473,-.0043552388,.21800569,.0013748654,.022790095
-.000071083792,-.0066798562,-.0012331828,.027040137,.00027821781,-.0003439789,-.000030461553,.0032017734,.0006270844,-.011923404,-.00017598926,-.0029392443,-.0027759208,.093970485,-.0048420792,.18192658,.00028981827,.079570509
.000057418049,-.010345237,-.00023568013,.010561234,.00044543383,.00018998011,-.000093599279,.0028425972,-.00022079772,.0046391054,-.00052945962,.0033165172,.00059784699,-.079985194,-.0029743847,.20111579,.0025382859,.038508229
-.00022765282,.0090907002,-.00091057224,.016056893,.00028825743,.001013956,.000084751198,-.003575261,.00022016726,-.00085741677,-.00043454886,.000671182,-.0061327121,.21830799,-.0083879046,.2826111,.00044437594,.023725573
-.00010089994,-.0026417866,-.0012858536,.026204584,.00029905961,.0017896217,-.00013159805,.0070421817,.00045880102,-.006236644,-.00032189046,-.001346944,-.0021176182,.021728471,-.0027633633,.091382526,.0012575639,.029300056
-.00029491851,.0018594298,-.001096612,.022881258,.00034654446,.0013337854,.000090918104,.0013930431,.00083450513,-.012531264,-.00044345675,.0016941064,-.0031067934,.048859756,-.004107744,.1255894,.00034534026,.054822087
-.0005708558,.013160977,-.0017177439,.039014596,.00023378707,-.0041877204,.00024726565,-.0051458632,.001074588,-.01802006,-.0002781087,-.002775921,-.0037900228,.16297698,-.012407725,.46617275,.0059584063,.056592636
.00013988533,-.0070255315,-.0006649631,.015430236,.0005298797,-.0080617648,-.000040327614,.0037193047,-6.8629797e-06,.0015982843,-.00041656251,.0028827512,-.00088158605,.029302699,-.00061005825,.062001899,.00282571,.014127477
-.00017355528,.000087680615,-.00082934834,.011227157,.00012937366,-.001333732,-.000029712566,.00027737458,.00046906859,-.00030876513,-.00026900056,.00013377998,-.0066345427,.21414174,-.0054039331,.15534413,.0011819823,.044943493
.00012479044,-.015342753,-.00075464149,.011377096,-8.4661624e-06,.0021668607,.000065687775,.0047870367,.00024400842,.0018119941,-.00014984077,.0029431109,-.0011198922,-.042036965,-.008329479,.21710338,.001920787,-.009600224
-.00010086452,.0012902766,-.00089721056,.01994537,.000085424457,.0057129445,-.00015240915,.007265883,.00027266066,-.0044589881,-.00019733013,-.0019510522,-.0034402201,.12595335,-.011323286,.40719056,.00015185132,.11074246
-.00012137031,-.0031217241,-.00032583758,.0083398605,.00036494396,-.00061168207,-.000020590252,.0022810071,-.00034638014,.0076325391,-.00031404675,-.0021875261,-.00099357252,.02542563,-.0024645899,.09391854,-.00048649893,.074022807
-.0001987749,.0010087689,-.00032618732,.006258179,.00031776767,.0012136498,.000050735776,.0022583047,-.00047753702,.013196453,-.00038140162,-.00031741976,-.0036291785,.072376139,-.0027545257,.13587488,.00056890509,.075138427
-.00010521915,-.0041489536,-.0007577365,.01624009,.00017120989,.0018895295,.000024319268,-.00066588883,.00042819307,-.0049946494,-.00036068427,.0019600275,-3.2492819e-06,.0084177218,.0023606946,-.028456571,-.00067493087,.062467344
-.000029881365,-.0028841833,-.00073394278,.013704175,.00046973902,-.0093744844,-.000048406415,.00020737476,.00011898109,.0018040964,-.00040222984,.0042335317,-.0051310421,.18254443,-.0016434148,.15048634,.0023854764,-.0068334742
-.000086804372,.00055659818,-.00089148054,.014339074,-.000040342653,.010828259,-.00016906727,.0055784117,.00059100712,-.0055678776,-.00015687953,-.0023339351,-.0017275551,.0060453732,-.0030558389,.12034042,.0010796308,.021504238
-.000010446853,-.003120176,-.0010355222,.021512929,.00040456222,-.0022441868,-.00011755555,.004949376,-.000068766531,.0033872558,-.0004731662,.0024158556,-.0014113409,.060408231,-.00021940698,.096669465,.0017888973,.022771709
-.000097157848,-.0010759033,-.00063687313,.010046456,.00027687626,-.0035417457,-.000057365763,.0041059973,-.000051285711,.0027968783,-.0004330427,.004701715,-.0022638999,.071665429,-.0057559069,.1929989,.0039961273,-.041145787
