T2_panel0,T_panel0,T2_panel1,T_panel1,T2_panel2,T_panel2,T2_ld0,T_ld0,T2_ld1,T_ld1,T2_ld2,T_ld2
-0.000320147,0.005459232,-0.000301454,0.005267035,0.000347625,0.000527149,-0.003020475,0.048590787,-0.005988289,0.21740741,0.002052092,0.066982962
-0.000205324,0.008961311,-0.000522873,0.009981658,0.000242247,0.001555333,-0.001914677,0.070122249,-0.002343134,0.10891462,0.000987908,0.02728858
-8.90777E-05,0.000499208,-0.000436643,0.004806972,0.000405832,-0.002002363,-0.000549388,0.006775452,-0.006041261,0.22989561,-0.000565092,0.095732495
8.7347089e-06,-0.004941957,-0.000643402,0.009408752,0.000300344,0.004223783,-0.000904624,-0.002626318,-0.007188189,0.26146623,-0.000124792,0.090463415
-0.000994039,0.02650553,-0.000334092,0.010712985,0.000202239,-4.40773E-05,-0.003273467,0.14896724,-0.003018891,0.14874798,0.001391687,0.073387004
-0.000405214,0.005300821,-0.000612231,0.013192809,0.000269019,0.001988999,-0.001554006,-0.005773176,-0.005350715,0.19160882,0.002240903,0.047092184
-0.000405721,0.01450721,-0.000687716,0.009971683,0.000193605,0.002320095,-0.006187672,0.1644877,-0.004630453,0.18555987,0.000827893,0.026457727
-0.000251561,0.008750872,-0.000127096,0.004918336,0.000306958,0.004436206,-0.000725955,-0.006658739,-0.001126913,0.073125914,0.000334852,0.052878566
-0.000522567,0.016649624,-0.00065402,0.01000283,0.000303716,-0.001265911,-0.000696661,0.046864916,-0.00442449,0.15519424,0.001168946,0.036230706
-0.000125026,0.005912673,-0.000444824,0.003952737,0.000308027,0.001116019,-0.003554466,0.13582063,-0.004370034,0.14681491,0.001047829,0.042338546
-0.000636456,0.018432904,-0.001003424,0.023818951,0.000141851,0.000739365,-0.004249945,0.12080011,-0.005479973,0.16988254,0.001307682,0.036823839
-0.000610483,0.016343655,-0.000589471,0.00787335,0.000426271,-0.005679248,-0.003863075,0.093585163,-0.003871578,0.13090087,0.002406783,-0.011702121
-0.000299081,0.007893274,-0.000506645,0.01114622,0.000425266,0.003671158,-0.002076679,0.053530116,-0.008131565,0.35617226,0.004992944,0.073082119
3.56474E-05,0.000496498,-0.001113406,0.019867942,0.000157052,0.002835997,-0.002993297,0.067643113,-0.006479709,0.22402979,0.00210818,0.033527449
-0.001134714,0.042073693,-0.00079383,0.021516601,0.000216475,0.002852776,-0.001803112,0.07985428,-0.003821139,0.13422641,0.001606412,0.032053616
-0.000323853,0.008213165,-0.000277294,0.002140575,0.000317184,0.003208071,-0.005264671,0.15831761,-0.004044352,0.16522014,0.001455653,0.066958688
-0.000138608,0.002446355,-0.000632207,0.009712831,0.000139506,0.006282383,0.002050416,-0.16081396,-0.007570842,0.3239443,0.001232267,0.096882507
-0.000209112,0.011924905,-0.000261489,0.007516955,0.000267201,0.000629248,-0.002979629,0.1040288,-0.004647101,0.1780508,0.001834079,0.008189799
-0.000318742,0.00600166,-0.000572804,0.005617871,6.02091E-05,0.006379793,-0.003048831,0.040389586,-0.005551402,0.17791502,-0.000296322,0.044577487
-0.000359757,0.015679585,9.77425E-05,-0.002051695,0.000189297,0.001613944,-0.001990225,0.12092399,-0.002570815,0.12556607,0.001888286,0.04596705
-0.00037235,0.004373043,-0.000607022,0.016194286,0.000161527,-0.001281924,-0.001271921,0.049234744,-0.004829526,0.16524303,0.001835789,0.020545593
-0.00040009,0.009745752,-4.64463E-05,-0.002894571,0.000296422,0.003934459,-0.003864174,0.10261786,-0.006583363,0.19545256,0.000718495,0.10681795
-0.000376778,0.010350067,-0.000326091,0.005549423,0.000172067,-0.0012597,-0.003248741,0.11148164,9.85989E-05,0.041341193,0.001236167,0.017514354
-0.000441633,0.014476891,-0.000646379,0.009860529,0.00023644,0.003903674,-0.003105942,0.040858526,-0.003372453,0.080968827,0.000546882,0.036360558
-0.000346723,0.013712183,-0.000706594,0.014716171,0.000356569,-0.005045564,-0.003312642,0.084715575,-0.003745313,0.1342026,0.00225643,-0.001630823
-0.000476321,0.011193703,-0.000583051,0.011874346,0.000394987,0.004083763,-0.002701998,0.056885269,-0.00498778,0.21637654,0.001210554,0.060085833
-0.00021068,0.005120788,-0.00021402,0.004680985,0.000425989,-0.000812544,-4.19349E-05,0.022703398,0.000800547,-0.002715329,0.001535648,0.02364205
-0.000753162,0.025769169,-0.000330003,0.012470718,0.000222769,0.003307439,-0.001908729,0.050748169,-0.001400609,0.081584163,0.00069092,0.06583304
-0.000454367,0.014701473,-0.000339228,0.009496889,0.000129015,0.003870909,-0.001996219,0.075952455,-0.002263127,0.12016904,-0.000134572,0.063636862
-0.000207706,0.005781829,-0.000880354,0.012217175,0.000110942,0.006255409,-0.001253254,-0.036874212,-0.002505804,0.079767548,-0.000371911,0.044517264
-0.000311662,0.011911475,-0.000747858,0.013372645,0.000435872,-0.002404285,-0.002073754,0.066806003,-0.003213079,0.16405027,0.002328803,0.00512865
-0.000469959,0.014203487,-0.001180242,0.023472453,0.000248234,0.000167117,-0.005318645,0.14852241,-0.005736774,0.20300938,0.001473108,-0.005757466
-0.000111778,-0.00166133,-0.00061934,0.006383867,0.000330768,0.002249951,-0.003278211,0.085109383,-0.003790135,0.14105444,0.000501809,0.067999795
-0.000181804,0.000542559,-0.000653981,0.009892377,0.000176358,0.000359559,-0.00313637,0.066586182,-0.005462486,0.17347418,0.001849597,0.006404314
-0.000437632,0.003773551,-0.000661873,0.012278345,6.8809E-05,0.008205278,-0.002583185,-0.004597335,-0.006087034,0.22057599,0.001410249,0.07316374
-0.000336627,0.005036879,-0.00037098,0.001509449,0.000323606,0.001174261,-0.001859515,0.018326432,-0.008909077,0.23428953,0.000433151,0.066855013
-0.000245345,0.002202274,-0.000784639,0.02128393,0.000282992,0.006356707,0.003826503,-0.19851322,-0.005381294,0.24915454,0.002842678,0.051978417
-0.000490058,0.012954887,-0.000684165,0.013834557,0.000221042,0.005023428,-0.001775932,0.028317455,-0.005978196,0.25945801,0.002424971,0.052292507
-9.22858E-05,-0.00389192,-0.00068119,0.006948249,0.000632238,-0.005921679,-0.000828659,-0.044084482,-0.003233705,0.13637245,0.002195649,-0.013524182
-0.0005967,0.019128727,-0.000348605,0.008532552,2.051E-05,0.004458271,-0.00353113,0.10888612,-0.005497452,0.20072369,0.000964071,0.052560549
-0.000498737,0.012591419,-0.000659946,0.013258629,0.000189795,0.002054611,-0.002786835,0.028162323,-0.00487788,0.1651195,0.000855436,0.057051957
-0.00038496,0.01374966,-0.000650645,0.014972218,8.36517E-05,0.007047661,-0.002913372,0.040167425,-0.003716026,0.12983803,0.001662001,0.025112573
-0.000243926,0.00647223,-0.000218363,0.004971887,0.000390663,0.000852338,-0.001512275,-0.016197463,-0.003452271,0.16442224,0.002068796,0.034614351
-0.000530575,0.014681081,-0.000784692,0.022529449,0.000294273,0.000703706,-0.000170663,-0.02145688,-0.004972219,0.23173024,0.001826436,0.061397649
-0.000540666,0.015444739,-0.001428037,0.033628941,0.000145607,-0.005049932,-0.002533395,0.065569714,-0.002539023,0.081373796,0.001001338,0.035510644
-0.000642387,0.022612548,-0.000201692,0.00529306,0.000128319,0.005734761,-0.003111683,0.084804334,-0.005392283,0.18665056,2.42635E-05,0.043970801
0.000141037,-0.008647976,-0.000214038,0.003370016,0.000450296,0.002789834,0.000799095,-0.11305124,-0.004516554,0.15801951,0.002190469,0.048658993
-0.00042173,0.008946515,-0.000382945,0.005451206,0.000275905,-0.000377779,-0.003563239,0.12168887,-0.007003763,0.22555922,0.003292075,0.055012256
8.8807719e-06,0.00219355,-0.000238982,0.007220528,8.47864E-05,0.008515622,0.000616608,-0.019421738,-0.003780633,0.17184465,-0.000781904,0.10306877
-0.000135199,0.002996023,-0.000717251,0.005075571,0.000231445,0.00281536,-0.004188411,0.11903781,-0.004672287,0.16895318,0.000268841,0.089801326
-0.000755808,0.027884142,-0.000532888,0.01487135,0.000201272,0.000541587,-0.003458846,0.1090391,-0.002626806,0.10738555,0.002153219,0.01222156
-0.000166307,0.003437714,-0.000437455,0.010137241,0.000459929,0.000502231,-0.002475729,0.086497508,-0.004567407,0.18640168,0.002572989,0.052551139
-0.000195115,0.010098323,-0.000271078,0.000562475,0.00040612,0.002527854,-0.001239356,0.043552727,-0.001816272,0.15605798,0.001917298,0.06135432
-0.000829024,0.025054542,-0.000752862,0.017909482,0.000244683,0.002546492,-0.003488284,0.11351469,-0.000735237,0.016223047,0.000414653,0.052314423
-0.000183634,-0.003668752,-0.000309967,-0.000458633,0.000133152,-0.000844571,-0.000744853,-0.031145368,-0.004011584,0.14187017,0.000726773,0.019775128
-0.000396477,0.012595821,-0.000848623,0.012580938,1.84983E-05,0.005450207,-0.006540666,0.15328084,-0.012369654,0.36553207,0.00217078,0.10205302
-0.000602508,0.017991858,-0.001616857,0.033157542,0.000300393,-0.000580037,-0.003549258,0.099158593,-0.004466473,0.16505308,0.00094719,0.040658284
-0.000635719,0.006500233,-0.000361183,0.007536409,0.000261988,0.006486742,-0.003088075,0.053553946,-0.007321833,0.24319583,-0.000489667,0.073916703
4.31606E-05,-0.001091648,-0.000298589,0.007033528,0.000374129,0.000361993,0.000688743,-0.034747098,-0.002157114,0.10090242,0.001282189,0.041720472
-0.000349592,0.013445741,-0.000568448,0.011391295,0.000215432,0.005423869,-0.000873249,0.045789547,-0.002899413,0.2087156,0.001481078,0.10218856
-0.000644245,0.018693654,-0.000238656,0.009760275,0.000408787,-0.000435574,-0.004981333,0.12795834,-0.000777051,0.083466135,0.001121712,0.037370209
-0.000276776,0.004807764,-0.000583245,0.012524347,0.000299344,0.00262358,-0.003893908,0.012964974,-0.00090652,0.16967003,0.000161149,0.1027221
-0.000799351,0.033953715,-0.00050742,0.012564154,0.0003672,-0.000495446,-0.002454253,0.080295913,-0.002163104,0.10017222,0.001747088,0.041319646
-0.000494344,0.009274855,-0.000517972,0.011832304,0.000448825,-0.000506415,-0.001088971,0.043098081,-0.007337592,0.23775348,0.002631023,0.044682719
-9.48908E-05,0.001880442,-0.000569446,0.013377761,0.000271302,0.002080858,-0.000689193,0.007013398,-0.003991359,0.19903687,0.001037562,0.054484427
-0.000290057,0.01241947,-0.00052935,0.011547528,0.000119668,0.003645431,-0.004805859,0.14796402,-0.003788798,0.13921921,0.001935851,0.011025576
-0.000323542,0.007297061,-0.000980287,0.021311533,0.000300095,-0.003102313,-0.003877866,0.092940658,-0.002086086,0.10853991,0.002831013,-0.000301041
-0.000620078,0.019988621,-0.000978125,0.024180166,0.0001249,-0.005202599,-0.002758267,0.068846039,-0.00371451,0.078337446,0.000926895,0.031187514
-0.000328181,0.0109854,-0.000355794,0.010240443,0.000282168,0.001102968,-0.003625297,0.10398942,-0.00394568,0.19401745,0.001993476,0.025259156
-0.000274451,0.008846845,-0.001438718,0.032913215,0.000402801,-5.70968E-05,-0.000835758,0.017176801,-0.005852158,0.21190827,0.002345189,-0.04143025
-0.000470265,0.014177613,-0.000536653,0.014018432,0.000477093,0.000391326,0.000409103,0.001145235,-0.00499685,0.17163366,0.001625209,0.052849151
-0.000239429,0.009419042,-0.000472202,0.006724861,0.000200304,0.001308498,-0.004446296,0.12659548,-0.005694169,0.18105084,0.001856054,0.014637422
-0.000676272,0.015944378,-0.000336105,0.004848326,0.000132811,0.004982159,-0.004802172,0.14155188,-0.003326563,0.11838679,-0.000298898,0.05177692
-0.000188173,0.006075102,-0.000535485,0.005786453,0.00014494,0.004340335,-0.000551466,0.001456272,-0.002939259,0.10195105,0.000475043,0.064481378
-0.000692888,0.022803821,-0.000514584,0.012890358,0.000477877,0.000294012,-0.002734595,0.10801284,-0.005318797,0.21173128,0.001805551,0.055390023
-0.000500092,0.019889385,-0.000714084,0.015821576,0.000294067,0.001242329,-0.004216682,0.12736715,-0.001599453,0.060566492,0.001274552,0.041587126
-0.000288098,0.00793569,-0.000619811,0.015415957,0.000207144,0.001565701,-0.00017279,-0.005583417,-0.000314626,0.082522482,0.001403936,0.038525019
-0.000490198,0.010010689,-0.0003303,5.06632E-05,0.000265624,0.001878477,-0.004317403,0.12858388,-0.004968839,0.17375848,0.003789163,0.057554383
-0.000708645,0.020699069,-0.000415482,0.009150641,0.000227571,0.000971047,-0.001642719,0.040166143,-0.003077133,0.12717071,0.00073526,0.052285869
-0.000511648,0.016813252,-0.000788998,0.020625083,0.000177483,-9.66109E-05,-0.002184873,0.067593567,-0.00495124,0.16532896,0.000611054,0.053197421
-0.000228956,0.004799383,-0.000547948,0.01277877,0.000454412,-0.000203084,-0.002207094,0.034417909,-0.003470093,0.12875056,0.001881793,-0.00122446
-0.000316741,0.010582347,-0.000452571,0.013774865,0.000301583,0.000316348,-0.000407938,0.027046897,-0.00273373,0.13426539,0.000280539,0.087345771
-0.00071305,0.024821253,-0.00076258,0.018153619,0.000115978,0.001407115,-0.002581341,0.060461912,-0.000200104,0.01993843,-0.000954304,0.052234147
-0.000481318,0.016042352,-0.000883836,0.010965436,0.000141711,0.001278144,-0.003166403,0.092285149,-0.003614829,0.13294668,-7.07185E-05,0.051583398
-0.000230685,0.006419827,-0.00029176,0.004476397,0.000231786,0.00501712,5.26074E-05,-0.062441025,-0.005297493,0.1829519,0.000607326,0.055143051
-0.0001935,0.008345923,-0.000176276,0.001022695,0.000358228,0.000397366,-0.003313381,0.13939178,-0.006180865,0.20828801,0.001878765,0.012294503
-0.000616225,0.012912553,-0.000444688,0.006236639,0.000251673,0.000988055,-0.006423959,0.14957865,-0.007293667,0.19409485,0.00058125,0.0432228
-9.07369E-05,-0.000150398,-0.000456586,0.016709594,0.000501724,-0.002801869,0.001867555,-0.060195081,0.000382948,0.015674839,0.002738201,0.032134715
-0.000172062,0.003071168,-0.000803957,0.018748976,0.000199733,0.00070119,0.000876777,-0.076369941,-0.00388056,0.1575328,0.000737467,0.015748573
-0.000491362,0.0126685,-0.001502311,0.035915341,6.2323E-05,0.00485042,0.000864283,0.01154771,-0.001522906,0.11470757,0.001469068,0.05949473
-0.000391969,0.00801174,-0.000407915,0.008116804,0.000347216,0.002036685,-0.004950547,0.17694394,-0.00457008,0.26854518,0.002520238,0.068751559
-0.00085934,0.026274664,-0.000646152,0.017854812,0.000354844,-0.004966924,-0.003965979,0.12808323,-0.003305904,0.10599128,0.000660761,0.030714141
-0.000656972,0.022822218,-0.000308099,0.008291753,0.000156296,0.002124818,0.000627107,-0.053842381,-0.003210909,0.1092018,5.81272E-05,0.047586072
-0.000394042,0.011109806,-0.000587336,0.013091502,0.000562484,-0.003905089,-0.002127035,0.020541575,-0.005362975,0.2032423,0.004431512,-0.035187438
-0.000849768,0.029137695,-0.000462959,0.015553397,0.000266241,0.002843434,-0.0018051,0.040276643,-0.004906268,0.14818417,0.000713786,0.065743655
-0.000593269,0.019042494,-0.000608488,0.015123481,0.000245009,0.003605706,-0.003567641,0.092672981,-0.005031225,0.16355123,-0.0001986,0.082437553
-0.00017518,0.005189088,-0.000397446,0.008047856,0.000117684,0.004359882,-0.000526469,-0.02471254,-0.004815294,0.15549381,5.73464E-05,0.040860027
-0.000313408,0.005653316,-0.000736726,0.010390314,0.000163738,0.001341804,-0.001722088,-0.015527202,-0.010358398,0.22798049,-0.000773471,0.027557487
-0.000173027,-0.004647817,-0.000234463,0.007574013,0.000283375,-0.002701372,0.002494565,-0.18553735,-0.003269367,0.14344932,0.001888248,-0.022713622
-0.000589045,0.02108459,-0.000209309,0.011053529,0.00024362,0.006814357,-0.002208582,0.10415576,-0.005028529,0.20826516,0.004202127,0.014237101
-0.000500998,0.018371185,-0.000481882,0.013080047,0.000352729,0.002835725,-0.002150934,0.046205342,-0.005401632,0.16366997,0.002151757,0.056168713
-0.000326275,0.00784544,-0.000501566,0.008287399,0.000202114,0.001970922,-0.00221124,0.050523039,-0.003346199,0.12880392,0.000431606,0.035992052
-0.000334739,0.006115276,-0.001050904,0.023833783,0.000314976,0.000701976,-0.002707408,0.023929533,-0.008611428,0.32723469,0.003758692,0.033970416
-2.86148E-05,0.001739023,-0.000457878,0.012778315,0.000176121,0.00261653,-0.000936863,-0.024836307,-0.002628155,0.12431164,0.001293477,0.016363019
-0.000743294,0.024233313,-0.000972225,0.019190826,2.55342E-05,0.003804589,-0.00395904,0.11812669,-0.002758466,0.16490246,0.000389646,0.021318344
-0.000635218,0.019294484,-0.000590433,0.012273442,0.000185039,0.002875303,-0.004426301,0.17121232,-0.001376176,0.10662868,0.001337795,0.060954336
-0.000626925,0.020051837,-0.000354802,0.014386856,0.000492342,-0.003669384,-0.000862488,0.055025261,-0.000237356,0.071488857,0.002237276,0.024066558
-0.0006379,0.021614673,-0.000468056,0.010260137,0.000378911,-0.001687649,-0.000566763,0.034757759,-0.001111115,0.043377433,0.001003514,0.010692917
-0.000549281,0.018787632,-0.000689218,0.015863914,0.000317287,0.006605604,-0.002211402,0.10200296,-0.006685038,0.24358481,0.002060375,0.041039348
-0.000535672,0.015743075,-0.000509251,0.00283051,0.000362442,0.002703306,-0.004429829,0.18203528,-0.006549874,0.20969549,0.001862841,0.076167613
-0.00063468,0.017406749,-0.001237227,0.028766533,0.000302242,-0.004233454,-0.00261992,0.068755373,-0.00479879,0.14428239,0.001593904,0.059934039
-0.000351464,0.01271632,-0.001018771,0.020575894,0.000134907,0.000433537,-0.002467651,0.076327704,0.00022699,0.033574708,0.000523709,0.052530371
-0.000113994,0.006146072,-0.00085021,0.015585937,-1.99838E-05,0.004915354,-0.000842487,0.037701413,-0.004163303,0.15228203,0.001141677,0.069039434
-0.000977676,0.028841553,-0.000409076,0.007453498,-4.05748E-05,0.005204127,-0.001961748,0.069338225,-0.00399775,0.13522741,0.003229656,-0.021577626
-0.000707699,0.02235401,-0.000593148,0.017397873,0.000393429,0.001310459,-0.003383534,0.11095569,-0.006055442,0.19677989,0.001587749,0.062321119
-0.000547989,0.011709866,-0.000489554,0.007565346,0.000210132,0.002085047,-0.003498129,0.07884261,-0.005915795,0.22534744,0.002258476,0.013217575
-5.18175E-05,0.000100792,-0.000704707,0.0096548,0.000195427,0.002605381,0.00142209,-0.063048676,-0.004801531,0.15484406,0.002288314,0.047944389
-7.26164E-05,0.001485306,-0.000513196,-0.00265087,2.35389E-05,0.009704658,-0.002783301,0.068628304,-0.004921715,0.1544248,0.001724175,0.047462068
-0.000468043,0.010450251,-0.00037509,0.0110897,0.000185357,0.002022924,-0.003496979,0.086374544,-0.003805081,0.10587552,0.000658592,0.035651263
-0.000711976,0.017790522,-0.000838213,0.016047593,0.000117034,0.009934648,-0.003787637,0.046258293,-0.006350533,0.1772207,0.00098837,0.011841041
-0.00048325,0.016861016,-0.000111297,0.00061139,0.00018621,0.003814094,-0.006353493,0.17587531,-0.002706234,0.096312739,0.000480179,0.050740257
-0.000747289,0.020666495,-0.001043789,0.017787933,0.000338555,-0.003791527,-0.003972248,0.11279537,-0.009078175,0.25912365,0.004039486,0.026989322
-0.000617737,0.019839574,-0.000458707,0.015005255,0.000293866,-0.00092159,-0.002635066,0.11910526,-0.001916206,0.044415798,0.001649409,0.016195886
-0.000891385,0.031611554,-0.000690334,0.015173498,0.000166523,0.002043525,-0.005372878,0.19163309,-0.005634944,0.19496164,0.002167629,0.026145918
-0.000104866,0.000238941,-0.000477556,0.007074917,0.000344579,-0.003388265,0.000566257,-0.025420617,-0.002057606,0.088787585,0.001449407,0.035254207
-0.000493793,0.013830015,-0.000745034,0.012914403,7.94133E-05,0.003431556,-0.001577236,0.044450637,-0.003440435,0.1651707,0.002062293,0.044714417
-0.000334626,0.011829741,-0.000243318,0.007040905,9.07851E-05,-9.26634E-05,-0.004280584,0.11554587,-0.000635239,0.06347952,0.000442758,0.006046575
-0.000638091,0.018262943,-0.000317906,0.006905514,0.000490855,-0.002081265,-0.000894295,0.070200659,-0.003854331,0.15085682,0.001417145,0.085036471
-0.000448472,0.01290724,-0.000259217,0.005232914,0.000323286,0.002751224,-0.002291878,0.089698523,-0.00456931,0.22062995,0.002158362,0.068947919
-0.000360275,0.014759726,0.000194122,-0.009549046,2.23061E-05,0.003949242,-0.002250269,0.074544802,-0.003557779,0.17351998,8.07461E-05,0.048988625
-0.000889599,0.028097687,-0.000484875,0.015015691,0.000189585,0.002347051,-0.002678316,0.10742853,-0.002115395,0.10670815,0.001010638,0.01055342
-0.000356402,0.00774015,-0.000414397,0.012624721,0.000304143,0.008054817,-0.002682365,-0.003974657,-0.008774099,0.31935567,0.002830158,0.25781614
-0.000671226,0.016270444,-0.000465533,0.011698982,0.000309868,0.000858963,-0.004405116,0.12866376,0.000841464,-0.009044348,-0.001231443,0.053782847
-0.00024234,0.006007701,-0.000105235,0.003337666,0.00025915,-0.000767837,-0.002503785,0.051985685,-0.003544268,0.14325278,0.002366819,0.002279715
-0.000503455,0.013041579,-0.000605046,0.011312768,0.000466026,-0.001924129,-0.003190799,0.037630767,-0.001620357,0.047952332,0.002241851,-0.029952064
-0.000315072,0.005258526,-0.000563157,0.011967956,0.000246208,0.002317482,-0.000349831,-0.019387871,-0.002672478,0.088166915,0.000840484,0.049494319
-0.000601823,0.01660862,-0.001112244,0.027244592,0.000200979,0.004756597,0.000372763,-0.031867925,-0.002595935,0.13363285,0.000769729,0.05729707
-0.000332051,0.009801549,-0.000263691,0.008747847,0.00052259,0.002440509,-0.000275524,0.058238104,-0.001139676,0.070712171,0.001360218,0.063221209
-0.000394963,0.011269532,-9.88432E-05,0.004159098,0.000282435,0.00108802,-0.002052424,0.064296864,-0.00685847,0.23655869,0.00243247,0.041581064
-0.000597108,0.02189558,-0.000845067,0.01990954,0.000193831,0.002672694,-0.001946767,0.058925204,-0.003320383,0.10947531,0.000605306,0.071401894
-0.000288799,0.00171137,-0.000659832,0.016546136,-4.17362E-05,0.00684194,-0.001821877,-0.009395718,-0.004026214,0.13556953,0.001483335,0.033384904
-0.00066347,0.018498586,-0.000392192,0.013522206,0.000327061,-0.000788863,-0.003266106,0.11605858,-0.004504532,0.092035256,0.004276712,-0.056180857
-0.000493163,0.011585742,-0.000307739,0.013255395,0.000360087,-0.004292479,-0.003909756,0.053122751,-0.003964595,0.20635344,0.002567457,0.009433279
-0.000858109,0.022496806,-0.000460651,0.014223028,0.000140009,0.001505326,-0.006008571,0.15581585,-0.001097664,0.038305596,0.0005854,0.037949465
-0.000376107,0.009175107,-0.000942244,0.018747037,0.000422584,0.00371001,-0.000379094,-0.022054199,-0.003859022,0.16871341,0.001420566,0.080092765
-0.000805263,0.027630555,-0.000614528,0.018215017,0.000182266,0.001121596,-0.002129067,0.036194552,-0.002311814,0.08521238,3.70187E-05,0.048410866
-4.41512E-05,0.002014161,-0.000806707,0.018258391,0.000295451,0.001437557,-0.000801571,0.022703011,-0.004790551,0.16995907,0.00150013,0.03668293
-0.000320518,0.008844657,-0.000334308,0.013226436,0.000242402,-0.000744781,-0.00162077,0.029687969,-0.002168647,0.11674881,0.000640831,0.038902365
-0.000723519,0.020933518,-0.000525893,0.011323433,0.000497719,-0.004519921,-0.005368726,0.1633437,-0.008024661,0.25750986,-7.39201E-05,0.051629607
-0.000102142,-0.001206526,-3.02591E-05,-0.00067127,0.000155912,-0.002018092,-0.002240454,0.051704034,-0.00411451,0.15661015,-0.000363379,0.060630906
-0.0003052,0.007956028,-0.000517212,0.011422882,0.000535005,-0.004478595,-0.004597523,0.12683377,-0.002842168,0.14190529,0.003371743,-0.015051237
-0.000512311,0.018982084,-0.000375171,-3.36384E-05,0.000325358,0.004065254,-0.00408425,0.16778636,-0.004925107,0.21485671,0.002181841,0.024895974
-0.000378581,0.011894542,-0.000723523,0.009247248,0.000439376,-0.001890464,-0.003029186,0.13751669,-0.003828421,0.11119139,0.003253492,-0.009502756
-0.000788338,0.024712639,-0.000806157,0.016332772,0.000109885,0.003350179,-0.002837838,0.11507667,-0.000332245,0.079915494,-0.000707619,0.12573166
-0.00013217,0.00273962,-0.000468652,0.008613588,0.000321083,-9.69838E-05,-0.001418742,0.035359506,-0.000647945,0.10119964,0.001309171,0.024583777
-0.000276901,0.008097967,-0.000846315,0.01815429,6.4677197e-06,0.008757788,0.000470317,-0.036174908,-0.009927523,0.38028881,-0.002677618,0.15602382
-0.000470157,0.013829925,-0.000566262,0.015747225,0.000173074,0.006200826,-0.000506662,0.019736934,-0.003537907,0.15768376,0.001678062,0.068478294
-0.000334895,0.006638662,-0.000640038,0.014145996,0.000339758,0.002806529,-0.002757071,0.049193997,-0.008108363,0.33834496,0.004950389,0.013161574
-0.000531416,0.020903431,-0.000703623,0.015187561,0.000364203,0.00379012,-0.003982191,0.16509278,-0.005251506,0.21011217,-9.12E-06,0.082908034
-0.000490139,0.016598541,-0.000506228,0.004658926,0.000207508,0.00338768,-0.00348749,0.095225334,-0.002155,0.082096003,0.001693039,0.043630943
-0.00066744,0.018308735,-0.000578529,0.008305204,0.000297223,-0.001732322,-0.005558834,0.16357416,-0.004647192,0.17865479,0.001133439,0.0318156
-0.000637008,0.022288727,-0.000362286,0.010527958,0.000307991,0.001050428,-0.006897223,0.1311409,-0.007094187,0.15953591,-0.0013069,0.059927214
-0.000921834,0.027952379,-0.000448301,0.011004521,0.000222185,-3.26614E-05,-0.001997019,0.039955713,-0.002062615,0.074591964,0.000546272,-0.036558393
-0.000201293,-0.004303025,-0.0004159,0.004026414,0.000235701,-4.54772E-05,-0.0030163,0.008136221,-0.005915156,0.22291234,0.002113107,0.050670866
-0.00029754,0.007138787,-0.000616169,0.01011067,0.000265936,0.000407123,-0.00217852,0.039987799,-0.006342281,0.20959206,0.003220834,0.10071255
-0.000504686,0.01440197,-0.000386798,0.0055001,0.000444168,0.000285907,-0.004444042,0.13857132,-0.002408267,0.19605869,0.002835811,0.10247929
-0.000122872,0.001394881,-0.000394007,0.007260039,0.000368501,-0.000266651,-0.001738759,-0.090509661,-0.005152192,0.205685,0.002765327,-0.015501557
6.7527822e-06,0.003762297,-0.000356244,0.006957016,0.000294564,0.001971447,-0.002361749,0.058351003,-0.002387035,0.12068796,0.002291283,0.061497077
-0.000355554,0.007417685,-0.000485388,0.003908891,0.000226008,0.001046326,-0.006084096,0.16405366,-0.007312382,0.22769867,0.002319155,0.02942832
-0.000144955,-0.000732885,-0.000580473,0.006647523,0.000417706,-0.000851287,-0.000799327,-0.006875287,-0.004018021,0.14022832,0.002052469,0.001578127
-0.000804331,0.020498388,-0.000558514,0.008226793,0.000147602,-7.39743E-05,-0.00500457,0.12892117,-0.00575867,0.17732885,0.002786781,0.020807827
3.29817E-05,-0.000928729,-0.000934994,0.017202763,3.16537E-05,0.002053531,-0.003431104,0.069162667,-0.004527764,0.13735324,0.000618353,0.095715284
-0.000570773,0.015991764,-0.000467469,0.007102776,0.000259411,0.003983286,-0.003535649,0.10765139,-0.001760321,0.095633693,0.001412408,0.049187794
-0.000197272,0.003872946,-0.00028237,0.004251627,0.000112322,-0.00069586,-0.007654861,0.16589539,-0.00179724,0.075278103,0.001649723,0.059634048
-0.000588331,0.013479346,-0.001061785,0.028047461,0.00022173,0.002080493,-0.00386711,0.11519866,-0.011319906,0.38302803,0.002508479,0.032132737
-0.00030686,0.005939585,-0.000285796,0.008234122,8.53493E-05,0.009656496,0.002808619,-0.12910855,-0.004867063,0.17376302,-0.000359785,0.049194653
-0.000228837,0.005288776,-0.001081204,0.019507794,0.000224798,0.00140901,-0.006227626,0.15741162,-0.013918366,0.42581356,0.004906177,0.022056067
-0.000757813,0.01978134,-0.000895339,0.017063929,0.000219269,0.001064127,-0.003359967,0.052836712,-0.007755415,0.2027095,-0.001010679,0.045863111
-0.000654696,0.019377055,-0.000793294,0.015864251,0.000198435,0.001709958,-0.004047246,0.1209856,-0.006123123,0.2377397,0.000714131,0.021775432
-0.000113511,0.002154166,-0.000522736,0.007685504,0.000280503,0.003249422,-0.002296718,-0.004317202,-0.004160198,0.16641493,0.001886259,0.054766171
-0.000703254,0.020227153,-0.000974381,0.016633438,0.000165399,0.001870268,-0.004408529,0.10678603,-0.005288622,0.18496186,0.002148499,0.039324541
-0.000598455,0.022625614,-0.000613289,0.002807335,-0.000140852,0.014502627,-0.006499175,0.21477674,-0.005843078,0.18905246,-0.000576161,0.12093575
-0.000493722,0.014512686,-0.000449536,0.010352662,0.000464259,0.001017831,-0.004235487,0.15919887,-0.00489763,0.20292176,0.003643154,0.034483235
-0.000382042,0.013393714,-0.000204201,0.004760744,0.000421186,0.002197529,-0.002123974,-0.020485982,-0.004810325,0.18655282,0.001480706,0.036685519
-0.000776495,0.018914703,-0.000655417,0.010370734,7.38E-05,-0.000109856,-0.003771004,0.1256236,0.00055422,0.030561253,0.00035462,0.07090649
-0.000610375,0.019420199,-0.000604075,0.021156089,0.000246534,-0.000780135,4.33608E-05,-0.044540931,-0.001888106,0.040511429,0.002945021,-0.06079879
-0.000353783,0.012591068,-0.000561998,0.008854812,0.000216466,0.002533241,-0.001718381,0.008497981,-0.00374303,0.12369321,-3.5763E-05,0.033253837
-0.000350899,0.01397328,-0.000722808,0.016595395,0.000210564,0.005053212,-0.002834322,0.092325829,-0.006167383,0.19244181,-0.00036518,0.045829434
-0.000725483,0.02314599,-0.000588245,0.015969027,0.00024674,0.000319882,-0.004117773,0.15429881,-0.003885123,0.10913,0.001017297,0.054751392
-0.000555585,0.012791027,-0.000553749,0.010101646,0.000222035,-0.00118352,-0.005265088,0.086398378,-0.003354974,0.076765716,0.001161577,0.010002972
-0.000571092,0.012226217,-0.00070071,0.014327909,0.000430204,-0.000397428,-0.003532959,0.12779336,-0.008051064,0.3195197,0.005101882,0.10614831
-0.000557841,0.008968392,-0.000629024,0.00664253,0.000134089,-0.001606815,-0.003206909,0.040520336,-0.002883846,0.10711022,0.001272109,-0.004065122
-0.000332752,0.007798231,-0.000808253,0.01675,0.000339548,-0.003713197,-0.003079613,0.071280323,-0.007076675,0.22692619,0.001386324,0.024650736
-0.000301623,0.007148363,-0.000702345,0.009594753,0.000210426,0.002573882,-0.002135889,0.083257154,-0.002943499,0.13878594,0.001078551,0.055221021
-0.00047941,0.008456329,-0.000906531,0.025143143,0.000541483,-0.005775518,0.001122766,-0.013262908,-0.005411311,0.18461011,0.002905201,-0.025938543
-0.000488767,0.010949438,-0.001048262,0.022923144,0.0004325,-0.010811042,-0.000169162,-0.035971317,-0.00614456,0.23931858,0.004642438,-0.068957701
-0.000737264,0.021926079,-0.000259305,0.009378595,0.000414069,0.002257737,-0.005883082,0.14243574,-0.005273436,0.14179063,0.001609796,0.031851266
-0.000526279,0.012447109,-0.000459204,0.010538314,0.000411523,-0.001345515,-0.002275783,0.085620828,-0.001193626,0.14563899,0.002943891,0.065329507
-0.000214134,0.006079524,-0.00055867,0.011452354,0.000185864,0.005289884,-0.003846536,0.08034151,-0.012637082,0.34332401,3.67801E-05,0.074293092
-0.000390487,0.007810303,-0.000492306,0.012158806,0.000260022,0.005888633,-0.003312987,0.052287985,-0.003213662,0.13403028,-0.000998744,0.042716559
-0.00046935,0.013562445,-0.000602274,0.016277241,0.000114208,0.003895837,-0.002052421,-0.001428279,-0.00502344,0.16263174,0.000565605,0.062258653
-0.000171553,0.003813269,-0.000569607,0.017937336,0.000575067,-0.005504607,-0.003661674,0.08831577,-0.012083385,0.38938573,0.002273025,0.091737308
-0.000520999,0.015872102,-0.000416612,0.013586154,0.000246157,-0.000360023,-0.00410487,0.086797513,-0.001893981,0.11462538,0.000325975,0.042512007
-9.48312E-05,-0.000239604,-0.000501389,0.009220983,0.000283393,-0.002256057,0.00071956,-0.025402788,-0.000529255,0.070287079,0.001580256,0.028091371
-0.000483382,0.017281892,-0.000523991,0.010422382,5.84728E-05,0.003789188,-0.00136589,0.063348472,0.001067922,-0.003596842,-0.001164657,0.053149469
-0.000914641,0.030452045,-0.000554195,0.015447659,0.000229578,0.002725774,-0.006325402,0.19338621,-0.001619235,0.073908575,0.002769213,-0.009888194
-0.000254427,0.001732653,-0.000582484,0.013646436,0.000182293,-0.000279637,0.000233515,-0.034299791,-0.001975386,0.12963222,0.001606289,0.037469249
-0.00046317,0.00828831,-0.000535987,0.014477254,0.000223878,0.000260996,-0.003766918,0.07073959,-0.005275725,0.17032787,0.001286732,0.048488215
-1.77553E-05,0.000241468,-0.000279968,0.006231682,0.000519781,0.000565375,-0.005443143,0.15011291,-0.007798097,0.35561642,0.002827689,0.11219605
-0.000453438,0.017343948,-0.000298686,-0.003121316,0.000180747,0.003896633,-0.004144786,0.19010893,-0.002450861,0.15785596,0.00072294,0.062004235
-0.000637976,0.019944314,-0.000584946,0.01260089,0.000223424,0.002974964,-0.000628749,0.035711903,-0.002644978,0.089827798,0.000754293,0.038196065
-0.000608071,0.019738365,-0.000589333,0.00958465,0.000306489,0.00161582,-0.004012231,0.14592233,-0.005574585,0.19298042,0.00447653,0.025411345
-0.000646173,0.021859515,-0.000345096,0.009668895,0.000148916,0.00166512,-0.004617798,0.062952869,-0.004781613,0.14050917,-0.000300318,0.069136895
-0.000102965,0.003190536,-0.001028399,0.023781875,0.000311794,0.002419593,-0.003735325,0.10327754,-0.004707986,0.1795626,0.001475727,0.041442856
-0.000433463,0.010191421,-0.000634953,0.014852852,0.000192549,0.004080479,-0.002931812,0.091001607,-0.010262204,0.32471377,0.00040647,-0.005377991
-0.000496027,0.005888778,-0.000840916,0.01604265,0.000384071,0.001716752,-0.002148453,0.031164763,-0.007298807,0.20632577,0.002310243,0.058841024
-0.000573309,0.010980977,-0.000648121,0.013270088,0.00026308,-0.001323254,-0.002030098,0.053019799,-0.002111777,0.07164818,0.000570311,0.051999904
-0.000396464,0.010794836,-0.000197015,0.001008652,0.000334293,-0.003444261,-0.004005288,0.16604982,-0.000601481,0.094128467,0.003147413,-0.018325089
-0.000659231,0.009163664,-6.45804E-05,0.004370229,0.000205505,0.002232923,-0.001271546,0.00811231,-0.003739742,0.1919761,0.000718204,0.090883784
-0.000617836,0.023004541,-6.4673E-05,0.00110159,0.000184029,0.002260381,7.53325E-05,-0.031277306,-0.001203786,0.064217791,0.001677082,0.036453724
-0.000429732,0.010740812,-0.000345091,0.010430525,0.000296836,0.000555954,-0.004356561,0.046627041,-0.000401566,0.054940142,0.000624118,-0.01325094
-0.000609329,0.01943361,-0.000475089,0.012418119,0.000181664,0.003066237,-0.003731541,0.055622824,-0.005141073,0.17234334,0.000834658,0.042637199
-0.000789233,0.025440773,-0.00083085,0.014240419,0.000346005,-0.002333259,-0.004214767,0.17374104,-0.003474556,0.15208699,0.001824713,0.048964374
-0.000261122,0.008711211,-0.000662152,0.013632033,0.000535536,0.003508097,-0.002373549,0.052505076,-0.007444462,0.28937545,0.001897113,0.052740995
-0.000563313,0.023697009,-0.000303007,0.011207978,0.000459278,0.004485418,-0.00232843,0.098050259,-0.005383197,0.20677495,0.001718755,0.062929764
-0.00018875,0.003356136,-0.000987357,0.017337114,0.000403163,-0.006113751,-0.004593439,0.10018732,-0.009011443,0.21586676,0.001981883,-0.026040748
-0.000222875,0.004228539,-0.000429167,0.010676401,0.00026621,0.000952091,-0.001737228,-0.023206975,-0.00214315,0.072812274,0.001567268,0.015662476
-0.000554386,0.010944771,-0.000728772,0.011610216,0.000154871,0.005108025,-0.004754359,0.085654713,-0.004234655,0.1425027,0.001230269,0.047240674
-0.000218674,0.003908324,-0.00043672,0.004881214,0.00019854,-0.000992216,-0.003401682,0.069769293,-0.003570733,0.13043894,0.000573502,0.021562956
-0.000227462,0.006340954,-0.000697074,0.008836631,0.000268776,-0.000262454,-0.003830106,0.13545051,-0.005774227,0.19753508,0.000135243,0.040675867
-0.000702924,0.015830472,-0.000653029,0.017538803,0.000214202,3.57006E-05,-0.00073798,-0.004325602,-0.007121582,0.17872868,0.000524894,0.051349804
-0.000377049,0.012045491,-0.0010466,0.022330403,0.000238214,0.000917429,-0.004987601,0.12390275,-0.001769131,0.09578824,0.00197761,0.009605672
-4.9505E-05,-0.000600756,-0.00096508,0.023044003,0.00033219,-0.001986626,-0.002394429,0.05814106,0.000428749,0.04852945,0.000134072,0.041937836
-0.000117626,0.003260329,-0.00097303,0.020940561,9.06549E-05,-0.001321153,-0.003118205,0.05402701,-0.002734991,0.089957543,-0.000262756,0.025946185
-0.000469931,0.012667286,-0.000526393,0.010462443,0.000129847,0.004322615,-0.003544204,0.049357709,-0.003246709,0.090242259,0.001846214,-0.001658704
-0.000439501,0.00883633,-0.000359309,0.008288264,0.000395627,0.002072359,-0.004818797,0.12397998,-0.004117869,0.19153924,0.001813336,0.085312575
-0.00019037,0.006878114,-0.00084782,0.02060305,0.000355426,0.00018796,-0.001394451,0.02206156,-0.002772977,0.18699397,0.000739564,0.087109238
-0.000527522,0.015472481,-0.000363252,0.008174816,0.000604861,-0.012842527,-0.002968324,0.10674825,-0.004744209,0.18162745,0.002213688,0.010544233
-0.000196033,0.004853066,-0.000418486,0.002666757,0.000197427,0.000822386,-0.000923642,0.045867383,-0.005042765,0.1789737,0.000897387,0.070617937
-0.000167427,-0.001208105,-0.001041432,0.022368578,7.33345E-05,0.004111988,-0.004420592,0.074656755,-0.001988125,0.090900861,-7.55025E-05,0.04743655
-0.000396953,0.012902473,-0.000111718,0.00582501,0.00029832,0.004138184,-0.001873797,-0.023337044,0.000312977,0.002396618,0.000268092,0.021633316
-0.000428687,0.016216321,-0.000315221,0.00426231,0.000250516,0.000167806,-0.00033803,0.03642825,-0.005146622,0.17580205,0.00053603,0.043563712
-0.000747322,0.021988917,-0.000459695,0.01521638,0.000328644,-0.004279902,-0.002588561,0.12123169,-0.00574533,0.19855914,0.002242894,0.051521998
-0.000311709,0.012227152,-0.000495573,0.005819215,0.000251479,-0.002421747,-0.000543183,0.009796389,-0.002025388,0.071905136,-4.67958E-05,0.039398886
-0.000385812,0.013021692,-0.000706912,0.01801195,0.000206415,0.004408137,-0.004212943,0.11023743,-0.003727481,0.15065449,0.000613503,0.043151367
-0.000222387,0.003561372,-0.000377551,0.010173966,0.00012656,0.00032297,-0.003575762,0.091491945,-0.000462456,0.068670541,0.002130941,0.048251033
-0.000280376,0.011778724,-0.000961306,0.022380358,0.000270733,0.004186066,-0.000451903,-0.015698129,-0.004079337,0.15099016,0.000418111,0.06318561
-0.00023462,0.003974766,-0.000703311,0.016424619,0.000218712,0.005906744,-0.001571998,-0.002827945,-0.005101681,0.17213537,0.002658539,-0.009250222
-0.000583425,0.017617963,-0.000368908,0.009076248,0.000211551,0.002982019,-0.003352709,0.071504593,-0.001071049,0.081272855,0.000191069,0.056599632
-0.000267718,0.011869363,-0.000531659,0.007491108,0.000346138,-0.000345413,-0.001350748,-0.002258152,-0.003027354,0.152284,-0.000288681,0.093243919
-0.000253701,0.012519016,-0.000974771,0.019725623,0.000265497,0.003365146,-0.001692071,0.071100086,-0.007673135,0.22057949,0.001422386,0.035737269
-0.000343897,0.013961887,-0.000507008,0.010779953,0.000250323,0.003694523,-0.001862416,0.087469913,-0.002788161,0.15470232,0.001757888,0.04472556
-0.000418501,0.01481162,-0.000187797,0.003839402,0.000309162,0.005326796,-0.002878245,0.066634342,-0.002635178,0.13182947,0.002536972,0.067918584
-0.000267455,0.007214134,-0.001034956,0.018451879,0.000229716,0.00444782,-0.002364564,0.075646438,-0.004171448,0.18111517,0.001714173,0.046103884
-8.15082E-05,0.001936417,-0.000475308,0.008660341,0.000393496,0.002308245,0.00196521,-0.063580543,-0.002661248,0.11519141,0.000296767,0.055067345
-0.0004759,0.019421654,-0.000623128,0.012428982,0.000110982,0.004356983,-0.000388436,0.023148894,-0.000823512,0.044144616,0.003479246,-0.04308093
-0.000481343,0.014677401,-0.000716103,0.011444215,-2.32962E-05,0.00959208,-0.003076237,0.031155903,-0.006574307,0.18179874,0.000221943,0.056698192
-0.000261249,0.003024185,-0.000441943,0.012746505,0.000414012,0.000373334,-0.002364741,0.07694345,-0.00293657,0.10090978,0.0002092,0.064478032
-0.000589809,0.021410203,-0.000239208,0.005413612,0.000759993,-0.004748885,-0.001421105,0.040675748,-0.003635503,0.14041153,0.001928064,-0.007047336
-0.000668442,0.021456564,-0.000656466,0.014796308,0.000392452,0.000279861,-0.003860246,0.10955732,-0.001917643,0.056671776,0.00143649,0.030890051
-0.000149829,0.003617221,-0.000319554,0.002652806,0.000377881,-0.000712842,-0.001858873,0.075859718,-0.003153644,0.15145844,-0.000448046,0.10064851
-0.00027407,0.004053188,-0.000826432,0.016093859,0.000110549,0.007637366,-0.001436102,-0.055659894,-0.006604808,0.25191763,0.000694372,0.080550849
-0.000374061,0.014500301,-5.11695E-05,0.002500617,0.000229275,0.003091584,-0.002447673,0.078127071,-0.002395579,0.16578402,0.001159231,0.083719023
-0.000622526,0.018355187,-0.00061282,0.009776507,0.000251632,-0.000446869,-0.004261516,0.13590735,-0.006090442,0.20992349,0.000192979,0.037201703
-0.000430318,0.014784628,-0.000708176,0.011981135,5.93125E-05,0.004911247,-0.002750263,0.055077363,-0.003940118,0.12586874,0.004181916,-0.016287426
-0.000255954,0.006040527,-0.000255161,0.002490983,0.000344188,-0.00047601,-0.001676396,0.014329725,-0.006725472,0.22562896,0.00095846,0.039823908
-0.000217214,0.010123613,-0.000699454,0.014761371,0.000435345,-0.001551901,-0.003064979,0.037953857,-0.002184238,0.080966316,0.002737478,0.022947619
-0.000681132,0.018710755,-0.000577719,0.017333582,0.000301566,-0.002779294,-0.005420883,0.17401078,-0.006049876,0.20027284,-0.000216017,0.055150453
-0.000805194,0.018422812,-0.000483092,0.009980068,0.000220078,0.002697461,-0.00399659,0.10263945,-0.004599366,0.18769832,0.000872343,0.051608574
-0.000437239,0.014170733,-0.000570909,0.010081037,0.000328372,0.000457262,-0.002185642,0.065640673,-0.002803896,0.11835638,0.001766205,0.016599897
-0.000682148,0.016175324,-0.000481409,0.012392703,0.0002135,0.002593205,-0.002484645,0.052102413,-0.000216833,0.05609091,0.000867007,0.043675765
-0.000662579,0.020174971,7.97461E-05,0.002174118,0.000584793,-0.000575772,-0.001747841,0.052324578,-0.002823338,0.15970476,0.002423034,0.070203736
-0.000342484,0.012805047,-0.00053119,0.014805451,0.000256829,-0.00042186,-0.001714417,0.055676885,-0.000251465,0.030577749,0.000540686,0.02894016
-0.000344678,0.012546485,-0.000966296,0.024346305,6.54158E-05,0.001751084,0.000582581,-0.042683996,-0.003045168,0.11372159,0.00406617,-0.039887346
-0.000545856,0.019581361,-0.000494884,0.014611722,0.000349511,-0.001194572,-0.00247163,0.084925912,-0.00219714,0.089115165,0.002186446,0.044330463
-0.000398105,0.009856452,-0.000396395,0.003049942,0.000343626,0.001435664,-0.002418383,0.050758049,-0.005070447,0.15988468,0.001767012,0.010242173
-0.000427271,0.012565304,-0.000307758,0.007959637,0.000504728,-0.00393137,-0.004251833,0.15180032,-0.003357235,0.17478669,0.003661621,0.01236131
-0.000259106,0.007245092,-0.000355229,0.007768552,0.00046694,0.00019817,-0.000362867,-0.009264293,-0.003208617,0.1259239,0.002990123,-0.034987617
-3.62784E-05,0.000836164,-0.000305838,0.003905856,0.000338815,0.001483314,0.000262351,-0.018898293,-0.004270753,0.17214639,0.000695701,0.036362171
-0.00019342,0.006958128,-0.000713596,0.010406051,9.88722E-05,0.005840691,-0.003334541,0.04364017,-0.000877523,0.1039999,-0.000571229,0.04222928
-0.000893994,0.028244114,-0.000433706,0.017423857,0.000244976,0.005900148,-0.00045667,0.054915112,-0.003003804,0.11482733,0.000235251,0.09822724
-0.000452067,0.014866383,-0.000348362,0.008561762,0.000674412,-0.003386549,0.00240705,-0.020477988,-0.002556303,0.10280268,0.001412975,-0.003303091
-0.00067752,0.021804895,-0.001028013,0.025251059,8.9454943e-07,0.0057997,-0.004337931,0.10092583,-0.001394644,0.031364445,-9.40538E-05,0.057460185
-0.000476828,0.013170254,-0.000636755,0.012198417,0.000466874,-0.002516975,-0.005808846,0.15948673,-0.007471209,0.25553882,0.000877633,0.15011425
-0.000230645,0.008926225,-0.000838605,0.011412028,0.000220467,-0.005184995,-0.003827339,0.15735695,-0.005465569,0.18542843,0.002623179,-0.016855707
-0.000667667,0.021351118,-0.000853155,0.024268925,0.000444609,-0.000623335,-0.002146861,0.094821677,-0.005175219,0.15712307,0.001228476,0.070082977
-0.000169759,0.007115871,-0.000665242,0.011245511,0.000147956,0.000558593,-0.001676542,0.10002292,-0.006312063,0.26427379,0.002823628,0.024243744
-0.000788756,0.022352558,-0.000164976,0.006595912,0.000466631,-0.000135627,0.001242767,-0.01060335,-0.002782383,0.090499975,0.004195102,-0.049895275
-0.00051315,0.016033052,-0.001036891,0.023459161,0.000194794,0.001562864,-0.004240254,0.15514457,-0.007841861,0.29817399,0.003098952,0.028807266
-0.000316392,0.007515056,-0.000426975,0.00183122,0.000310486,0.002901765,-0.001523841,0.032344662,-0.002798341,0.11424496,0.001694032,0.063379139
-0.000797163,0.024426613,-0.000477191,0.011378909,0.000289103,0.000855949,-0.003492535,0.064951696,-0.001468167,0.087198086,0.000281396,0.044353563
-0.000619849,0.020550253,-0.000292691,0.00941369,0.000191268,0.000702955,-0.004109911,0.09361098,-0.00015171,0.050839521,0.000530795,0.030637331
-0.000558572,0.014409792,-0.000311515,0.00680594,4.96074E-05,-0.001191694,-0.001242323,0.024643661,-0.002811973,0.10608637,0.000550092,0.021106768
-0.000736636,0.023354799,-0.000386378,0.008395821,0.000166783,0.006848028,-0.001625904,0.057584394,-0.005604028,0.18989828,0.001822859,0.027623642
-0.000417546,0.011227118,-0.000201459,0.007371602,0.000314875,-0.000244891,-0.00293044,0.051317602,0.00091332,-0.022659395,-0.000106776,0.044740647
-0.000656056,0.014138887,-0.000619435,0.015571773,0.000311557,0.005081147,-0.002384183,0.034363061,-0.012579236,0.39516199,0.00244143,0.085668616
-0.000341815,0.00907923,-0.000506326,0.006140975,0.000524018,-0.005145921,-0.005080689,0.14715178,-0.0044126,0.17552689,0.004100194,-0.015746173
-0.000518825,0.016121386,-0.001554885,0.030502904,0.000151708,0.001375193,-0.001656861,0.042644523,-0.005032372,0.19565368,-0.000443473,0.053224083
-0.000310899,0.013772642,-0.000563235,0.016283469,0.000262128,-0.001035118,-0.000100239,0.023163104,-0.002811835,0.10627599,0.001945223,0.05043691
-0.000308121,0.01257708,-0.0004229,0.003082313,0.000609572,-0.005951845,-0.003039449,0.069959231,-0.003842077,0.14680508,0.002726676,-0.019513898
-0.000135892,-0.000529956,-0.00044954,0.008572307,0.000438259,0.000433515,-0.002909082,0.018069511,-0.007828998,0.24347852,0.00146413,0.031385399
-0.000424354,0.010861798,-0.000375847,0.010635433,7.7400009e-06,0.00224696,-0.002443366,0.038821686,0.001471543,-0.009332564,0.000692939,0.05863893
-0.000559996,0.015146125,-0.000655705,0.012301318,0.000153511,0.002901629,0.000586432,-0.033817559,-0.002817198,0.056167454,0.002405357,0.034063533
-0.000246045,0.006992925,-0.000839142,0.014997195,0.000216772,0.0026924,-0.004793467,0.11845678,-0.006839823,0.20585641,-0.000117442,0.14968108
-0.000290191,0.008790904,-0.000249849,0.002805301,0.000359032,-0.000675854,-0.002485984,0.090271555,0.000371017,0.076313816,0.003008316,0.04680562
-0.000633543,0.026403114,-0.000875292,0.028310357,0.000239174,0.000662056,0.0002656,-0.017521262,-0.00157543,0.024246838,-0.000594611,0.053452641
-0.000467037,0.010722439,-0.000652342,0.011596065,0.000151177,-0.002583458,-0.005345298,0.17194372,-0.004449664,0.14902924,-0.001278748,0.056493573
-0.000440326,0.013690896,-0.000775809,0.017974297,0.00039065,0.002774881,-0.002788963,0.091743864,-0.00149724,0.21839884,0.002424578,0.065128461
-0.000726621,0.017407982,-0.000282486,0.008150443,0.00038253,0.001005763,-0.004392137,0.10569925,-0.004824962,0.17589179,0.001528114,0.065469868
-0.000359101,0.009882784,-0.000676113,0.015478591,0.000359937,0.001409932,-0.000782027,0.001812364,-0.005130967,0.16015223,0.000216102,0.054100104
-0.00081905,0.018286448,-0.000233569,0.001468478,0.000116207,0.003958648,-0.005254981,0.1139183,-0.004606788,0.15652299,0.000441595,0.051292572
-0.000447685,0.01475282,5.77396E-05,-0.002957542,0.000417004,0.001756483,-0.003165238,0.15386526,-0.001718729,0.13925399,0.003498433,0.033804458
-0.000543114,0.014356822,-0.000463405,0.007532969,0.000311794,0.004915782,-0.006186845,0.18577905,-0.007768376,0.2847307,0.002052986,0.068787247
-0.00038271,0.01080847,-0.000978871,0.019147979,0.00012166,-0.003599584,-0.004718324,0.082043752,-0.002104828,0.059476443,0.001755748,-0.048795767
-0.000200962,0.001396039,-0.000907264,0.018030889,0.000301543,0.000117548,-0.002704691,0.04448472,-0.005073747,0.16804439,0.002221378,0.037805695
-0.000969746,0.035900168,-0.000515494,0.012578632,9.42491E-05,-0.000483415,-0.005481131,0.19083443,-0.002849859,0.10537761,0.001871468,0.048365194
-0.000210167,0.002357523,-0.000647661,0.012943271,0.000258613,0.000873999,-0.001353922,-0.008494538,-0.001784621,0.088396966,0.000375795,0.034453217
-0.00056708,0.014810903,-0.000646878,0.013949495,0.000342067,-0.003219933,-0.001260991,0.068703994,-0.002190951,0.054030616,0.004350668,-0.0359671
-0.000362725,0.006373309,-0.000513902,0.008212902,0.000210198,0.000837579,0.001247359,-0.050424583,6.06962E-05,0.00152799,-0.000463668,0.034742005
-0.000523855,0.019508846,-0.0004274,0.008443427,0.000192402,0.00296872,-0.004513841,0.095327467,-0.000714125,0.055884667,0.004569291,-0.056892894
0.000106536,-0.006447794,-0.000504578,0.002844731,0.000185454,0.000395397,-0.001890595,0.056506388,-0.00701854,0.21693833,0.001618491,0.045410816
-0.000559383,0.019038562,-0.000149456,0.004945984,0.000295244,0.004017816,-0.002352083,0.090198301,-0.007263762,0.24069734,0.000657357,0.074989147
8.60268E-05,0.000740277,-0.00076514,0.017338425,5.86704E-05,0.004951109,-0.00153259,-0.019228347,-0.007532935,0.23274806,0.000167429,0.037044641
-0.000275803,0.004565601,-0.000773241,0.014050947,9.50725E-05,0.003886021,-0.004204978,0.049896393,-0.001438866,0.081604689,0.000263413,0.072756305
-0.000411645,0.011249648,-0.000486324,0.007034751,-0.000134873,0.007887015,-0.005348564,0.075032979,-0.002236176,0.070309423,0.001138221,-0.022650845
-0.000455746,0.015120121,-0.000611398,0.008437617,9.23054E-05,0.005502521,-0.00471809,0.14887846,-0.005082032,0.23990636,0.000567599,0.071226634
-4.85508E-05,-0.000630718,-0.00114484,0.024786247,0.000303165,-0.002115431,-0.002057272,0.015051099,-0.004316462,0.11271904,0.002998978,-0.013954244
-8.12265E-05,0.002507359,-0.000905674,0.022083303,0.000211803,0.001199768,-0.003345124,0.086365968,-0.001282052,0.097926371,0.001200716,0.052691925
-0.000411072,0.010650431,-0.000416937,0.009366385,0.000535007,-0.006883387,-0.006024883,0.21310748,0.000716344,0.093222566,0.003524705,0.02188864
-0.000600304,0.018607829,-0.000677666,0.011743703,0.000234921,0.00059088,-0.001610412,0.00797837,-0.004280966,0.117861,-0.000651756,0.058926441
-0.000365058,0.01935466,-0.001740371,0.039717592,0.000312982,-0.00272203,-0.001297999,0.087945141,-0.00435464,0.18687299,0.000202361,0.072650611
-0.000774638,0.022568086,-0.000570124,0.006316426,0.000284224,-0.002242595,-0.003951055,0.13355742,-0.006743926,0.25626144,0.002661614,0.020319946
-0.000370628,0.014770317,-0.000825461,0.019282462,0.00024903,-0.001322057,-0.001071594,0.048550509,-0.002570475,0.096191563,0.001666687,0.025926301
-1.34979E-05,0.002942195,-0.00037414,0.006895071,0.000377247,0.000760758,0.000732956,-0.045613915,-0.004877381,0.20569949,0.000872693,0.003384838
-0.001129908,0.036160335,-0.000602754,0.013864846,0.000157703,0.001717258,-0.004782656,0.1144571,-0.002818123,0.085235685,0.000507509,0.026236616
-0.000567067,0.014519513,-0.000558789,0.018519994,0.000271426,0.004198949,-0.002739682,0.10240688,-0.000164194,0.047594827,0.000785908,0.066304773
-0.000363238,0.010556974,-0.000570275,0.009614141,0.000301147,0.002726132,-0.001397598,0.027615955,-0.004693526,0.19453955,0.001697887,0.034916636
-9.61455E-05,0.00233482,-0.00069905,0.012373096,0.000261782,0.00160247,-0.002186456,0.015693225,-0.006413219,0.17084938,0.001486008,0.017448867
-0.000202551,0.003665601,-0.000690346,0.012230227,0.000385775,0.00250684,-0.002786616,0.060642824,-0.002546239,0.16754045,-0.000162786,0.065687388
-0.000445426,0.014334111,-0.000569342,0.010677662,0.000283826,-0.001080065,-0.003585047,0.10561927,-0.00157203,0.076600045,0.00116423,0.041770186
-0.000134527,0.002299025,-0.000591713,0.011648851,0.000329895,0.001767289,-0.004948397,0.13729735,-0.00171147,0.20810717,0.003766999,0.05423364
-0.000305161,0.011000297,-0.000428774,0.008153282,0.000308176,0.001973645,-0.001598922,0.040941965,-0.00558446,0.22165813,0.003199856,0.02623154
-0.000175171,0.008002925,-0.000472281,0.012646847,0.000252153,0.002108694,-0.001306633,0.005846591,-5.93884E-05,-0.006686973,-1.58161E-05,0.046747059
-0.000189235,0.004046465,-0.000479312,0.007905681,0.000188737,0.006463999,-0.003331363,0.06599579,-0.002394488,0.094930135,0.000115279,0.03482759
-0.000237018,0.007587598,-0.000849532,0.014895061,5.56617E-05,0.003082992,-0.001191121,0.005272916,-0.0049245,0.14847888,8.99682E-05,0.05246966
-0.000671901,0.020688711,-0.000504041,0.007256691,0.00015155,-0.002193413,-0.002423935,0.087260105,-0.006359539,0.13295761,0.002230203,0.01525748
1.67575E-05,-0.004122853,-0.000578408,0.010245742,0.000460352,-0.000610542,0.000114632,-0.055531688,-0.001093597,0.12133809,0.004351555,0.033331264
-0.00036716,0.009698758,-0.000844792,0.016966658,9.9698E-05,0.003401501,-0.00071087,-0.008435478,-0.003192573,0.14221625,0.000742209,0.039371949
-0.000523884,0.015452747,-0.000867017,0.012244459,0.000133715,0.000702715,-0.004740513,0.16305286,-0.004303233,0.22038475,0.002197138,0.074667424
-0.000475613,0.01588594,-0.000730857,0.012526323,0.000268949,0.002541846,-0.0045436,0.10259876,-0.003539174,0.1087679,0.000527601,0.05222005
0.00018007,-0.004953318,-0.000423045,0.009797899,0.000341538,-0.000365833,-0.000144615,-0.01263034,-0.00498347,0.1962346,0.002410097,0.039233632
-0.000796807,0.025089998,-0.000291852,0.007029999,0.000303052,0.002999564,-0.002815184,0.081710257,-0.000361208,0.053867418,-3.78612E-05,0.061134584
-0.000182838,-0.003561895,-0.000417318,0.008429061,0.000167698,0.007903722,-0.001267296,-0.038460482,-0.0063444,0.20094571,-0.000391878,0.072567873
-0.000405348,0.014586082,-0.000587373,0.010912194,0.000242425,-0.001339551,-0.00295747,0.12631068,-0.001167071,0.091878526,-0.000125747,0.084250063
-0.000308916,0.008326571,-0.000438959,0.001982527,7.99261E-05,0.003822094,-0.002177165,0.064361721,-0.002648047,0.11191178,0.001508852,0.050281953
-0.000683608,0.0224723,-0.000632239,0.017298834,0.000161456,0.000470824,-0.005313313,0.15342331,0.001247959,0.002460372,-0.000965322,0.031354327
-0.000616395,0.022775378,-0.000883491,0.017710155,0.000123578,0.005559399,-0.001926673,0.081373841,-0.004658218,0.18027267,0.001189546,0.050638422
-0.000181104,0.004633652,-0.001102362,0.025634607,0.000257047,6.4929663e-06,-0.001208614,-0.01679882,-0.005550472,0.2111433,0.001115816,0.02353492
-0.000190537,0.001708961,-0.001160736,0.0204267,0.000243614,0.004520851,0.000148818,-0.084110804,-0.008471323,0.2629264,0.001065744,0.037480265
-0.000593999,0.019375132,-5.45897E-05,0.00351292,0.00012819,0.002195742,-0.003012196,0.098527171,-0.001950613,0.089461327,0.000752413,0.039045054
-0.000738699,0.021267833,-0.000353779,0.011124318,0.000283865,0.000676642,-0.003768043,0.1681705,-0.003222437,0.095962048,0.000670386,0.093066022
-0.000165176,0.003589575,-0.000392609,0.015125162,0.00015792,0.000927863,-0.000481405,0.002530347,-0.003145102,0.12602286,0.000687692,0.069387041
-0.000513124,0.016006796,-0.001184912,0.0287051,9.28826E-05,0.000757908,-0.000763873,-0.035420213,-0.000828764,0.013106809,0.006426912,-0.15232748
-0.000424612,0.015099855,-0.000654625,0.01236009,3.75926E-05,0.000731189,-0.002081622,0.046634413,-0.001555171,0.096009299,-0.000161785,0.05136599
-0.000291523,0.008255011,-0.000217173,0.006483208,5.45652E-05,0.001182295,0.000112902,-0.043210883,-0.002946771,0.1271299,0.001053606,0.020279285
-0.000655234,0.022155339,-0.000584961,0.013159364,0.000225078,-0.002158247,-0.002276582,0.088801272,-0.004278663,0.17799768,-0.000767913,0.085131355
-0.000428924,0.010575351,-0.000426252,0.012059778,0.000408955,2.82161E-05,-0.000907382,0.016678333,-0.003579235,0.23015597,0.00126619,0.008242926
-0.000224346,0.003950579,-0.000634187,0.009178067,0.000501965,0.001775928,-3.98E-06,-0.037883472,-0.00625373,0.2320106,0.001638426,0.094709665
-0.000447931,0.011591762,-0.000832403,0.015832452,0.000214363,0.000911159,-0.002894966,0.073501222,-0.006001343,0.19422138,0.001473937,0.067938104
-0.000368827,0.006575249,-8.62478E-05,0.001732247,9.94576E-05,-0.000131077,-0.002362,0.066754632,-0.00434241,0.13237002,0.000161036,0.063755937
-0.00032809,0.008469679,-0.001540718,0.030415799,0.000190689,-0.001997128,-0.002545336,0.08157488,-0.003557883,0.1336841,0.001987647,0.037789419
-0.000443831,0.013543613,-0.00039196,0.010874962,0.000307583,-0.001273282,-0.00474641,0.12621789,0.000798218,-0.015855521,0.003925488,0.003923517
-0.00036486,0.016200643,-0.000520462,0.005195791,0.000215676,0.002325006,-0.004437444,0.18224658,-0.000241871,0.058817957,0.004834443,-0.058029771
-0.000612894,0.017942971,-0.000573121,0.012804246,0.000210309,-0.000546679,-0.006433793,0.19757515,-0.003097155,0.078733005,-0.00030327,0.054550882
-0.000212679,0.00361483,-0.000358395,0.007387572,0.000233942,0.000748737,-0.002268718,0.049569454,-0.003263087,0.12180257,0.00094974,0.045955438
-0.000546289,0.018600654,-0.000544599,0.009129879,0.000450333,0.000299121,-0.001414812,-0.015467817,-0.00482465,0.1461639,0.002771353,-0.023748534
-0.000864173,0.026328862,-0.000890923,0.021480907,5.69836E-05,0.00742455,-0.000863937,-0.002852281,-0.001534336,0.071221285,-0.000236998,0.035079915
-0.000373128,0.003654177,-0.001489179,0.03416403,0.000235575,-0.00207487,-0.002622834,0.031858984,-0.008021513,0.24325606,0.000843886,0.017748468
-0.000675738,0.020431288,-0.000731092,0.020118546,0.000246807,0.004096129,-0.003475939,0.094610065,-0.002918152,0.14209513,0.000416624,0.076501243
-0.000323345,0.005065633,-0.000449264,0.008612441,8.43821E-05,0.000430892,-0.002603532,0.040814891,-0.001366121,-0.003407175,0.000392019,0.040731765
-0.00062116,0.011726694,-0.000742434,0.011314499,0.000246491,0.002113012,-0.005325199,0.1362689,-0.00707936,0.23215255,0.001429577,0.0479449
-0.000683029,0.021613119,-0.00052282,0.017273853,0.000570931,-0.003564469,-0.003265061,0.12645912,-0.000897702,0.10575456,0.003568768,-0.004292701
-0.00062024,0.01240281,-0.000921306,0.018548727,0.000223475,-0.003357923,-0.004324365,0.10228806,-0.009598226,0.27923825,0.002249586,0.047154002
-0.000204443,0.009890616,-0.000868057,0.017773768,0.000458352,0.002336271,-0.002466006,0.068047628,-0.005375164,0.18994391,0.001256807,0.040644009
-0.000510456,0.016272601,-0.000733498,0.011039632,0.000548521,-0.007134444,-0.003073759,0.092270441,-0.001831282,0.086505763,0.003668455,-0.074327625
-0.00035895,0.012517312,-0.000166431,0.006313128,0.000224217,0.003692659,-0.002710963,0.095765829,-0.001647144,0.14840856,0.001048483,0.062728718
6.07589E-05,-0.004380047,-0.000566886,0.008061257,0.000202931,0.000991116,0.001543001,-0.095471539,-0.008302723,0.21210107,-0.000112993,0.043557473
-0.00067179,0.021358224,-0.000109272,0.004655521,0.000260042,0.003444722,-0.002701532,0.073366001,-0.004572538,0.18640444,0.001468268,0.051623669
-0.000671982,0.016610466,-0.000315081,0.010384741,0.000495807,0.000982248,-0.004403239,0.10794501,-0.004296792,0.15452445,0.000854744,0.060152255
-0.000324582,0.006247964,-0.000489521,0.007735354,0.000260422,0.001141387,-0.004177135,0.077437997,-0.000598598,0.039174888,0.00018654,0.05625657
-0.000634068,0.021309186,-0.001433144,0.02808979,0.000212772,0.002290178,-0.005043645,0.14241685,-0.004303547,0.15415345,0.001396034,0.050231371
-0.000364726,0.009462325,-0.000392926,0.010283889,0.000199408,0.003145479,-0.003493617,0.09321972,-0.001858435,0.13646391,0.001441125,0.072382271
-0.000569301,0.016395144,-3.89265E-05,-0.00456628,0.00015102,0.002867447,-0.00384603,0.072042756,-0.006969937,0.22313273,-0.000822583,0.033070873
-0.00039192,0.010338375,-0.000468027,0.009036582,4.31236E-05,0.003297945,-0.003239209,0.07497637,-0.001853749,0.066548474,-7.43777E-05,0.10396897
-0.000328095,0.012431309,-0.000631622,0.011742238,0.000306972,0.002855407,0.001418167,-0.007169601,-0.001560016,0.067352511,0.004015069,-0.051294629
-0.000423561,0.012578866,-0.00031965,0.006679696,-9.30587E-05,0.003462209,0.001133473,-0.064888388,-0.003516569,0.09929426,0.002301216,-0.047377624
-0.000423686,0.008304581,-0.000610887,0.016881468,0.000193865,0.000640028,-0.001227357,-0.01060651,-4.24097E-05,0.1058615,0.001619255,0.020755578
-0.000594117,0.017757047,-0.000361145,0.009326574,0.000169092,0.004760467,-0.002820337,0.052694727,-0.004095207,0.13039938,0.000268435,0.040337883
-0.000443119,0.020379126,-0.000243479,0.005186814,0.000455213,0.002472874,0.000781731,-0.004689978,-0.006239102,0.14418402,-0.000161222,0.057046883
-0.000269555,0.006492681,-0.000165689,0.000281181,0.000228807,0.002904861,-0.004401343,0.081835635,-0.003060783,0.098522566,0.000354813,0.036236044
-0.000431089,0.012570543,-0.000510926,0.012534357,0.000364407,-0.000669646,-0.000641557,0.001510694,-0.005765249,0.19619553,0.001540241,0.060131572
-0.000498227,0.005925109,-0.000627102,0.017790444,0.000309077,8.9835E-05,-0.001676562,-0.01257198,-0.002812066,0.16465509,0.002450057,-0.011652909
-0.000405241,0.011895763,-0.000350345,0.005708859,0.000136403,0.002137142,-0.000493694,0.02361932,-0.001760622,0.083658665,0.001195388,0.042008538
-0.000443081,0.020079048,-0.000407058,0.010691733,0.000266619,0.003705,-0.002792932,0.08207909,-0.002341423,0.13932081,0.000548056,0.061274011
-0.000193101,0.004672687,-0.000572338,0.01432469,0.000313505,-0.00213817,0.000375071,-0.033796094,-0.003023599,0.10643817,0.004289683,-0.027581019
-0.000546855,0.01371381,-0.00042634,0.009954074,0.000280493,0.001276028,-0.003065364,0.044806194,-0.004574508,0.12692213,0.001726247,0.033813871
-0.000342347,0.013345163,-0.000717088,0.012868676,0.000237622,0.0026777,-0.002841132,0.14092064,-0.003672478,0.16881958,0.000763618,0.053840861
-0.000718175,0.022415908,-0.00160568,0.032207396,4.8022E-05,0.003078388,-0.001802304,0.041190322,-0.009141089,0.23866595,-0.000617433,0.006391619
-0.000294045,0.008112664,-0.000545617,0.010295442,0.000335805,0.001029845,-0.004095213,0.069660112,-0.005078437,0.18128541,-0.000533551,0.06884791
-0.000718658,0.022798149,-0.000508232,0.015694564,0.00032723,0.002207409,-0.002926907,0.041839458,-0.003320054,0.098695569,0.002774555,-0.013277482
-0.000167124,0.008581036,-0.000394849,0.009809769,0.00030567,-0.000300964,0.000337429,-0.012807135,0.000156101,0.014968413,0.001084237,0.028960511
-0.000390732,0.012096165,-0.00079788,0.017406743,0.000317849,0.003511793,-0.005895671,0.20594762,-0.009520963,0.31268141,0.00307371,-0.007666944
-0.000347705,0.005846509,-0.000537833,0.008504917,0.000153861,0.005703239,-0.003292145,0.049878582,-0.004211555,0.17091057,0.001475618,0.039952345
-0.000256644,0.005751108,-0.000224423,7.27423E-05,0.000483296,-0.00312423,-0.004363903,0.083681226,-0.002759397,0.10291769,0.001433019,-0.009506915
-0.000505941,0.018501986,-0.000253514,0.004358805,0.000178189,0.006513034,-0.001914733,0.10527112,-0.003528289,0.12646583,0.001432016,0.021552498
-0.000431405,0.011207864,-0.001418885,0.029227583,0.000134082,-0.000483459,-0.003545765,0.068449616,-0.00630552,0.18373723,0.001795622,0.035443593
-0.00046004,0.012008712,-5.53785E-05,-0.00135193,0.000325333,0.004789979,-0.00086618,-0.028907629,-0.00374211,0.15016237,0.001012957,0.043914948
-0.000655104,0.017845692,-0.000602297,0.015215731,0.000322469,-0.001102082,-0.004213655,0.12757424,-0.004762371,0.14529449,0.000579389,0.054491252
-0.000460929,0.017330868,-0.000456057,0.011059833,0.000287501,0.000463342,-0.002596491,0.11496291,-0.002834941,0.11864814,0.001314887,0.051836807
-0.000396345,0.014922152,-0.00040708,0.005705562,0.000332664,-0.001348119,-0.003191421,0.14489342,-0.001547774,0.083994806,0.000394878,0.043833997
-0.000608024,0.019635836,-0.000386622,0.008017041,0.000187995,0.001200556,-0.00495513,0.15582031,-0.005220416,0.20683585,0.003797869,0.017537124
-0.000239051,0.007263308,-0.000651402,0.005162331,0.000374951,0.000265582,-0.001166277,0.065235831,-0.008888651,0.25491032,0.001797215,-0.000187032
-0.000289664,0.008474944,6.9726E-05,-0.00188115,0.000291862,0.004915359,-0.00438881,0.090403318,0.001235484,0.033122599,0.0012751,0.033179913
-0.000149994,0.008327725,-0.000419593,0.010411994,0.000220791,0.00277337,0.000637557,-0.007030853,0.001382489,0.057778012,0.001125678,0.047085229
-0.000298561,0.013282651,4.86126E-05,-0.003990524,0.000166992,0.004440004,-0.005124011,0.14827198,-0.007954233,0.25455067,0.001093738,0.11034502
-0.000378876,0.009534909,-0.000867008,0.019051859,7.55429E-05,0.001732218,-0.003762001,0.088911504,-0.006219345,0.21651562,0.001860943,0.029855415
-0.00049395,0.014190233,-0.000560185,0.020491656,0.000193578,-5.21171E-05,-0.001232171,0.059451021,-0.002769428,0.14445829,0.001019029,0.069792397
-0.000454087,0.015719194,-0.000724137,0.014922497,0.00026528,-0.001090309,-0.004430833,0.12988959,-0.005465039,0.16686267,0.000287117,0.095611818
-0.000332393,0.006850586,-0.000447134,0.011078365,0.000489323,-0.003436746,9.19138E-05,-0.055332616,-0.005201996,0.18436624,0.001832625,-0.005867967
-0.000819513,0.024249282,-0.000415836,0.013306815,0.000432153,-0.002190053,-0.002172017,0.031001346,-0.008623342,0.22254871,0.001237077,0.031727258
-0.000697296,0.025805216,-0.000353686,0.009251498,0.000178078,-0.003106837,-0.000487841,0.01837009,-0.003151812,0.099838987,0.000782444,0.029258516
-0.000199218,0.006851657,-0.00042718,0.009602368,0.000290726,0.001400576,0.000815968,-0.003852718,-0.00479479,0.18473512,0.003327865,-0.064931735
-0.000403902,0.021858806,-0.000781848,0.014719091,0.00011255,0.004292314,-0.000530486,0.058693342,-0.00296838,0.13537525,0.002376776,0.059559681
-0.000632691,0.017600417,-0.001126291,0.025568813,0.000370093,-0.0012334,-0.004426951,0.12299461,-0.007802025,0.26273096,0.001027282,0.082165219
-0.000697277,0.020819211,-0.000471655,0.013804663,0.000396359,-0.000561958,-0.00303883,0.067981817,-0.003238838,0.091670468,0.000342992,0.057319619
-0.000566055,0.015547911,-0.000291013,0.005391894,0.000224626,0.001145418,-0.003098207,0.076825894,-0.00221707,0.11050346,-3.60125E-05,0.031228643
-0.000636093,0.019176392,-0.000692622,0.010629377,0.000572643,-0.010882428,-0.004781279,0.14266694,-0.003689711,0.083834402,0.002399085,-0.048142951
-0.00069711,0.019537654,-0.000361742,0.008925442,0.000179903,0.001737702,-0.002016192,0.073247455,-0.002197174,0.076087601,0.002435379,-0.01989481
-0.000333274,0.012225612,-0.000711977,0.012482729,0.000436639,0.000255983,-0.003613229,0.13350245,-0.003511845,0.11314527,0.00143532,0.030267481
-0.00024156,0.008055595,-0.000607913,0.012333899,7.38851E-05,0.007995485,-0.003089746,0.06493663,-0.005614076,0.21520324,0.000263523,0.058277916
-0.000524013,0.012920031,-0.000716029,0.018353296,0.000189723,0.000123678,-0.004346162,0.10427277,-0.00507555,0.18029246,0.000471142,0.016916512
0.000146538,-0.009219613,-0.000141623,-0.001067113,0.000274897,0.002846743,3.1862517e-06,-0.098007433,-0.005711533,0.19363448,0.000202579,0.056485977
-0.000200433,0.008720136,-0.000489307,0.010330274,0.000131549,0.003264346,-0.000223604,0.01093873,0.001157225,0.028358504,0.00058621,0.052959479
-0.000471818,0.010466083,-0.000597415,0.009558043,5.87164E-05,0.004293521,-0.007438234,0.086041033,-0.001397884,0.011886095,-0.001200119,0.032904383
-0.000473978,0.011669314,-0.000637454,0.013130885,0.000370588,0.001296452,-0.00370431,0.098775521,-0.012050036,0.35678124,0.000745137,0.10515644
-0.000335157,0.008699301,-0.00054181,0.009585673,0.000341841,-0.00163847,-0.001482834,0.034444176,-0.004001683,0.1153235,0.004216089,-0.029545287
-0.000442179,0.013700202,-0.000427061,0.012570681,0.000337037,0.000237193,-0.001734869,0.069815628,-0.001622607,0.083218858,0.00026462,0.072198026
-0.000416048,0.009118258,-0.000652292,0.016530596,0.000216949,0.000680295,-0.001267353,0.020711048,-0.005390455,0.22186555,0.001308205,0.045739487
-0.000369618,0.011063753,-0.000944347,0.017764721,0.000416801,-0.000713294,-0.003317297,0.064662471,-0.001717468,0.033091336,0.001124932,-0.030456411
-0.000518467,0.015131295,-0.00040139,0.005803844,6.9264E-05,0.002530149,-0.003521584,0.059468716,-0.006042237,0.1743495,0.001246709,0.026687119
9.4528696e-06,-0.004084958,-0.000451024,0.00507176,0.000153071,0.005413646,-0.002489568,0.048965957,-0.00395352,0.15611643,0.000340756,0.061578635
-0.000619578,0.022202738,-0.000282638,0.007799142,0.000320932,0.001818731,-0.003910555,0.12978454,-0.004921366,0.15050456,3.21584E-05,0.041798625
-0.00036671,0.012350934,-0.000603167,0.009481679,0.000100638,0.010333167,-0.003438952,0.06567546,-0.002779248,0.13197733,0.001166686,0.035963193
-0.000161379,0.002438153,-0.000423166,0.003412855,0.000180487,0.00257032,-0.001318485,-0.019418964,-0.00451332,0.2017688,0.000670117,0.041414764
-0.000411667,0.012186795,-0.000470029,0.009472994,0.000191718,0.00136972,-0.003045104,0.070513673,-0.005137062,0.19642265,0.000233372,0.053886179
-0.000539174,0.014584319,-0.000441262,0.007328937,0.000107072,-0.002778848,-0.004012364,0.096169777,-0.001237272,0.086114392,0.000833387,0.023224847
-0.000468326,0.017490661,-0.000384002,0.014479318,0.000239569,9.30898E-05,-0.003757239,0.057104718,0.000751613,0.008631307,0.003375544,-0.049662948
-0.000185721,0.008884846,-0.000508314,0.006452722,0.000290964,0.000623119,-0.000656527,0.020374794,-0.001284839,0.10612343,0.00402632,-0.012266062
-0.000222191,0.004221789,-0.000698077,0.009695254,0.00023866,0.001495429,-0.002474047,0.037723828,-0.011364507,0.2653966,0.001659467,0.022072021
-0.000424129,0.011877738,-0.000654032,0.016624363,0.000322583,-4.11E-06,-0.001762558,-0.045315735,-0.007532196,0.26815403,0.004494704,0.031784568
8.13928E-05,-0.001046487,-0.000547048,0.009634601,0.000264509,0.00232434,-5.79981E-05,-0.026885502,-0.001574787,0.1048983,0.000251235,0.063836589
-0.000396824,0.013797849,-0.000114589,0.005135776,0.000301872,-0.000998906,-0.003647594,0.088805258,-0.004150062,0.14932223,0.002430842,0.026468763
-0.00057694,0.017419223,-0.000975348,0.019222623,9.36439E-05,0.000940609,-0.004461476,0.14937155,-0.004141068,0.14698279,0.000744343,0.063049115
-0.000133895,0.006749608,-0.00075589,0.016184177,0.000393127,0.003814543,-0.002514597,0.087518379,-0.006210465,0.1858675,0.001499821,0.043112222
-0.00069876,0.028135961,-0.000762282,0.017076766,0.000186595,-0.003061674,-0.002524624,0.10124329,-0.003210971,0.13310485,0.001062663,0.069107056
-0.000134609,0.008242157,-0.000540877,0.005979638,0.000520708,-0.005188657,-0.002207788,0.097483069,-0.003838449,0.13514659,0.002300059,0.007794025
0.000113299,-0.007338034,-0.000454464,0.007713908,0.000236701,0.002374048,-0.001589718,0.028615981,-0.002870709,0.19956912,0.003265093,0.034561083
-0.000211021,0.004409002,-0.000487562,0.014944687,0.000155904,0.000896861,-0.004040459,0.11700878,-0.001523199,0.066962875,0.004579132,-0.024169864
-0.000357976,0.018942827,-0.000585602,0.006501335,0.000153535,0.006089448,-0.002956137,0.1155238,-0.006830172,0.22894099,0.000659952,0.079824589
-0.00021037,0.004044721,-0.000214357,-0.004587702,0.000324369,0.004243332,-0.000939898,-0.028526401,-0.005593798,0.15429443,0.001911954,0.06034277
-0.000366543,0.010036337,-0.000201159,0.005598742,0.000207891,0.007725984,-0.001727608,0.041397769,-0.003391239,0.12372968,0.00152046,0.025863174
-0.000319768,0.00882892,-0.001519819,0.031800676,0.000513023,-0.002980917,-0.000959349,0.058015529,-0.004085174,0.17095931,0.003422942,0.044888686
-0.000263203,0.009125391,-0.00038222,0.000526155,0.000111598,0.004356289,-0.001803317,0.032155212,-0.003476753,0.12720208,0.000497632,0.033634044
-0.00079841,0.025679957,-0.000828881,0.017378233,0.00025135,0.00235911,-0.005276348,0.12961243,-0.008776223,0.23350158,0.00115898,0.041226279
-0.000391847,0.011554354,-0.000568358,0.015645139,0.000153815,-0.002905453,-0.002453289,0.035991721,-0.004295113,0.11971498,0.001625774,0.022246908
-0.000283751,0.013332171,-0.000367995,0.005622758,0.00024909,0.003903101,-0.001457185,0.041731976,-0.002729161,0.13533282,0.00082595,0.069144003
-0.000338032,0.003520643,-0.000890234,0.020167865,0.000342072,0.001072971,0.000866091,-0.11257299,-0.006740095,0.23655319,0.001621852,0.05036974
-0.000524721,0.01595448,-0.000217873,0.004540856,0.000305151,0.00122891,-0.001044926,0.032192886,-0.003440535,0.15917322,0.001073527,0.06962008
-0.000513332,0.016606139,-2.68603E-05,0.003436449,0.000158049,0.002950941,-0.003628752,0.089445025,-0.000301626,0.043281034,9.29107E-05,0.059020758
-0.000462794,0.016899452,-0.000281982,0.003205933,0.000233071,-0.000699258,-0.003090396,0.087204091,-0.005077508,0.16108146,6.28482E-05,0.04109852
-0.000430344,0.008666572,-0.000693915,0.019521967,0.000302883,-0.002147812,-0.002129321,0.046599925,-0.005889826,0.21840826,0.0047291,-0.031145858
-0.000564229,0.016026719,-0.00064521,0.018959681,0.000219498,0.000865601,-0.000253831,0.008590764,0.00223499,-0.066712365,0.004135024,-0.097852021
-0.000190152,0.003576548,-0.00033709,0.014070679,1.18437E-05,0.003715502,-0.003050563,0.045171387,-0.000649116,0.080068186,-0.000482401,0.034222398
-0.000173656,0.005919198,-0.000758263,0.015020216,0.00021688,-0.00102714,-0.001144567,-0.028696094,-0.001242872,0.052782446,0.000763548,0.006125811
-0.000408367,0.010312816,-0.000556973,0.009865275,6.30143E-05,0.007737079,-0.003371543,0.08759556,-0.003389037,0.13146546,0.001878287,0.054404568
-0.000306437,0.013546743,-0.00044873,0.010731117,0.000277231,0.002018786,-0.002534882,0.092192583,-0.003052246,0.14868762,0.001819679,0.061693106
-0.000552755,0.020247182,-0.00057478,0.014007464,0.000475165,-0.005240606,-0.005326788,0.19010746,-0.002198,0.11281482,0.002727776,0.032075748
-0.000126443,0.005979913,-0.000736396,0.014709267,0.000557706,-0.007672981,-0.003646159,0.14568518,-0.00390186,0.12365977,0.00293732,-0.02625169
-0.000368879,0.011660212,-0.000812067,0.01222694,0.000459868,0.000160887,-0.004386821,0.17554379,-0.006790791,0.24130502,0.005103913,-0.007784125
-0.00088576,0.022490744,-0.000570331,0.009809043,0.000150622,0.003060971,-0.004725713,0.10105707,-0.007202103,0.22597846,0.000703781,0.058010086
4.72075E-05,0.00401365,-0.000409606,0.006960241,0.000321467,0.004303331,-0.000261342,-0.003658302,-0.002504679,0.11833998,0.001078225,0.015743082
-0.000317027,0.008902594,-0.000453565,0.010379347,7.01336E-05,0.005132289,-0.001179686,-0.013643232,-0.000403275,0.077552937,0.004454692,-0.032483622
-0.000772854,0.022460911,-0.001584587,0.04366865,8.45373E-05,-0.000539156,-0.002010198,0.057210498,-0.005301014,0.19686474,0.001929749,0.033998959
-0.000301172,0.0086096,-0.000490013,0.009478855,0.000371434,-0.004510914,-0.000513273,-0.003334984,-0.00048686,0.079624295,0.001164637,0.019668534
-0.000279291,0.009161806,-0.000505688,0.008403068,0.000226297,0.003643645,0.000211139,-0.011280441,-0.000635113,0.11879397,0.002674779,-0.042541806
-8.63966E-05,-0.002242609,-0.000768911,0.011903889,-3.08161E-05,0.00546211,-0.000800008,-0.030948212,-0.004479488,0.13468742,0.00074041,0.05325526
-0.000486126,0.015356354,-0.000149466,0.003354284,0.000184843,0.001386608,-0.004692682,0.1650787,-0.002548907,0.11509771,0.001606365,0.054117739
-0.000727314,0.023153529,-0.000576011,0.017185796,0.000474587,0.002636092,0.002988572,-0.097000189,-0.006492963,0.14440632,-0.000685063,0.077225842
-0.000332591,0.008068441,-0.000521241,0.008251343,0.000336217,-0.001221974,-0.001867475,0.015223471,-0.005401236,0.1869947,0.001783643,0.045340076
-0.000760474,0.021396238,-0.000129624,0.004349686,0.000264249,0.000889094,-0.006390665,0.22118855,-0.0048448,0.1682615,0.001438504,0.027652279
-0.00054505,0.01435528,-0.000469038,0.011519385,0.000275035,-0.002209973,-0.002997652,0.07157284,-0.001782983,0.091866612,0.000732688,0.045846839
0.000184395,-0.010624403,-0.000681962,0.013814579,0.000299967,0.004586239,0.002816013,-0.18281662,-0.002387254,0.10792504,0.000705124,0.057778779
-0.000292238,0.007202144,-0.000444074,0.00725619,0.000406862,-0.006157123,-0.001504102,0.073134765,-0.002293125,0.10160566,0.004291175,-0.050022345
-0.00037564,0.006738965,-0.00028907,0.004978195,0.000476214,-0.005098308,-0.003241891,0.07175716,-0.001214259,0.11874287,0.004556673,-0.033438843
-0.000214427,0.009562912,-0.000652937,0.011721197,0.000288829,0.002175343,-0.003433788,0.079193719,0.000787602,0.074029714,0.000734725,0.040729746
-0.000516682,0.014357995,-0.000657773,0.014652716,0.000468458,0.002665893,-0.002450051,0.054020725,-0.003212118,0.12024652,0.001208458,-0.001763244
-0.0003928,0.014580218,-0.000226344,0.000814115,-2.53166E-05,0.007479669,-0.003079048,0.060161147,-0.000698478,0.07652615,0.004561861,-0.048125975
-0.000759497,0.027665542,-0.000563259,0.009995042,8.12335E-05,0.004742775,-0.005085139,0.16775241,-0.005242141,0.17372054,0.000883407,0.068816759
-0.000654374,0.019308979,-0.000344605,0.007657943,0.000453563,0.003303499,-0.004465487,0.17222935,-0.010779238,0.37332696,0.00121027,0.134001
-0.000398162,0.010115185,-0.00040565,0.010493249,0.000149263,0.002342453,-0.001529352,-0.008103367,-0.005785049,0.1216011,0.000549084,0.031757571
-0.000821821,0.026313907,-0.000692392,0.008599969,0.000141867,0.004056311,-0.005969485,0.1560187,-0.000988939,0.073768072,0.000278091,0.04101672
-0.000362593,0.011104732,-0.00042593,0.012159651,2.52233E-05,-0.000564902,-0.005899746,0.14077249,-0.002930742,0.10846323,0.000215531,0.059623111
-0.000484878,0.015365496,-0.000700291,0.018507458,0.000333124,0.003521046,-0.001007002,0.056389645,-0.006400308,0.23596263,0.000607984,0.074668035
-8.47124E-05,0.003377056,-0.000279941,0.004128482,4.82165E-05,0.001208746,-0.001125172,0.008262728,-0.001920034,0.059177265,0.000251193,0.032571893
-0.000558069,0.016211873,-0.000801055,0.016281886,0.000160529,0.002586634,-0.002958479,0.13065334,-0.007677681,0.28772071,0.001134575,0.031211182
-0.000942794,0.023731789,-0.000794804,0.016722472,4.55664E-05,0.002826204,-0.00289738,0.058492646,-0.004426941,0.16027671,0.000370995,0.059458833
-6.37741E-05,0.005340334,-0.000429875,0.007026868,0.000101059,8.65249E-05,0.000895392,-0.019161403,-0.000935894,0.060377028,0.001569391,0.021790156
6.90623E-05,-0.004580167,-0.000676171,0.019972043,0.000316077,0.002051401,-8.24E-06,-0.1088303,-0.004862331,0.1469536,0.002847389,0.058443047
-0.000485227,0.014464363,-0.000451321,0.006493685,0.000454627,0.001107312,-0.000970775,0.03005133,-0.000760134,0.045973543,0.004951678,-0.046296161
-0.00039243,0.005881652,-0.000838513,0.020659659,0.000580648,-0.009489446,-0.000877644,-0.010255514,-0.003970812,0.16225561,0.003861762,0.015574218
-0.000597312,0.014149874,-0.00040874,0.013472443,0.000206514,0.000329159,-0.001468162,0.025619067,-0.003047862,0.12866773,0.001645675,0.028651388
-0.000815724,0.029335249,-0.000775207,0.022684054,0.00024636,0.000214446,-0.004866071,0.1630528,-0.002355711,0.10450136,0.002266257,-0.008610489
-0.000485219,0.016009858,-0.000375924,0.007545127,0.00031105,0.001466714,-0.004142322,0.12947585,-0.004114969,0.23472589,0.000986898,0.058885116
-0.000455486,0.014859057,-0.000621697,0.013666878,0.000428245,-0.003751643,-0.002703811,0.092096873,-0.003609146,0.15035172,0.001684977,0.02117273
-0.000368495,0.010152534,-0.000771864,0.013764301,9.33627E-05,0.003020931,0.000890392,-0.053146996,-0.003400487,0.12241291,0.001150119,0.052457299
-0.000900288,0.03282354,-0.000751835,0.010679795,4.7362428e-06,0.001916562,-0.005230123,0.15955719,-0.006347936,0.18689933,0.001160456,0.037485771
-0.000353009,0.011457503,-0.00078232,0.018800488,0.000135264,-0.000211231,-0.003057081,0.099540211,-0.005808503,0.23238562,0.002946567,0.019962054
-0.000124624,0.004251421,-0.000393333,0.010317353,0.000268138,0.006535006,-0.0025959,0.001768118,-0.000805247,0.13806483,0.001839678,0.083717525
-7.23426E-05,0.000771881,-0.000542583,0.011495767,-0.000106192,0.003595266,-9.29727E-05,-0.024987329,-0.001603078,0.10562951,0.001797331,0.062376838
-0.000393857,0.013850315,-0.000565361,0.016291993,0.000339703,-0.003041168,-0.000769122,0.014669805,-0.002217007,0.10568238,0.0019868,-0.004935415
-1.15209E-05,-0.00151591,-0.000881283,0.015520921,8.66537E-05,0.001631572,-0.001336558,0.016348455,-0.000599967,0.063122183,0.001643602,0.01610229
-0.000296468,0.00820868,-0.000476677,0.011029861,0.000249386,0.005917125,-0.002150627,0.000457244,-0.008672374,0.25655296,-0.000481477,0.11705454
-0.000589169,0.012166585,-0.000368772,0.003384028,0.000184208,0.002210159,-0.001740787,0.006311949,-0.004950728,0.18197824,-1.87174E-05,0.070955448
-0.000633362,0.018687461,-0.000345346,0.01107803,0.000527846,-0.002994871,-0.001069198,0.077295318,-0.003941134,0.16157222,0.001375237,0.05222071
-0.000702635,0.024531238,-0.000141055,0.00671619,0.000445843,0.003462637,-0.005025738,0.23160805,-0.005757269,0.27769566,0.002400932,0.044357199
-0.00042709,0.011688446,-0.000586316,0.009017187,0.000407424,-0.00290949,-0.007945529,0.21920694,-0.00395578,0.099560432,0.003568071,-0.027832597
-0.000125567,0.00193702,-0.000423032,0.008322031,6.22975E-05,0.002020926,-0.001285532,0.054004166,-0.002258808,0.15325728,-2.74013E-05,0.071982548
-0.000298164,0.011853863,-0.000524324,0.010535543,0.000434222,4.20099E-05,-0.002426628,0.089550629,-0.002180253,0.11248816,0.001234205,0.038986925
-0.000115297,0.001256026,-0.000791353,0.016611682,4.51657E-05,0.002010725,0.001665539,-0.066778958,-0.003221187,0.11577342,0.00072408,0.033365272
-0.000632695,0.016046194,-0.000450883,0.014593946,0.000433162,0.002667046,-0.004461786,0.1180618,-0.005249491,0.20350409,0.001333123,0.066362314
-0.000200592,0.010150582,-0.000660204,0.013130543,0.000109871,0.002216626,-0.002088564,0.01095662,-0.004458006,0.11920612,2.70832E-05,0.044637792
-0.000427134,0.007601736,-0.000761001,0.014351825,0.000141173,0.006289412,-0.003669322,0.060455509,-0.009154219,0.27189058,0.000514372,0.11560941
-0.000662066,0.022464102,-0.000581009,0.017767861,0.00034502,-0.001643661,-0.006523703,0.21590272,-0.005270839,0.18088803,0.000450214,0.059694737
-0.000671793,0.022388449,-0.00073961,0.012227475,2.21502E-05,-0.000318402,-0.003028819,0.070076935,-0.007110456,0.18775424,0.000491471,0.049184777
-0.00020168,0.005995474,-0.000680484,0.013216913,0.000372372,0.00063209,-0.001810376,0.060545195,-0.007841537,0.22268836,0.000716699,0.030684533
-0.00058642,0.016571024,-0.000123044,0.009704716,5.56624E-05,0.008831911,-2.44212E-05,-0.000622553,-0.003425868,0.13316995,0.004137037,0.005778024
-0.000198835,0.005863007,-0.000732573,0.012575583,0.000504369,0.005087213,-0.001990087,0.016388964,-0.009419813,0.26168647,0.005178785,0.057961229
-3.20552E-05,0.003654879,-0.000711419,0.014051597,0.000190379,0.002183892,-0.000646772,-0.033889573,-0.005577696,0.18315983,0.000950356,0.024257164
-0.000424695,0.011756412,-0.000476292,0.008807468,0.000164753,0.000928692,-0.003788033,0.09029603,-0.003985996,0.15260135,0.001585754,0.017953666
-0.000725175,0.017056534,-0.000508114,0.011481589,0.000318498,-0.001880169,-0.003923414,0.10289352,-0.003165102,0.049461585,0.000419909,0.0492917
-0.000388513,0.010462264,-0.000505799,0.010926113,0.000323653,0.001342943,-0.002067851,0.062812351,-0.003290666,0.14740424,0.000943861,0.046716988
-0.000715333,0.022050727,-0.000237327,0.00863227,0.000171372,0.005060416,-0.003664041,0.064956427,-0.001722409,0.079567976,0.00348221,-0.033965599
-0.000382957,0.003942221,-0.00091428,0.018512839,0.0004631,-0.008396922,-0.001609905,0.006134533,-0.0054478,0.19409129,0.001272116,0.032609053
-0.000452339,0.008977097,-0.000691362,0.014596466,0.000319281,0.000291735,-0.004487198,0.11111339,-0.00338606,0.1562425,-0.000357615,0.02554
-0.000513019,0.01070408,-0.00057341,0.00906214,0.000171459,0.001799026,-0.00231314,0.058902763,-0.008549682,0.2660698,0.000993159,0.086158931
-0.000540641,0.015505863,-0.000957868,0.024841538,0.000358055,-0.000509848,-0.004349621,0.12219623,-0.004489058,0.20957664,0.002136875,0.029364489
-0.000297544,0.002238524,-0.000914398,0.013585363,0.000106586,0.00123555,-0.001067634,-0.04495826,-0.004481991,0.17891806,0.000721674,0.044792347
5.06649E-05,-0.010251154,-0.000585852,0.00886827,0.000180786,0.001361891,-0.000704389,-0.087594949,-0.008992458,0.23487224,0.001834809,0.036307387
-0.000236043,0.00499236,-0.000424926,0.007726203,0.000338172,-0.002326194,-0.002170363,-0.011558419,-0.005032215,0.19902034,-0.000357865,0.11905376
-0.000125513,0.00305174,-0.000537084,0.008074537,0.000556098,-0.005111585,-0.002052093,0.021584835,-0.004480505,0.17737353,0.002839786,-0.015511195
-0.000583646,0.015730785,-0.000372173,0.005430018,0.000119282,-7.21E-06,-0.006405564,0.17376409,-0.000286255,0.09817972,0.000598714,0.063000202
-0.000321255,0.01530129,-0.000648568,0.018542306,0.000253402,-0.000429847,-0.002449836,0.087995917,-0.005357128,0.22072573,0.002278207,0.008583936
-0.000210756,-0.003173479,-0.000791497,0.02045263,0.000191547,0.001682993,-0.003010609,-0.01234493,-0.00403564,0.18080501,0.001833374,0.068720751
-0.000143588,0.009126124,-0.000235106,0.001597191,0.000366841,0.004273442,-0.000714047,0.017803736,-0.004457455,0.18577263,0.002324541,0.050429057
-0.00038881,0.011697605,-0.000531771,0.010765015,0.000351049,-0.000390195,-0.002646222,0.08481285,-0.001049423,0.048037838,-0.000187243,0.035350002
-6.94445E-05,-0.001967505,-0.000462142,0.008370657,0.000291942,0.001859967,0.000190784,-0.045448549,-0.003281314,0.13984261,0.001287781,0.052504547
-0.000560374,0.012609459,-0.000607478,0.010023266,0.000247506,0.002123622,-0.003292305,0.04361628,-0.001848616,0.09321972,0.001277135,0.052881867
-0.00046788,0.014676184,-0.000749724,0.012106572,0.000212473,-0.00376335,-0.004223283,0.13721122,0.001016766,-0.015158819,0.002042414,0.04043236
-0.00022961,0.010119471,-0.000579409,0.011478391,0.000328796,-0.000838843,0.000191549,-0.007451134,-0.004591598,0.16551465,0.004612159,-0.026439043
-0.000320337,0.007158401,-0.000988819,0.02172463,0.000147121,-0.001134787,-0.004217804,0.098232143,-0.009627954,0.29116848,0.001423204,-0.00354928
-0.000207044,0.005265096,-0.00049728,0.009688773,0.00026708,0.003857624,-0.001625662,0.00919012,-0.007722058,0.2713452,0.000962712,0.095836006
-0.000213205,-0.002039343,-0.00078621,0.0162625,0.000109782,0.003539553,-0.000818765,-0.082038514,-0.007168199,0.20536575,0.000301118,0.06324508
-0.000367734,0.009925842,-0.00079903,0.014921185,0.000287342,-0.001188691,-0.003988354,0.069797806,-0.003684578,0.098387711,0.001879529,0.019616082
-0.000252864,0.009065915,-0.0004017,0.008052358,0.000724927,-0.001719202,-0.002604046,0.056724541,-0.00505519,0.21187757,0.003962976,0.018724512
-0.000409157,0.011710393,-0.000605718,0.00977058,0.000382182,-0.000770539,-0.002708362,0.07757587,-0.005817654,0.17470089,-0.000555899,0.033457298
-0.000391706,0.011174128,-0.000658639,0.014187182,0.000265686,0.003207995,-0.001820201,0.077513166,-0.004772724,0.1905814,0.00165218,0.043115154
-0.000132261,0.002321943,-0.000480146,0.009437184,0.000239762,0.000556548,-0.001905874,0.033584997,-0.005027545,0.166577,0.000955007,0.054710463
-0.000464755,0.013100568,-0.000506319,0.005498878,0.000362027,0.000188985,-0.003591,0.13025558,-0.00732171,0.23349148,0.003895308,0.045079648
-6.03E-06,-0.001759742,-3.01912E-05,-0.000368651,0.000424732,0.00539343,-0.000492459,0.028437601,-0.003112971,0.15656523,0.001521212,0.068124115
-0.000328925,0.001482033,-0.000567889,0.011804254,0.000401344,-0.001929748,-0.000374593,-0.070348151,-0.006951188,0.27935764,0.002365894,-0.013326004
-0.000448451,0.011102818,-0.000729966,0.020466391,0.000264522,-0.001015388,-0.005502913,0.13192067,0.00110729,0.028636632,0.000723166,0.068751797
-0.000420155,0.01601124,-0.000245945,0.010847322,0.000261362,0.001566843,-0.001859853,0.10469068,-0.000239138,0.062815331,0.001682189,-0.012107381
-0.000421871,0.008949288,-0.000340703,0.010648042,0.000376371,-0.003441629,-0.00380257,0.074801378,-0.003021957,0.13784085,0.001222979,0.040737227
-0.000575735,0.01960573,-0.000884659,0.018828927,0.000279802,-0.000401909,-0.003865841,0.15923065,-0.007259518,0.23233075,0.002505301,0.05555328
-0.000577421,0.016955061,-0.000682176,0.013721947,0.000291849,0.000217167,-0.00445829,0.11788963,-0.00365091,0.099301666,0.000139354,0.030574644
-0.000503202,0.017442347,-0.000267419,0.00034777,-5.99735E-05,0.007491019,-0.006170003,0.12332372,-0.002737766,0.12949893,0.002620891,-0.049430206
-0.000648966,0.02080732,-0.000397462,0.015947992,0.00027956,0.006622837,-0.002740947,0.060596239,-0.001773849,0.093676269,-0.000265794,0.052212045
-0.000439962,0.014167801,-0.000408291,0.008505493,0.000119886,0.006449438,-0.003001924,0.067616031,0.001598621,0.009411112,-0.000102316,0.061205957
-0.000246299,0.006863134,-0.000220408,0.002862243,0.000217228,0.003207087,-0.001917766,0.032418359,-0.004908597,0.1752079,0.000538428,0.057886414
-0.000648865,0.014794438,-0.000567873,0.01233053,0.000154803,-0.001374909,-0.005613898,0.13732359,-0.002785489,0.12155432,-2.1763E-05,0.071671396
-0.000488093,0.018579245,-0.000787827,0.012354128,0.00028695,-0.000616378,-0.002656567,0.045907591,-0.003951638,0.13487835,0.002793414,0.016780702
-0.00053714,0.012436459,-0.000654409,0.01489939,0.000328146,0.000523017,-0.006507594,0.13442437,-0.001811757,0.067400478,0.000296706,0.073132046
-0.000487652,0.007684596,-0.001320613,0.02390266,8.86189E-05,-5.01031E-05,-0.002959403,0.040793043,-0.005588196,0.14963368,-0.000301365,0.040398281
-0.000381356,0.012593786,-0.000412259,0.011868587,0.000494064,0.001083732,-0.002902223,0.019586621,-0.012819212,0.36272609,0.003393768,-0.003182044
-0.000685919,0.021111306,-0.000571477,0.009913733,0.000533883,-0.005192999,-0.005246334,0.17309202,0.000428967,0.033957839,0.001546065,-0.007021007
-0.000378639,0.011196249,-0.000507488,0.011382699,0.000259559,0.000831383,-0.003406392,0.097404733,-0.002992153,0.14828871,0.000809069,0.02704983
-0.000268269,0.010861761,-0.000571272,0.013449385,1.9987119e-06,0.002606422,-0.002771665,0.11308119,-0.002944158,0.16724786,0.001720464,0.045548543
-0.000780513,0.020167895,-0.000687774,0.019268865,0.000209843,0.002767084,-0.00203685,0.046465293,-0.002303271,0.099535622,0.001281315,0.053116847
-0.00025973,0.010617011,-0.001049696,0.015617202,0.000114061,0.002380376,-0.001724709,0.035867497,-0.003065394,0.12825772,0.002407209,0.02503537
-0.000171156,0.004313666,6.56663E-05,-0.006721216,0.000312209,0.004809775,-0.002141924,0.063281648,-0.003588998,0.16506916,0.001086531,0.14369461
-0.000743706,0.02188375,-0.001418707,0.040871929,0.000340199,0.004613391,-0.003759258,0.084806427,-0.00572099,0.18777312,0.000227041,0.080311403
-0.000368499,0.010178902,-0.000193239,0.00938006,0.000297269,0.001217402,-0.000886014,3.16643E-05,-0.004202995,0.19763926,0.00190274,0.027543174
-0.000454453,0.022004765,-0.000516651,0.017434128,0.000182248,0.006039022,-0.001394805,0.032343145,0.000598821,0.033335585,0.000817229,0.024039544
-0.000154879,0.001276968,-0.000392266,0.005778906,0.000243539,0.002976108,-0.003067463,0.040975764,-0.009397579,0.28507856,0.001514315,0.037928306
-0.000494303,0.015994264,-0.000861403,0.017145544,0.000302238,0.002395864,-0.001054993,0.051669627,-0.005932548,0.23438203,0.002800547,0.062886715
-0.00039739,0.014701846,-0.000636548,0.011176835,-2.55447E-05,0.006909496,-0.001318233,-0.006001988,0.003895154,-0.046238754,0.001580687,-0.01828225
-0.000247136,0.007024495,-0.000427987,0.008727429,2.81535E-05,0.005563236,-0.005206848,0.20073333,-0.005556475,0.2702682,0.003120586,0.072825581
-0.000871167,0.025143968,-0.000833366,0.01694327,0.000146555,0.002077834,-0.004518542,0.1544829,-0.002157364,0.075809874,0.000515095,0.062608019
-0.000380737,0.012983501,-0.000566461,0.013362927,6.52629E-05,0.002238159,-0.003195978,0.069681987,-0.007404542,0.28170916,0.002277938,0.029978143
-0.00037221,0.011669835,-0.001237501,0.026082434,0.000319654,-0.003495335,-0.002676532,0.086949825,-0.004601128,0.14033967,0.000744929,0.016990749
-0.000119111,0.006199501,-0.000444118,0.007275501,0.000143634,-0.000253895,-0.004889782,0.15801567,-0.004498974,0.16297756,0.000470631,0.045347646
-0.000581761,0.016767189,-0.000388615,0.011860497,0.000328858,-0.004169374,-0.004670994,0.1463028,-0.005178193,0.14453088,0.000891368,0.038960483
-0.00039412,0.009128346,-0.0003189,-0.000556201,0.000448544,0.002859548,-0.006558513,0.17282635,-0.00700089,0.25561637,0.004387195,0.060142308
-0.000292933,0.007452496,-0.000393739,0.00830999,0.000489551,-0.001419214,-0.001254974,0.062298488,-0.0006276,0.14334628,0.002934884,0.021112898
-0.000408192,0.009635916,-0.000562433,0.012268412,0.00034103,-0.002912737,-0.004308121,0.159261,-0.006132373,0.220075,0.003233076,-0.019378277
-0.000376652,0.009382535,-0.000478169,0.009603898,0.000178197,-0.000935382,-0.002865607,0.063012414,-0.003135293,0.10738414,-1.63451E-05,0.026159316
-0.000479698,0.012586176,-0.00038194,0.007736509,0.000151087,0.000505908,-0.001621765,0.055853438,0.00091177,0.029721538,0.000130691,0.030414663
-0.000619447,0.011849443,-0.000817994,0.017752897,0.000319042,0.001255476,-0.001859808,-0.02138336,-0.008298553,0.31813377,0.00299423,0.010678196
-0.000702028,0.01824284,-0.000443205,0.012067694,0.000495717,0.002701383,-0.000777692,0.051813282,-0.004469045,0.15806755,0.001804324,0.064301781
-0.000579369,0.016432827,-0.000423213,0.014404808,0.000333272,0.001869353,-0.000749497,0.024878167,-0.000448594,0.055462673,0.000954515,0.048191302
-0.000609462,0.010967675,-0.000969758,0.009464632,0.000174194,0.001120981,-0.002047116,0.001737052,-0.007096478,0.14115024,0.000423138,0.010284959
-0.000251003,0.007784322,-0.000255645,0.007104485,0.000146066,0.004906713,-0.00424837,0.077125572,-0.002535857,0.10771028,0.003741393,-0.028135743
-0.000796443,0.019784505,-0.000560627,0.00590888,0.000172454,0.006735975,-0.003779739,0.063662946,-0.004856628,0.20917577,0.000201482,0.060253792
-0.00039468,0.016416546,-0.00046535,0.006602725,0.000284854,0.00325772,-0.006560207,0.14968123,-0.003308215,0.082710542,-0.000215278,0.023148367
-0.000412802,0.008107157,-0.000273442,0.004203712,6.11071E-05,0.004193855,-0.003831409,0.066793695,-0.006215912,0.23092782,0.003301438,0.022415197
-0.000330786,0.008888099,-0.000558529,0.00975006,0.000342128,-0.004449408,-0.001627302,0.06416741,-0.000296282,0.059937008,0.002785868,0.002605198
-0.000548987,0.01883129,-0.000620181,0.016296029,0.000221107,0.001685674,-0.006338726,0.15733755,-0.005180468,0.10702398,0.000963706,0.030245431
-0.00076045,0.024357224,-0.000533759,0.009661435,0.000376665,0.003638953,-0.005098063,0.22655177,-0.000377177,0.099607937,0.000873614,0.086849749
-0.000699211,0.018086305,-0.000445737,0.012815691,0.000240152,0.000956085,-0.004036574,0.094904475,-0.00310304,0.032373544,0.001634578,-0.011428487
-0.000710909,0.024365785,-0.000594423,0.008827482,0.000222717,0.00061356,-0.005799315,0.15610708,-0.002676491,0.10718436,0.003222779,-0.022142906
-0.000557666,0.020381076,-0.000416323,0.01012097,0.000299468,0.005991607,-0.004756588,0.16529094,-0.003735921,0.1594128,0.00104903,0.070681512
-0.000363033,0.014285181,-0.001051783,0.021373225,0.000108918,0.004625555,-0.005072547,0.20676289,-0.004257593,0.18830875,0.001185868,0.055835687
-0.000709271,0.024046009,-0.000328796,0.007581747,0.000409886,-0.003380282,-0.002164053,0.052151304,-0.002657184,0.10584608,0.001030227,0.046306632
-0.000679382,0.018514764,-0.000766054,0.012942512,9.3787E-05,-0.000260742,-0.004912267,0.11685771,-0.005431644,0.19322558,0.002493993,0.013844197
-0.000591387,0.023622813,-0.000525512,0.009311751,0.00034087,0.002824573,-0.00175927,0.07111463,-0.004172236,0.15342668,0.00143781,0.032584202
-0.000666487,0.018739618,-0.000720151,0.015599414,0.000348718,-0.003327715,-0.001573752,0.045736693,-0.00123683,0.038775109,5.06647E-05,0.0399548
-0.000345494,0.008343688,-0.000507803,0.014313336,0.000160516,0.004044184,-0.001262977,0.011949462,-0.007399872,0.21791711,-0.000492657,0.081175894
-0.0003914,0.011557385,-0.000377577,0.004054749,0.000251358,-0.001992489,-0.004270668,0.16933839,-0.001209518,0.11242268,0.00475401,-0.059248708
-0.000655492,0.014174086,-0.000516584,0.006971984,0.000217388,0.00348592,-0.006823339,0.24259318,-0.003988747,0.24254385,0.001894823,0.095724128
-0.000143138,0.007513956,-0.001148451,0.02089496,0.000343765,0.006615462,-0.00289542,0.064003572,-0.007438516,0.25457507,0.002366797,0.069520675
-0.00045421,0.011992008,-0.00026485,0.007156706,0.000288206,0.003202019,-0.002556653,0.065528139,-0.004731439,0.13286452,0.003149051,-0.006076639
-0.000139674,0.001510534,-0.000395404,0.00238186,-0.000233,0.014174054,-0.001835096,-0.061873414,-0.003005046,0.009888363,0.01074212,-0.29316449
-0.000525925,0.013174561,-0.000711993,0.017623061,0.000111443,0.003367659,-0.000413439,-0.0060101,5.76897E-05,-0.024848614,0.004087276,-0.092996642
-0.000598235,0.015945384,-0.000593155,0.006550734,7.64695E-05,0.004336664,-0.006327747,0.1883975,-0.008091007,0.21933965,0.000589175,0.045499206
-0.000238892,0.007822063,-0.000820345,0.016671473,0.000152262,-0.000736018,-0.001675403,0.062394552,-0.006942222,0.2258098,0.003315035,-0.034343082
7.2120879e-06,-0.004537898,-0.000524808,0.00487563,0.000353174,-0.006543421,0.000549255,-0.013961681,-0.005625983,0.18147194,0.00164236,0.026901985
-0.000248812,0.006190419,-0.000667082,0.01610446,0.000512566,0.006822515,-0.002024144,0.014157001,-0.006588062,0.24425441,0.001952828,0.10332463
-0.000320771,0.008107599,-0.000355172,0.011684814,0.000207821,0.001466421,-0.002333524,-0.011987344,-0.003981608,0.091740958,0.003362886,-0.078807242
-0.00023498,0.006745106,-0.000271279,0.004966829,0.000232601,0.004673366,-0.003402822,0.075291611,-0.003453466,0.13496733,0.000387056,0.040703297
-0.000399796,0.008308747,-0.000503459,0.013792489,0.000131906,7.13454E-05,-0.00130389,0.031781904,-0.004323468,0.18102859,0.004445558,0.006409179
-0.001012356,0.039273717,-0.000778701,0.019444445,0.000296598,0.00624259,-0.004106924,0.19524936,-0.00642033,0.22852416,-0.000333144,0.079179265
-0.00023366,0.01064739,-0.000542916,0.007873996,0.000283041,0.002282978,-0.002668139,0.10897317,-0.004424189,0.17624931,0.001047868,0.072377883
-0.000754035,0.027921285,-0.000176739,0.0013869,0.000266198,0.003742536,-0.003723081,0.14670306,-0.001360675,0.090136535,0.001026509,0.052507758
-0.000483931,0.014385364,-0.000220566,-0.000650994,0.000221196,0.001311068,-0.00268,0.018560557,-0.004686102,0.16002889,0.002167635,0.012792093
-0.000529313,0.011213307,-0.000928115,0.020891823,-0.000127009,0.004786154,-0.000651336,-0.016171526,-0.001792479,0.096887633,0.003591177,-0.034476075
-0.000199441,0.003787888,-0.000681541,0.006924927,0.000138721,0.003607155,-0.002790069,0.067323461,-0.007002413,0.22665119,0.000545482,0.062558427
-0.000503145,0.013586737,-0.000366786,0.005914169,0.000122526,0.002957549,-0.001834528,0.031732552,0.002580515,-0.022383105,0.000538749,0.077477656
-0.000310222,0.007073896,-0.000409849,0.008291647,0.000613489,-0.006261068,-0.004095571,0.12899055,-0.003129476,0.132311,0.002153545,0.060231466
-0.00042825,0.013847742,-0.000386246,0.001445097,0.000350407,0.001112287,-0.00327463,0.15294136,-0.003555056,0.17829777,0.000913403,0.065777704
-0.000598265,0.017992379,-0.000536637,0.012695675,0.000349072,0.000984404,-0.002746539,0.038878214,-0.00194266,0.13179389,0.000486823,0.083148107
-0.000571487,0.014308457,-0.000156567,-0.003189594,0.000195206,0.002054835,-0.004316043,0.10514721,-0.003627625,0.18055901,0.001046211,0.028647108
-0.000808335,0.025435586,-0.00071058,0.016487224,0.0002315,0.001946443,-0.004115829,0.10536603,-0.006231734,0.23726664,0.000896116,0.048979957
-0.000235879,0.00162316,0.000116916,-0.005413353,0.000176157,0.005152735,-0.001344534,-0.011413964,-0.003467405,0.13591781,0.003775021,-0.014736322
-0.000698588,0.021965927,-0.000661658,0.0155084,0.000297136,0.000803639,-0.001533456,0.077434719,-0.007254556,0.18889599,0.000590495,0.015653254
-0.000187065,0.001207748,-0.000693499,0.014110693,0.000193891,0.00684566,-0.001684922,0.016171487,-0.005456751,0.18247615,-0.001701049,0.098787643
-0.000482647,0.015902156,-0.000638042,0.013425017,0.000277953,-0.00146036,-0.002991688,0.089331768,-0.004236462,0.16961549,0.000703923,0.065275446
-0.000371151,0.01063655,-0.000734914,0.011716515,0.000153304,0.003195274,-0.000621096,-0.008404207,-0.004033886,0.11727867,0.000232144,0.046584912
-0.000157852,0.001029898,-0.000569969,0.011809321,7.24531E-05,-0.000320555,-0.002158338,0.012013401,-4.28928E-05,0.025716167,-0.000414346,0.065810777
-0.000228975,0.004586576,-0.001174394,0.018550446,4.67543E-05,0.002874084,-0.003678898,0.044636402,-0.002862056,0.090294674,-0.000705522,0.028947009
-0.000532629,0.013971907,-0.000804654,0.017116319,0.000320227,0.0044508,-0.001020529,-0.011366522,-0.004521837,0.1683782,0.000274525,0.082188599
-0.00043329,0.016312771,-0.000342456,0.005427065,0.000375769,0.000175692,-0.002917232,0.07703805,-0.002776388,0.11924036,0.000837084,0.015385327
-0.000755418,0.022254707,-0.000466311,0.014806192,0.000358332,0.001890357,-0.00308021,0.065465674,-0.00219962,0.072023705,0.000939625,0.033997033
-0.000432104,0.014038107,-0.000800745,0.017247133,7.05263E-05,0.007839138,-0.000643506,-0.001807927,-0.003478342,0.14464504,0.001247894,0.032869365
-0.000828982,0.023533357,-0.000639143,0.013084229,0.000336239,0.003659952,-0.001847868,0.044476736,-0.005644058,0.18932992,0.002072616,0.039391592
-0.00075552,0.019561751,-0.000543534,0.013231224,0.000192804,0.00273329,-0.004427294,0.15983844,-0.001717578,0.092575744,0.001096541,0.042223901
-0.000414234,0.011334986,-0.001256987,0.022278624,0.000367198,-0.000671319,-0.002894903,0.12109438,-0.006966472,0.27875784,0.002308871,0.037446663
-0.0002813,0.009394207,-0.00066194,0.014177606,0.000426785,-0.00048767,0.000381885,0.011452422,-0.004734842,0.22424173,0.002815716,0.047674671
-0.000239078,0.010140936,-0.000419643,0.013433489,0.000320239,0.002307335,-0.003189348,0.13374056,-0.005392962,0.16610354,0.000947881,0.048951305
-0.000349757,0.00585538,-0.000429595,0.007423299,0.000354534,-0.008983593,-0.00390864,0.034031365,-0.001295558,0.060766589,0.004583939,-0.065372586
-0.000604715,0.010967353,-0.001021989,0.024120482,0.000690488,-0.007367174,-0.001764594,0.045424346,-0.001391257,0.1468419,0.005600228,-0.019779656
-0.000353726,0.013242094,-0.000362447,0.006983701,0.00029842,-0.001467436,-0.001731617,0.075332813,-0.003277224,0.15753184,0.002832864,0.025372878
-0.000387005,0.012655043,-0.00039956,0.013453709,0.000376221,9.58058E-05,-0.006233414,0.20324349,-0.005191436,0.24805363,0.002693874,0.048293762
-0.00047322,0.008501053,-0.001341516,0.032727789,0.000192333,0.00328192,-0.001613057,-0.028570438,-0.008843469,0.28651774,0.00262165,0.045527972
-0.000421666,0.008465005,-0.000309641,0.006745792,0.000280077,0.00273298,-7.02323E-05,-0.014265614,0.000928479,0.021744985,0.000360081,0.05054234
-0.000205935,0.008954683,-0.000638093,0.012180548,0.000380731,-0.00080239,-0.001531608,0.080939271,-0.007249646,0.24001692,0.001180996,0.039544106
-0.000168954,-0.000519471,-0.0005969,0.008333996,0.00032983,0.002256601,-0.000768892,-0.06184452,-0.007163988,0.26719651,0.000431053,0.11621206
-0.000224417,0.005322599,-0.000550459,0.010658598,0.000169036,-0.000963624,-0.000244814,-0.030172842,-0.005055373,0.14901547,0.000505328,0.045276113
-0.000322835,0.009942188,-0.000749528,0.017529896,0.000273528,-0.000387463,-0.00041971,0.018777493,-0.004087027,0.16749479,0.00184378,0.063330799
-0.000431791,0.012995503,-0.000824544,0.014168622,0.000297173,0.001158624,-0.004092258,0.11448541,-0.005350263,0.21526033,0.00162394,0.035593905
-0.000661983,0.028652884,-0.001025,0.025123043,0.000144885,0.001445697,-0.000883203,0.08067216,-0.003649061,0.14925343,0.001780997,0.033312164
-0.000703502,0.020079698,7.74361E-05,0.000775892,0.000330781,0.000641081,-0.00200841,0.064192332,-0.001688314,0.072408825,0.000161345,0.055819903
-0.000303395,0.008157011,-0.000173378,0.010198745,0.000214406,0.001192267,-0.002172785,0.083774567,-0.003588436,0.10222141,0.000366831,0.070345886
-0.000368773,0.006617548,-0.000629413,0.012046849,6.3545E-05,0.002547017,-0.001521543,-0.025164371,-0.004574343,0.14088953,0.000775862,0.053337198
-0.001023973,0.03203417,-0.000556335,0.018148266,0.000339988,0.002471454,-0.005272791,0.19826891,-0.004937783,0.20022494,0.002643307,0.041039623
-0.00038363,0.013024027,-0.000373906,0.007881403,0.000256176,0.004326677,-0.004078437,0.13958009,-0.00533786,0.19157392,0.002100718,0.030498663
3.91133E-05,-0.002772103,-0.000812626,0.021346899,0.000367492,0.000640442,0.002905426,-0.13235606,-0.002392244,0.1349446,0.003791942,-0.015778814
-0.000424446,0.012598552,0.00029619,-0.01142893,0.000210516,0.003677435,-0.004645321,0.097161517,-0.004874833,0.14588347,0.003295084,-0.052074607
-0.000619589,0.02369877,-0.000626619,0.016474489,0.00014748,0.003006885,-0.002008953,0.034868822,-0.004485675,0.13580118,0.000127996,0.067100979
-0.000565632,0.011986673,-0.001001218,0.019487478,6.6223E-05,0.000905348,-0.003598242,0.082861811,-0.008933228,0.3095378,0.001563707,0.06010801
-0.000528461,0.016650906,-0.000686365,0.008302672,6.97646E-05,0.005440177,-0.002211637,0.032944329,-0.004997473,0.14463027,0.001337456,0.056887563
-0.000457488,0.010634529,-0.000735221,0.012613895,0.000373628,-0.004516319,-0.004465154,0.048805594,-0.001456443,-0.012962405,0.001687992,-0.066991597
-0.000452904,0.015199708,-0.000601361,0.011621703,0.000277392,0.00194434,-0.001607675,0.0364905,-0.004351487,0.16653684,-0.000553412,0.071070082
-0.000352177,0.008823049,-0.000702917,0.013311036,0.000272796,-0.00053092,-0.002904278,0.090979576,-0.003904483,0.15508279,0.001497949,0.02044558
-0.000413824,0.012248949,-0.000701208,0.009527339,0.000399673,-0.000255543,-0.00270436,0.067915261,-0.003458753,0.095684424,0.001168637,0.052398294
-0.000872721,0.028271429,-0.000863152,0.024126582,0.000112899,0.007495258,-0.002957939,0.082448721,-0.004064264,0.14871801,0.004127655,-0.030376501
-0.000427859,0.013143572,-0.000226709,0.003346995,0.000202008,0.00370909,-0.003949957,0.097571768,-0.002156834,0.12974341,0.002018953,0.043525692
-0.000370781,0.008916132,-0.000396165,0.00815411,0.000429592,-0.008218775,-0.0041542,0.10385229,-0.003583957,0.11056584,0.002281521,-0.022070663
-0.000831828,0.024320401,-0.000411363,0.015265237,0.000310628,0.000841948,-0.005482938,0.12026123,-0.002301915,0.14552125,0.00194696,0.053320073
-0.000670783,0.015912591,-0.000722092,0.010456977,0.000154341,0.005174002,-0.003833931,0.085839942,-0.003805703,0.17449678,0.000906892,0.041887566
-0.000285932,0.011081916,-0.00084196,0.016454319,-8.69758E-05,0.009348158,-0.000426808,0.014614614,-0.002027563,0.059060734,0.003471789,-0.032520879
-0.000602217,0.019087454,-0.000445577,0.01441108,0.000279863,-0.000140719,-0.001044934,0.040014941,0.000437716,0.054533221,0.00059373,0.071231335
-0.000302433,0.008862522,-0.000289911,0.006500667,0.000114196,0.002930671,-0.002844074,0.046421014,-0.003686334,0.1734204,0.001785677,0.061813634
-0.000534672,0.020361513,-0.000461699,0.011188008,9.4403E-05,0.002884273,-0.003657211,0.14144185,0.002690468,-0.031811118,0.004184934,-0.016766448
-0.000827462,0.024952477,-0.000445504,0.010271049,0.000191935,0.000265707,-0.002130503,0.038973346,-0.007455621,0.18236993,0.00143379,0.023851007
-0.000409562,0.01640561,-0.00061804,0.016091671,0.000304011,0.005506741,-0.003190834,0.14344929,-0.006425581,0.22363484,0.002941741,-0.003756553
-0.000642857,0.019192314,-0.000460475,0.009301126,0.000734501,-0.005606622,-0.007230448,0.26172939,-0.007129456,0.27623236,0.002545138,0.079977565
-0.000489804,0.011231601,-0.000510623,0.004809389,0.000211915,0.001193654,-0.004364932,0.13789187,-0.006112353,0.25017244,0.002596221,0.04693858
4.18633E-05,-0.002092998,-0.000293342,0.003167968,0.000201525,0.000858856,-0.001906187,0.007413618,-0.004201881,0.14272283,0.002634315,-0.030700842
-0.000167111,0.00335153,3.1265E-05,0.001380741,9.65722E-05,0.005259661,0.001187726,-0.057503138,-0.000511328,0.090564631,0.001638748,0.051269259
-0.000428537,0.008415246,-0.000382988,0.003804703,0.000484619,-0.003079049,-0.00757699,0.22109547,-0.006962398,0.24308638,0.00692607,-0.015013286
-0.000451287,0.014903534,-0.000505764,0.012163095,0.000323467,0.001373535,-0.003144329,0.04335754,-0.004992152,0.14519046,0.000428562,0.041354883
-0.000145799,0.006631054,-0.000715129,0.013949433,0.000221174,0.001054459,-0.001511097,0.025935384,-0.003714668,0.13924786,0.001809013,0.022945909
-0.00057284,0.017702872,-0.000554057,0.015781717,0.000311803,-0.000533324,-0.004356035,0.10976478,-0.004560768,0.15653917,0.000555089,0.042869676
-0.000247469,0.007041517,-0.000357839,0.003489131,0.000209628,0.00428741,-0.001660259,0.010966349,-0.00782861,0.28441352,0.000336499,0.069791786
-0.000654234,0.018373299,-0.000685562,0.008637391,0.00027548,0.000393906,-0.007968408,0.28769454,-0.005847693,0.21837744,0.002891805,0.039258033
-0.000499669,0.015926391,-0.00023603,0.010797104,-1.2192E-05,0.007913916,-0.006727793,0.14393936,-0.004397858,0.15164533,-0.001205343,0.069016293
-0.000183384,0.000990952,-0.000355559,0.003153038,0.000287816,0.002292748,0.000268441,-0.03599412,2.97071E-05,0.088969477,-0.000294611,0.05930952
-0.000105844,0.000404192,-0.000807957,0.010139939,6.60504E-05,0.007337016,-0.002720788,0.04881971,-0.007424093,0.23118447,0.001684771,0.11619299
-0.000395939,0.010348524,-0.000648901,0.017552625,0.000269811,0.003615703,-0.00256062,0.057865303,-0.006010678,0.20537753,0.000475405,0.068730757
-0.000549891,0.020524956,-0.00025647,0.004318974,3.9994E-05,0.008740918,-0.003968773,0.11726426,-0.00364276,0.15510939,0.002316261,-0.030173562
-0.000784543,0.023945265,-0.000549677,0.013749686,0.000533018,-0.000557678,-0.00089888,0.048279032,-0.004094552,0.15370251,0.002419824,0.029170265
-0.000730172,0.024976831,-0.000340869,0.012297709,0.000331938,-0.003780047,-0.006711555,0.23777883,-0.001564125,0.1055152,-0.000295979,0.071516469
-0.000215902,0.012342177,-0.0011442,0.028537439,0.000148742,0.002594704,-0.002699103,0.14382735,-0.007861958,0.23998883,0.001361526,0.018013535
-0.001064138,0.031996172,-0.000826362,0.025731275,0.000407887,-0.002554556,-0.002968245,0.091758452,-0.005428457,0.17969358,0.000607206,0.06661877
-0.000421878,0.011914776,-0.000581819,0.01058169,0.000377411,0.001877972,-0.004543413,0.18389176,-0.002173015,0.17508788,0.003513231,0.022663616
-0.000546738,0.01739496,-0.001284111,0.034948438,0.000242546,0.002314868,-0.004052688,0.10469323,-0.010094381,0.36574554,0.003264219,0.004316265
-0.000281503,0.008684132,-0.000503249,0.006065502,0.000109476,0.004619077,-0.001750334,0.043699756,-0.005279679,0.19448231,0.003600066,-0.013238525
-0.000501138,0.014158232,-0.000189342,0.002408549,0.000449458,0.000699196,-0.001303959,0.066437177,-0.006487677,0.19926131,0.001504544,0.069064155
-0.000621394,0.014372642,-0.00077598,0.014443505,0.00016863,0.003084831,-0.003654942,0.10055931,-0.006683556,0.23568755,0.002089914,0.056792315
-0.000744445,0.022248475,-0.000860372,0.017146343,-0.000131832,0.007165744,-0.004540865,0.14469844,-0.005909666,0.16927128,0.003336312,-0.007110449
-0.000663368,0.024026677,-0.000203949,0.008224544,0.000320677,0.000430111,-0.004859411,0.19348095,-0.005449696,0.1670839,0.000508765,0.053606462
-0.000158822,0.010542797,-0.000496441,0.006046844,0.000193634,0.005731682,-0.002913305,0.11136359,-0.001934111,0.15004134,0.000866742,0.040780105
-0.000318839,0.008980113,-0.000444703,0.010165663,0.000277973,0.000262937,-0.004462242,0.11435699,-0.000726931,0.060716223,0.000883243,0.046546642
-0.000216778,0.001741078,-0.000326532,0.007719484,0.000207142,0.004743641,-3.3675E-05,-0.07447426,-0.001441346,0.12015149,0.000310564,0.070554152
-0.000347346,0.009962873,-9.17111E-05,0.001032758,0.000504906,0.001611983,-0.003311293,0.11125772,-0.001214826,0.14691474,0.003287256,0.048907824
-0.000118901,0.00478134,-0.000523549,0.001687366,0.00051358,0.00316195,0.000856417,-0.015715633,-0.006282342,0.19541612,0.00458018,-0.098090902
-0.000586859,0.011359984,-0.000227066,0.006014807,0.000381721,0.000139183,-0.005256204,0.1107128,-0.005485153,0.16565226,0.001039604,0.047310498
-0.00039866,0.009116878,-0.000774829,0.013030007,8.2434E-05,0.006656895,-0.003677057,0.062734686,-0.005570983,0.19213574,0.00217205,-0.006399895
-0.000686569,0.020555167,-0.000765317,0.016550357,0.000300775,-0.0025877,-0.005140782,0.12092184,-0.000418268,0.021656696,0.002746432,-0.021932255
-0.000176755,0.005100451,-0.001152002,0.024844376,0.000334032,-0.001685144,0.000275459,-0.005571394,-0.007037933,0.22817466,0.005500057,0.056801111
-0.000641697,0.015865142,-0.000658668,0.010466726,0.000348533,1.52626E-05,-0.002657145,0.047773216,-0.003207963,0.098862953,-0.000151111,0.041003194
-0.000307181,0.003973434,-0.000145085,0.005143366,0.000348879,0.002613111,-0.000559202,-0.01817102,-0.00567814,0.16734913,0.001027783,0.046190582
-0.000510039,0.010475493,-0.00060985,0.006827323,0.000338787,-0.003235463,-0.004324554,0.082020782,-0.00457039,0.14891548,0.00230249,0.017427878
-0.000178535,0.004277067,-0.000528635,0.008688578,0.000180371,0.000652191,-0.003895609,0.1102813,-0.004270167,0.16614753,0.000612014,0.052483603
-6.49E-06,-0.00452361,-0.000520336,0.007503463,0.000514379,-0.010828312,-0.001454005,-0.010838342,-0.002789888,0.098725215,0.002067646,0.046645995
-0.000384272,0.010844805,-0.000569821,0.012469442,-3.22435E-05,0.000861961,-0.003506041,0.11257648,-0.002181503,0.087442175,0.00177431,-0.015977945
-0.000451933,0.014763234,-0.000603271,0.009835699,0.000283934,0.002622672,-0.005168503,0.099845029,-0.005141978,0.13404603,-5.56001E-05,0.008850233
-0.000740905,0.017290631,-0.000313896,0.004396357,0.0003035,-0.001653881,-0.004201996,0.10126957,-0.001830168,0.073280394,0.003028573,-0.043332815
-0.000396935,0.016658522,-0.00027808,0.007669833,0.000190441,0.005860471,-0.006614338,0.19273683,-0.00375159,0.14491801,0.000185154,0.04310235
-0.000805284,0.025838258,-0.000803007,0.020912087,0.000311051,-0.0010526,-0.005705272,0.23436643,-0.003155185,0.15046203,0.002274655,0.0090156
-0.000545013,0.016552683,-0.000211373,0.016614834,0.000265011,0.006569603,-0.002529378,0.064052805,-0.005080992,0.20881875,0.00038892,0.082424313
-0.000263814,0.013415078,-0.001019345,0.020666577,0.000479757,-0.004510777,-0.005284236,0.19462141,-0.003013211,0.15436983,0.002489976,0.031035362
-0.000306954,0.009275365,-0.000385162,0.011357368,0.000159484,0.000204991,-0.002724338,0.05696195,-0.004450436,0.1641881,0.001797268,0.034443576
-0.000192643,0.005919674,-0.000533966,0.014492156,0.000352699,-0.002643622,-0.001939426,0.044892732,-0.003337216,0.17314088,0.004929486,0.041927159
-0.000417992,0.009987386,-0.000665162,0.014704622,0.00020133,0.002756337,-0.003538401,0.10552234,-0.000164602,0.094116807,0.001473545,0.034957577
-0.000136527,0.003700369,-0.000662712,0.014154496,0.000319935,-0.000327972,-0.002045683,0.024074782,-0.0028512,0.15193093,0.002193458,-0.000934653
-0.000386169,0.011958089,-0.000509384,0.017913848,3.68053E-05,0.002230203,-0.00411738,0.033992689,-0.000150182,-0.028911557,0.000112613,0.024204683
-0.000593305,0.017804485,-0.000721972,0.015440263,7.08462E-05,0.004324758,-0.00291878,0.076480746,-0.00454569,0.14592017,0.003122048,-0.021188408
-9.10622E-05,0.003253205,-0.000198204,0.0073507,0.000460295,0.001181067,0.001713134,-0.063653253,-0.001711066,0.10127719,0.000777066,0.069945469
-0.00069806,0.023566063,-0.000778285,0.018541759,0.000328204,0.001613256,-0.005362748,0.15497211,-0.007101809,0.20548737,0.002036075,0.036376163
-0.000575612,0.01530866,-0.000768508,0.013587958,0.000573851,-0.008107806,-0.005561596,0.10097457,0.000386464,-0.004742198,0.002533127,-0.041890219
-0.000197635,0.002954153,-0.00081667,0.017004075,-3.24179E-05,0.004758216,-0.002611646,0.071582198,-0.005411915,0.19999248,0.002619027,0.029754149
-0.000261655,0.002121436,-0.001003985,0.02034246,0.000362301,0.002352141,-0.003609143,0.067857549,-0.012604063,0.37823281,0.005789635,0.030731026
-0.000344237,0.010923341,-0.000588428,0.011716633,0.000453319,-0.004563229,-0.00171645,0.067875691,-0.002628562,0.17496926,0.004840504,-0.032403942
-8.35336E-05,0.000673483,-0.000797207,0.014562331,0.000217689,0.000888247,-0.0023378,0.005776098,-0.002428624,0.10606917,0.001759014,0.043249417
-0.000224765,0.000303538,-0.000443487,0.009452676,0.000379614,-0.007887503,-0.001221509,0.013897393,-0.005355668,0.18994944,0.001861082,0.021743048
-0.000656898,0.01299827,-0.000486851,0.012806947,0.000419229,-0.005248519,-0.005033021,0.12295285,-0.006680212,0.2026033,0.003975259,-0.016618155
-0.000206858,-0.001161848,-0.000609964,0.009061833,0.000116027,0.001507571,-0.002121639,0.039752185,-0.0040444,0.16647209,0.00097677,0.057052072
-0.000798167,0.025767446,-0.000488339,0.017054066,0.000378128,-2.38659E-05,-0.002713423,0.089595661,-0.00220077,0.10004984,0.001107943,0.05834306
-0.000513433,0.018207407,-0.00058249,0.006964046,0.000468124,0.000750066,-0.004365709,0.092045046,-0.007474295,0.20952824,0.002813737,0.030553464
-0.000276695,0.002270989,-0.000283762,0.007103746,0.000169895,0.005785944,0.000939191,-0.12469798,-0.004088498,0.11111274,0.000227222,0.007189241
-0.000139268,0.005158185,-0.000632823,0.013267241,0.000388647,-0.00303889,7.0038E-05,0.004016416,-0.004957676,0.17707004,0.001743664,0.029293453
-0.000738192,0.019382672,-0.000472074,0.009655949,6.1603614e-06,0.00398632,-0.001860931,0.014818659,-0.003908689,0.15048543,0.001222202,0.040705871
1.81734E-05,-0.002680049,-0.00068279,0.011280654,0.000324817,0.000293798,-0.001737383,0.006997256,-0.008204239,0.29522219,0.002067727,0.015590585
-5.54372E-05,0.004461302,-0.001132842,0.025355212,0.000419957,-0.001264191,-6.22477E-05,0.007847389,-0.010140835,0.34145477,0.005088797,0.026520172
-0.000120649,-0.001494095,-0.000520525,0.012665433,0.000511855,-0.004967672,-0.001883881,-0.090423003,-0.005090482,0.15098636,0.002648215,-0.0437943
-0.000304984,0.006682504,-0.000893575,0.012113863,0.000304293,0.00029783,0.000740475,-0.018400863,-0.009669934,0.30369782,-0.000393582,0.14657949
-0.000438568,0.015801031,-0.000459614,0.011961688,0.00021328,0.005031222,-0.002685441,0.044042788,-0.00312852,0.14549157,0.001249932,0.038597953
-0.000331784,0.008081223,-0.000456323,0.010846634,0.000229925,0.00345222,-0.002649635,0.016304091,-0.00339605,0.13996573,0.001963978,0.033176653
-0.000204654,0.010990224,-0.000355985,0.015955113,0.000416583,0.002890886,0.000963984,0.018795112,-0.004763349,0.3017897,0.004961775,0.087055609
-0.000635962,0.016736427,-0.000285445,0.005065567,0.000274971,0.002169599,-0.003307181,0.049535003,-0.000207023,0.066341989,0.001542935,0.027443429
-0.000525972,0.014980699,-0.000299061,0.007515356,0.000379419,-0.000620223,-0.001786136,0.084810972,-0.003549203,0.11231443,0.003395294,-0.038981207
-0.000503794,0.009271205,-0.000616074,0.014079883,0.000160412,-0.002173409,-0.003221582,0.054356139,-0.004270914,0.13541508,0.002818279,-0.011599911
-0.000590747,0.022642791,-0.000395132,0.014269887,0.000348356,0.002517184,0.000245667,0.045323003,-0.001065775,0.070205189,0.000685745,0.057699904
0.000119691,-0.002236393,-0.001129281,0.024280628,0.000439324,0.000588096,1.35064E-05,-0.034729574,-0.005222325,0.15647696,0.001608758,0.014169355
-8.9699E-05,0.002839722,-0.000576857,0.009589375,0.000241735,-0.000160379,-0.002305648,0.070795849,-0.003665422,0.13112456,0.001041328,0.055670284
-0.000773539,0.021361483,-0.000491839,0.00775677,0.000479686,-0.005429434,-0.003258269,0.070227474,-0.002667398,0.075446978,0.002434967,-0.031039955
-0.000234122,0.004783643,-0.000151488,0.00917405,0.000466178,0.004106909,8.89774E-05,0.018243654,8.99619E-05,0.045549929,0.001053164,0.057500605
-0.000241422,0.011824135,-0.000705721,0.013034068,0.000248306,0.004847626,-0.004142507,0.15605423,-0.006023424,0.23988459,0.000559612,0.086354934
-0.000185186,0.006762252,-0.000742465,0.010508235,0.000246454,0.004170501,-0.002799536,0.021614924,-0.006703666,0.21026456,-0.000348392,0.015405814
-0.000442989,0.011525666,-0.000390035,0.013124431,0.000350945,0.001055552,-0.001032698,0.038604435,-0.003210774,0.19820328,0.005066857,0.044085752
-0.000755804,0.024420587,-0.000406491,0.008581783,0.000343285,0.00285511,-0.003213928,0.13632004,-0.003854111,0.15803912,0.002912126,0.029161859
-8.93394E-05,0.004600475,-0.000505866,0.00562972,0.000154769,0.002472343,0.000322722,-0.037112888,-0.005111556,0.14626205,0.000884866,0.035110671
-0.000587081,0.017537836,-0.000402446,0.011792935,0.000182568,0.001635544,-0.003038789,0.072912566,-0.003948376,0.17250466,0.001001421,0.045770951
-0.000705731,0.021447647,-0.000690851,0.010776708,0.000324606,0.004008581,-0.003085247,0.076919697,-0.007989986,0.25026861,0.004338358,0.003222235
-0.000442392,0.01743683,-0.00054949,0.011994369,0.000222621,-5.33E-06,-0.002396275,0.079938248,-0.003200792,0.051289037,0.002503861,0.038180321
-0.000351279,0.009616738,-0.000474255,0.0073487,0.000212694,-0.000194932,-8.54291E-05,0.000188306,-0.000190681,0.062622435,0.004740557,-0.005232299
-0.000382321,0.011729976,-0.000210759,0.000506421,0.000395415,0.003033955,-0.002627921,0.10070767,-0.004358857,0.18778394,0.000462603,0.097934403
-0.000591245,0.016882796,-0.000776405,0.02157728,0.000412533,4.3183345e-06,-0.003757229,0.079258211,-0.002918943,0.090785608,0.002072348,-0.004718294
-0.000475423,0.014349634,-0.000530797,0.010820306,0.000231356,0.001327343,-0.002961684,0.079343505,-0.004159578,0.14423972,0.001619831,0.027613487
-0.00022582,0.008264537,-0.000451866,0.013655687,0.00032996,0.006156665,-0.00049457,0.003171088,-0.006211838,0.22013849,0.00182929,0.075577863
-0.000989323,0.030773956,-0.000813075,0.01790061,0.000522847,0.00539974,-0.001361638,0.041286897,-0.00648609,0.20999402,0.005097555,-0.016367404
-0.000625008,0.014758751,-0.00067677,0.014884825,0.000456846,-0.001466979,-0.005431883,0.14648551,-0.008131449,0.31957987,0.003976362,0.04618796
-0.000368321,0.013113311,-0.000698754,0.016195619,0.000212063,0.002633463,0.000767906,-0.034942444,-0.005053768,0.14177519,0.001312106,0.05649545
-0.000485152,0.011215935,-0.000593114,0.01295457,0.000244355,-0.001122997,-0.000127211,-0.049058866,-0.004140873,0.16147006,0.003463273,-0.010636035
-0.000292175,0.006299886,-0.000462964,0.007353528,0.000523821,-0.003194056,-0.003068982,0.11647582,-0.003357178,0.1818746,0.005066559,-0.008065247
-0.000105859,-0.003705612,-0.001073342,0.024067715,0.000353737,0.002472262,-0.001888398,0.036536649,-0.005345287,0.20375891,0.003684093,0.089468859
-0.000653958,0.018781472,-0.000664095,0.007646432,0.000263349,-0.001322199,-0.004515708,0.16827345,-0.003398329,0.120871,0.001670815,0.032493666
-0.000812953,0.029136688,-0.000303043,0.010715943,0.000420208,-0.003215826,-0.003571565,0.13093229,-0.002773457,0.11125614,0.004031285,-0.015614741
-7.46959E-05,-0.001177665,-0.001004119,0.012413348,0.000292797,-0.005729067,-0.00105134,-0.006455015,-0.002438451,0.058493342,0.001465963,-0.011870666
-0.000318189,0.008852568,-0.000591633,0.008057152,0.000156763,0.002829313,-0.001133919,-0.002857769,-0.004212322,0.13965929,0.000622059,0.043819997
-0.000697051,0.019364128,-0.000468301,0.002319099,0.000350692,0.000957402,-0.002741349,0.091176562,-0.004909196,0.19561891,0.001857606,0.042505562
-0.000757365,0.0200205,-0.000365399,0.008343119,0.000160275,0.003193091,-0.004691507,0.10233271,-0.00429544,0.16277999,0.00015489,0.068886258
-0.000163153,0.002523653,-0.00050263,0.006504564,0.000307982,0.00506276,-0.00080615,-0.0268033,-0.013984605,0.37204292,0.001623056,0.075017974
-0.000390469,0.013601351,-0.000472338,0.012619928,0.00032062,0.002640687,-0.001085495,0.024319699,-0.001085588,0.058207225,0.001898676,0.016069867
-0.000618949,0.024220159,-0.00027408,0.009161192,0.000476965,-0.00319611,-0.005430667,0.17024603,-0.003508087,0.15011474,0.00334709,0.006833786
-0.000116102,0.000456644,-0.000446751,0.009915808,8.13858E-05,0.004473876,-0.001893249,0.019051727,-0.004452041,0.2068067,0.001574381,0.056139447
-0.000820639,0.031228669,-0.000360416,0.012962946,0.000423615,-0.002041104,-0.001835497,0.050030693,-0.001314855,0.070731826,0.002322597,0.018084953
-0.000575594,0.018052122,-0.000449399,0.013718819,2.97808E-05,0.002330128,-0.00277148,0.027284037,0.00325334,-0.043493401,0.004889023,-0.088984258
-9.63711E-05,0.000588235,-0.000349289,0.000431094,0.000111011,0.009262404,-0.001319952,-0.000699008,-0.002496998,0.14963998,0.001729388,0.079019189
-0.00072577,0.028113822,-0.00037062,0.00573625,0.000286475,0.0033815,-0.004580386,0.15351091,-0.001319269,0.12496267,-0.000165334,0.052682489
-0.000148995,0.004384644,-0.00071754,0.011679826,0.000174881,-0.001768063,-0.001574912,0.055442955,-0.00429211,0.13500738,0.001390746,0.02122777
-0.000429745,0.014435978,-0.00065178,0.014209808,0.000178766,0.002291233,-0.004140313,0.10538401,5.1816864e-06,0.030881755,0.000465646,0.043365583
-0.000111182,0.005727493,-0.000597934,0.011686092,0.000307243,0.004147629,-0.004007929,0.14892557,-0.002630977,0.17703526,0.002532291,0.061622027
5.71584E-05,-0.00505235,-0.000532999,0.007386417,0.000293792,0.002681411,0.001997341,-0.17716959,-0.002408283,0.13474564,0.000291004,0.063426107
-0.000297543,0.01345813,-0.000544398,0.007832385,0.000267135,0.002479829,-0.001170766,0.03776313,-0.003152724,0.13281038,0.001755483,0.040433969
-0.000415237,0.01249691,-0.000329607,0.003690627,0.000367841,0.003451731,-0.002246471,0.070971504,-0.001934678,0.11729103,0.000753912,0.058951776
-0.000118939,-0.000664047,-0.001022608,0.017779179,7.38171E-05,0.006348325,-0.002688864,0.026638368,-0.00719374,0.21711427,0.002050269,0.023121884
-4.9768E-05,-0.002025107,-0.000567942,0.011006473,0.000310362,0.001095387,-0.000287402,-0.056622326,-0.005081009,0.21097292,-0.00128286,0.16832022
-0.000486615,0.010211303,-0.000376782,0.007540255,-5.14633E-05,-0.001634356,-0.001854228,0.038546618,-0.003372945,0.10669691,0.002591918,0.034549586
-0.000616106,0.020236356,-0.001334522,0.031951901,0.00040681,0.000581089,-0.003309741,0.073147513,-0.005585525,0.15052332,-1.57017E-05,0.033295717
-0.000597381,0.017721675,-0.000546952,0.021092182,0.000232739,0.004290672,-0.001669478,0.051291391,-0.000353841,0.072836816,0.001003595,0.043809727
-0.000946636,0.029488824,-0.000258575,0.007084862,0.000288896,0.005816418,-0.002325645,0.10492682,-0.001572902,0.10179575,0.000225297,0.05163534
5.37914E-05,-0.001077367,-0.000851919,0.017403072,0.000179973,0.003192897,0.001383406,-0.062826477,-0.00243977,0.14312196,0.000442535,0.067733571
-0.000280393,0.003092989,-0.000506609,0.004759989,0.000237315,-0.001062456,-0.003970419,0.095115677,-0.005697891,0.14774054,0.00262633,-0.009225299
-0.000724031,0.025545441,-0.000445168,0.002753916,0.000110113,0.007473863,-0.003261733,0.062749885,-0.005941373,0.19236504,0.002123682,-0.046795059
-0.000227516,0.007931648,-0.000470736,0.003635478,0.000282492,0.004688447,-0.003984114,0.17977308,-0.004820358,0.18074447,0.000241626,0.074615367
-0.000268067,-0.00013109,-0.000566328,0.010487415,0.00055409,-0.000883639,-0.001748934,-0.022670301,-0.006167213,0.18426588,0.005396633,0.045522731
-0.000471897,0.010957207,-0.000803511,0.016919143,-7.40661E-05,0.003597833,-0.00397773,0.11973071,0.000848786,0.03936255,0.001682686,0.06510444
-0.000462167,0.014458372,-0.000422379,0.013399448,0.000224225,0.001997058,-0.002496288,0.087700598,0.002766658,0.03309764,0.002078343,0.043568354
-0.000336108,0.006481973,-0.00047356,0.012305464,0.000231883,0.00345915,0.00057308,-0.066881888,-0.005311956,0.19624746,0.001643548,0.025310017
-0.000324404,0.010695872,-0.000584581,0.011441014,0.000169214,0.003672033,-0.001494401,0.071802557,-0.008052477,0.25936344,0.002459143,0.000120067
-0.000355875,0.009930125,-0.00099136,0.015326149,3.78252E-05,0.00747683,-0.003652682,0.071844175,-0.004264501,0.15913786,0.000878015,0.024961777
-0.000522507,0.00998953,-0.000336961,0.011037612,0.00034524,0.002946813,-0.001837204,0.024260988,-0.005645966,0.19054727,0.001299106,0.057209339
-0.000454534,0.012033059,-0.00048098,0.014791991,0.000270254,0.001653148,-0.001865753,0.020413389,-0.004895064,0.1813432,0.00206674,0.016891513
-0.000809684,0.025371661,-0.00047148,0.015202348,0.000138294,-8.87678E-05,-0.004184991,0.10599066,-0.003055654,0.1002536,0.000542185,0.039185613
-0.000259499,0.000587101,-0.000522337,0.011975672,0.000290332,0.000407746,-0.001014681,0.000229232,9.55286E-05,0.032912038,0.000704895,0.052209809
-0.000538066,0.017514894,-0.000797715,0.014257672,0.000159635,-0.000729381,-0.004858471,0.16993943,-0.00442986,0.20474555,0.003750699,-0.000376204
-0.000182565,0.005482142,-0.000575384,0.014519127,0.000488475,-0.000620061,-0.000848504,-0.005965933,-0.007327962,0.22739802,0.001227351,0.057267029
-0.000526053,0.009915151,-0.000582335,0.016957233,0.000359354,-0.003918314,-0.002360391,-0.024536584,-0.003546753,0.15678245,0.001934535,0.004333145
-0.000841857,0.024639633,-0.001194899,0.027272416,0.000500977,0.000578075,-0.005297999,0.19124462,-0.005718149,0.20999791,0.002637466,0.025126865
-0.000481791,0.008814525,-0.000524487,0.014322943,0.000456372,-0.004011601,-0.000889876,-0.050288577,-0.003875479,0.16017435,0.001886985,0.039613865
-0.000270837,0.002640971,-0.001188807,0.025525071,0.000296181,0.002004228,0.000288312,-0.037156373,-0.002823969,0.20074601,0.002682484,0.026325596
-0.000768603,0.022103123,-0.001058082,0.015034702,0.000154617,0.00261033,-0.006430234,0.18086924,-0.001348389,0.064666167,-0.000832509,0.064555079
-0.000257244,0.011740159,-0.000862267,0.020825287,0.000312941,0.002140132,-0.003641126,0.16623169,-0.003500565,0.20592451,-0.000563226,0.10339342
-0.000501328,0.015375652,-0.000698238,0.012859127,0.00016423,0.002548485,-0.006516701,0.13642961,-0.002589683,0.018323068,0.003938458,-0.092005111
-0.000387283,0.007969668,-0.000373827,0.004218788,0.000407464,0.000945691,-0.001587194,0.014799808,-0.003281971,0.16219623,0.006493974,0.053204909
-0.000620989,0.015377853,-0.000487799,0.010620666,8.31994E-05,-0.000185079,-0.002589675,0.10187981,-0.00220547,0.10502891,0.001503305,0.040611908
-0.000685903,0.028169995,-0.000389618,0.009147868,7.51599E-05,0.005130217,-0.001445252,0.052921493,-0.004087964,0.14563753,0.001597234,0.039862175
-0.000611451,0.013254077,-0.000794768,0.020794049,0.000473219,5.06355E-05,-0.002723486,0.032716688,-0.003277634,0.1922019,0.002284399,0.048402008
3.42E-05,0.000279836,-0.000844159,0.007679948,5.0064E-05,0.00258048,-0.002066904,0.043160565,-0.003946261,0.15246296,0.00038932,0.017886149
-0.000834321,0.029288394,-0.000292617,0.004686383,0.000250855,0.000159483,-0.003484652,0.092578679,-0.002341558,0.10716493,-0.000138596,0.040679879
-0.00067934,0.027890336,-0.000581034,0.009828224,0.000161826,0.005566136,-0.002112606,0.11086885,-0.000893029,0.086374059,0.000720646,0.070922352
-0.000561989,0.016682025,-0.000750984,0.013828071,0.000218023,0.001222297,-0.003894684,0.072930142,-0.004255063,0.11137778,0.000404985,0.03393646
-0.000722398,0.017442679,-0.000771099,0.017137399,0.00012619,0.001798047,-0.004188081,0.094923504,-0.004137804,0.12482833,3.41108E-05,0.056760941
-0.00038161,0.009593337,-0.000670209,0.014701196,0.000126662,0.001627771,-0.004841419,0.023433711,0.00191195,-0.067623504,0.000738848,0.02035268
-0.000351567,0.010969413,-0.000299119,0.005383542,0.000456314,-0.002074442,-0.006482031,0.20893291,-0.005319563,0.18476221,0.003739712,0.00855142
-0.000865395,0.03530781,-0.000356245,0.013038991,0.000118328,0.003863916,-0.005633687,0.13718782,-0.00371801,0.09983518,0.002597824,0.011649199
-0.001124727,0.03963425,-0.000889411,0.021020841,0.000326994,0.003444566,-0.00414427,0.13291244,-0.006760563,0.22139955,0.001697863,0.080154322
-0.000444067,0.020425973,-0.00085754,0.022124622,0.000213719,-0.000260714,-0.001579358,0.039110307,0.000438702,0.020661497,0.000837709,0.036058355
-0.000692229,0.023020701,-0.000597122,0.002631905,0.000122363,0.003973606,-0.003962607,0.11950033,-0.003990279,0.19634642,-0.000764771,0.08104118
-0.000209142,0.007048089,-0.00053328,0.011606819,0.000270625,-0.000446096,-0.001884583,0.077875808,-0.004688802,0.17433807,0.000857009,0.056624942
0.000103872,-0.00755943,-0.000726778,0.012687859,0.000129216,0.005504028,-0.001409977,-0.044154808,-0.004888318,0.16565453,0.00045084,0.069330938
-0.000651576,0.017001912,-0.000401028,0.009859043,0.000140796,0.003467666,-0.003154136,0.091732405,-0.003372951,0.15693811,0.001845953,0.07502953
-0.000341996,0.013720346,-0.000745087,0.011597784,0.000485212,-0.00037565,-0.001442569,0.098417625,-0.007157413,0.25419873,0.001804745,0.033319768
-0.000545875,0.013804357,-8.5193E-05,0.001621856,0.000401956,-0.001052433,-0.00206777,0.066133276,-0.002100809,0.078487761,0.000704553,0.036692135
-0.000766474,0.019253885,-0.000765852,0.01276591,0.000136654,0.000411862,-0.002970281,0.037823308,-0.005964533,0.17285265,0.001692856,0.012944453
-0.000213502,0.000694205,-0.000349734,0.008062521,0.000145053,0.002862315,-0.00136326,-0.014961741,-0.003799305,0.20711339,0.003532362,0.005420475
-0.000303257,0.010804975,-0.000518271,0.015152164,0.000212548,0.004372648,-0.001814637,0.079476908,-0.006345452,0.26381794,0.002215209,0.072247244
-0.000376048,0.010824651,-0.000377414,0.002904858,0.000223854,0.004116044,-0.005340421,0.12165183,-0.003015127,0.12283628,0.002228371,0.050591938
-9.10244E-05,0.000655106,-0.000731611,0.01226269,0.000484313,-0.002804056,0.000838143,-0.099969357,-0.005481851,0.20328149,0.002724189,-0.00738159
-0.000584514,0.018999606,-0.000678693,0.01924259,0.000487892,-0.001573906,-0.002462749,0.1110266,-0.003496565,0.12059554,0.00306322,0.002139519
-0.000381537,0.011630635,-0.000682215,0.019763492,0.000320125,-0.000435945,-0.001359009,0.046391424,-0.004023911,0.14243813,-0.001324848,0.052315112
-0.000513041,0.006760932,-0.000553127,0.00830917,0.000267204,-0.002390058,-0.005114892,0.13166016,-0.00336948,0.11437744,0.002708417,0.007956017
-0.000453483,0.019471275,-0.000304379,0.002198719,0.000252889,0.00236649,-0.003049006,0.17320012,-0.00256008,0.1520955,0.001022896,0.059056219
-0.000379158,0.008626015,-0.00033725,0.007833474,0.00012844,0.004809172,-0.002440866,0.051935956,-0.00225068,0.11340834,0.001845982,0.072645321
-0.000466879,0.013482089,-0.000840537,0.013426866,0.000150602,-0.001181942,-0.005367123,0.14298961,-0.007597264,0.2116423,0.001614929,0.019417176
-0.000629338,0.015466943,-0.000659165,0.019345248,0.000176218,0.001993528,-0.002312665,0.069672957,4.36523E-05,0.051175792,0.00129904,0.049562056
-0.000114073,0.001066299,-0.001059146,0.018899597,0.000243334,-0.000622884,-0.001070207,-0.006893913,-0.008992685,0.30541813,0.004213677,-0.012395924
-0.000616606,0.021845981,-0.000410069,0.00711191,0.000333076,0.003857556,-0.004635823,0.22524326,-0.004188347,0.20240298,0.002652242,0.10558588
-0.000494019,0.010180485,-0.001435418,0.026800342,0.000283786,-0.000657972,-0.0042885,0.15395096,-0.003198464,0.1854597,0.000552136,0.006657332
-0.000147635,0.005248169,-0.000549232,0.011231634,0.000406324,0.004995515,-0.003699562,0.12247966,-0.002867621,0.18650934,0.002075338,0.070638396
-0.00037846,0.006369027,-0.000354079,0.003956965,0.00035024,-0.002414979,-0.003864701,0.014000193,-0.002866119,0.10202073,0.003379509,-0.025749683
-0.00082946,0.026443165,-0.000808758,0.0214478,-8.09606E-05,0.009099547,-0.000832719,-0.017935382,0.000262653,-0.01345355,0.002916884,-0.042847861
-0.000191484,0.006078688,-0.000489464,0.004950804,0.000358674,0.006530166,-0.002436715,0.003983982,-0.006818703,0.20956175,0.001018887,0.063943818
-0.000148492,1.92464E-05,-0.000850259,0.015190067,0.000378604,-0.001423179,-0.00346106,0.14859584,-0.002026434,0.11525251,0.001410682,0.021704517
-0.000602113,0.014721135,-0.000640039,0.010426663,0.000376175,-0.001632083,-0.004570349,0.1011979,-0.009651165,0.31710291,-0.00128355,0.10165391
-0.0004403,0.020009562,-0.000511991,0.015077254,0.000159956,-0.001129293,-0.00441075,0.11223759,-0.004331138,0.13260964,0.000144017,0.045093145
-0.000510779,0.019062677,-9.16117E-05,-0.005433306,0.000349238,0.000870397,-0.003235414,0.08346498,-0.002928551,0.11251013,0.001804423,0.033293195
-0.000775143,0.020752771,-0.000879771,0.017312611,0.000369424,0.0003862,-0.004351681,0.066765189,-0.00958354,0.30463216,0.001814649,0.025640201
-0.000842162,0.024969637,-0.000395821,0.014402745,0.000357955,-0.001468783,-0.004425544,0.084550582,-0.002963802,0.092526034,0.002397627,-0.008394359
4.76387E-05,0.000539037,-0.000440836,0.009598535,2.91029E-05,0.007840771,1.7617E-05,-0.008672677,7.09009E-05,0.050774522,0.002487528,5.59415E-05
-0.00052374,0.014029017,-0.001018199,0.015795277,0.000276938,0.002302771,-0.001054277,-0.059981953,-0.00515798,0.16971046,-0.000951027,0.029781379
-0.000664175,0.021168543,-0.00050438,0.009742566,1.76647E-05,0.004493094,-0.004945621,0.10653587,-0.005154356,0.15678716,0.001598857,0.039210726
-0.000307359,-6.55E-06,-0.001292205,0.031709131,0.000107058,0.001780662,-0.001279953,-0.041390862,-0.003083858,0.11131688,0.000788664,0.041397907
-0.000259907,0.006740712,-0.000345775,0.006670299,0.000380052,0.002360713,-0.007341253,0.13147952,-0.005480204,0.22287081,0.002494228,0.063323617
-0.000350289,0.011589114,-0.000468687,0.014204123,0.000122474,0.006463244,-0.00162101,0.015902672,-0.006905513,0.2768251,0.000756997,0.04021081
-0.000498111,0.009980018,-0.000695015,0.016635636,0.00030399,0.002750792,-0.001924052,0.049832687,-0.001164871,0.094666451,0.002247086,0.043906279
-0.000358833,0.007941528,-0.00051455,0.007719785,0.000305293,0.001495866,-0.001736364,0.046775993,-0.00024545,0.11745492,0.002020445,0.022134537
-0.001008744,0.034196824,-0.000697596,0.012856079,7.64627E-05,-0.00100678,-0.004118596,0.091128275,-0.005608103,0.11810786,-0.000251132,0.035127033
-0.00079427,0.02549273,-0.000571152,0.012588296,0.000214371,0.003718849,-0.004347575,0.090169214,-0.001403174,0.063503459,0.000557341,-0.008135815
-0.000137308,0.00590745,-0.000127143,0.002492919,0.000285047,0.001599112,-0.004143463,0.089620039,-0.000307821,0.054406177,0.000251859,0.019027023
-0.000316764,0.014708529,-4.67423E-05,-0.002830659,0.00037753,0.00314225,-0.000567053,0.007637045,-0.002318731,0.13203804,0.003192861,-0.042376153
-0.000687231,0.015137813,-0.00047376,0.010692914,0.000296028,0.001314152,-0.000484318,0.055018239,-0.005568748,0.20339389,0.000824497,0.064148381
-0.000348142,0.006549842,-0.000571368,0.015586358,0.000566607,0.000155661,-0.002475773,0.01659926,-0.01083968,0.41891539,0.004271313,0.053179041
-0.000286996,0.017696159,-0.000936794,0.023602532,0.000353454,-0.001293891,-0.002857711,0.081805721,-0.004065651,0.15285702,-7.40673E-05,0.025335317
-0.000389439,0.009590248,-0.000674792,0.014440193,5.88057E-05,0.002602942,-0.003464861,0.086834058,-0.004912535,0.15207331,-0.000168786,0.033185214
-0.00024195,0.003888722,-0.000408372,0.00449202,0.000141989,0.000127112,-0.003921261,0.068946168,-0.004439302,0.13935465,6.36491E-05,0.021527376
-0.000938224,0.02966892,-0.000829663,0.01766119,-8.92282E-05,0.003293815,-0.006618401,0.14240803,-0.003489427,0.085067295,0.000380824,0.016009985
-0.000123026,0.004764719,-0.000350302,0.007284247,0.0003319,0.002973039,-0.003159113,0.069620505,-0.005579084,0.18466569,0.00349149,-0.002564938
-0.000316228,0.011642393,-0.000396759,0.006910976,0.0001929,0.003755944,-0.00470946,0.1139564,-0.002834529,0.11449003,0.002066803,0.020432876
-0.000496911,0.008978442,-4.04512E-05,0.000839364,0.000151296,0.002137767,-0.00438323,0.10019293,-0.003189733,0.14217898,-0.00055007,0.057293542
-0.000565805,0.011002784,-0.000893204,0.018859291,-4.07143E-05,0.003019847,-8.09725E-05,0.006515825,-0.004501978,0.13092893,0.002455079,0.001101023
1.46342E-05,-0.000835522,-0.000819492,0.013559575,0.000240374,0.003489011,0.000922732,-0.062120959,-0.007839511,0.22925189,0.00154128,0.029929845
-0.000508488,0.015681135,-0.00060248,0.011243168,0.00014687,0.002031004,-0.002939382,0.076336853,-0.004569726,0.18988065,0.00229952,0.020421619
-0.000354156,0.00901598,-0.000441385,0.005186593,0.000324361,0.002497028,-0.004399264,0.11279481,-0.005772437,0.26954845,0.001549561,0.047413185
-0.000170484,0.004139511,-0.000436375,0.006272587,0.000336841,0.002714143,-0.002217146,0.045500807,-0.002824091,0.09826421,0.000882936,0.035497054
-0.000429076,0.007575626,-0.000399585,0.00430705,0.000397764,-0.001407465,-0.002069531,0.055357162,-0.006811934,0.19115371,0.000844264,0.041118834
-0.000582627,0.011590354,-0.000528432,0.015498074,0.000183629,0.002870945,-0.004312773,0.057891056,-0.003743293,0.11824192,0.000369006,0.052434444
-0.000449425,0.011936992,-0.000578196,0.009300439,0.000271694,0.000114001,-0.002126236,0.044920467,-0.002286618,0.092374071,0.000433402,0.010402652
-0.000701232,0.017856169,-0.000474936,0.010926992,5.04315E-05,0.001998349,-0.00418562,0.12941146,-0.003608333,0.11495373,0.000329273,0.038785089
-0.000718215,0.022217533,-0.000567996,0.008319731,-0.00024921,0.00851726,-0.00196818,0.00596634,-0.002802168,0.10462984,0.002731695,-0.058417097
-0.000407106,0.012685472,-0.000443614,0.00990101,0.000134185,0.004443155,0.001399741,-0.063837372,-0.00061547,0.046107106,0.002530386,-0.036339182
-0.000375418,0.009628474,-0.000650362,0.01322607,9.5572E-05,0.001079407,-0.004223193,0.099000268,-0.003724142,0.17196515,0.002576151,0.026130417
-0.000314739,0.01637166,-0.000410578,0.008851226,0.000144925,0.000934893,-0.003152815,0.10868097,-0.005190914,0.1979782,0.001119527,0.023740277
-0.000915339,0.02834125,-0.000704236,0.014651638,0.000616415,-0.0100311,-0.002446194,0.11250097,-0.003128388,0.10563924,0.001986666,-0.004566072
-0.000132281,0.001642319,-0.000345314,0.007573678,0.000320818,0.001745294,-0.000632484,-0.028552892,-0.00264077,0.16322538,0.002038864,0.0577952
-0.000612828,0.019012099,-0.000733213,0.018918071,-5.45763E-05,0.005939321,-0.003449444,0.07439436,-0.005565841,0.17509741,0.001214699,0.051212929
-0.00042235,0.013002601,-0.000978286,0.021283317,0.000742306,-0.005989961,-0.002954216,0.1299834,-0.010297551,0.3353031,0.004774897,-0.034342028
-0.000453398,0.009031734,-0.000544187,0.01143516,0.000209356,0.001131417,-0.002783167,0.018642901,-0.004886088,0.1662229,0.000306551,0.029179029
-0.000627856,0.0223912,-0.000316249,0.014913681,0.000327287,0.00066318,-0.00299423,0.1202097,-0.004771964,0.25009516,0.001757974,0.032106634
-0.000375605,0.010122207,-0.000342024,0.009413415,-0.000118256,0.006521535,-0.000846155,-0.010350286,-0.002984385,0.12456539,0.000285902,0.021020854
-0.000466585,0.005197722,-0.000221348,0.003582252,0.000196789,0.002770925,-0.003990872,0.006753966,-0.004871271,0.19212317,0.00272809,0.056386452
-0.00039876,0.010710101,-0.000421006,0.01581388,0.000433618,-0.00103895,-0.000116123,0.004294961,-0.006198695,0.19263001,0.002377894,0.039386023
-0.000343012,0.01008219,-0.000779645,0.015037293,-2.96115E-05,-0.003232218,-0.002418026,0.064088784,-0.003368076,0.077230297,0.000230816,0.057776157
-0.001085204,0.038046598,-0.00081911,0.016120804,0.000375268,-0.001567649,-0.003286774,0.094047524,-0.006882206,0.18221471,0.000887627,0.03940881
-0.000819054,0.023787756,-0.000701733,0.018902479,0.000288837,0.000462467,-0.004609055,0.14080393,-0.004477332,0.15433371,0.000658619,0.069821164
-0.000490002,0.012187144,-0.000418466,0.001868466,0.000349928,-0.001455425,-0.005342726,0.10278109,-0.003225901,0.14816926,0.004929429,-0.013537817
-0.000260876,0.001190506,-0.000663742,0.019010605,0.000518182,-0.005762741,-0.00081068,-0.032197524,-0.003007143,0.14480761,0.001824443,0.071602494
-0.000354142,0.009932084,-0.000582344,0.008614,0.000313719,0.002664696,-0.003036268,0.10460789,-0.004133231,0.19025327,0.000730564,0.061246093
-0.000590762,0.016285885,-0.000350829,0.010175816,0.000442855,-0.00323737,-0.001132595,0.04548886,-0.003730613,0.15365344,0.001588919,0.015899085
-0.000938876,0.029802557,-0.001020694,0.020269906,1.56651E-05,0.008014393,-0.002589301,0.053201552,-0.001852999,0.038852673,0.004063604,-0.058867496
-0.000384202,0.015486032,-0.000651619,0.01728203,0.000235032,0.001722633,-0.000806653,0.003221642,-0.000178162,0.026001247,0.001777435,0.0090802
-0.000401443,0.013986487,-3.11345E-05,0.000220571,0.000204353,0.004096516,-0.004697718,0.11252307,-0.006870682,0.20004107,0.002113832,0.000666544
-0.000434049,0.011742735,-0.000230763,0.002914045,0.000253111,-0.003105954,-0.004801985,0.089173898,-0.00209137,0.1194974,0.000131253,0.063927822
-0.000124348,0.005040155,-0.001486992,0.033246215,0.000290056,0.001849891,0.000283711,-0.005286296,-0.003459451,0.1558139,0.001891755,0.041934282
-0.000677554,0.025067253,-0.000402663,0.007943886,0.000310923,0.002081421,-0.000519872,0.077888221,0.000199118,0.029236002,0.003641361,-0.035830904
-0.000652126,0.021109195,-0.00023004,0.003107562,3.64947E-05,0.00461938,-0.00404205,0.14589413,-0.003611356,0.14653216,0.001014075,0.05420867
-0.000341108,0.008266876,-0.000697512,0.018374603,0.000331604,0.002074804,-0.001824482,0.022338398,-0.004797406,0.21610822,0.002127304,0.043018978
-0.000378827,0.005490956,-0.001295828,0.029684624,0.000329171,-0.003765197,-5.59854E-05,-0.052665107,-0.003186001,0.15336207,0.00339712,-0.004503566
-0.000482705,0.016843775,-0.000411775,0.006344894,0.000373995,0.000459281,-0.000738445,-0.015432755,0.000234861,0.021724595,0.000984764,0.0405371
0.000112809,-0.006378308,-0.000868282,0.008192743,0.000129914,0.003085006,0.000430015,-0.054254744,-0.007623419,0.21580039,0.002282334,0.060293086
-0.000457889,0.01281027,-0.000562269,0.013049168,0.00017489,-0.000347011,-0.004485661,0.13269204,-0.002327461,0.10411944,0.002244998,-0.004115452
-0.000184298,0.004698812,-0.000804539,0.009837101,0.00057199,-0.001885424,-0.002768374,0.039298762,-0.006298838,0.20394108,0.004099065,0.009712573
-0.000315254,0.007012471,-0.000695147,0.010760397,7.99916E-05,-0.000281781,-0.00072007,0.031725325,-0.002957963,0.13677333,0.002178922,0.040288646
-0.000845611,0.022991765,-0.000608441,0.014412338,0.000218362,-0.001075816,-0.002652697,0.10796894,-0.004571097,0.16071507,0.002963755,0.044573259
-0.000524614,0.013069286,-0.000608266,0.016292008,0.000258017,0.002311874,-0.002534665,0.017294725,-0.004212462,0.17578445,0.000249335,0.031982649
-0.000737547,0.016485861,-0.000211099,0.008635311,0.000253024,0.002565058,-0.00204872,0.000269517,-0.004288519,0.15603681,0.001879714,0.04003774
-0.000567568,0.018724371,-0.000590855,0.008412677,0.000429556,-0.004617409,-0.00253301,0.097304836,-0.004071507,0.12877192,0.002913613,-0.027971933
-0.000316663,0.013475978,-0.00065652,0.007292802,0.000217357,0.003124357,-0.0051022,0.16586182,-0.003503551,0.14289904,0.000578373,0.043903269
-0.00051248,0.011902285,-0.000366405,0.003453143,0.000282381,-0.001693464,-0.003560638,0.10708553,-0.003127738,0.12416912,0.002279406,0.016381904
-0.000374678,0.013835771,-0.000570184,0.007948305,-7.80886E-05,0.007869155,0.001030837,-0.055693656,-0.000387565,0.059151758,0.004468818,-0.063895613
-0.000591925,0.011652855,-0.000462518,0.014242914,0.000190766,0.006534934,0.000728538,-0.051008668,-0.005437501,0.21374024,0.002053741,0.07851091
-0.000653966,0.02641171,-0.000471672,0.008898934,0.000435278,-0.001017105,-0.002428618,0.10973119,-0.002919568,0.091689982,0.00129652,0.005432483
6.60853E-05,-0.001304922,-0.000876333,0.014436588,0.000218304,0.00258018,-0.001208221,0.008037492,-0.001912863,0.10524678,0.004510446,-0.030753091
-0.000305415,0.006156534,-0.000369799,0.010975808,0.000191888,0.002061011,-0.003258328,0.082869433,-0.002045745,0.098894231,0.000662992,0.043317031
-0.000424177,0.015227807,-0.000830459,0.023528747,0.000177871,0.00107609,-0.003445538,0.10492039,-0.001842877,0.10608499,0.00475848,-0.028750824
-0.000357324,0.007153796,-0.00102675,0.026063586,0.000409528,0.002951995,-0.002762402,0.029650096,-0.008262375,0.30254394,0.001386868,0.067451425
-0.00083717,0.018688066,-0.00091306,0.012030976,0.000220185,0.000261344,-0.005536481,0.14021753,-0.010698382,0.27701706,0.00224504,0.017514067
-0.000185023,0.000271694,-0.000100306,0.009033506,6.70307E-05,0.00435426,-0.00306615,0.058294002,-0.003917303,0.16295584,0.0031844,-0.00819427
-9.50648E-05,0.002548925,-0.000204967,0.003643947,0.000356599,-0.001650081,-0.001591687,0.005847314,-0.002799074,0.11985951,0.000908903,-0.006873674
-5.92233E-05,0.005880806,-0.000270095,0.003122089,0.0003836,0.003160695,-0.002426435,0.078515843,-0.001885944,0.13872534,0.001521331,0.042717777
-0.000349886,0.009710812,-0.001070597,0.017782537,0.000468984,-0.007804423,-0.001745345,0.065908358,-0.003022218,0.11134169,0.002911725,-0.026574522
-9.76396E-05,0.001656715,-0.001096251,0.018829614,0.000540979,-0.000994275,-0.000905757,-0.06515535,0.003007714,-0.081199214,0.000851111,0.01815358
-0.000452524,0.016088331,-0.000150268,0.009855905,0.000170965,0.004334996,-0.002062887,0.057558931,-0.000398396,0.057066206,0.001667019,0.048821907
-0.000498957,0.012795362,-0.0002994,0.002736427,0.000281725,0.003410391,0.00026394,-0.039087456,0.000588485,0.075545996,0.003028782,-0.047455423
-0.000343601,0.008117283,-0.001316402,0.02526255,0.000233967,0.001413019,-0.004926229,0.12070939,-0.007636176,0.25903058,0.002669447,0.008706057
0.000137562,-0.015643058,-0.000652806,0.011221316,9.64588E-05,0.003261717,-0.001668014,-0.013766286,-0.001638634,0.10161271,0.003333974,-0.014247999
-0.000478955,0.012154441,-0.000474206,0.00687703,0.000176898,-0.001726794,-0.002816664,0.11999278,-1.41194E-05,0.04820966,-0.000247814,0.059580982
-0.000224387,0.005546181,-0.000633611,0.007103871,0.000406885,-0.005003639,-0.005194194,0.18971005,-0.000480552,0.11933049,0.003268116,0.001634682
