country,code,continent,subcontinent,year,,gdppc,gdppc_wb,tem,pre,pop
Afghanistan,AFG,SA,SA_SA,2000,AFG2000,1163,1617.826475,13.71505459,0.235614139,20130327
Afghanistan,AFG,SA,SA_SA,2001,AFG2001,1220,1454.110782,14.02819833,0.228809239,20284307
Afghanistan,AFG,SA,SA_SA,2002,AFG2002,1280,1774.308743,13.88211499,0.307582672,21378117
Afghanistan,AFG,SA,SA_SA,2003,AFG2003,1292,1815.9282,13.37227332,0.337245809,22733049
Afghanistan,AFG,SA,SA_SA,2004,AFG2004,1260,1776.918207,14.05173371,0.30790275,23560654
Afghanistan,AFG,SA,SA_SA,2005,AFG2005,1352,1908.114782,13.42129644,0.368852832,24404567
Afghanistan,AFG,SA,SA_SA,2006,AFG2006,1367,1929.723897,13.92240404,0.342590386,25424094
Afghanistan,AFG,SA,SA_SA,2007,AFG2007,1528,2155.353068,13.61255727,0.318204082,25909852
Afghanistan,AFG,SA,SA_SA,2008,AFG2008,1557,2191.504356,13.57324774,0.28490177,26482622
Afghanistan,AFG,SA,SA_SA,2009,AFG2009,1824,2565.022086,13.82638557,0.38530094,27466101
Afghanistan,AFG,SA,SA_SA,2010,AFG2010,2026,2848.586061,14.19007427,0.290406266,28284089
Afghanistan,AFG,SA,SA_SA,2011,AFG2011,1961,2757.052587,13.5981239,0.316951366,29347708
Afghanistan,AFG,SA,SA_SA,2012,AFG2012,2123,2985.319145,13.17275502,0.369021827,30560034
Afghanistan,AFG,SA,SA_SA,2013,AFG2013,2165,3046.579931,14.02372259,0.361651143,31622704
Afghanistan,AFG,SA,SA_SA,2014,AFG2014,2144,3017.942544,13.24533936,0.300525622,32792523
Afghanistan,AFG,SA,SA_SA,2015,AFG2015,2109,2967.692067,13.86313008,0.400641984,33831764
Afghanistan,AFG,SA,SA_SA,2016,AFG2016,2101,2958.785399,14.39729104,0.362337884,34700612
Afghanistan,AFG,SA,SA_SA,2017,AFG2017,2096,2952.998916,13.95466518,0.30265594,35688935
Afghanistan,AFG,SA,SA_SA,2018,AFG2018,2061,2902.392113,14.23290916,0.270544767,36743039
Afghanistan,AFG,SA,SA_SA,2019,AFG2019,2080,2927.245144,13.89836196,0.391820684,37856121
Afghanistan,AFG,SA,SA_SA,2020,AFG2020,1968,2769.685745,13.28977605,0.390394077,39068979
Afghanistan,AFG,SA,SA_SA,2021,AFG2021,1516,2144.16657,14.43256714,0.227185158,40000412
Afghanistan,AFG,SA,SA_SA,2022,AFG2022,1563,1981.710168,14.57577914,0.295796482,40578842
Albania,ALB,E,SE_E,1990,ALB1990,4786.538478,5560.857871,12.19375331,0.941224727,3286542
Albania,ALB,E,SE_E,1991,ALB1991,3463.255693,4027.906145,11.17426265,1.027965878,3266790
Albania,ALB,E,SE_E,1992,ALB1992,3230.317069,3761.155998,11.85476008,0.912418947,3247039
Albania,ALB,E,SE_E,1993,ALB1993,3556.797082,4145.920351,11.78723891,1.00329792,3227287
Albania,ALB,E,SE_E,1994,ALB1994,3872.909497,4517.799525,12.81717087,1.075507096,3207536
Albania,ALB,E,SE_E,1995,ALB1995,4414.148572,5151.398136,11.6863169,1.273318094,3187784
Albania,ALB,E,SE_E,1996,ALB1996,4842.223161,5563.794027,11.36901979,1.33644364,3168033
Albania,ALB,E,SE_E,1997,ALB1997,4338.275981,4943.004777,11.6281885,0.958683821,3148281
Albania,ALB,E,SE_E,1998,ALB1998,4749.172238,5387.569078,12.18732851,1.115606032,3128530
Albania,ALB,E,SE_E,1999,ALB1999,5393.148348,6086.009594,12.52595314,1.257047335,3108778
Albania,ALB,E,SE_E,2000,ALB2000,5802.33786,6582.017424,12.8769548,0.873866375,3089027
Albania,ALB,E,SE_E,2001,ALB2001,6330.010878,7232.991688,12.45228774,0.892029785,3060173
Albania,ALB,E,SE_E,2002,ALB2002,6624.07559,7590.491197,12.69835183,1.197314021,3051010
Albania,ALB,E,SE_E,2003,ALB2003,6998.455015,8025.282577,12.38005873,1.116019201,3039616
Albania,ALB,E,SE_E,2004,ALB2004,7391.608296,8483.295331,12.12953765,1.158604488,3026939
Albania,ALB,E,SE_E,2005,ALB2005,7810.257709,8964.319409,11.68018197,1.193801604,3011487
Albania,ALB,E,SE_E,2006,ALB2006,8283.085131,9564.030709,12.12654291,1.145735522,2992547
Albania,ALB,E,SE_E,2007,ALB2007,8797.142183,10262.96841,12.9339603,1.164000634,2970017
Albania,ALB,E,SE_E,2008,ALB2008,9471.832539,11056.35351,12.95363556,1.118070983,2947314
Albania,ALB,E,SE_E,2009,ALB2009,9790.763135,11430.62383,12.78376847,1.471888145,2927519
Albania,ALB,E,SE_E,2010,ALB2010,10092.58903,11829.05515,12.63307962,1.48337334,2913021
Albania,ALB,E,SE_E,2011,ALB2011,10398.8039,12153.11597,12.42080959,0.834150046,2905195
Albania,ALB,E,SE_E,2012,ALB2012,10443.31936,12293.00369,12.99335716,1.14548726,2900401
Albania,ALB,E,SE_E,2013,ALB2013,10575.89811,12525.80101,12.99045246,1.165290701,2895092
Albania,ALB,E,SE_E,2014,ALB2014,10637.65348,12832.95013,13.15055829,1.506631719,2889104
Albania,ALB,E,SE_E,2015,ALB2015,10837.57793,13157.08875,13.01760027,1.141713705,2880703
Albania,ALB,E,SE_E,2016,ALB2016,11230.81126,13693.26623,12.95977066,1.233155188,2876101
Albania,ALB,E,SE_E,2017,ALB2017,11548.51106,14155.85373,12.84652561,1.123685828,2873457
Albania,ALB,E,SE_E,2018,ALB2018,11958.08303,14711.82852,13.5120917,1.030315681,2866376
Albania,ALB,E,SE_E,2019,ALB2019,12191.00388,15079.37405,13.50015555,1.329160329,2854191
Albania,ALB,E,SE_E,2020,ALB2020,11788.02863,14663.63869,13.21188143,1.092100892,2837849
Albania,ALB,E,SE_E,2021,ALB2021,12876.76262,16127.70485,12.88685039,1.249087133,2811666
Albania,ALB,E,SE_E,2022,ALB2022,13582.30037,17112.93794,13.46286118,0.983577835,2777689
Algeria,DZA,MENA,_ME,1990,DZA1990,8829,11728.54573,23.47871748,0.095483328,25375810
Algeria,DZA,MENA,_ME,1991,DZA1991,8517,11314.86474,22.79826569,0.088561701,25987928
Algeria,DZA,MENA,_ME,1992,DZA1992,8472,11241.41542,22.79669705,0.092577606,26628568
Algeria,DZA,MENA,_ME,1993,DZA1993,8110,10743.70635,23.01627754,0.067030709,27277048
Algeria,DZA,MENA,_ME,1994,DZA1994,7869,10414.03482,23.39022862,0.087009966,27887279
Algeria,DZA,MENA,_ME,1995,DZA1995,8013,10588.44337,23.49057048,0.085484704,28470191
Algeria,DZA,MENA,_ME,1996,DZA1996,8196,10808.87887,23.22496377,0.10060121,29033044
Algeria,DZA,MENA,_ME,1997,DZA1997,8148,10725.96735,23.60914342,0.095961028,29579301
Algeria,DZA,MENA,_ME,1998,DZA1998,8435,11094.88754,23.42321364,0.072831557,30054133
Algeria,DZA,MENA,_ME,1999,DZA1999,8584,11292.0373,23.55123645,0.09967668,30474354
Algeria,DZA,MENA,_ME,2000,DZA2000,8786,11558.22047,23.48839207,0.061932998,30903893
Algeria,DZA,MENA,_ME,2001,DZA2001,8926,11742.59468,23.68096924,0.069293515,31331221
Algeria,DZA,MENA,_ME,2002,DZA2002,9300,12213.12635,23.60287615,0.073192032,31750835
Algeria,DZA,MENA,_ME,2003,DZA2003,9835,12835.18144,23.71148631,0.109852821,32175818
Algeria,DZA,MENA,_ME,2004,DZA2004,10115,13226.76505,23.47336002,0.099184934,32628286
Algeria,DZA,MENA,_ME,2005,DZA2005,10566,13738.49564,23.45622904,0.075274631,33109249
Algeria,DZA,MENA,_ME,2006,DZA2006,10592,13920.69406,23.66347114,0.094984948,33623506
Algeria,DZA,MENA,_ME,2007,DZA2007,10776,14114.67452,23.51641088,0.092692575,34189416
Algeria,DZA,MENA,_ME,2008,DZA2008,10847,14206.77671,23.38188909,0.085442457,34816961
Algeria,DZA,MENA,_ME,2009,DZA2009,10825,14104.42817,23.73485511,0.096036907,35490445
Algeria,DZA,MENA,_ME,2010,DZA2010,11008,14496.42113,23.89916296,0.097932305,36188236
Algeria,DZA,MENA,_ME,2011,DZA2011,11114,14641.96409,23.65441262,0.099799288,36903376
Algeria,DZA,MENA,_ME,2012,DZA2012,11271,14697.53961,23.66905974,0.088036191,37646166
Algeria,DZA,MENA,_ME,2013,DZA2013,11361,14778.19143,23.39980138,0.092661934,38414171
Algeria,DZA,MENA,_ME,2014,DZA2014,11561,15073.76294,23.8134266,0.079033758,39205031
Algeria,DZA,MENA,_ME,2015,DZA2015,11752,15239.51715,23.68799047,0.08177757,40019529
Algeria,DZA,MENA,_ME,2016,DZA2016,11888,15511.68588,23.86720444,0.070512858,40850721
Algeria,DZA,MENA,_ME,2017,DZA2017,11809,15427.66419,23.73084929,0.079984597,41689299
Algeria,DZA,MENA,_ME,2018,DZA2018,11726,15343.42612,23.40808984,0.096975699,42505035
Algeria,DZA,MENA,_ME,2019,DZA2019,11627,15199.199,23.54074783,0.080793183,43294546
Algeria,DZA,MENA,_ME,2020,DZA2020,10845,14194.15575,23.73152364,0.062418341,44042091
Algeria,DZA,MENA,_ME,2021,DZA2021,11029,14496.86547,23.81617129,0.062948372,44761099
Algeria,DZA,MENA,_ME,2022,DZA2022,11198,14782.2003,23.99293826,0.058215263,45477389
Andorra,AND,E,SE_E,1990,AND1990,23272,50036.30078,8.54480244,0.999946276,52597
Andorra,AND,E,SE_E,1991,AND1991,22094,47624.96686,7.748936208,0.883884535,56667
Andorra,AND,E,SE_E,1992,AND1992,23163,45246.53307,7.880375007,1.345787495,60200
Andorra,AND,E,SE_E,1993,AND1993,20733,42605.65958,7.632285955,0.894783788,63272
Andorra,AND,E,SE_E,1994,AND1994,18513,42716.36564,8.92624123,1.016015078,64612
Andorra,AND,E,SE_E,1995,AND1995,17234,44375.02472,8.549330257,1.044949826,63912
Andorra,AND,E,SE_E,1996,AND1996,18000,46386.0912,7.876356123,1.494237298,63984
Andorra,AND,E,SE_E,1997,AND1997,18250,50032.35291,9.047255163,1.200541634,64700
Andorra,AND,E,SE_E,1998,AND1998,18500,51092.22224,8.24730434,0.756896397,65382
Andorra,AND,E,SE_E,1999,AND1999,18750,52921.04526,8.591193852,1.080417641,65710
Andorra,AND,E,SE_E,2000,AND2000,19000,54809.14417,8.851536756,0.945265078,65685
Andorra,AND,E,SE_E,2001,AND2001,21600,59109.01368,8.393006311,0.864169769,65852
Andorra,AND,E,SE_E,2002,AND2002,24200,61188.63709,8.757827678,1.117688642,66506
Andorra,AND,E,SE_E,2003,AND2003,26800,63656.19583,8.943006352,1.192733686,69486
Andorra,AND,E,SE_E,2004,AND2004,32800,64353.48581,8.376503867,0.829093986,74325
Andorra,AND,E,SE_E,2005,AND2005,38800,65114.80537,8.082663581,0.767793482,77421
Andorra,AND,E,SE_E,2006,AND2006,40650,66390.29373,8.974281011,0.777649788,79585
Andorra,AND,E,SE_E,2007,AND2007,42500,65534.11686,8.409656542,0.679951475,81877
Andorra,AND,E,SE_E,2008,AND2008,44900,60691.60515,8.263724788,1.172672599,83495
Andorra,AND,E,SE_E,2009,AND2009,46700,57203.97089,8.797058096,1.036420231,83888
Andorra,AND,E,SE_E,2010,AND2010,60467,58285.05778,7.663790346,1.092650535,80706
Andorra,AND,E,SE_E,2011,AND2011,60911,60470.46624,9.230178001,0.866344583,77783
Andorra,AND,E,SE_E,2012,AND2012,57893,58172.13239,8.546926795,0.809940092,76834
Andorra,AND,E,SE_E,2013,AND2013,55673,57332.15856,8.076323319,1.138217811,75194
Andorra,AND,E,SE_E,2014,AND2014,56579,59929.24447,9.376224746,1.181811768,73737
Andorra,AND,E,SE_E,2015,AND2015,56461,62105.15424,9.128299878,0.878652586,72174
Andorra,AND,E,SE_E,2016,AND2016,57455,64402.80924,8.890947659,0.894091712,72181
Andorra,AND,E,SE_E,2017,AND2017,56352,63239.65777,8.94093124,0.872427095,73763
Andorra,AND,E,SE_E,2018,AND2018,56208,63048.59856,9.523903436,1.426185099,75162
Andorra,AND,E,SE_E,2019,AND2019,56331,63215.89979,9.311534761,0.980774579,76474
Andorra,AND,E,SE_E,2020,AND2020,49728,55488.4903,9.557565061,1.144374693,77380
Andorra,AND,E,SE_E,2021,AND2021,53143,59332.20291,8.680292896,0.842717125,78364
Andorra,AND,E,SE_E,2022,AND2022,53845,63913.38351,10.18455807,0.829716534,79705
Angola,AGO,SSA,MA_SSA,1990,AGO1990,5793,7391.752354,21.74296901,1.035331081,11626360
Angola,AGO,SSA,MA_SSA,1991,AGO1991,5659,7218.441432,21.56802203,1.079274411,12023529
Angola,AGO,SSA,MA_SSA,1992,AGO1992,5158,6578.068575,21.71339618,0.929911948,12423712
Angola,AGO,SSA,MA_SSA,1993,AGO1993,3799,4843.155884,21.59172688,1.035985074,12827135
Angola,AGO,SSA,MA_SSA,1994,AGO1994,3729,4751.471649,21.66398096,0.982415317,13249764
Angola,AGO,SSA,MA_SSA,1995,AGO1995,4149,5284.703133,21.94435368,0.953199131,13699778
Angola,AGO,SSA,MA_SSA,1996,AGO1996,4557,5800.962514,21.72397637,0.989136113,14170973
Angola,AGO,SSA,MA_SSA,1997,AGO1997,4728,6015.186847,21.85778211,1.079195182,14660413
Angola,AGO,SSA,MA_SSA,1998,AGO1998,4790,6090.095878,22.1062781,1.02852558,15159370
Angola,AGO,SSA,MA_SSA,1999,AGO1999,4740,6021.229148,21.60772988,1.059262226,15667235
Angola,AGO,SSA,MA_SSA,2000,AGO2000,4728,6002.98914,21.68588338,1.054183857,16194869
Angola,AGO,SSA,MA_SSA,2001,AGO2001,4768,6049.163212,21.85421117,1.045080652,16747208
Angola,AGO,SSA,MA_SSA,2002,AGO2002,5242,6645.477766,21.96926469,1.075459977,17327699
Angola,AGO,SSA,MA_SSA,2003,AGO2003,5217,6609.214889,22.02606195,1.023321656,17943712
Angola,AGO,SSA,MA_SSA,2004,AGO2004,5589,7074.025947,21.78722599,1.060469325,18600423
Angola,AGO,SSA,MA_SSA,2005,AGO2005,6205,7845.890153,22.15486246,1.012708668,19291161
Angola,AGO,SSA,MA_SSA,2006,AGO2006,6677,8435.455047,21.58772477,1.082442741,20015279
Angola,AGO,SSA,MA_SSA,2007,AGO2007,7340,9263.980703,21.56668197,1.045281449,20778561
Angola,AGO,SSA,MA_SSA,2008,AGO2008,7866,9916.909351,21.54158916,1.060798552,21578655
Angola,AGO,SSA,MA_SSA,2009,AGO2009,7646,9629.091948,21.69736132,1.062157175,22414773
Angola,AGO,SSA,MA_SSA,2010,AGO2010,7690,9672.839224,21.87975242,1.040741282,23294825
Angola,AGO,SSA,MA_SSA,2011,AGO2011,7663,9627.020598,21.50288531,1.089998825,24218352
Angola,AGO,SSA,MA_SSA,2012,AGO2012,8011,10051.33991,21.57262768,1.072368463,25177394
Angola,AGO,SSA,MA_SSA,2013,AGO2013,8100,10150.9161,21.57687656,1.003228479,26165620
Angola,AGO,SSA,MA_SSA,2014,AGO2014,8183,10250.5924,21.5756477,1.053646688,27160769
Angola,AGO,SSA,MA_SSA,2015,AGO2015,7967,9980.929882,21.70751163,0.993055406,28157798
Angola,AGO,SSA,MA_SSA,2016,AGO2016,7488,9381.809726,21.94655487,1.012125543,29183070
Angola,AGO,SSA,MA_SSA,2017,AGO2017,7216,9042.117129,21.83860247,1.070094249,30234839
Angola,AGO,SSA,MA_SSA,2018,AGO2018,6879,8620.214664,21.67210441,1.056782685,31297155
Angola,AGO,SSA,MA_SSA,2019,AGO2019,6602,8274.542562,21.81850349,1.062578746,32375632
Angola,AGO,SSA,MA_SSA,2020,AGO2020,6030,7556.967928,21.73051034,1.065693321,33451132
Angola,AGO,SSA,MA_SSA,2021,AGO2021,5912,7408.126591,21.7357035,1.058518953,34532429
Angola,AGO,SSA,MA_SSA,2022,AGO2022,5906,7397.486427,21.6338494,1.057054809,35635029
Antigua and Barbuda,ATG,LA,C_LA,1990,ATG1990,17017,21074.57644,17.90972603,0.72698562,63066
Antigua and Barbuda,ATG,LA,C_LA,1991,ATG1991,17304,21424.29119,17.94023028,0.638906832,63387
Antigua and Barbuda,ATG,LA,C_LA,1992,ATG1992,17227,21330.27319,18.00680934,0.862825648,64404
Antigua and Barbuda,ATG,LA,C_LA,1993,ATG1993,17812,22051.43732,18.08726997,0.61265104,65587
Antigua and Barbuda,ATG,LA,C_LA,1994,ATG1994,18651,23081.66391,17.96797907,0.548037448,66843
Antigua and Barbuda,ATG,LA,C_LA,1995,ATG1995,17492,21639.60206,18.2121019,0.656087423,68189
Antigua and Barbuda,ATG,LA,C_LA,1996,ATG1996,18273,22597.31451,18.1621602,0.726897678,69612
Antigua and Barbuda,ATG,LA,C_LA,1997,ATG1997,18889,23350.30939,18.43123892,0.657865754,71053
Antigua and Barbuda,ATG,LA,C_LA,1998,ATG1998,19413,23996.1144,18.66705069,0.845648012,72412
Antigua and Barbuda,ATG,LA,C_LA,1999,ATG1999,19793,24462.2034,18.32028138,0.714100408,73666
Antigua and Barbuda,ATG,LA,C_LA,2000,ATG2000,20675,25547.61203,18.1621601,0.558415638,74912
Antigua and Barbuda,ATG,LA,C_LA,2001,ATG2001,19434,24014.77546,18.37021568,0.717306376,76069
Antigua and Barbuda,ATG,LA,C_LA,2002,ATG2002,19385,23958.16381,18.38130472,0.71165155,77032
Antigua and Barbuda,ATG,LA,C_LA,2003,ATG2003,20331,25136.00169,18.44513566,0.728794685,77884
Antigua and Barbuda,ATG,LA,C_LA,2004,ATG2004,21267,26303.6179,18.19823501,0.850318822,78719
Antigua and Barbuda,ATG,LA,C_LA,2005,ATG2005,22381,27692.63487,18.42292774,0.887147532,79611
Antigua and Barbuda,ATG,LA,C_LA,2006,ATG2006,24905,30827.34168,18.23983564,0.874336123,80604
Antigua and Barbuda,ATG,LA,C_LA,2007,ATG2007,26853,33245.26786,18.19823485,0.68437499,81704
Antigua and Barbuda,ATG,LA,C_LA,2008,ATG2008,26451,32756.30678,17.94025262,0.911858415,82912
Antigua and Barbuda,ATG,LA,C_LA,2009,ATG2009,22933,28405.69009,18.20379062,0.576458532,84173
Antigua and Barbuda,ATG,LA,C_LA,2010,ATG2010,20849,25826.60864,18.48396608,0.807230603,85320
Antigua and Barbuda,ATG,LA,C_LA,2011,ATG2011,20197,25023.91745,18.19268674,0.727381074,86332
Antigua and Barbuda,ATG,LA,C_LA,2012,ATG2012,20267,25592.90661,18.21487966,0.627677689,87260
Antigua and Barbuda,ATG,LA,C_LA,2013,ATG2013,20176,25206.84583,18.28700688,0.676082559,88064
Antigua and Barbuda,ATG,LA,C_LA,2014,ATG2014,20451,25557.52491,18.28977739,0.728825162,88765
Antigua and Barbuda,ATG,LA,C_LA,2015,ATG2015,20584,25734.15164,18.44512821,0.424931964,89409
Antigua and Barbuda,ATG,LA,C_LA,2016,ATG2016,21281,26627.71454,18.43680198,0.700007655,89969
Antigua and Barbuda,ATG,LA,C_LA,2017,ATG2017,21672,27199.19524,18.27591034,0.760543292,90468
Antigua and Barbuda,ATG,LA,C_LA,2018,ATG2018,23051,28878.60677,18.07617354,0.665166114,90926
Antigua and Barbuda,ATG,LA,C_LA,2019,ATG2019,23639,29651.86415,18.30364429,0.673957031,91364
Antigua and Barbuda,ATG,LA,C_LA,2020,ATG2020,19062,23930.6715,18.34803022,0.656351507,91846
Antigua and Barbuda,ATG,LA,C_LA,2021,ATG2021,20501,25745.49581,18.25370993,0.585962169,92349
Antigua and Barbuda,ATG,LA,C_LA,2022,ATG2022,22322,27941.78515,18.13997463,0.615178089,92840
Argentina,ARG,LA,SA_LA,1990,ARG1990,16002.36066,17007.28443,14.96628534,0.666457113,32755901
Argentina,ARG,LA,SA_LA,1991,ARG1991,17237.74006,18295.6092,15.02358344,0.66361772,33230294
Argentina,ARG,LA,SA_LA,1992,ARG1992,18371.56369,19476.28406,14.61919139,0.728663092,33693527
Argentina,ARG,LA,SA_LA,1993,ARG1993,19633.81962,20791.34515,14.97735341,0.610367291,34152717
Argentina,ARG,LA,SA_LA,1994,ARG1994,20597.79941,21711.84279,15.54952725,0.598813433,34613491
Argentina,ARG,LA,SA_LA,1995,ARG1995,19893.01537,20819.49995,14.90714229,0.505549311,35070020
Argentina,ARG,LA,SA_LA,1996,ARG1996,20899.63192,21695.59495,14.95828161,0.630909659,35513793
Argentina,ARG,LA,SA_LA,1997,ARG1997,22383.59618,23172.15834,15.32670104,0.664411045,35947791
Argentina,ARG,LA,SA_LA,1998,ARG1998,23040.04285,23783.10172,14.97030537,0.625145584,36372860
Argentina,ARG,LA,SA_LA,1999,ARG1999,22193.95145,22714.51113,14.72050146,0.636802734,36794682
Argentina,ARG,LA,SA_LA,2000,ARG2000,21878.91159,22281.38143,14.39428499,0.718363617,37213984
Argentina,ARG,LA,SA_LA,2001,ARG2001,20780.91553,21066.45813,15.04129074,0.713672629,37624825
Argentina,ARG,LA,SA_LA,2002,ARG2002,17998.87698,18571.70205,14.79041831,0.754240669,38029349
Argentina,ARG,LA,SA_LA,2003,ARG2003,19188.47618,20005.13851,15.19541313,0.59069272,38424282
Argentina,ARG,LA,SA_LA,2004,ARG2004,20757.82119,21591.4494,15.19063085,0.574249016,38815916
Argentina,ARG,LA,SA_LA,2005,ARG2005,22496.67937,23262.40758,14.86220122,0.573133624,39216789
Argentina,ARG,LA,SA_LA,2006,ARG2006,24048.1456,24877.24939,15.41650039,0.594937794,39622115
Argentina,ARG,LA,SA_LA,2007,ARG2007,25936.04602,26850.66459,14.4149557,0.58391785,40016763
Argentina,ARG,LA,SA_LA,2008,ARG2008,26698.3295,27658.48534,15.26846115,0.533404561,40424148
Argentina,ARG,LA,SA_LA,2009,ARG2009,25021.11792,25747.19768,15.37632525,0.53506903,40854831
Argentina,ARG,LA,SA_LA,2010,ARG2010,27661.00025,28056.25702,14.86445927,0.550521902,41288694
Argentina,ARG,LA,SA_LA,2011,ARG2011,29209.88223,29425.75939,15.10901927,0.562215202,41730660
Argentina,ARG,LA,SA_LA,2012,ARG2012,28810.36747,28825.96669,15.55442421,0.619755268,42161721
Argentina,ARG,LA,SA_LA,2013,ARG2013,29426.04444,29227.66018,15.36176005,0.517784543,42582455
Argentina,ARG,LA,SA_LA,2014,ARG2014,28596.8446,28200.81526,15.36185299,0.696101127,43024071
Argentina,ARG,LA,SA_LA,2015,ARG2015,29296.77466,28669.20613,15.4603927,0.645921661,43477012
Argentina,ARG,LA,SA_LA,2016,ARG2016,28616.58742,27802.10572,14.89123967,0.656720164,43900313
Argentina,ARG,LA,SA_LA,2017,ARG2017,29361.07856,28334.90418,15.53230709,0.630057648,44288894
Argentina,ARG,LA,SA_LA,2018,ARG2018,28542.58787,27367.11509,15.24388654,0.592482146,44654882
Argentina,ARG,LA,SA_LA,2019,ARG2019,27932.5642,26629.55294,15.1871121,0.585524767,44973465
Argentina,ARG,LA,SA_LA,2020,ARG2020,24973.17155,23877.09314,15.49742132,0.495425063,45191965
Argentina,ARG,LA,SA_LA,2021,ARG2021,27420.82045,26300.27426,15.37520509,0.533704609,45312281
Argentina,ARG,LA,SA_LA,2022,ARG2022,28547.71842,27627.96348,15.08559087,0.477099204,45407904
Armenia,ARM,MENA,WA_ME,1990,ARM1990,5153,6137.600458,6.932877978,0.453034444,3552128
Armenia,ARM,MENA,WA_ME,1991,ARM1991,4474,5326.752856,7.186565886,0.494398745,3613977
Armenia,ARM,MENA,WA_ME,1992,ARM1992,2635,3136.724283,5.40679288,0.561215703,3571861
Armenia,ARM,MENA,WA_ME,1993,ARM1993,2485,2958.880372,6.003506087,0.502887474,3453332
Armenia,ARM,MENA,WA_ME,1994,ARM1994,2684,3200.896495,7.297599311,0.561100418,3364610
Armenia,ARM,MENA,WA_ME,1995,ARM1995,2913,3480.755937,7.435798372,0.455622486,3307581
Armenia,ARM,MENA,WA_ME,1996,ARM1996,3106,3717.335765,7.870292372,0.454959409,3278735
Armenia,ARM,MENA,WA_ME,1997,ARM1997,3236,3879.17938,6.964584837,0.508941438,3246289
Armenia,ARM,MENA,WA_ME,1998,ARM1998,3505,4211.512768,8.134129643,0.444753852,3208401
Armenia,ARM,MENA,WA_ME,1999,ARM1999,3660,4406.967067,8.276778891,0.452497391,3167286
Armenia,ARM,MENA,WA_ME,2000,ARM2000,3922,4589.00825,7.706720041,0.3956075,3221100
Armenia,ARM,MENA,WA_ME,2001,ARM2001,4347,5044.116478,8.447898172,0.450898599,3211800
Armenia,ARM,MENA,WA_ME,2002,ARM2002,4965,5731.353466,7.243170546,0.624794554,3199800
Armenia,ARM,MENA,WA_ME,2003,ARM2003,5699,6569.260234,7.42278566,0.670352486,3182500
Armenia,ARM,MENA,WA_ME,2004,ARM2004,6335,7299.400019,7.574275461,0.576665935,3164900
Armenia,ARM,MENA,WA_ME,2005,ARM2005,7259,8362.90084,7.595736127,0.596095348,3146400
Armenia,ARM,MENA,WA_ME,2006,ARM2006,8274,9525.231468,7.931960128,0.534529934,3127100
Armenia,ARM,MENA,WA_ME,2007,ARM2007,9476,10898.84838,7.206925717,0.675088877,3107400
Armenia,ARM,MENA,WA_ME,2008,ARM2008,10202,11727.48213,7.501001462,0.46542805,3087100
Armenia,ARM,MENA,WA_ME,2009,ARM2009,8820,10143.23508,7.683475291,0.637701834,3066000
Armenia,ARM,MENA,WA_ME,2010,ARM2010,9069,10438.56419,9.512860613,0.63686794,3044800
Armenia,ARM,MENA,WA_ME,2011,ARM2011,9551,10990.1771,7.096418712,0.629721015,3027900
Armenia,ARM,MENA,WA_ME,2012,ARM2012,10290,11796.27412,8.013068373,0.487222096,3024100
Armenia,ARM,MENA,WA_ME,2013,ARM2013,10677,12194.01895,7.718731121,0.496742869,3022000
Armenia,ARM,MENA,WA_ME,2014,ARM2014,11106,12667.37573,8.4632059,0.489427558,3013800
Armenia,ARM,MENA,WA_ME,2015,ARM2015,11506,13112.76009,8.286758687,0.572337811,3004600
Armenia,ARM,MENA,WA_ME,2016,ARM2016,11580,13192.99407,7.728745883,0.62515045,2992300
Armenia,ARM,MENA,WA_ME,2017,ARM2017,12510,14243.8749,7.954092482,0.429730989,2979400
Armenia,ARM,MENA,WA_ME,2018,ARM2018,13231,15037.04524,9.259910088,0.531923583,2969000
Armenia,ARM,MENA,WA_ME,2019,ARM2019,14318,16215.3608,8.419419284,0.389830129,2962500
Armenia,ARM,MENA,WA_ME,2020,ARM2020,13358,15052.93598,8.205022766,0.527525982,2961500
Armenia,ARM,MENA,WA_ME,2021,ARM2021,14207,15921.70528,8.855817999,0.437787708,2962300
Armenia,ARM,MENA,WA_ME,2022,ARM2022,16057,17886.17839,8.513767356,0.426511033,2969200
Aruba,ABW,LA,C_LA,1990,ABW1990,32279,34579.22064,7.021195872,0.115909165,62753
Aruba,ABW,LA,C_LA,1991,ABW1991,33744,35552.08442,7.169251984,0.077673152,65896
Aruba,ABW,LA,C_LA,1992,ABW1992,34544,35947.37226,7.240152002,0.095990402,69005
Aruba,ABW,LA,C_LA,1993,ABW1993,35958,36124.30335,7.242237387,0.072718487,73685
Aruba,ABW,LA,C_LA,1994,ABW1994,37684,37118.27205,7.258919749,0.091986634,77595
Aruba,ABW,LA,C_LA,1995,ABW1995,37470,37009.64797,7.313137485,0.096065475,79805
Aruba,ABW,LA,C_LA,1996,ABW1996,36784,35997.85442,7.22764033,0.12556826,83021
Aruba,ABW,LA,C_LA,1997,ABW1997,38202,37070.01331,7.300625693,0.063634932,86301
Aruba,ABW,LA,C_LA,1998,ABW1998,37810,36889.4232,7.390293578,0.106650443,88451
Aruba,ABW,LA,C_LA,1999,ABW1999,37171,36842.95517,7.217213844,0.177041741,89659
Aruba,ABW,LA,C_LA,2000,ABW2000,39002,39244.82985,7.17967839,0.121189137,90588
Aruba,ABW,LA,C_LA,2001,ABW2001,39920,40505.533,7.281857987,0.086656614,91439
Aruba,ABW,LA,C_LA,2002,ABW2002,39074,39846.06276,7.279772681,0.066762878,92074
Aruba,ABW,LA,C_LA,2003,ABW2003,39115,39832.57908,7.321478706,0.098317596,93128
Aruba,ABW,LA,C_LA,2004,ABW2004,41592,41834.92758,7.22764037,0.160951588,95138
Aruba,ABW,LA,C_LA,2005,ABW2005,41019,40608.81969,7.242237387,0.164680095,97635
Aruba,ABW,LA,C_LA,2006,ABW2006,40994,40335.41769,7.225554945,0.125318024,99405
Aruba,ABW,LA,C_LA,2007,ABW2007,41745,41272.27939,7.229725596,0.104623535,100150
Aruba,ABW,LA,C_LA,2008,ABW2008,41987,41710.49704,7.152569542,0.156197106,100917
Aruba,ABW,LA,C_LA,2009,ABW2009,36629,36590.56011,7.254749218,0.08340355,101604
Aruba,ABW,LA,C_LA,2010,ABW2010,35227,35508.59457,7.308966874,0.174639476,101838
Aruba,ABW,LA,C_LA,2011,ABW2011,36074,36435.55533,7.169251904,0.171236269,102591
Aruba,ABW,LA,C_LA,2012,ABW2012,35410,35530.26004,7.294369857,0.089359158,104110
Aruba,ABW,LA,C_LA,2013,ABW2013,37406,37255.35345,7.352758124,0.081977206,105675
Aruba,ABW,LA,C_LA,2014,ABW2014,36559,36275.68096,7.371525752,0.070666554,106807
Aruba,ABW,LA,C_LA,2015,ABW2015,36100,35682.30025,7.421572877,0.070391294,107906
Aruba,ABW,LA,C_LA,2016,ABW2016,36505,36021.83084,7.425743527,0.110228814,108727
Aruba,ABW,LA,C_LA,2017,ABW2017,38868,38558.00456,7.323564011,0.09398852,108735
Aruba,ABW,LA,C_LA,2018,ABW2018,39598,39419.5557,7.246407958,0.116910106,108908
Aruba,ABW,LA,C_LA,2019,ABW2019,38511,38435.42662,7.346502209,0.054626446,109203
Aruba,ABW,LA,C_LA,2020,ABW2020,29236,28521.68885,7.35901408,0.098642902,108587
Aruba,ABW,LA,C_LA,2021,ABW2021,37334,35696.30937,7.269346235,0.105324194,107700
Aruba,ABW,LA,C_LA,2022,ABW2022,41274,38877.67444,7.225555025,0.105324194,107310
Australia,AUS,O,ANZ_O,1990,AUS1990,30831.09284,36205.27479,22.03362364,0.436318532,17065128
Australia,AUS,O,ANZ_O,1991,AUS1991,30332.39834,35610.07759,22.20486605,0.478520891,17284036
Australia,AUS,O,ANZ_O,1992,AUS1992,30122.68796,35364.42775,21.65807764,0.46807697,17478635
Australia,AUS,O,ANZ_O,1993,AUS1993,31062.40026,36469.67058,21.91704956,0.499139538,17634808
Australia,AUS,O,ANZ_O,1994,AUS1994,31990.55355,37557.84093,21.86216577,0.355516367,17805468
Australia,AUS,O,ANZ_O,1995,AUS1995,32918.99485,38585.17268,21.72262088,0.523556465,18004882
Australia,AUS,O,ANZ_O,1996,AUS1996,33778.4692,39592.53621,22.02046629,0.478498112,18224767
Australia,AUS,O,ANZ_O,1997,AUS1997,34734.68436,40699.1182,21.76172109,0.528245919,18423037
Australia,AUS,O,ANZ_O,1998,AUS1998,36001.59786,42174.53524,22.33047233,0.549985037,18607584
Australia,AUS,O,ANZ_O,1999,AUS1999,37429.74092,43813.00267,21.83756909,0.57498023,18812264
Australia,AUS,O,ANZ_O,2000,AUS2000,38457.80894,45013.00995,21.46726651,0.649313769,19028802
Australia,AUS,O,ANZ_O,2001,AUS2001,38731.98247,45338.68343,21.5082085,0.497013244,19274701
Australia,AUS,O,ANZ_O,2002,AUS2002,39815.1856,46609.74418,22.18386084,0.343464612,19495210
Australia,AUS,O,ANZ_O,2003,AUS2003,40577.56272,47500.83512,22.15016518,0.467867966,19720737
Australia,AUS,O,ANZ_O,2004,AUS2004,41825.0921,48980.89318,21.9982204,0.497464863,19932722
Australia,AUS,O,ANZ_O,2005,AUS2005,42582.85045,49914.51464,22.48103109,0.407836779,20176844
Australia,AUS,O,ANZ_O,2006,AUS2006,43130.97135,50602.35025,21.87352002,0.455648939,20450966
Australia,AUS,O,ANZ_O,2007,AUS2007,43933.15551,51562.09401,22.02801549,0.469354978,20827622
Australia,AUS,O,ANZ_O,2008,AUS2008,44546.48854,52351.58705,21.7141676,0.470709753,21249199
Australia,AUS,O,ANZ_O,2009,AUS2009,44498.35842,52254.32273,22.15595396,0.483770568,21691653
Australia,AUS,O,ANZ_O,2010,AUS2010,44762.50404,52589.81821,21.50631966,0.645308506,22031750
Australia,AUS,O,ANZ_O,2011,AUS2011,45173.42956,53112.53287,21.48419099,0.561205613,22340024
Australia,AUS,O,ANZ_O,2012,AUS2012,46165.79615,54237.59191,21.76930403,0.472552032,22733465
Australia,AUS,O,ANZ_O,2013,AUS2013,46529.2485,54699.35162,22.74465743,0.447773348,23128129
Australia,AUS,O,ANZ_O,2014,AUS2014,47088.4117,55288.11534,22.5675922,0.462575588,23475686
Australia,AUS,O,ANZ_O,2015,AUS2015,47473.376,55691.69885,22.36930828,0.45057691,23815995
Australia,AUS,O,ANZ_O,2016,AUS2016,48005.91491,56341.51816,22.37903926,0.499138081,24190907
Australia,AUS,O,ANZ_O,2017,AUS2017,48284.46836,56684.64733,22.49426809,0.47245611,24592588
Australia,AUS,O,ANZ_O,2018,AUS2018,48918.99288,57450.38104,22.53741244,0.448893848,24963258
Australia,AUS,O,ANZ_O,2019,AUS2019,49228.52127,57837.06069,22.81891672,0.37743332,25334826
Australia,AUS,O,ANZ_O,2020,AUS2020,48451.44457,57059.74364,22.54708498,0.485791593,25649248
Australia,AUS,O,ANZ_O,2021,AUS2021,49405.0353,58182.33695,22.05440472,0.494923963,25685412
Australia,AUS,O,ANZ_O,2022,AUS2022,50880.9182,59883.64704,21.9476894,0.532309484,26014399
Austria,AUT,E,WE_E,1990,AUT1990,39561.71145,43310.91399,7.29745136,1.125402115,7677850
Austria,AUT,E,WE_E,1991,AUT1991,40560.88819,44356.43346,6.324976149,1.103067231,7754891
Austria,AUT,E,WE_E,1992,AUT1992,41001.58337,44789.39308,7.52426268,1.078857243,7840709
Austria,AUT,E,WE_E,1993,AUT1993,40923.65618,44655.58307,6.819331225,1.060572384,7905633
Austria,AUT,E,WE_E,1994,AUT1994,41791.23328,45552.60714,8.069697829,1.046534123,7936118
Austria,AUT,E,WE_E,1995,AUT1995,42886.90983,46696.3935,6.888288342,1.156552109,7948278
Austria,AUT,E,WE_E,1996,AUT1996,43852.47537,47666.6739,5.760213358,1.198976108,7959017
Austria,AUT,E,WE_E,1997,AUT1997,44737.53238,48634.38003,6.917741971,1.081645234,7968041
Austria,AUT,E,WE_E,1998,AUT1998,46307.65818,50277.92116,7.136674118,1.125716122,7976789
Austria,AUT,E,WE_E,1999,AUT1999,47880.33051,52067.93489,7.177033129,1.18514345,7992324
Austria,AUT,E,WE_E,2000,AUT2000,49397.62416,53599.60933,8.045593737,1.186754154,8011566
Austria,AUT,E,WE_E,2001,AUT2001,49399.37187,54098.0257,7.015605385,1.062579616,8042293
Austria,AUT,E,WE_E,2002,AUT2002,49935.58669,54631.60085,7.737065518,1.223833714,8081957
Austria,AUT,E,WE_E,2003,AUT2003,49976.64086,54986.74357,7.348577835,0.903959106,8121423
Austria,AUT,E,WE_E,2004,AUT2004,51142.2346,56048.48089,6.827897,1.097563722,8171966
Austria,AUT,E,WE_E,2005,AUT2005,51762.95777,56959.63812,6.540758234,1.144626208,8227829
Austria,AUT,E,WE_E,2006,AUT2006,53246.53625,58531.50979,7.27901561,1.056196461,8268641
Austria,AUT,E,WE_E,2007,AUT2007,54993.23424,60544.63404,7.905565672,1.178960329,8295487
Austria,AUT,E,WE_E,2008,AUT2008,55453.52113,61232.54902,7.725397221,1.111707898,8321496
Austria,AUT,E,WE_E,2009,AUT2009,53239.4679,58882.14187,7.528888239,1.243390627,8343323
Austria,AUT,E,WE_E,2010,AUT2010,53929.98202,59803.37263,6.443398911,1.173832747,8363404
Austria,AUT,E,WE_E,2011,AUT2011,55085.96766,61346.95947,7.917163793,0.958500199,8391643
Austria,AUT,E,WE_E,2012,AUT2012,55040.02438,61451.5491,7.663967207,1.140801382,8429991
Austria,AUT,E,WE_E,2013,AUT2013,54513.54521,60937.25691,7.243851667,1.183514349,8479823
Austria,AUT,E,WE_E,2014,AUT2014,54500.60586,60919.84071,8.415592347,1.264633939,8546356
Austria,AUT,E,WE_E,2015,AUT2015,54507.96812,61025.99945,8.347753384,1.103862349,8642699
Austria,AUT,E,WE_E,2016,AUT2016,54901.41218,61647.77947,7.769346102,1.368746291,8736668
Austria,AUT,E,WE_E,2017,AUT2017,55812.19398,62612.13993,7.772745949,1.288217168,8797566
Austria,AUT,E,WE_E,2018,AUT2018,56969.03397,63855.78168,8.600394276,1.11892538,8840521
Austria,AUT,E,WE_E,2019,AUT2019,57619.75392,64688.14382,8.45859891,1.207996936,8879920
Austria,AUT,E,WE_E,2020,AUT2020,52846.90324,60349.90228,8.383276173,1.302740007,8916864
Austria,AUT,E,WE_E,2021,AUT2021,54816.05079,62968.94223,7.306210818,1.099969082,8955797
Austria,AUT,E,WE_E,2022,AUT2022,56872.32147,65661.45219,8.647282289,0.95804463,9041851
Azerbaijan,AZE,MENA,WA_ME,1990,AZE1990,7061.888139,10776.0677,12.44173794,0.467466294,7175200
Azerbaijan,AZE,MENA,WA_ME,1991,AZE1991,6973.808104,10559.21193,12.4493881,0.466807156,7271300
Azerbaijan,AZE,MENA,WA_ME,1992,AZE1992,5357.82508,8050.216241,11.03512218,0.539893885,7382050
Azerbaijan,AZE,MENA,WA_ME,1993,AZE1993,4089.123168,6097.486222,11.34060106,0.519108118,7494800
Azerbaijan,AZE,MENA,WA_ME,1994,AZE1994,3263.92109,4830.699402,12.24181154,0.568018969,7596550
Azerbaijan,AZE,MENA,WA_ME,1995,AZE1995,2866.85625,4211.721143,12.9781194,0.432211673,7684850
Azerbaijan,AZE,MENA,WA_ME,1996,AZE1996,2888.185832,4223.52297,12.75065159,0.461091817,7763000
Azerbaijan,AZE,MENA,WA_ME,1997,AZE1997,3040.197341,4425.588235,12.40478586,0.509064377,7838250
Azerbaijan,AZE,MENA,WA_ME,1998,AZE1998,3327.804024,4822.160185,13.31889338,0.430599495,7913000
Azerbaijan,AZE,MENA,WA_ME,1999,AZE1999,3558.828981,5133.74812,13.4131195,0.481246922,7982750
Azerbaijan,AZE,MENA,WA_ME,2000,AZE2000,3939.381857,5656.929893,13.07670609,0.452404192,8048600
Azerbaijan,AZE,MENA,WA_ME,2001,AZE2001,4322.413528,6168.98511,13.60888741,0.446897493,8111200
Azerbaijan,AZE,MENA,WA_ME,2002,AZE2002,4724.010108,6701.081737,12.74179649,0.561813564,8171950
Azerbaijan,AZE,MENA,WA_ME,2003,AZE2003,5198.393222,7329.406051,12.52958646,0.598898088,8234100
Azerbaijan,AZE,MENA,WA_ME,2004,AZE2004,5660.411427,7937.85948,13.09021202,0.578708491,8306500
Azerbaijan,AZE,MENA,WA_ME,2005,AZE2005,7232.358967,10054.10034,13.03392137,0.53565329,8391850
Azerbaijan,AZE,MENA,WA_ME,2006,AZE2006,9636.511716,13371.65849,13.1953013,0.515488252,8484550
Azerbaijan,AZE,MENA,WA_ME,2007,AZE2007,11928.57788,16587.36571,12.85519345,0.538367758,8581300
Azerbaijan,AZE,MENA,WA_ME,2008,AZE2008,12914.66553,17963.02077,12.7571337,0.46428889,8763400
Azerbaijan,AZE,MENA,WA_ME,2009,AZE2009,13718.14022,19242.39,12.99160755,0.54136134,8947243
Azerbaijan,AZE,MENA,WA_ME,2010,AZE2010,14243.55113,19925.3901,14.44540486,0.552473198,9054332
Azerbaijan,AZE,MENA,WA_ME,2011,AZE2011,14037.16209,19358.07779,12.43016444,0.587272073,9173082
Azerbaijan,AZE,MENA,WA_ME,2012,AZE2012,14156.27731,19523.37371,13.26431745,0.464462337,9295784
Azerbaijan,AZE,MENA,WA_ME,2013,AZE2013,14815.58091,20398.64619,13.27220903,0.504159438,9416801
Azerbaijan,AZE,MENA,WA_ME,2014,AZE2014,15036.47658,20709.20162,13.44910323,0.473242415,9535079
Azerbaijan,AZE,MENA,WA_ME,2015,AZE2015,14944.83809,20678.75396,13.48391859,0.549665925,9649341
Azerbaijan,AZE,MENA,WA_ME,2016,AZE2016,14331.90317,19822.41059,13.07965312,0.58662441,9757812
Azerbaijan,AZE,MENA,WA_ME,2017,AZE2017,14232.27492,19659.00485,13.28811255,0.439163826,9854033
Azerbaijan,AZE,MENA,WA_ME,2018,AZE2018,14320.06683,19781.85091,14.1540782,0.497164444,9939771
Azerbaijan,AZE,MENA,WA_ME,2019,AZE2019,14497.84304,20101.4919,13.63928515,0.385911475,10024283
Azerbaijan,AZE,MENA,WA_ME,2020,AZE2020,13683.01057,19126.09685,13.35025793,0.488358506,10093121
Azerbaijan,AZE,MENA,WA_ME,2021,AZE2021,14466.64466,20111.3757,14.06211396,0.522334962,10137750
Azerbaijan,AZE,MENA,WA_ME,2022,AZE2022,15060.89333,21051.24424,13.83547273,0.471043347,10141756
"Bahamas, The",BHS,LA,C_LA,1990,BHS1990,33866.7574,33072.07655,17.41023611,0.672630838,275945
"Bahamas, The",BHS,LA,C_LA,1991,BHS1991,31820.85523,31148.82703,17.33816843,0.794342401,280731
"Bahamas, The",BHS,LA,C_LA,1992,BHS1992,29963.13317,29412.80662,16.83151667,0.625850989,285927
"Bahamas, The",BHS,LA,C_LA,1993,BHS1993,29411.79918,28955.27833,16.9825747,0.727920681,291339
"Bahamas, The",BHS,LA,C_LA,1994,BHS1994,29738.78837,29346.28678,17.42004428,0.78001367,296509
"Bahamas, The",BHS,LA,C_LA,1995,BHS1995,30466.93168,30128.11788,17.06170985,0.934540908,301461
"Bahamas, The",BHS,LA,C_LA,1996,BHS1996,31197.07753,30907.74317,16.79904626,0.845806943,306268
"Bahamas, The",BHS,LA,C_LA,1997,BHS1997,31068.92303,30838.94734,17.15731309,0.799256575,310904
"Bahamas, The",BHS,LA,C_LA,1998,BHS1998,31999.14464,31836.44653,17.30718185,0.661994399,315368
"Bahamas, The",BHS,LA,C_LA,1999,BHS1999,33767.55656,33657.72005,16.99742749,0.759852873,319614
"Bahamas, The",BHS,LA,C_LA,2000,BHS2000,34659.75951,34597.07522,16.88527653,0.724056702,323835
"Bahamas, The",BHS,LA,C_LA,2001,BHS2001,35076.7374,35072.27781,16.95597841,0.836427124,327836
"Bahamas, The",BHS,LA,C_LA,2002,BHS2002,35557.74181,35610.5892,17.19189624,0.762381754,331614
"Bahamas, The",BHS,LA,C_LA,2003,BHS2003,34647.19765,34740.6763,17.11991685,0.704594331,335618
"Bahamas, The",BHS,LA,C_LA,2004,BHS2004,34489.00471,34617.71817,16.99478106,0.534417231,339782
"Bahamas, The",BHS,LA,C_LA,2005,BHS2005,35181.08739,35365.37757,16.96404926,0.776703419,343894
"Bahamas, The",BHS,LA,C_LA,2006,BHS2006,35575.98028,35789.04232,17.03920334,0.681149848,348375
"Bahamas, The",BHS,LA,C_LA,2007,BHS2007,35592.85227,35797.02906,17.31656052,0.903944737,353334
"Bahamas, The",BHS,LA,C_LA,2008,BHS2008,34281.32448,34497.94849,17.06781417,0.731635083,358120
"Bahamas, The",BHS,LA,C_LA,2009,BHS2009,32385.55711,32630.18111,17.13045743,0.696841163,362810
"Bahamas, The",BHS,LA,C_LA,2010,BHS2010,32430.45902,32711.37709,16.52262879,0.751214234,367478
"Bahamas, The",BHS,LA,C_LA,2011,BHS2011,32233.20871,32535.5808,17.30247603,0.78559957,371729
"Bahamas, The",BHS,LA,C_LA,2012,BHS2012,32878.28165,33667.49761,17.12485729,0.816999376,375469
"Bahamas, The",BHS,LA,C_LA,2013,BHS2013,31648.01898,32402.83497,17.2596151,0.755611739,378953
"Bahamas, The",BHS,LA,C_LA,2014,BHS2014,31952.15865,32712.66137,17.22262248,0.749969631,382298
"Bahamas, The",BHS,LA,C_LA,2015,BHS2015,31985.14389,32777.39561,17.77259636,0.712152354,385346
"Bahamas, The",BHS,LA,C_LA,2016,BHS2016,30193.79346,32172.22915,17.44482905,0.828523851,388055
"Bahamas, The",BHS,LA,C_LA,2017,BHS2017,36631.3527,33049.8728,17.53065969,0.795117624,390485
"Bahamas, The",BHS,LA,C_LA,2018,BHS2018,37898.93055,33650.23692,17.39314114,0.75224992,392717
"Bahamas, The",BHS,LA,C_LA,2019,BHS2019,34890.4167,33202.35458,17.71525169,0.872344939,394675
"Bahamas, The",BHS,LA,C_LA,2020,BHS2020,26560.02445,26452.52516,17.76264295,0.994492462,395863
"Bahamas, The",BHS,LA,C_LA,2021,BHS2021,30959.69929,31064.68222,17.42824916,0.69054929,396373
"Bahamas, The",BHS,LA,C_LA,2022,BHS2022,35225.38555,34342.79041,17.56552357,0.809942535,397538
Bahrain,BHR,MENA,WA_ME,1990,BHR1990,36998,41856.54451,26.94812969,0.066368495,514797
Bahrain,BHR,MENA,WA_ME,1991,BHR1991,39769,47644.02347,26.67533026,0.09880798,503052
Bahrain,BHR,MENA,WA_ME,1992,BHR1992,40972,49511.9474,25.86072505,0.069689486,516458
Bahrain,BHR,MENA,WA_ME,1993,BHR1993,44690,54433.13751,26.80867214,0.101220993,530225
Bahrain,BHR,MENA,WA_ME,1994,BHR1994,43113,52886.5789,27.26075975,0.044296982,544366
Bahrain,BHR,MENA,WA_ME,1995,BHR1995,43369,53537.68289,26.82534758,0.109118911,558879
Bahrain,BHR,MENA,WA_ME,1996,BHR1996,43737,54289.43804,27.36074238,0.120863393,573792
Bahrain,BHR,MENA,WA_ME,1997,BHR1997,43716,54512.85511,26.72748697,0.122787406,589115
Bahrain,BHR,MENA,WA_ME,1998,BHR1998,44458,55638.69359,27.91077731,0.090383034,604842
Bahrain,BHR,MENA,WA_ME,1999,BHR1999,45054,56522.22619,28.14202282,0.08703376,620989
Bahrain,BHR,MENA,WA_ME,2000,BHR2000,46154,57968.99561,27.56495261,0.08331152,637582
Bahrain,BHR,MENA,WA_ME,2001,BHR2001,46085,57280.69867,27.68977922,0.019917244,661316
Bahrain,BHR,MENA,WA_ME,2002,BHR2002,46478,55096.65716,27.5813849,0.081904961,710553
Bahrain,BHR,MENA,WA_ME,2003,BHR2003,47505,54431.87636,27.63974452,0.075290007,764517
Bahrain,BHR,MENA,WA_ME,2004,BHR2004,47455,54045.09289,27.62722688,0.08903501,823741
Bahrain,BHR,MENA,WA_ME,2005,BHR2005,46821,53478.26624,27.26476183,0.072914747,888822
Bahrain,BHR,MENA,WA_ME,2006,BHR2006,46303,52691.93234,27.77717501,0.074114539,960424
Bahrain,BHR,MENA,WA_ME,2007,BHR2007,46792,52731.79217,27.73972704,0.04412016,1039295
Bahrain,BHR,MENA,WA_ME,2008,BHR2008,46589,52765.38995,27.60642817,0.038544274,1103496
Bahrain,BHR,MENA,WA_ME,2009,BHR2009,44973,50665.75075,27.86055174,0.105516414,1178415
Bahrain,BHR,MENA,WA_ME,2010,BHR2010,45600,50704.84797,28.62934966,0.03245125,1228543
Bahrain,BHR,MENA,WA_ME,2011,BHR2011,46565,53132.32842,27.64819063,0.074884594,1195020
Bahrain,BHR,MENA,WA_ME,2012,BHR2012,47794,54516.84066,28.00232251,0.057437821,1208964
Bahrain,BHR,MENA,WA_ME,2013,BHR2013,48916,55376.40051,27.66069036,0.04014417,1253191
Bahrain,BHR,MENA,WA_ME,2014,BHR2014,49118,55065.81895,27.84194475,0.104828558,1314562
Bahrain,BHR,MENA,WA_ME,2015,BHR2015,48454,54149.91315,28.16900637,0.058289799,1370322
Bahrain,BHR,MENA,WA_ME,2016,BHR2016,48486,54107.07522,28.4148484,0.022897814,1423726
Bahrain,BHR,MENA,WA_ME,2017,BHR2017,48929,53859.77496,28.23776949,0.150016414,1501116
Bahrain,BHR,MENA,WA_ME,2018,BHR2018,48938,54893.07244,28.7544363,0.054099897,1503091
Bahrain,BHR,MENA,WA_ME,2019,BHR2019,49769,56749.96284,28.18778677,0.199361834,1483756
Bahrain,BHR,MENA,WA_ME,2020,BHR2020,47994,53814.24526,28.11902389,0.059967037,1472204
Bahrain,BHR,MENA,WA_ME,2021,BHR2021,49754,54954.67579,29.12942742,0.019571305,1504365
Bahrain,BHR,MENA,WA_ME,2022,BHR2022,51855,57572.99798,28.80025214,0.069387611,1524693
Bangladesh,BGD,SA,SA_SA,1990,BGD1990,1725.228842,2069.782301,25.73451079,2.401046297,111633717
Bangladesh,BGD,SA,SA_SA,1991,BGD1991,1750.19162,2101.38366,25.57477283,2.430646772,113787109
Bangladesh,BGD,SA,SA_SA,1992,BGD1992,1810.877998,2174.382329,25.3444388,1.60460191,115952192
Bangladesh,BGD,SA,SA_SA,1993,BGD1993,1859.374021,2234.810122,25.42239321,2.466748597,118132360
Bangladesh,BGD,SA,SA_SA,1994,BGD1994,1892.830539,2279.094353,25.67484033,1.670835967,120343179
Bangladesh,BGD,SA,SA_SA,1995,BGD1995,1948.430561,2351.703879,25.99893614,2.180438823,122600370
Bangladesh,BGD,SA,SA_SA,1996,BGD1996,1998.133301,2413.542982,25.8245612,1.997837983,124862179
Bangladesh,BGD,SA,SA_SA,1997,BGD1997,2048.118654,2475.595746,25.3128334,2.038356334,127198069
Bangladesh,BGD,SA,SA_SA,1998,BGD1998,2111.516912,2555.061192,26.05864971,2.354839788,129622332
Bangladesh,BGD,SA,SA_SA,1999,BGD1999,2166.139761,2624.065538,26.16328999,2.368483514,132108065
Bangladesh,BGD,SA,SA_SA,2000,BGD2000,2235.956013,2712.935122,25.41939412,2.196820872,134544304
Bangladesh,BGD,SA,SA_SA,2001,BGD2001,2303.322496,2803.55472,25.98832888,2.122556859,136805810
Bangladesh,BGD,SA,SA_SA,2002,BGD2002,2345.695508,2866.434543,25.8940143,2.191536392,138933658
Bangladesh,BGD,SA,SA_SA,2003,BGD2003,2413.084367,2958.915031,25.92204335,2.033362757,140970351
Bangladesh,BGD,SA,SA_SA,2004,BGD2004,2496.297013,3071.837788,25.85033812,2.098200962,142902856
Bangladesh,BGD,SA,SA_SA,2005,BGD2005,2618.242177,3231.613707,26.10809119,1.891647302,144715786
Bangladesh,BGD,SA,SA_SA,2006,BGD2006,2753.055518,3407.42735,26.33061645,1.818784037,146405973
Bangladesh,BGD,SA,SA_SA,2007,BGD2007,2909.80898,3608.915438,26.10300872,2.358582475,147989278
Bangladesh,BGD,SA,SA_SA,2008,BGD2008,3050.829317,3787.938276,25.87262625,2.049759913,149474264
Bangladesh,BGD,SA,SA_SA,2009,BGD2009,3169.95817,3942.136312,26.62984778,1.865990756,150873714
Bangladesh,BGD,SA,SA_SA,2010,BGD2010,3301.562212,4125.463902,26.51882938,2.05721492,152201981
Bangladesh,BGD,SA,SA_SA,2011,BGD2011,3464.735818,4352.426434,25.86987265,1.881262049,153591076
Bangladesh,BGD,SA,SA_SA,2012,BGD2012,3637.162989,4592.048409,25.61143723,1.821686317,155070101
Bangladesh,BGD,SA,SA_SA,2013,BGD2013,3799.32272,4822.726214,25.29480874,1.893372518,156532141
Bangladesh,BGD,SA,SA_SA,2014,BGD2014,3971.527713,5068.639657,25.76335022,1.675412182,157964929
Bangladesh,BGD,SA,SA_SA,2015,BGD2015,4173.116752,5352.711333,25.56371143,2.348074871,159383179
Bangladesh,BGD,SA,SA_SA,2016,BGD2016,4407.018419,5682.535535,26.02726069,1.964098467,160811932
Bangladesh,BGD,SA,SA_SA,2017,BGD2017,4630.49807,6005.707188,25.8036546,2.547191928,162186147
Bangladesh,BGD,SA,SA_SA,2018,BGD2018,4902.963655,6392.59334,25.4224439,1.670123627,163523103
Bangladesh,BGD,SA,SA_SA,2019,BGD2019,5221.497221,6838.326116,25.76767349,1.878699169,164913055
Bangladesh,BGD,SA,SA_SA,2020,BGD2020,5331.045698,7015.197928,25.541341,2.299238801,166298024
Bangladesh,BGD,SA,SA_SA,2021,BGD2021,5621.858063,7441.06914,25.86526716,1.991726162,167658854
Bangladesh,BGD,SA,SA_SA,2022,BGD2022,5942.178985,7888.163891,25.85792739,1.656786041,169384897
Barbados,BRB,LA,C_LA,1990,BRB1990,14086,16976.76165,26.29166698,1.700800026,258582
Barbados,BRB,LA,C_LA,1991,BRB1991,13509,16264.92947,26.27916694,1.673350033,259373
Barbados,BRB,LA,C_LA,1992,BRB1992,12701,15286.35634,26.30416711,1.901600034,260267
Barbados,BRB,LA,C_LA,1993,BRB1993,12763,15362.72722,26.47916706,1.743300028,261027
Barbados,BRB,LA,C_LA,1994,BRB1994,12984,15636.1162,26.24583371,1.674950018,261620
Barbados,BRB,LA,C_LA,1995,BRB1995,13215,15925.52162,26.60416706,1.864850038,262039
Barbados,BRB,LA,C_LA,1996,BRB1996,13715,16543.32862,26.4750003,1.95600005,262284
Barbados,BRB,LA,C_LA,1997,BRB1997,14342,17320.36753,26.62916708,1.510050017,262392
Barbados,BRB,LA,C_LA,1998,BRB1998,14853,17963.13905,27.07500029,2.170700038,262436
Barbados,BRB,LA,C_LA,1999,BRB1999,14873,18017.69268,26.48333375,1.687800032,262517
Barbados,BRB,LA,C_LA,2000,BRB2000,15506,18851.57578,26.3500003,1.817350029,262063
Barbados,BRB,LA,C_LA,2001,BRB2001,15098,18380.25889,26.74166695,1.614950018,262425
Barbados,BRB,LA,C_LA,2002,BRB2002,15155,18404.14957,26.7833337,1.474750036,264148
Barbados,BRB,LA,C_LA,2003,BRB2003,15425,18689.34194,26.90833378,1.884400023,265776
Barbados,BRB,LA,C_LA,2004,BRB2004,15584,18845.24071,26.629167,2.474550014,267298
Barbados,BRB,LA,C_LA,2005,BRB2005,16142,19488.00252,26.97916706,2.235750048,268706
Barbados,BRB,LA,C_LA,2006,BRB2006,17058,20571.81051,26.69166692,1.690000024,270002
Barbados,BRB,LA,C_LA,2007,BRB2007,17347,20899.99113,26.6583337,1.725300012,271288
Barbados,BRB,LA,C_LA,2008,BRB2008,17384,20922.40765,26.37916692,1.933850035,272714
Barbados,BRB,LA,C_LA,2009,BRB2009,16439,19770.52674,26.79583375,1.557400028,274123
Barbados,BRB,LA,C_LA,2010,BRB2010,16011,19253.40887,27.1583337,2.316400038,275243
Barbados,BRB,LA,C_LA,2011,BRB2011,15847,19050.56737,26.70416721,2.367450052,276139
Barbados,BRB,LA,C_LA,2012,BRB2012,15758,18936.08881,26.68333364,1.987150034,276938
Barbados,BRB,LA,C_LA,2013,BRB2013,15515,18695.68329,26.68333371,1.696900033,277665
Barbados,BRB,LA,C_LA,2014,BRB2014,15480,18665.17698,26.65416694,1.704050041,278348
Barbados,BRB,LA,C_LA,2015,BRB2015,15822,18464.66309,26.95416737,1.327100026,278990
Barbados,BRB,LA,C_LA,2016,BRB2016,16190,18754.66514,26.98750035,1.880500026,279598
Barbados,BRB,LA,C_LA,2017,BRB2017,16234,18740.34883,26.67083367,2.00470002,280171
Barbados,BRB,LA,C_LA,2018,BRB2018,16063,18484.69764,26.34166686,1.740700027,280711
Barbados,BRB,LA,C_LA,2019,BRB2019,16078,18572.50954,26.65000041,1.287550012,281207
Barbados,BRB,LA,C_LA,2020,BRB2020,14004,15749.03802,26.71666686,1.692350037,281698
Barbados,BRB,LA,C_LA,2021,BRB2021,13869,15683.88471,26.51666713,1.489350016,282147
Barbados,BRB,LA,C_LA,2022,BRB2022,15417,18469.57659,26.35833367,1.767300015,282318
Belarus,BLR,E,EE_E,1990,BLR1990,8738.712958,12351.63571,7.825581026,0.711250045,10189348
Belarus,BLR,E,EE_E,1991,BLR1991,8628.820615,12197.78779,7.057572485,0.552144702,10194050
Belarus,BLR,E,EE_E,1992,BLR1992,7782.056806,11002.60176,7.327323811,0.574227453,10216470
Belarus,BLR,E,EE_E,1993,BLR1993,7173.73217,10143.98401,6.260707307,0.65247161,10239050
Belarus,BLR,E,EE_E,1994,BLR1994,6341.161871,8967.730726,6.847625113,0.613936501,10226955
Belarus,BLR,E,EE_E,1995,BLR1995,5699.025775,8061.196035,7.035621475,0.60334594,10193831
Belarus,BLR,E,EE_E,1996,BLR1996,5874.43333,8314.856562,5.633226516,0.58064918,10159569
Belarus,BLR,E,EE_E,1997,BLR1997,6567.36843,9301.32717,6.448252052,0.673114301,10117433
Belarus,BLR,E,EE_E,1998,BLR1998,7146.158866,10128.15605,6.651344789,0.786157396,10071963
Belarus,BLR,E,EE_E,1999,BLR1999,7417.67396,10519.74892,7.758298849,0.591487488,10026738
Belarus,BLR,E,EE_E,2000,BLR2000,7879.408338,11182.45484,8.002036728,0.629147801,9979610
Belarus,BLR,E,EE_E,2001,BLR2001,8283.735247,11771.0872,7.095230176,0.665627023,9928549
Belarus,BLR,E,EE_E,2002,BLR2002,8745.90162,12443.93226,7.728166099,0.556478648,9865548
Belarus,BLR,E,EE_E,2003,BLR2003,9415.827649,13413.92656,6.741820138,0.602542316,9796749
Belarus,BLR,E,EE_E,2004,BLR2004,10551.87067,15052.11821,6.908544405,0.692751359,9730146
Belarus,BLR,E,EE_E,2005,BLR2005,11607.33472,16579.87316,6.972444047,0.635132597,9663915
Belarus,BLR,E,EE_E,2006,BLR2006,12829.80477,18349.8719,7.083280654,0.597238004,9604924
Belarus,BLR,E,EE_E,2007,BLR2007,13979.15113,20019.61116,7.936918482,0.636105212,9560953
Belarus,BLR,E,EE_E,2008,BLR2008,15438.41647,22137.94729,8.15516177,0.681104965,9527985
Belarus,BLR,E,EE_E,2009,BLR2009,15486.92234,22236.83877,7.29430385,0.820246335,9504583
Belarus,BLR,E,EE_E,2010,BLR2010,16709.03305,24012.6133,6.816727182,0.729511497,9483836
Belarus,BLR,E,EE_E,2011,BLR2011,17632.06664,25404.7566,7.600889825,0.568243948,9461643
Belarus,BLR,E,EE_E,2012,BLR2012,17940.32285,25879.13194,6.983642076,0.76446168,9446836
Belarus,BLR,E,EE_E,2013,BLR2013,18109.88587,26147.62536,7.676144488,0.672242057,9443211
Belarus,BLR,E,EE_E,2014,BLR2014,18389.93568,26564.43472,7.884520321,0.572077116,9448515
Belarus,BLR,E,EE_E,2015,BLR2015,17641.49992,25513.21329,8.570870607,0.537775267,9461076
Belarus,BLR,E,EE_E,2016,BLR2016,17099.44846,24846.83015,7.789250548,0.715361892,9469379
Belarus,BLR,E,EE_E,2017,BLR2017,18950.89152,25503.98099,7.677368436,0.756739572,9458989
Belarus,BLR,E,EE_E,2018,BLR2018,18138.12249,26363.46298,8.008598968,0.591008703,9438785
Belarus,BLR,E,EE_E,2019,BLR2019,18354.67364,26798.82064,8.781457693,0.571371223,9419758
Belarus,BLR,E,EE_E,2020,BLR2020,18320.23427,26731.49538,9.073187439,0.601247092,9379952
Belarus,BLR,E,EE_E,2021,BLR2021,18976.85895,27611.18011,7.278863185,0.686877846,9302585
Belarus,BLR,E,EE_E,2022,BLR2022,18215.13413,26537.50831,7.971692602,0.688193746,9228071
Belgium,BEL,E,WE_E,1990,BEL1990,38054.23826,41658.42927,10.8511593,0.81384533,9967379
Belgium,BEL,E,WE_E,1991,BEL1991,38604.38199,42264.71433,9.688197082,0.784772457,10004486
Belgium,BEL,E,WE_E,1992,BEL1992,39033.22494,42737.89556,10.51674977,0.913581197,10045158
Belgium,BEL,E,WE_E,1993,BEL1993,38503.82466,42161.78895,9.844543585,0.966110266,10084475
Belgium,BEL,E,WE_E,1994,BEL1994,39620.5823,43388.40976,10.96639788,0.940359999,10115603
Belgium,BEL,E,WE_E,1995,BEL1995,40477.12738,44330.17699,10.50965307,0.868770243,10136811
Belgium,BEL,E,WE_E,1996,BEL1996,40916.20171,44828.29314,8.764069719,0.664587755,10156637
Belgium,BEL,E,WE_E,1997,BEL1997,42349.1743,46416.47128,10.38626103,0.81138271,10181245
Belgium,BEL,E,WE_E,1998,BEL1998,43071.65345,47226.13606,10.37321446,1.046663979,10203008
Belgium,BEL,E,WE_E,1999,BEL1999,44478.88124,48787.28151,10.94168237,0.994019738,10226419
Belgium,BEL,E,WE_E,2000,BEL2000,46002.93537,50477.99413,11.04067987,1.044040468,10251250
Belgium,BEL,E,WE_E,2001,BEL2001,46333.16191,50857.82474,10.40898986,1.08906909,10286570
Belgium,BEL,E,WE_E,2002,BEL2002,46897.10349,51494.56179,10.88686416,1.035252024,10332785
Belgium,BEL,E,WE_E,2003,BEL2003,47169.97431,51811.69235,10.73241371,0.732210864,10376133
Belgium,BEL,E,WE_E,2004,BEL2004,48627.29516,53430.25402,10.35377117,0.886508616,10421137
Belgium,BEL,E,WE_E,2005,BEL2005,49467.26604,54370.87038,10.59917708,0.872649211,10478617
Belgium,BEL,E,WE_E,2006,BEL2006,50385.99633,55392.05003,10.87584017,0.893410846,10547958
Belgium,BEL,E,WE_E,2007,BEL2007,51845.80516,57008.60139,11.10562965,0.990158208,10625700
Belgium,BEL,E,WE_E,2008,BEL2008,51657.69985,56812.79044,10.62652969,0.939835582,10709973
Belgium,BEL,E,WE_E,2009,BEL2009,50198.40326,55283.08634,10.60849991,0.886597443,10796493
Belgium,BEL,E,WE_E,2010,BEL2010,51157.0266,56265.01535,9.323638624,0.912135372,10895586
Belgium,BEL,E,WE_E,2011,BEL2011,51286.94216,56610.26701,11.15739908,0.791981239,11038264
Belgium,BEL,E,WE_E,2012,BEL2012,51410.03553,56381.68884,10.4444404,1.001779588,11106932
Belgium,BEL,E,WE_E,2013,BEL2013,51403.93633,56287.99766,9.934443236,0.888190498,11159407
Belgium,BEL,E,WE_E,2014,BEL2014,51981.11766,57028.05797,11.69505209,0.897046458,11209057
Belgium,BEL,E,WE_E,2015,BEL2015,52778.77654,57534.39661,11.13608184,0.852139518,11274196
Belgium,BEL,E,WE_E,2016,BEL2016,53159.63454,57927.04288,10.7725854,0.955103614,11331422
Belgium,BEL,E,WE_E,2017,BEL2017,53756.52054,58555.15248,11.02714973,0.882651757,11375158
Belgium,BEL,E,WE_E,2018,BEL2018,54378.07591,59383.87733,11.6773574,0.778979644,11427054
Belgium,BEL,E,WE_E,2019,BEL2019,55260.55316,60506.65977,11.44076227,0.877214501,11488980
Belgium,BEL,E,WE_E,2020,BEL2020,52084.06707,57358.83703,11.9002447,0.851377222,11538604
Belgium,BEL,E,WE_E,2021,BEL2021,55484.41435,60669.21377,10.45630528,0.988533655,11586195
Belgium,BEL,E,WE_E,2022,BEL2022,56648.50787,62744.203,11.97585361,0.75600639,11680210
Belize,BLZ,LA,CA_LA,1990,BLZ1990,6292,8243.732655,25.59037693,2.272228844,183076
Belize,BLZ,LA,CA_LA,1991,BLZ1991,6887,9019.605755,25.582071,1.882266698,187040
Belize,BLZ,LA,CA_LA,1992,BLZ1992,7608,9957.971103,25.35293686,2.248520309,190983
Belize,BLZ,LA,CA_LA,1993,BLZ1993,7914,10356.67091,25.3430965,2.222345369,194902
Belize,BLZ,LA,CA_LA,1994,BLZ1994,7743,10136.44658,25.66551492,1.762915083,199097
Belize,BLZ,LA,CA_LA,1995,BLZ1995,7603,9958.204291,25.8639252,2.197249281,204146
Belize,BLZ,LA,CA_LA,1996,BLZ1996,7456,9773.261398,25.33064568,1.873600231,210310
Belize,BLZ,LA,CA_LA,1997,BLZ1997,7512,9852.857267,25.7710161,2.036023615,217446
Belize,BLZ,LA,CA_LA,1998,BLZ1998,7534,9884.916623,26.10151328,2.292134088,225173
Belize,BLZ,LA,CA_LA,1999,BLZ1999,7967,10450.55264,25.34581773,2.034769344,233059
Belize,BLZ,LA,CA_LA,2000,BLZ2000,8656,11352.71912,25.4973124,1.977300388,240799
Belize,BLZ,LA,CA_LA,2001,BLZ2001,8807,11555.90721,25.80572651,2.022420381,248379
Belize,BLZ,LA,CA_LA,2002,BLZ2002,8996,11816.59761,25.95987355,1.82218578,256009
Belize,BLZ,LA,CA_LA,2003,BLZ2003,9566,12577.09715,26.00993882,1.837154877,263780
Belize,BLZ,LA,CA_LA,2004,BLZ2004,9724,12794.80586,25.96965146,1.826043246,271688
Belize,BLZ,LA,CA_LA,2005,BLZ2005,9648,12702.74198,25.87375885,2.063763938,279731
Belize,BLZ,LA,CA_LA,2006,BLZ2006,9791,12900.11138,25.81961133,2.609655639,287878
Belize,BLZ,LA,CA_LA,2007,BLZ2007,9827,12962.46689,25.87094113,1.941493491,296100
Belize,BLZ,LA,CA_LA,2008,BLZ2008,9406,12398.51256,25.69443584,2.171741897,304361
Belize,BLZ,LA,CA_LA,2009,BLZ2009,9111,12024.19647,26.086141,1.719351592,312614
Belize,BLZ,LA,CA_LA,2010,BLZ2010,8996,11868.43824,25.43218627,2.197615147,320245
Belize,BLZ,LA,CA_LA,2011,BLZ2011,8767,11584.28516,25.83620195,2.289839167,327298
Belize,BLZ,LA,CA_LA,2012,BLZ2012,8886,11761.56391,26.09877056,1.98152199,334414
Belize,BLZ,LA,CA_LA,2013,BLZ2013,9074,12026.0711,25.96407615,2.71462627,341627
Belize,BLZ,LA,CA_LA,2014,BLZ2014,9233,12249.22142,25.84333473,2.147414909,348923
Belize,BLZ,LA,CA_LA,2015,BLZ2015,9331,12339.48074,26.32238264,1.756442037,356333
Belize,BLZ,LA,CA_LA,2016,BLZ2016,9141,12062.79817,26.3516336,1.972713653,364705
Belize,BLZ,LA,CA_LA,2017,BLZ2017,8799,11574.45245,26.23763378,1.993114315,373202
Belize,BLZ,LA,CA_LA,2018,BLZ2018,8720,11486.80294,25.80571213,2.229166871,380226
Belize,BLZ,LA,CA_LA,2019,BLZ2019,8925,11803.088,26.24185955,1.456866339,385829
Belize,BLZ,LA,CA_LA,2020,BLZ2020,7586,10032.5445,26.51125138,1.914950655,390812
Belize,BLZ,LA,CA_LA,2021,BLZ2021,8827,11677.46101,26.28614271,1.918003233,395346
Belize,BLZ,LA,CA_LA,2022,BLZ2022,9474,12569.81794,25.8473858,2.69274996,402733
Benin,BEN,SSA,WA_SSA,1990,BEN1990,2172.806435,2207.067964,27.84579854,0.922847099,5281479
Benin,BEN,SSA,WA_SSA,1991,BEN1991,2195.9351,2230.460547,27.52299247,1.203313287,5446932
Benin,BEN,SSA,WA_SSA,1992,BEN1992,2192.300164,2226.56666,27.36903829,0.94329634,5617844
Benin,BEN,SSA,WA_SSA,1993,BEN1993,2217.808227,2254.245654,27.62981707,0.942179394,5872706
Benin,BEN,SSA,WA_SSA,1994,BEN1994,2178.429172,2215.366168,27.44488484,1.102763042,6096506
Benin,BEN,SSA,WA_SSA,1995,BEN1995,2261.65642,2300.141221,27.74460873,1.128759695,6226773
Benin,BEN,SSA,WA_SSA,1996,BEN1996,2260.016629,2337.630308,27.81339838,1.059524026,6391858
Benin,BEN,SSA,WA_SSA,1997,BEN1997,2357.663275,2399.785931,27.80280209,0.996133743,6583365
Benin,BEN,SSA,WA_SSA,1998,BEN1998,2375.581963,2419.100143,28.26203415,1.087340795,6789489
Benin,BEN,SSA,WA_SSA,1999,BEN1999,2396.682711,2470.685044,27.74235239,1.156712571,7002818
Benin,BEN,SSA,WA_SSA,2000,BEN2000,2428.975184,2536.168859,27.83323775,0.959333885,7221619
Benin,BEN,SSA,WA_SSA,2001,BEN2001,2450.267548,2591.064852,28.00003859,0.844837514,7445596
Benin,BEN,SSA,WA_SSA,2002,BEN2002,2454.187576,2630.18061,28.14114903,1.028509864,7675426
Benin,BEN,SSA,WA_SSA,2003,BEN2003,2428.118453,2639.043701,28.17213336,1.197492521,7913070
Benin,BEN,SSA,WA_SSA,2004,BEN2004,2423.504267,2672.844044,28.11714896,1.043767336,8159094
Benin,BEN,SSA,WA_SSA,2005,BEN2005,2630.959791,2632.472515,28.39054557,0.987465611,8426144
Benin,BEN,SSA,WA_SSA,2006,BEN2006,2639.126377,2652.21842,28.22532848,0.983611099,8693242
Benin,BEN,SSA,WA_SSA,2007,BEN2007,2734.054991,2729.137414,28.18772809,1.133257049,8953969
Benin,BEN,SSA,WA_SSA,2008,BEN2008,2801.548287,2777.61974,27.84818648,1.189167242,9228466
Benin,BEN,SSA,WA_SSA,2009,BEN2009,2799.63049,2758.072432,28.3729834,1.096256781,9509423
Benin,BEN,SSA,WA_SSA,2010,BEN2010,2793.940949,2733.573996,28.5644061,1.135099494,9797484
Benin,BEN,SSA,WA_SSA,2011,BEN2011,2808.580618,2732.012496,28.30154772,0.974507213,10093623
Benin,BEN,SSA,WA_SSA,2012,BEN2012,2850.035102,2779.726481,27.99556658,1.000096958,10397657
Benin,BEN,SSA,WA_SSA,2013,BEN2013,2958.372166,2893.046702,28.20817454,0.941916938,10708834
Benin,BEN,SSA,WA_SSA,2014,BEN2014,3046.619919,2987.382363,28.33359435,1.041283896,11030004
Benin,BEN,SSA,WA_SSA,2015,BEN2015,3000.30719,2952.002183,28.32205749,0.90942069,11360681
Benin,BEN,SSA,WA_SSA,2016,BEN2016,2998.82691,2962.663816,28.54693079,0.955228396,11697842
Benin,BEN,SSA,WA_SSA,2017,BEN2017,3066.225742,3041.7793,28.36233191,1.029761935,12039780
Benin,BEN,SSA,WA_SSA,2018,BEN2018,3167.086369,3155.451065,28.36913987,1.131821371,12383347
Benin,BEN,SSA,WA_SSA,2019,BEN2019,3285.252642,3281.104701,28.26014896,1.185418649,12726755
Benin,BEN,SSA,WA_SSA,2020,BEN2020,3313.294456,3317.859722,28.46584315,1.104103549,13070169
Benin,BEN,SSA,WA_SSA,2021,BEN2021,3450.23358,3464.288629,28.62386616,1.039845154,13413417
Benin,BEN,SSA,WA_SSA,2022,BEN2022,3564.290741,3588.325199,27.96480713,1.079022311,13759501
Bermuda,BMU,NA,WE_E,1990,BMU1990,65961,79747.4825,22.40000041,1.194700016,57559
Bermuda,BMU,NA,WE_E,1991,BMU1991,63959,76365.04305,22.45000045,1.5,57984
Bermuda,BMU,NA,WE_E,1992,BMU1992,64385,75766.6971,22.19166708,1.5,58407
Bermuda,BMU,NA,WE_E,1993,BMU1993,65968,77503.46442,22.27500057,1.5,58816
Bermuda,BMU,NA,WE_E,1994,BMU1994,65905,77470.29769,22.28333346,1.5,59194
Bermuda,BMU,NA,WE_E,1995,BMU1995,68313,80427.24062,21.48333359,1.5,59526
Bermuda,BMU,NA,WE_E,1996,BMU1996,69643,82122.78261,21.35833359,1.5,59813
Bermuda,BMU,NA,WE_E,1997,BMU1997,72404,85380.83483,21.35000038,1.5,60177
Bermuda,BMU,NA,WE_E,1998,BMU1998,74677,88034.81324,21.40000041,1.5,60639
Bermuda,BMU,NA,WE_E,1999,BMU1999,76772,90290.56249,21.41666698,1.5,61124
Bermuda,BMU,NA,WE_E,2000,BMU2000,83182,98019.93147,21.37500048,1.5,61550
Bermuda,BMU,NA,WE_E,2001,BMU2001,88232,104560.8398,21.35833359,1.439299999,61867
Bermuda,BMU,NA,WE_E,2002,BMU2002,86364,102559.7694,21.47500022,1.5,62142
Bermuda,BMU,NA,WE_E,2003,BMU2003,88727,105642.9761,21.38333352,1.543,62386
Bermuda,BMU,NA,WE_E,2004,BMU2004,90196,107803.1994,21.44166692,1.454599998,62555
Bermuda,BMU,NA,WE_E,2005,BMU2005,91114,109335.3859,21.29166683,1.407800001,62711
Bermuda,BMU,NA,WE_E,2006,BMU2006,95615,115170.8999,21.38333368,1.5,62834
Bermuda,BMU,NA,WE_E,2007,BMU2007,98258,118691.07,21.37500032,1.5,63010
Bermuda,BMU,NA,WE_E,2008,BMU2008,95856,115942.7272,21.35833359,1.3925,63300
Bermuda,BMU,NA,WE_E,2009,BMU2009,89962,108962.8169,21.45833365,1.435600029,63565
Bermuda,BMU,NA,WE_E,2010,BMU2010,88400,105968.8751,20.90833386,1.154300026,63725
Bermuda,BMU,NA,WE_E,2011,BMU2011,85829,101989.9273,21.54166698,1.014700026,63733
Bermuda,BMU,NA,WE_E,2012,BMU2012,80982,96711.07397,21.64166721,1.33210001,63646
Bermuda,BMU,NA,WE_E,2013,BMU2013,80504,96549.78748,21.22500038,1.580799999,63574
Bermuda,BMU,NA,WE_E,2014,BMU2014,77361,93042.27331,21.90000057,1.773000019,63529
Bermuda,BMU,NA,WE_E,2015,BMU2015,77843,93859.87695,21.99166695,1.422600021,63464
Bermuda,BMU,NA,WE_E,2016,BMU2016,78149,93265.06754,22.10000054,1.927600044,63449
Bermuda,BMU,NA,WE_E,2017,BMU2017,81835,96437.19144,22.00833368,1.318200031,63578
Bermuda,BMU,NA,WE_E,2018,BMU2018,81423,95639.22673,22.02500025,1.514700035,63831
Bermuda,BMU,NA,WE_E,2019,BMU2019,81682,95519.92069,22.06666724,1.57790003,64107
Bermuda,BMU,NA,WE_E,2020,BMU2020,76118,88618.08307,21.86666711,1.371400017,64382
Bermuda,BMU,NA,WE_E,2021,BMU2021,78570,92319.67149,21.85833359,1.518800003,64648
Bermuda,BMU,NA,WE_E,2022,BMU2022,81166,98145.16894,22.15000041,1.477800028,64749
Bhutan,BTN,SA,SA_SA,1990,BTN1990,2896,3411.38376,7.79646752,1.889674908,589287
Bhutan,BTN,SA,SA_SA,1991,BTN1991,2837,3338.009418,7.476451786,1.996147258,599784
Bhutan,BTN,SA,SA_SA,1992,BTN1992,3085,3624.597815,7.20934838,1.684842642,577774
Bhutan,BTN,SA,SA_SA,1993,BTN1993,3298,3850.551287,7.593089417,1.816679858,554673
Bhutan,BTN,SA,SA_SA,1994,BTN1994,3459,4042.494178,7.840141313,1.503573428,554497
Bhutan,BTN,SA,SA_SA,1995,BTN1995,3660,4379.870467,7.997737506,1.810202356,547989
Bhutan,BTN,SA,SA_SA,1996,BTN1996,3792,4616.919792,7.823408117,1.685549573,548784
Bhutan,BTN,SA,SA_SA,1997,BTN1997,3927,4778.705117,7.088072296,1.686908692,558697
Bhutan,BTN,SA,SA_SA,1998,BTN1998,4082,4965.87646,8.245701168,1.961230245,569435
Bhutan,BTN,SA,SA_SA,1999,BTN1999,4302,5241.366638,8.460529663,1.998024722,582579
Bhutan,BTN,SA,SA_SA,2000,BTN2000,4323,5287.574347,7.580935884,1.968309329,596863
Bhutan,BTN,SA,SA_SA,2001,BTN2001,4560,5545.630551,8.099658023,2.007321383,610794
Bhutan,BTN,SA,SA_SA,2002,BTN2002,4931,5991.254976,7.967758144,1.745980334,624409
Bhutan,BTN,SA,SA_SA,2003,BTN2003,5187,6323.541195,8.050900223,1.845236521,637663
Bhutan,BTN,SA,SA_SA,2004,BTN2004,5368,6517.996833,7.955333322,1.831858292,650544
Bhutan,BTN,SA,SA_SA,2005,BTN2005,5644,6850.804416,8.231015844,1.557902882,661865
Bhutan,BTN,SA,SA_SA,2006,BTN2006,5950,7140.856091,8.608422002,1.63406234,670799
Bhutan,BTN,SA,SA_SA,2007,BTN2007,6956,8195.070745,8.367309058,1.832961536,678641
Bhutan,BTN,SA,SA_SA,2008,BTN2008,7204,8470.034716,7.999601122,2.01355184,686351
Bhutan,BTN,SA,SA_SA,2009,BTN2009,7603,9019.118613,8.843174652,1.372827844,693988
Bhutan,BTN,SA,SA_SA,2010,BTN2010,8416,9985.284555,8.70008548,1.873744508,701632
Bhutan,BTN,SA,SA_SA,2011,BTN2011,8988,10714.68657,8.087496521,1.709222581,709377
Bhutan,BTN,SA,SA_SA,2012,BTN2012,9346,11143.94454,7.773724132,1.587122285,717279
Bhutan,BTN,SA,SA_SA,2013,BTN2013,9443,11212.47943,7.875656611,1.81810737,725273
Bhutan,BTN,SA,SA_SA,2014,BTN2014,9887,11744.51891,8.194583291,1.657947571,733139
Bhutan,BTN,SA,SA_SA,2015,BTN2015,10446,12400.29832,7.888130985,1.641541813,740618
Bhutan,BTN,SA,SA_SA,2016,BTN2016,11197,13320.9759,8.307792307,1.7331647,747866
Bhutan,BTN,SA,SA_SA,2017,BTN2017,11619,13482.34253,8.202111446,1.841998806,754335
Bhutan,BTN,SA,SA_SA,2018,BTN2018,11932,13854.8544,7.867401775,1.442871283,759759
Bhutan,BTN,SA,SA_SA,2019,BTN2019,12530,14555.1884,8.156719146,1.636124965,764824
Bhutan,BTN,SA,SA_SA,2020,BTN2020,11176,12979.93695,8.032921206,1.888217209,770006
Bhutan,BTN,SA,SA_SA,2021,BTN2021,11596,13458.81267,8.445865212,1.484432422,775442
Bhutan,BTN,SA,SA_SA,2022,BTN2022,12989,14061.31203,8.206650584,1.523242852,780914
Bolivia,BOL,LA,SA_LA,1990,BOL1990,4306.394834,5124.487981,20.80008718,1.161519957,7130142
Bolivia,BOL,LA,SA_LA,1991,BOL1991,4459.921614,5283.118255,20.97905737,1.127243897,7280289
Bolivia,BOL,LA,SA_LA,1992,BOL1992,4460.41877,5261.661678,20.74920226,1.17088525,7430336
Bolivia,BOL,LA,SA_LA,1993,BOL1993,4572.139334,5378.544097,20.89205641,1.113777923,7579195
Bolivia,BOL,LA,SA_LA,1994,BOL1994,4696.366415,5521.660254,21.29776445,1.096712183,7727322
Bolivia,BOL,LA,SA_LA,1995,BOL1995,4834.388108,5671.821583,20.99592546,0.856300813,7874676
Bolivia,BOL,LA,SA_LA,1996,BOL1996,4954.533586,5810.674457,20.52732969,1.075666975,8021736
Bolivia,BOL,LA,SA_LA,1997,BOL1997,5107.43475,5989.414319,21.04290673,1.167115268,8167900
Bolivia,BOL,LA,SA_LA,1998,BOL1998,5258.632173,6180.549689,21.06117624,1.138189316,8313394
Bolivia,BOL,LA,SA_LA,1999,BOL1999,5208.382235,6099.511522,20.51838869,1.127771043,8459806
Bolivia,BOL,LA,SA_LA,2000,BOL2000,5248.242377,6146.029294,20.64899338,1.186048513,8606326
Bolivia,BOL,LA,SA_LA,2001,BOL2001,5232.893164,6144.978295,20.65276647,1.197720113,8752736
Bolivia,BOL,LA,SA_LA,2002,BOL2002,5268.278613,6193.263475,20.92893577,1.094455901,8900355
Bolivia,BOL,LA,SA_LA,2003,BOL2003,5313.38082,6255.515583,20.57808409,1.120699761,9050700
Bolivia,BOL,LA,SA_LA,2004,BOL2004,5438.340989,6407.838118,20.94424418,1.139653817,9204287
Bolivia,BOL,LA,SA_LA,2005,BOL2005,5574.482776,6579.312289,20.73509097,1.009909739,9360754
Bolivia,BOL,LA,SA_LA,2006,BOL2006,5740.471355,6778.384925,20.86436289,1.210018444,9521689
Bolivia,BOL,LA,SA_LA,2007,BOL2007,5899.951182,6967.56988,20.57491689,1.166661467,9685960
Bolivia,BOL,LA,SA_LA,2008,BOL2008,6168.475285,7272.166242,20.28789997,1.126351008,9850858
Bolivia,BOL,LA,SA_LA,2009,BOL2009,6272.234171,7392.162593,20.73211319,1.234675307,10016275
Bolivia,BOL,LA,SA_LA,2010,BOL2010,6419.648907,7571.678092,20.83501232,1.048657161,10182345
Bolivia,BOL,LA,SA_LA,2011,BOL2011,6540.92253,7837.493188,20.78736268,1.158672464,10348929
Bolivia,BOL,LA,SA_LA,2012,BOL2012,6755.471633,8108.205188,20.82785883,1.126612607,10515807
Bolivia,BOL,LA,SA_LA,2013,BOL2013,7089.269252,8524.032134,20.58482516,1.176728771,10682608
Bolivia,BOL,LA,SA_LA,2014,BOL2014,7347.923161,8851.711628,21.07297341,1.217252288,10848888
Bolivia,BOL,LA,SA_LA,2015,BOL2015,7575.565816,9141.928409,21.29915166,1.071235192,11014705
Bolivia,BOL,LA,SA_LA,2016,BOL2016,7766.836872,9390.790638,20.91889696,0.957575958,11180020
Bolivia,BOL,LA,SA_LA,2017,BOL2017,7960.398853,9642.813957,21.10404153,1.111941162,11344587
Bolivia,BOL,LA,SA_LA,2018,BOL2018,8164.324374,9907.062567,20.68239465,1.24904907,11508368
Bolivia,BOL,LA,SA_LA,2019,BOL2019,8215.256004,9985.230485,21.06247265,0.968065042,11671386
Bolivia,BOL,LA,SA_LA,2020,BOL2020,7390.045573,9000.975652,21.40027042,0.952530753,11816299
Bolivia,BOL,LA,SA_LA,2021,BOL2021,7742.206493,9454.198147,20.92416049,1.083670978,11937360
Bolivia,BOL,LA,SA_LA,2022,BOL2022,7920.256694,9681.70743,20.78168662,0.863626498,12077154
Bosnia and Herzegovina,BIH,E,SE_E,1990,BIH1990,1512.161373,2413.275529,10.04191062,0.855266355,4448652
Bosnia and Herzegovina,BIH,E,SE_E,1991,BIH1991,1888.088665,2182.926614,8.899558468,1.150863695,4458343
Bosnia and Herzegovina,BIH,E,SE_E,1992,BIH1992,1748.691896,2150.320257,10.16742172,1.00228273,4234616
Bosnia and Herzegovina,BIH,E,SE_E,1993,BIH1993,1805.059816,2281.263368,9.425213741,1.023836619,3904482
Bosnia and Herzegovina,BIH,E,SE_E,1994,BIH1994,1729.61122,2657.073317,10.75000341,0.94108415,3725412
Bosnia and Herzegovina,BIH,E,SE_E,1995,BIH1995,2095.037935,3089.529848,9.554370057,1.272926447,3715564
Bosnia and Herzegovina,BIH,E,SE_E,1996,BIH1996,3798.312566,4567.728348,8.777165187,1.303372939,3875246
Bosnia and Herzegovina,BIH,E,SE_E,1997,BIH1997,4925.848259,6019.307316,9.35410904,1.018616412,4018227
Bosnia and Herzegovina,BIH,E,SE_E,1998,BIH1998,5599.388759,6897.402974,9.755209615,1.116187107,4089356
Bosnia and Herzegovina,BIH,E,SE_E,1999,BIH1999,6079.658862,7479.25014,9.915016395,1.32956623,4130305
Bosnia and Herzegovina,BIH,E,SE_E,2000,BIH2000,6809.963671,7828.352144,10.90802364,0.899312148,4159771
Bosnia and Herzegovina,BIH,E,SE_E,2001,BIH2001,6947.087222,7980.327406,9.855138463,1.111577114,4179438
Bosnia and Herzegovina,BIH,E,SE_E,2002,BIH2002,7287.469586,8364.394606,10.64881903,1.207873812,4188002
Bosnia and Herzegovina,BIH,E,SE_E,2003,BIH2003,7592.634206,8707.565802,9.901906303,0.847953184,4178523
Bosnia and Herzegovina,BIH,E,SE_E,2004,BIH2004,8189.322448,9342.264814,9.588587872,1.273505517,4140987
Bosnia and Herzegovina,BIH,E,SE_E,2005,BIH2005,8641.09284,9811.774878,9.155291486,1.284966467,4096493
Bosnia and Herzegovina,BIH,E,SE_E,2006,BIH2006,9183.692488,10427.54817,9.927865618,0.980217222,4063272
Bosnia and Herzegovina,BIH,E,SE_E,2007,BIH2007,9839.607164,11175.40207,10.90634479,1.053952663,4013424
Bosnia and Herzegovina,BIH,E,SE_E,2008,BIH2008,10537.63962,11980.42977,10.77352037,1.079849918,3947544
Bosnia and Herzegovina,BIH,E,SE_E,2009,BIH2009,10386.81319,11823.40301,10.64207877,1.172026638,3879794
Bosnia and Herzegovina,BIH,E,SE_E,2010,BIH2010,10621.15137,12139.528,9.709718581,1.54200227,3811472
Bosnia and Herzegovina,BIH,E,SE_E,2011,BIH2011,10922.26015,12484.22065,10.35500654,0.761747286,3741798
Bosnia and Herzegovina,BIH,E,SE_E,2012,BIH2012,10989.59528,12623.45977,10.69914948,1.017251856,3670113
Bosnia and Herzegovina,BIH,E,SE_E,2013,BIH2013,11409.12131,13132.11101,10.52749444,1.289821439,3610859
Bosnia and Herzegovina,BIH,E,SE_E,2014,BIH2014,11631.01378,13455.15778,11.1926424,1.506714061,3564829
Bosnia and Herzegovina,BIH,E,SE_E,2015,BIH2015,12261.17941,14220.36046,11.03355916,1.031783646,3518541
Bosnia and Herzegovina,BIH,E,SE_E,2016,BIH2016,12913.28424,14873.92356,10.54315052,1.20645874,3473003
Bosnia and Herzegovina,BIH,E,SE_E,2017,BIH2017,13484.71024,15554.95443,10.62547673,0.973905275,3428682
Bosnia and Herzegovina,BIH,E,SE_E,2018,BIH2018,14149.47332,16349.07355,11.39919394,1.078137406,3387000
Bosnia and Herzegovina,BIH,E,SE_E,2019,BIH2019,14729.33424,17029.62088,11.50967195,1.270113502,3345533
Bosnia and Herzegovina,BIH,E,SE_E,2020,BIH2020,14465.0085,16747.3534,11.00878084,1.0223821,3299349
Bosnia and Herzegovina,BIH,E,SE_E,2021,BIH2021,15756.4647,18286.72263,10.38224851,1.113053655,3244907
Bosnia and Herzegovina,BIH,E,SE_E,2022,BIH2022,16590.06676,19298.18116,11.39530591,0.86871406,3204802
Botswana,BWA,SSA,SA_SSA,1990,BWA1990,9165,10520.9184,21.79496479,0.29267119,1305696
Botswana,BWA,SSA,SA_SSA,1991,BWA1991,9569,11001.80136,21.65481695,0.45567494,1341756
Botswana,BWA,SSA,SA_SSA,1992,BWA1992,9570,11008.68102,22.43164589,0.228376768,1380033
Botswana,BWA,SSA,SA_SSA,1993,BWA1993,9477,10902.95128,21.98693712,0.311646304,1420115
Botswana,BWA,SSA,SA_SSA,1994,BWA1994,9551,10989.67005,21.46368496,0.294242,1460023
Botswana,BWA,SSA,SA_SSA,1995,BWA1995,9957,11457.69944,22.0832164,0.334523189,1498836
Botswana,BWA,SSA,SA_SSA,1996,BWA1996,10280,11832.93878,21.54453757,0.427480188,1535914
Botswana,BWA,SSA,SA_SSA,1997,BWA1997,10881,12526.35224,21.72591656,0.444460974,1571691
Botswana,BWA,SSA,SA_SSA,1998,BWA1998,10689,12306.25048,22.29106971,0.381370398,1606899
Botswana,BWA,SSA,SA_SSA,1999,BWA1999,11474,13207.44735,22.13897598,0.367591886,1641997
Botswana,BWA,SSA,SA_SSA,2000,BWA2000,11462,13185.81715,21.37458321,0.462851986,1677382
Botswana,BWA,SSA,SA_SSA,2001,BWA2001,11263,12949.64031,21.77742944,0.425776115,1712254
Botswana,BWA,SSA,SA_SSA,2002,BWA2002,11725,13479.69607,21.96850552,0.359956798,1744763
Botswana,BWA,SSA,SA_SSA,2003,BWA2003,12055,13857.25883,22.22819252,0.358197137,1775736
Botswana,BWA,SSA,SA_SSA,2004,BWA2004,12166,13984.84151,22.26999533,0.422376387,1807146
Botswana,BWA,SSA,SA_SSA,2005,BWA2005,12494,14361.95763,22.69071538,0.37764871,1839877
Botswana,BWA,SSA,SA_SSA,2006,BWA2006,13287,15275.58288,21.76991794,0.426946326,1874516
Botswana,BWA,SSA,SA_SSA,2007,BWA2007,13783,15850.23435,22.02882101,0.361242154,1911201
Botswana,BWA,SSA,SA_SSA,2008,BWA2008,13945,16040.31532,22.13776847,0.407061663,1949970
Botswana,BWA,SSA,SA_SSA,2009,BWA2009,11729,13489.95092,22.26482312,0.404975393,1990673
Botswana,BWA,SSA,SA_SSA,2010,BWA2010,12653,14545.01981,22.34545557,0.51097833,2033111
Botswana,BWA,SSA,SA_SSA,2011,BWA2011,13250,15236.71888,21.82944547,0.481842821,2073535
Botswana,BWA,SSA,SA_SSA,2012,BWA2012,12976,14957.61891,22.00756622,0.398422677,2108617
Botswana,BWA,SSA,SA_SSA,2013,BWA2013,14144,16369.42529,21.94141461,0.405149474,2140682
Botswana,BWA,SSA,SA_SSA,2014,BWA2014,14665,17052.1924,22.04220639,0.397641157,2172044
Botswana,BWA,SSA,SA_SSA,2015,BWA2015,13682,15994.9643,22.58070858,0.356899495,2203273
Botswana,BWA,SSA,SA_SSA,2016,BWA2016,14373,16905.58874,22.6359831,0.387238448,2234776
Botswana,BWA,SSA,SA_SSA,2017,BWA2017,14657,17352.89584,22.1254892,0.448180323,2266747
Botswana,BWA,SSA,SA_SSA,2018,BWA2018,14962,17825.01857,22.25242817,0.38601979,2299141
Botswana,BWA,SSA,SA_SSA,2019,BWA2019,15118,18106.01054,22.93812702,0.381380258,2332083
Botswana,BWA,SSA,SA_SSA,2020,BWA2020,13545,16289.39136,22.01947479,0.406127934,2365894
Botswana,BWA,SSA,SA_SSA,2021,BWA2021,14907,17960.62544,21.75687002,0.404504252,2401441
Botswana,BWA,SSA,SA_SSA,2022,BWA2022,15519,18647.37346,21.99011921,0.42646114,2439892
Brazil,BRA,LA,SA_LA,1990,BRA1990,10460.30953,12633.28846,25.1318534,1.67533943,149143223
Brazil,BRA,LA,SA_LA,1991,BRA1991,10388.63472,12546.5605,25.03552915,1.733026541,151724256
Brazil,BRA,LA,SA_LA,1992,BRA1992,10163.73768,12271.97885,24.92974376,1.713011064,154275079
Brazil,BRA,LA,SA_LA,1993,BRA1993,10494.68199,12669.42872,25.03047754,1.692870109,156794577
Brazil,BRA,LA,SA_LA,1994,BRA1994,10935.51838,13202.9308,25.15301635,1.849424056,159265006
Brazil,BRA,LA,SA_LA,1995,BRA1995,11222.19993,13550.43937,25.28128096,1.77237307,161735073
Brazil,BRA,LA,SA_LA,1996,BRA1996,11292.99219,13641.6296,25.04787331,1.82098385,164202549
Brazil,BRA,LA,SA_LA,1997,BRA1997,11499.69404,13896.62499,25.29468155,1.776987974,166661659
Brazil,BRA,LA,SA_LA,1998,BRA1998,11367.3951,13737.70264,25.66230416,1.741546176,169159655
Brazil,BRA,LA,SA_LA,1999,BRA1999,11256.9056,13602.41371,25.15708776,1.827451771,171641543
Brazil,BRA,LA,SA_LA,2000,BRA2000,11588.54547,14005.34719,25.1182185,1.954675669,174018282
Brazil,BRA,LA,SA_LA,2001,BRA2001,11599.14362,14016.13138,25.39766255,1.772733533,176301203
Brazil,BRA,LA,SA_LA,2002,BRA2002,11807.00813,14265.90488,25.66580255,1.808750516,178503484
Brazil,BRA,LA,SA_LA,2003,BRA2003,11803.00575,14259.36641,25.45220394,1.739100213,180622688
Brazil,BRA,LA,SA_LA,2004,BRA2004,12348.52665,14911.26096,25.37419733,1.82991651,182675143
Brazil,BRA,LA,SA_LA,2005,BRA2005,12608.14086,15221.01383,25.62680241,1.833637307,184688101
Brazil,BRA,LA,SA_LA,2006,BRA2006,12965.05193,15657.47957,25.44852869,1.873551461,186653106
Brazil,BRA,LA,SA_LA,2007,BRA2007,13609.99207,16440.58374,25.56866796,1.752862625,188552320
Brazil,BRA,LA,SA_LA,2008,BRA2008,14160.38868,17113.36798,25.27756451,1.916901035,190367302
Brazil,BRA,LA,SA_LA,2009,BRA2009,14006.03003,16939.44078,25.49179312,1.95645823,192079951
Brazil,BRA,LA,SA_LA,2010,BRA2010,14904.96309,18062.15811,25.69987989,1.770710982,193701929
Brazil,BRA,LA,SA_LA,2011,BRA2011,15350.00543,18627.81045,25.39493914,1.882201118,195284734
Brazil,BRA,LA,SA_LA,2012,BRA2012,15501.87187,18832.21955,25.59375026,1.66714594,196876111
Brazil,BRA,LA,SA_LA,2013,BRA2013,15836.55526,19241.50598,25.52902074,1.836760305,198478299
Brazil,BRA,LA,SA_LA,2014,BRA2014,15770.24611,19183.17274,25.69809022,1.747400849,200085127
Brazil,BRA,LA,SA_LA,2015,BRA2015,15085.30263,18357.06906,25.98350941,1.581591663,201675532
Brazil,BRA,LA,SA_LA,2016,BRA2016,14466.95304,17620.92724,25.77568765,1.613340461,203218114
Brazil,BRA,LA,SA_LA,2017,BRA2017,14541.0401,17724.47996,25.74190532,1.652898506,204703445
Brazil,BRA,LA,SA_LA,2018,BRA2018,14702.76335,17917.74921,25.56913797,1.792549583,206107261
Brazil,BRA,LA,SA_LA,2019,BRA2019,14766.67696,18018.62092,25.90185765,1.685098764,207455459
Brazil,BRA,LA,SA_LA,2020,BRA2020,14161.76632,17327.51572,25.84974084,1.723273855,208660842
Brazil,BRA,LA,SA_LA,2021,BRA2021,14792.22238,18075.706,25.52509135,1.780259626,209550294
Brazil,BRA,LA,SA_LA,2022,BRA2022,15153.83776,18554.04618,25.47344379,1.709763893,210306415
Brunei Darussalam,BRN,SEA,SEA_SEA,1990,BRN1990,70359,118163.6832,26.72065132,2.554695925,255292
Brunei Darussalam,BRN,SEA,SEA_SEA,1991,BRN1991,70439,118220.6836,26.77064856,2.573542182,262596
Brunei Darussalam,BRN,SEA,SEA_SEA,1992,BRN1992,71781,111457.2209,26.62065683,2.453941361,269839
Brunei Darussalam,BRN,SEA,SEA_SEA,1993,BRN1993,70154,107899.1362,26.57065385,2.633645696,276971
Brunei Darussalam,BRN,SEA,SEA_SEA,1994,BRN1994,70571,106239.2322,26.66231235,2.753157247,284091
Brunei Darussalam,BRN,SEA,SEA_SEA,1995,BRN1995,71966,105043.8527,26.67481666,3.317595752,291195
Brunei Darussalam,BRN,SEA,SEA_SEA,1996,BRN1996,72321,102522.1252,26.60397338,3.517144327,298276
Brunei Darussalam,BRN,SEA,SEA_SEA,1997,BRN1997,69660,106503.4203,26.8998137,2.763798855,305341
Brunei Darussalam,BRN,SEA,SEA_SEA,1998,BRN1998,67770,97171.63711,27.26231226,2.806832366,312385
Brunei Darussalam,BRN,SEA,SEA_SEA,1999,BRN1999,68367,99083.32066,26.79147199,3.851655068,319411
Brunei Darussalam,BRN,SEA,SEA_SEA,2000,BRN2000,68866,100323.44,26.87479991,3.640453106,326424
Brunei Darussalam,BRN,SEA,SEA_SEA,2001,BRN2001,69339,99680.76248,26.97062617,3.420445674,333345
Brunei Darussalam,BRN,SEA,SEA_SEA,2002,BRN2002,70632,101571.5838,27.01230127,2.753901764,340099
Brunei Darussalam,BRN,SEA,SEA_SEA,2003,BRN2003,71332,103226.9143,26.85397068,3.077951067,346637
Brunei Darussalam,BRN,SEA,SEA_SEA,2004,BRN2004,70415,101497.7547,26.79563736,2.770307114,352911
Brunei Darussalam,BRN,SEA,SEA_SEA,2005,BRN2005,69482,99795.68512,26.84564296,3.224788105,358916
Brunei Darussalam,BRN,SEA,SEA_SEA,2006,BRN2006,71353,102248.5104,26.84146645,3.515244161,364663
Brunei Darussalam,BRN,SEA,SEA_SEA,2007,BRN2007,70342,96752.62026,26.72064296,3.592100275,370873
Brunei Darussalam,BRN,SEA,SEA_SEA,2008,BRN2008,67934,91275.50014,26.47480825,4.034458699,377793
Brunei Darussalam,BRN,SEA,SEA_SEA,2009,BRN2009,65753,87875.82823,26.84148332,3.651152211,384952
Brunei Darussalam,BRN,SEA,SEA_SEA,2010,BRN2010,66484,88586.51319,26.81647208,3.90168199,392332
Brunei Darussalam,BRN,SEA,SEA_SEA,2011,BRN2011,68038,90279.66334,26.68314978,3.793854717,399389
Brunei Darussalam,BRN,SEA,SEA_SEA,2012,BRN2012,67793,89718.46366,26.92064572,3.336905367,405557
Brunei Darussalam,BRN,SEA,SEA_SEA,2013,BRN2013,65535,86606.65172,27.05396229,3.4621472,411202
Brunei Darussalam,BRN,SEA,SEA_SEA,2014,BRN2014,63131,83310.61506,26.80815273,3.200892813,416750
Brunei Darussalam,BRN,SEA,SEA_SEA,2015,BRN2015,62170,81910.1884,27.15399013,2.88349259,422212
Brunei Darussalam,BRN,SEA,SEA_SEA,2016,BRN2016,59981,78880.62291,27.43731802,2.53475232,427564
Brunei Darussalam,BRN,SEA,SEA_SEA,2017,BRN2017,60173,78966.8643,27.0539677,3.74904728,432772
Brunei Darussalam,BRN,SEA,SEA_SEA,2018,BRN2018,59650,78099.05077,27.07065393,3.635705964,437810
Brunei Darussalam,BRN,SEA,SEA_SEA,2019,BRN2019,61424,80228.15966,27.27481648,2.967093293,442680
Brunei Darussalam,BRN,SEA,SEA_SEA,2020,BRN2020,61604,80280.89795,27.17063449,3.676938343,447404
Brunei Darussalam,BRN,SEA,SEA_SEA,2021,BRN2021,60127,78248.79711,26.98730118,3.627941981,451721
Brunei Darussalam,BRN,SEA,SEA_SEA,2022,BRN2022,58670,76357.8291,26.77064299,4.025299146,455370
Bulgaria,BGR,E,EE_E,1990,BGR1990,11465.62959,14955.07626,11.276848,0.497507182,8718289
Bulgaria,BGR,E,EE_E,1991,BGR1991,10595.8873,13828.35052,10.06798342,0.656319722,8632367
Bulgaria,BGR,E,EE_E,1992,BGR1992,9925.692577,12961.13817,10.62380602,0.519899689,8540164
Bulgaria,BGR,E,EE_E,1993,BGR1993,9851.265362,12871.54902,10.17580266,0.498048768,8472313
Bulgaria,BGR,E,EE_E,1994,BGR1994,10058.45307,13150.13553,11.70600998,0.584277909,8443591
Bulgaria,BGR,E,EE_E,1995,BGR1995,10386.22375,13586.8761,10.67131713,0.772975875,8406067
Bulgaria,BGR,E,EE_E,1996,BGR1996,10977.74314,14368.0358,10.15354909,0.629723059,8362826
Bulgaria,BGR,E,EE_E,1997,BGR1997,9480.945401,12415.28721,10.0595878,0.700025165,8312068
Bulgaria,BGR,E,EE_E,1998,BGR1998,9900.727183,12971.99164,10.85257864,0.738094039,8256786
Bulgaria,BGR,E,EE_E,1999,BGR1999,9115.814858,11949.65949,11.55991728,0.68472669,8210624
Bulgaria,BGR,E,EE_E,2000,BGR2000,9575.903432,12559.69627,11.69801079,0.430922299,8170172
Bulgaria,BGR,E,EE_E,2001,BGR2001,9853.243643,13302.12005,11.35037057,0.549707918,8009142
Bulgaria,BGR,E,EE_E,2002,BGR2002,10550.93454,14392.25758,11.58337628,0.70500874,7837161
Bulgaria,BGR,E,EE_E,2003,BGR2003,11203.90902,15266.45219,10.68541506,0.618039917,7775327
Bulgaria,BGR,E,EE_E,2004,BGR2004,12043.30741,16383.56022,11.09149725,0.62629867,7716860
Bulgaria,BGR,E,EE_E,2005,BGR2005,12895.73547,17672.20947,10.77333063,0.807570908,7658972
Bulgaria,BGR,E,EE_E,2006,BGR2006,13593.33698,19018.27502,10.90331324,0.679191086,7601022
Bulgaria,BGR,E,EE_E,2007,BGR2007,14116.96595,20433.51779,12.09000316,0.696444633,7545338
Bulgaria,BGR,E,EE_E,2008,BGR2008,14949.65253,21838.75674,11.84184133,0.50773527,7492561
Bulgaria,BGR,E,EE_E,2009,BGR2009,14545.15593,21244.21523,11.79941705,0.751333964,7444443
Bulgaria,BGR,E,EE_E,2010,BGR2010,14478.78571,21717.1282,11.61881182,0.787812814,7395599
Bulgaria,BGR,E,EE_E,2011,BGR2011,15149.39052,22313.67824,10.89889548,0.536214232,7348328
Bulgaria,BGR,E,EE_E,2012,BGR2012,15485.79697,22611.35745,11.77576264,0.664293515,7305888
Bulgaria,BGR,E,EE_E,2013,BGR2013,15233.58624,22946.83326,11.81467846,0.608081133,7160005
Bulgaria,BGR,E,EE_E,2014,BGR2014,15479.46405,23447.75458,11.91652386,0.950366798,7073572
Bulgaria,BGR,E,EE_E,2015,BGR2015,16070.64192,24554.55559,11.92032236,0.755150641,6984225
Bulgaria,BGR,E,EE_E,2016,BGR2016,16499.01583,25628.29738,11.96139083,0.691028008,6894139
Bulgaria,BGR,E,EE_E,2017,BGR2017,17210.31014,26682.96313,11.72672709,0.760428963,6803468
Bulgaria,BGR,E,EE_E,2018,BGR2018,17559.41232,27741.09709,12.26935971,0.719176031,6710798
Bulgaria,BGR,E,EE_E,2019,BGR2019,17832.39725,29201.5127,12.71224037,0.561977051,6616726
Bulgaria,BGR,E,EE_E,2020,BGR2020,17255.70022,28547.35003,12.50864943,0.627974807,6550696
Bulgaria,BGR,E,EE_E,2021,BGR2021,18675.12897,30973.69421,11.80265672,0.821241155,6507301
Bulgaria,BGR,E,EE_E,2022,BGR2022,20585.54099,32435.0146,12.2751568,0.534951445,6465097
Burkina Faso,BFA,SSA,WA_SSA,1990,BFA1990,982,1107.855905,29.19123261,0.670500854,9159356
Burkina Faso,BFA,SSA,WA_SSA,1991,BFA1991,1044,1178.077046,28.91375846,0.869810857,9394632
Burkina Faso,BFA,SSA,WA_SSA,1992,BFA1992,1021,1152.044761,28.5250788,0.790638283,9629275
Burkina Faso,BFA,SSA,WA_SSA,1993,BFA1993,1031,1162.649235,29.0994588,0.725799942,9871713
Burkina Faso,BFA,SSA,WA_SSA,1994,BFA1994,1018,1148.607214,28.50859532,0.993836093,10123798
Burkina Faso,BFA,SSA,WA_SSA,1995,BFA1995,1049,1183.52861,28.87589636,0.773387531,10386722
Burkina Faso,BFA,SSA,WA_SSA,1996,BFA1996,1135,1280.696085,29.13605743,0.796089191,10655942
Burkina Faso,BFA,SSA,WA_SSA,1997,BFA1997,1176,1326.942308,29.14151054,0.726257726,10934223
Burkina Faso,BFA,SSA,WA_SSA,1998,BFA1998,1228,1385.093107,29.49533648,0.861544887,11240664
Burkina Faso,BFA,SSA,WA_SSA,1999,BFA1999,1281,1444.566902,28.90741006,0.880180019,11574928
Burkina Faso,BFA,SSA,WA_SSA,2000,BFA2000,1267,1428.574006,29.03649611,0.716388605,11925546
Burkina Faso,BFA,SSA,WA_SSA,2001,BFA2001,1310,1477.284918,29.1766031,0.749021705,12295001
Burkina Faso,BFA,SSA,WA_SSA,2002,BFA2002,1326,1494.678013,29.46019188,0.685625242,12680897
Burkina Faso,BFA,SSA,WA_SSA,2003,BFA2003,1385,1561.833102,29.36135008,0.946288283,13082532
Burkina Faso,BFA,SSA,WA_SSA,2004,BFA2004,1403,1581.256209,29.51358914,0.754370818,13500533
Burkina Faso,BFA,SSA,WA_SSA,2005,BFA2005,1477,1664.995432,29.68432264,0.823820651,13932123
Burkina Faso,BFA,SSA,WA_SSA,2006,BFA2006,1521,1714.760349,29.34335302,0.792349497,14373707
Burkina Faso,BFA,SSA,WA_SSA,2007,BFA2007,1536,1731.930463,29.42096571,0.877771286,14816307
Burkina Faso,BFA,SSA,WA_SSA,2008,BFA2008,1578,1779.327109,28.95146725,0.825324531,15258093
Burkina Faso,BFA,SSA,WA_SSA,2009,BFA2009,1578,1779.323056,29.65158529,0.873176017,15710066
Burkina Faso,BFA,SSA,WA_SSA,2010,BFA2010,1662,1873.971462,29.72957746,0.900161386,16176498
Burkina Faso,BFA,SSA,WA_SSA,2011,BFA2011,1720,1939.8666,29.58031925,0.736217497,16661908
Burkina Faso,BFA,SSA,WA_SSA,2012,BFA2012,1776,2003.664612,29.159026,0.924011509,17172287
Burkina Faso,BFA,SSA,WA_SSA,2013,BFA2013,1824,2057.063932,29.41227893,0.799742663,17695409
Burkina Faso,BFA,SSA,WA_SSA,2014,BFA2014,1847,2083.198447,29.51336644,0.858660849,18229461
Burkina Faso,BFA,SSA,WA_SSA,2015,BFA2015,1863,2101.702662,29.49723125,0.832163517,18777487
Burkina Faso,BFA,SSA,WA_SSA,2016,BFA2016,1917,2162.72579,29.75996597,0.913636705,19334856
Burkina Faso,BFA,SSA,WA_SSA,2017,BFA2017,1978,2232.287815,29.62715348,0.809283833,19894407
Burkina Faso,BFA,SSA,WA_SSA,2018,BFA2018,2051,2316.394321,29.63290392,0.928197427,20438288
Burkina Faso,BFA,SSA,WA_SSA,2019,BFA2019,2106,2391.536268,29.42316027,0.900379298,20961952
Burkina Faso,BFA,SSA,WA_SSA,2020,BFA2020,2090,2380.931718,29.6771754,0.948034559,21478690
Burkina Faso,BFA,SSA,WA_SSA,2021,BFA2021,2176,2486.430931,30.0269773,0.847781462,21995243
Burkina Faso,BFA,SSA,WA_SSA,2022,BFA2022,2159,2466.053314,29.37914585,0.944972259,22509038
Burundi,BDI,SSA,EA_SSA,1990,BDI1990,1175,1396.077627,20.32911321,1.242368308,5587052
Burundi,BDI,SSA,EA_SSA,1991,BDI1991,1209,1435.819561,20.34994301,1.230279757,5703857
Burundi,BDI,SSA,EA_SSA,1992,BDI1992,1190,1412.060546,20.34244011,1.118791783,5858407
Burundi,BDI,SSA,EA_SSA,1993,BDI1993,1154,1366.292153,20.26910741,1.064719421,5676843
Burundi,BDI,SSA,EA_SSA,1994,BDI1994,1103,1305.45208,20.41661139,1.225110991,5713854
Burundi,BDI,SSA,EA_SSA,1995,BDI1995,956,1132.218782,20.6982637,1.184791697,6066316
Burundi,BDI,SSA,EA_SSA,1996,BDI1996,880,1040.922315,20.43077517,1.102819709,6070506
Burundi,BDI,SSA,EA_SSA,1997,BDI1997,867,1024.449954,20.67492911,1.318632116,6070042
Burundi,BDI,SSA,EA_SSA,1998,BDI1998,892,1052.807034,20.62825714,1.301643681,6187108
Burundi,BDI,SSA,EA_SSA,1999,BDI1999,862,1017.497778,20.60242961,1.186061368,6337155
Burundi,BDI,SSA,EA_SSA,2000,BDI2000,837,988.0368635,20.72494899,1.09653532,6470194
Burundi,BDI,SSA,EA_SSA,2001,BDI2001,834,983.3968467,20.71246446,1.388265603,6634365
Burundi,BDI,SSA,EA_SSA,2002,BDI2002,847,998.561289,20.97663122,1.277807817,6824132
Burundi,BDI,SSA,EA_SSA,2003,BDI2003,811,955.6692044,21.07161207,1.260407285,7043154
Burundi,BDI,SSA,EA_SSA,2004,BDI2004,819,965.2041181,20.61746595,0.97449768,7310656
Burundi,BDI,SSA,EA_SSA,2005,BDI2005,796,938.3815973,20.82658244,1.069483733,7587299
Burundi,BDI,SSA,EA_SSA,2006,BDI2006,810,954.1908539,20.547467,1.367021287,7865547
Burundi,BDI,SSA,EA_SSA,2007,BDI2007,807,951.2900826,20.58913991,1.277704406,8161874
Burundi,BDI,SSA,EA_SSA,2008,BDI2008,813,957.2226644,20.43081602,1.199981424,8505637
Burundi,BDI,SSA,EA_SSA,2009,BDI2009,802,944.6299256,20.80915902,1.218675376,8947646
Burundi,BDI,SSA,EA_SSA,2010,BDI2010,804,947.6214173,20.96830328,1.29091565,9376444
Burundi,BDI,SSA,EA_SSA,2011,BDI2011,808,951.1884604,20.51163639,1.509784243,9717978
Burundi,BDI,SSA,EA_SSA,2012,BDI2012,814,958.6574029,20.49994887,0.972248054,10071028
Burundi,BDI,SSA,EA_SSA,2013,BDI2013,825,970.3753918,20.68161571,1.253370518,10439341
Burundi,BDI,SSA,EA_SSA,2014,BDI2014,831,977.7658403,20.47828728,1.241468216,10799785
Burundi,BDI,SSA,EA_SSA,2015,BDI2015,782,918.5571929,20.56827801,1.260533451,11047580
Burundi,BDI,SSA,EA_SSA,2016,BDI2016,764,897.4590464,20.79495388,1.301719371,11239451
Burundi,BDI,SSA,EA_SSA,2017,BDI2017,751,880.9934401,20.97827192,1.149876054,11506762
Burundi,BDI,SSA,EA_SSA,2018,BDI2018,740,868.5555076,20.51162418,1.210075599,11859446
Burundi,BDI,SSA,EA_SSA,2019,BDI2019,730,855.7327201,20.76162133,1.34436761,12255336
Burundi,BDI,SSA,EA_SSA,2020,BDI2020,711,833.9202575,20.54829385,1.462344312,12617036
Burundi,BDI,SSA,EA_SSA,2021,BDI2021,714,836.6655713,20.63329341,1.295043179,12965481
Burundi,BDI,SSA,EA_SSA,2022,BDI2022,708,829.3871596,20.56912616,1.360331045,13321097
Cabo Verde,CPV,SSA,WA_SSA,1990,CPV1990,1816,1848.758652,22.84166718,0.147700004,375428
Cabo Verde,CPV,SSA,WA_SSA,1991,CPV1991,1801,1830.075997,22.61666743,0.105599999,384586
Cabo Verde,CPV,SSA,WA_SSA,1992,CPV1992,1950,1984.68063,22.61666679,0.158400002,393415
Cabo Verde,CPV,SSA,WA_SSA,1993,CPV1993,2067,2111.621408,22.64166673,0.147500005,401965
Cabo Verde,CPV,SSA,WA_SSA,1994,CPV1994,2402,2465.993932,22.47500054,0.1453,410228
Cabo Verde,CPV,SSA,WA_SSA,1995,CPV1995,2679,2763.397334,22.75833337,0.28300001,418104
Cabo Verde,CPV,SSA,WA_SSA,1996,CPV1996,2915,3022.888252,22.91666683,0.106900002,425581
Cabo Verde,CPV,SSA,WA_SSA,1997,CPV1997,3166,3302.974034,23.07500013,0.135200003,432798
Cabo Verde,CPV,SSA,WA_SSA,1998,CPV1998,3485,3657.38119,23.27500041,0.042400001,439784
Cabo Verde,CPV,SSA,WA_SSA,1999,CPV1999,3795,4006.479647,22.60833406,0.275400008,446519
Cabo Verde,CPV,SSA,WA_SSA,2000,CPV2000,4256,4510.135737,22.75833368,0.340300007,453317
Cabo Verde,CPV,SSA,WA_SSA,2001,CPV2001,4279,4540.907318,23.08333349,0.212799999,460293
Cabo Verde,CPV,SSA,WA_SSA,2002,CPV2002,4434,4710.241049,23.00000016,0.212799999,467046
Cabo Verde,CPV,SSA,WA_SSA,2003,CPV2003,4553,4841.265399,22.94166708,0.208399999,473383
Cabo Verde,CPV,SSA,WA_SSA,2004,CPV2004,4951,5268.303125,23.00000016,0.210499999,479370
Cabo Verde,CPV,SSA,WA_SSA,2005,CPV2005,5226,5565.769512,23.15833394,0.221699999,485115
Cabo Verde,CPV,SSA,WA_SSA,2006,CPV2006,5575,5941.382181,22.9416674,0.212799999,490728
Cabo Verde,CPV,SSA,WA_SSA,2007,CPV2007,6346,6767.406774,22.95833381,0.212799999,496190
Cabo Verde,CPV,SSA,WA_SSA,2008,CPV2008,6718,7169.139442,23.11666711,0.212799999,501355
Cabo Verde,CPV,SSA,WA_SSA,2009,CPV2009,6549,6994.574099,22.82500029,0.212799999,506141
Cabo Verde,CPV,SSA,WA_SSA,2010,CPV2010,6598,7072.121502,23.37500016,0.212799999,509784
Cabo Verde,CPV,SSA,WA_SSA,2011,CPV2011,6775,7325.784418,22.91666698,0.1456,511447
Cabo Verde,CPV,SSA,WA_SSA,2012,CPV2012,6767,7397.822207,23.008334,0.162199998,511955
Cabo Verde,CPV,SSA,WA_SSA,2013,CPV2013,6733,7440.662427,23.08333381,0.199999998,512225
Cabo Verde,CPV,SSA,WA_SSA,2014,CPV2014,6704,7491.021982,22.93333371,0.210699998,512326
Cabo Verde,CPV,SSA,WA_SSA,2015,CPV2015,6692,7560.136492,23.02500025,0.209799999,512394
Cabo Verde,CPV,SSA,WA_SSA,2016,CPV2016,6901,7881.303362,23.15833378,0.2652,512554
Cabo Verde,CPV,SSA,WA_SSA,2017,CPV2017,7131,8234.560003,23.25000048,0.210699999,512893
Cabo Verde,CPV,SSA,WA_SSA,2018,CPV2018,7314,8531.129616,22.69166692,0.212799999,513415
Cabo Verde,CPV,SSA,WA_SSA,2019,CPV2019,7743,9111.629932,22.78333362,0.242299999,514104
Cabo Verde,CPV,SSA,WA_SSA,2020,CPV2020,6073,7207.86854,23.44166708,0.212799999,514679
Cabo Verde,CPV,SSA,WA_SSA,2021,CPV2021,6357,7685.419214,23.21666718,0.212799999,516649
Cabo Verde,CPV,SSA,WA_SSA,2022,CPV2022,7379,8850.106692,23.10833375,0.212799999,519741
Cambodia,KHM,SEA,SEA_SEA,1990,KHM1990,1018,2646.097988,27.70539117,1.914772526,7374752
Cambodia,KHM,SEA,SEA_SEA,1991,KHM1991,1058,2731.379737,27.69052501,1.725747935,7686850
Cambodia,KHM,SEA,SEA_SEA,1992,KHM1992,1094,2769.488255,27.3976506,1.611495555,8113083
Cambodia,KHM,SEA,SEA_SEA,1993,KHM1993,1717,2714.591501,27.34971869,1.481103259,8616381
Cambodia,KHM,SEA,SEA_SEA,1994,KHM1994,1078,1650.391,27.44942492,2.032479959,9239162
Cambodia,KHM,SEA,SEA_SEA,1995,KHM1995,1154,1672.739285,27.29920875,1.910007542,10018497
Cambodia,KHM,SEA,SEA_SEA,1996,KHM1996,1193,1643.015791,26.88516031,1.895665434,10801270
Cambodia,KHM,SEA,SEA_SEA,1997,KHM1997,1214,1595.171307,27.41068912,1.633025639,11570982
Cambodia,KHM,SEA,SEA_SEA,1998,KHM1998,1245,1602.383712,28.02639654,1.872905566,12058173
Cambodia,KHM,SEA,SEA_SEA,1999,KHM1999,1376,1775.412398,26.81110485,1.982508232,12265731
Cambodia,KHM,SEA,SEA_SEA,2000,KHM2000,1486,1922.031791,27.06573698,2.05793615,12462336
Cambodia,KHM,SEA,SEA_SEA,2001,KHM2001,1579,2032.08092,27.23077174,1.929689658,12658484
Cambodia,KHM,SEA,SEA_SEA,2002,KHM2002,1653,2126.341505,27.37947211,1.839659516,12855241
Cambodia,KHM,SEA,SEA_SEA,2003,KHM2003,1761,2309.839315,27.29527201,1.797089483,13050968
Cambodia,KHM,SEA,SEA_SEA,2004,KHM2004,1909,2491.3093,27.2403305,1.700464769,13244731
Cambodia,KHM,SEA,SEA_SEA,2005,KHM2005,2125,2781.890289,27.40775523,1.745190918,13439202
Cambodia,KHM,SEA,SEA_SEA,2006,KHM2006,2313,3041.104712,27.33179483,2.070221778,13639028
Cambodia,KHM,SEA,SEA_SEA,2007,KHM2007,2506,3308.157472,27.21088969,2.255902862,13841770
Cambodia,KHM,SEA,SEA_SEA,2008,KHM2008,2629,3501.925702,26.8356974,1.802328942,14053479
Cambodia,KHM,SEA,SEA_SEA,2009,KHM2009,2592,3587.608896,27.19274462,1.88363774,14276810
Cambodia,KHM,SEA,SEA_SEA,2010,KHM2010,2707,3711.537506,27.79799491,1.762502118,14500726
Cambodia,KHM,SEA,SEA_SEA,2011,KHM2011,2857,3921.979116,26.81141841,2.143094362,14722584
Cambodia,KHM,SEA,SEA_SEA,2012,KHM2012,3021,4159.163541,27.6605967,1.844663596,14945085
Cambodia,KHM,SEA,SEA_SEA,2013,KHM2013,3198,4419.398868,27.28548911,2.132555236,15170208
Cambodia,KHM,SEA,SEA_SEA,2014,KHM2014,3378,4702.730618,27.37896001,1.869841586,15396772
Cambodia,KHM,SEA,SEA_SEA,2015,KHM2015,3565,4968.572767,27.78270986,1.676542697,15623251
Cambodia,KHM,SEA,SEA_SEA,2016,KHM2016,3762,5283.729649,28.02056735,1.759304361,15852803
Cambodia,KHM,SEA,SEA_SEA,2017,KHM2017,3973,5632.031256,27.43667427,2.065107071,16073372
Cambodia,KHM,SEA,SEA_SEA,2018,KHM2018,4218,6050.590883,27.45663005,1.786723577,16274522
Cambodia,KHM,SEA,SEA_SEA,2019,KHM2019,4464,6448.88456,27.9906761,1.713966341,16481304
Cambodia,KHM,SEA,SEA_SEA,2020,KHM2020,4276,6128.782438,27.90044088,1.83511973,16725474
Cambodia,KHM,SEA,SEA_SEA,2021,KHM2021,4355,6225.532655,27.40022741,2.130698575,16974305
Cambodia,KHM,SEA,SEA_SEA,2022,KHM2022,4534,6458.368149,27.23446743,2.19931323,17201724
Cameroon,CMR,SSA,MA_SSA,1990,CMR1990,3483,4517.618878,24.74930572,1.665733416,11331821
Cameroon,CMR,SSA,MA_SSA,1991,CMR1991,3252,4220.652974,24.55387091,1.567892149,11667180
Cameroon,CMR,SSA,MA_SSA,1992,CMR1992,3060,3974.277595,24.31712187,1.588433619,12006353
Cameroon,CMR,SSA,MA_SSA,1993,CMR1993,2736,3556.318544,24.39532731,1.662897956,12353131
Cameroon,CMR,SSA,MA_SSA,1994,CMR1994,2709,3522.748853,24.41923036,1.589896461,12704903
Cameroon,CMR,SSA,MA_SSA,1995,CMR1995,2711,3526.543675,24.65107476,1.583503748,13058516
Cameroon,CMR,SSA,MA_SSA,1996,CMR1996,2750,3577.592041,24.48982377,1.676666783,13414757
Cameroon,CMR,SSA,MA_SSA,1997,CMR1997,2799,3641.707505,24.60277395,1.705166704,13775214
Cameroon,CMR,SSA,MA_SSA,1998,CMR1998,2854,3714.132126,25.15124125,1.581961542,14144860
Cameroon,CMR,SSA,MA_SSA,1999,CMR1999,2905,3780.062173,24.5871554,1.68016157,14525140
Cameroon,CMR,SSA,MA_SSA,2000,CMR2000,2938,3822.944254,24.61714405,1.621107125,14912631
Cameroon,CMR,SSA,MA_SSA,2001,CMR2001,2986,3884.873048,24.65539604,1.660890915,15309490
Cameroon,CMR,SSA,MA_SSA,2002,CMR2002,3037,3951.419362,24.80284897,1.674665017,15725528
Cameroon,CMR,SSA,MA_SSA,2003,CMR2003,3116,4054.781332,24.81748961,1.664419989,16160340
Cameroon,CMR,SSA,MA_SSA,2004,CMR2004,3245,4222.966387,24.89624631,1.585363832,16610487
Cameroon,CMR,SSA,MA_SSA,2005,CMR2005,3228,4199.72271,24.93412744,1.532359053,17074594
Cameroon,CMR,SSA,MA_SSA,2006,CMR2006,3261,4241.517447,24.82317137,1.672503671,17550407
Cameroon,CMR,SSA,MA_SSA,2007,CMR2007,3309,4302.619263,24.85106171,1.709327652,18049896
Cameroon,CMR,SSA,MA_SSA,2008,CMR2008,3308,4300.266404,24.66138557,1.609407826,18574056
Cameroon,CMR,SSA,MA_SSA,2009,CMR2009,3298,4286.577182,24.94747156,1.542987757,19113974
Cameroon,CMR,SSA,MA_SSA,2010,CMR2010,3299,4286.583029,25.09944398,1.614208927,19668066
Cameroon,CMR,SSA,MA_SSA,2011,CMR2011,3315,4307.851956,24.79345326,1.530757837,20232304
Cameroon,CMR,SSA,MA_SSA,2012,CMR2012,3372,4382.111208,24.76055927,1.646076555,20809529
Cameroon,CMR,SSA,MA_SSA,2013,CMR2013,3442,4473.572319,24.84297487,1.566494981,21402376
Cameroon,CMR,SSA,MA_SSA,2014,CMR2014,3530,4588.486495,24.88369497,1.547260519,22059893
Cameroon,CMR,SSA,MA_SSA,2015,CMR2015,3615,4698.666778,24.94363696,1.452252978,22763414
Cameroon,CMR,SSA,MA_SSA,2016,CMR2016,3667,4767.131861,25.18014302,1.701874202,23454161
Cameroon,CMR,SSA,MA_SSA,2017,CMR2017,3691,4797.975442,24.93641604,1.633595006,24128601
Cameroon,CMR,SSA,MA_SSA,2018,CMR2018,3733,4851.480039,24.96914098,1.549994985,24806383
Cameroon,CMR,SSA,MA_SSA,2019,CMR2019,3757,4882.3556,24.94458024,1.690351031,25506095
Cameroon,CMR,SSA,MA_SSA,2020,CMR2020,3666,4763.481944,25.20905903,1.632819048,26210558
Cameroon,CMR,SSA,MA_SSA,2021,CMR2021,3689,4793.556282,25.18925474,1.665550336,26915758
Cameroon,CMR,SSA,MA_SSA,2022,CMR2022,3724,4843.650382,24.98568208,1.648270916,27632771
Canada,CAN,NA,NA_NA,1990,CAN1990,34269.99468,40475.11239,-4.953168007,0.568166687,27691138
Canada,CAN,NA,NA_NA,1991,CAN1991,33143.38667,39139.31229,-4.404466506,0.560773918,28037420
Canada,CAN,NA,NA_NA,1992,CAN1992,33049.92207,39023.1822,-4.858619822,0.5478159,28371264
Canada,CAN,NA,NA_NA,1993,CAN1993,33561.79598,39622.47906,-4.609623258,0.550780482,28684764
Canada,CAN,NA,NA_NA,1994,CAN1994,34692.10981,40952.13593,-4.460541271,0.551900501,29000663
Canada,CAN,NA,NA_NA,1995,CAN1995,35260.74438,41617.72332,-4.451853201,0.548590004,29302311
Canada,CAN,NA,NA_NA,1996,CAN1996,35472.09247,41880.5521,-5.320301799,0.567710471,29610218
Canada,CAN,NA,NA_NA,1997,CAN1997,36602.23553,43241.24071,-4.322240297,0.560147748,29905948
Canada,CAN,NA,NA_NA,1998,CAN1998,37696.51971,44553.28273,-2.810713255,0.545845261,30155173
Canada,CAN,NA,NA_NA,1999,CAN1999,39311.23478,46464.54578,-3.327245517,0.575693882,30401286
Canada,CAN,NA,NA_NA,2000,CAN2000,40935.31336,48399.30554,-4.215708094,0.542635487,30685730
Canada,CAN,NA,NA_NA,2001,CAN2001,41233.61098,48774.16755,-3.461544079,0.533571056,31020855
Canada,CAN,NA,NA_NA,2002,CAN2002,42016.78262,49695.00669,-4.467945658,0.529365302,31359199
Canada,CAN,NA,NA_NA,2003,CAN2003,42390.7805,50139.78623,-4.08404363,0.542125189,31642461
Canada,CAN,NA,NA_NA,2004,CAN2004,43286.65569,51210.67961,-4.814849726,0.548500595,31938807
Canada,CAN,NA,NA_NA,2005,CAN2005,44215.16525,52356.5578,-3.452333239,0.575118402,32242732
Canada,CAN,NA,NA_NA,2006,CAN2006,44908.43368,53195.78184,-2.868086567,0.552349118,32571193
Canada,CAN,NA,NA_NA,2007,CAN2007,45412.20781,53761.86203,-4.242929769,0.572434677,32888886
Canada,CAN,NA,NA_NA,2008,CAN2008,45351.52344,53711.67921,-4.539917784,0.571155974,33247298
Canada,CAN,NA,NA_NA,2009,CAN2009,43580.61326,51552.42238,-4.459541391,0.548303224,33630069
Canada,CAN,NA,NA_NA,2010,CAN2010,44386.79748,52558.44081,-2.647143216,0.558839188,34005902
Canada,CAN,NA,NA_NA,2011,CAN2011,45289.12773,53681.12967,-3.944769737,0.556191049,34339221
Canada,CAN,NA,NA_NA,2012,CAN2012,45511.86939,54034.80348,-3.521293135,0.54492042,34713395
Canada,CAN,NA,NA_NA,2013,CAN2013,46017.09554,54712.17842,-4.4001912,0.542165772,35080992
Canada,CAN,NA,NA_NA,2014,CAN2014,46736.85612,55723.48354,-4.50668177,0.560972051,35434066
Canada,CAN,NA,NA_NA,2015,CAN2015,46830.23806,55660.86753,-3.915204561,0.536177527,35704498
Canada,CAN,NA,NA_NA,2016,CAN2016,46851.11747,55606.15492,-3.265255802,0.554765588,36110803
Canada,CAN,NA,NA_NA,2017,CAN2017,47641.6579,56612.32854,-3.827484925,0.554615404,36545075
Canada,CAN,NA,NA_NA,2018,CAN2018,48247.8097,57337.49091,-4.644026568,0.537639887,37072620
Canada,CAN,NA,NA_NA,2019,CAN2019,48488.95231,57583.8458,-4.374054199,0.544759863,37618495
Canada,CAN,NA,NA_NA,2020,CAN2020,45775.16621,54092.87903,-4.130542204,0.540037441,38028638
Canada,CAN,NA,NA_NA,2021,CAN2021,47905.69099,56995.11768,-3.633911598,0.537458406,38239864
Canada,CAN,NA,NA_NA,2022,CAN2022,48823.36521,58321.06118,-4.198782957,0.540910359,38935934
Cayman Islands,CYM,LA,C_LA,2006,CYM2006,84778,92169.88486,13.8708914,0.7332544,48232
Cayman Islands,CYM,LA,C_LA,2007,CYM2007,84870,92300.47274,14.03363666,0.755638098,49687
Cayman Islands,CYM,LA,C_LA,2008,CYM2008,82125,89338.2865,13.91679412,0.735507782,51151
Cayman Islands,CYM,LA,C_LA,2009,CYM2009,74069,80594.07754,13.92513998,0.713274307,52618
Cayman Islands,CYM,LA,C_LA,2010,CYM2010,70096,76259.02974,13.57043909,0.796349418,54099
Cayman Islands,CYM,LA,C_LA,2011,CYM2011,69103,75059.65807,14.05867447,0.780775963,55606
Cayman Islands,CYM,LA,C_LA,2012,CYM2012,68270,73948.02582,13.96269637,0.704811543,57136
Cayman Islands,CYM,LA,C_LA,2013,CYM2013,67538,72954.51959,14.05867439,0.694646233,58655
Cayman Islands,CYM,LA,C_LA,2014,CYM2014,67762,73017.59492,13.95017763,0.743269478,60160
Cayman Islands,CYM,LA,C_LA,2015,CYM2015,68135,73281.04476,14.22559253,0.688937645,61642
Cayman Islands,CYM,LA,C_LA,2016,CYM2016,68824,73907.22604,14.10040398,0.723890287,63100
Cayman Islands,CYM,LA,C_LA,2017,CYM2017,69535,74564.73865,14.16299826,0.785833591,64535
Cayman Islands,CYM,LA,C_LA,2018,CYM2018,71046,76088.89506,14.05450142,0.672562982,65941
Cayman Islands,CYM,LA,C_LA,2019,CYM2019,72433,77440.55206,14.27566783,0.698401895,67327
Cayman Islands,CYM,LA,C_LA,2020,CYM2020,67531,72149.32689,14.30905149,0.759894516,68684
Cayman Islands,CYM,LA,C_LA,2021,CYM2021,69401,74150.85809,14.13796061,0.758242027,70108
Cayman Islands,CYM,LA,C_LA,2022,CYM2022,71354,76359.09088,14.12544163,0.726444134,71591
Central African Republic,CAF,SSA,MA_SSA,1990,CAF1990,1201,1481.252551,25.37233163,1.314425927,2871910
Central African Republic,CAF,SSA,MA_SSA,1991,CAF1991,1157,1427.690183,25.1139334,1.385751054,2963191
Central African Republic,CAF,SSA,MA_SSA,1992,CAF1992,1049,1294.202547,24.88547018,1.337069269,3058831
Central African Republic,CAF,SSA,MA_SSA,1993,CAF1993,1019,1257.828403,24.89320003,1.360234375,3157839
Central African Republic,CAF,SSA,MA_SSA,1994,CAF1994,1036,1278.915091,24.88027599,1.33735883,3257954
Central African Republic,CAF,SSA,MA_SSA,1995,CAF1995,1081,1334.10323,25.13446334,1.38721199,3348052
Central African Republic,CAF,SSA,MA_SSA,1996,CAF1996,1011,1247.968753,25.00627219,1.403730459,3435965
Central African Republic,CAF,SSA,MA_SSA,1997,CAF1997,1035,1278.488261,25.45930628,1.446941339,3531700
Central African Republic,CAF,SSA,MA_SSA,1998,CAF1998,1054,1302.751428,25.71768842,1.452995782,3628827
Central African Republic,CAF,SSA,MA_SSA,1999,CAF1999,1062,1313.235709,25.00128478,1.410181745,3729450
Central African Republic,CAF,SSA,MA_SSA,2000,CAF2000,1007,1245.813996,25.25217853,1.32310425,3833416
Central African Republic,CAF,SSA,MA_SSA,2001,CAF2001,1029,1272.857108,25.23673741,1.380784852,3919487
Central African Republic,CAF,SSA,MA_SSA,2002,CAF2002,1043,1290.383149,25.36400689,1.308936725,4006077
Central African Republic,CAF,SSA,MA_SSA,2003,CAF2003,963,1191.873152,25.49809104,1.365953526,4103086
Central African Republic,CAF,SSA,MA_SSA,2004,CAF2004,999,1236.285347,25.69167024,1.305363631,4192826
Central African Republic,CAF,SSA,MA_SSA,2005,CAF2005,985,1219.593945,25.76056542,1.364405785,4288810
Central African Republic,CAF,SSA,MA_SSA,2006,CAF2006,1012,1251.870822,25.57679429,1.376881163,4377579
Central African Republic,CAF,SSA,MA_SSA,2007,CAF2007,1039,1284.552836,25.57247368,1.380218766,4462770
Central African Republic,CAF,SSA,MA_SSA,2008,CAF2008,1038,1283.272826,25.4699175,1.335430082,4558984
Central African Republic,CAF,SSA,MA_SSA,2009,CAF2009,1103,1402.681648,25.85663001,1.37722607,4529047
Central African Republic,CAF,SSA,MA_SSA,2010,CAF2010,1131,1479.413678,25.91311531,1.40063421,4492995
Central African Republic,CAF,SSA,MA_SSA,2011,CAF2011,1160,1517.148391,25.47592799,1.373905835,4565021
Central African Republic,CAF,SSA,MA_SSA,2012,CAF2012,1209,1577.980533,25.42658766,1.422498768,4610848
Central African Republic,CAF,SSA,MA_SSA,2013,CAF2013,764,996.8963559,25.53899297,1.433853121,4642419
Central African Republic,CAF,SSA,MA_SSA,2014,CAF2014,765,1001.855981,25.44952266,1.373795706,4623182
Central African Republic,CAF,SSA,MA_SSA,2015,CAF2015,795,1043.921717,25.54131542,1.380228894,4629320
Central African Republic,CAF,SSA,MA_SSA,2016,CAF2016,818,1073.944777,25.73930355,1.432297,4713663
Central African Republic,CAF,SSA,MA_SSA,2017,CAF2017,840,1103.866093,25.47269771,1.406122152,4793511
Central African Republic,CAF,SSA,MA_SSA,2018,CAF2018,855,1125.700917,25.43493262,1.344573626,4878657
Central African Republic,CAF,SSA,MA_SSA,2019,CAF2019,862,1145.095637,25.65263358,1.367737085,4944703
Central African Republic,CAF,SSA,MA_SSA,2020,CAF2020,848,1136.57053,25.65250605,1.370671575,5026628
Central African Republic,CAF,SSA,MA_SSA,2021,CAF2021,838,1128.55238,25.73437681,1.465634912,5112100
Central African Republic,CAF,SSA,MA_SSA,2022,CAF2022,824,1136.801711,25.54815489,1.413767763,5098039
Chad,TCD,SSA,MA_SSA,1990,TCD1990,1027,1705.042265,27.39171678,0.255788595,5982833
Chad,TCD,SSA,MA_SSA,1991,TCD1991,1075,1784.116836,27.38518787,0.347556569,6205676
Chad,TCD,SSA,MA_SSA,1992,TCD1992,1113,1846.822891,26.72960595,0.324943825,6474656
Chad,TCD,SSA,MA_SSA,1993,TCD1993,917,1520.411891,27.14750133,0.273314979,6629146
Chad,TCD,SSA,MA_SSA,1994,TCD1994,988,1636.443491,27.00505378,0.411800418,6783450
Chad,TCD,SSA,MA_SSA,1995,TCD1995,957,1585.258453,27.28868083,0.339677671,7089064
Chad,TCD,SSA,MA_SSA,1996,TCD1996,936,1550.161088,27.42170931,0.321671007,7410108
Chad,TCD,SSA,MA_SSA,1997,TCD1997,956,1582.226768,27.7176049,0.324299547,7670366
Chad,TCD,SSA,MA_SSA,1998,TCD1998,988,1634.989508,27.74614919,0.368689189,7938840
Chad,TCD,SSA,MA_SSA,1999,TCD1999,948,1567.767139,27.64499674,0.360865787,8222705
Chad,TCD,SSA,MA_SSA,2000,TCD2000,908,1501.144841,27.27319006,0.322279341,8512093
Chad,TCD,SSA,MA_SSA,2001,TCD2001,980,1620.552762,27.30517104,0.325609968,8804124
Chad,TCD,SSA,MA_SSA,2002,TCD2002,1028,1697.971572,27.47785403,0.277582732,9116192
Chad,TCD,SSA,MA_SSA,2003,TCD2003,1133,1871.639902,27.73736572,0.329203249,9487833
Chad,TCD,SSA,MA_SSA,2004,TCD2004,1448,2392.092702,27.89319028,0.34851972,9920036
Chad,TCD,SSA,MA_SSA,2005,TCD2005,1633,2695.812021,27.75893645,0.37570729,10328092
Chad,TCD,SSA,MA_SSA,2006,TCD2006,1586,2586.987891,27.77260235,0.364940927,10706424
Chad,TCD,SSA,MA_SSA,2007,TCD2007,1584,2608.268641,27.66681659,0.375076439,11081660
Chad,TCD,SSA,MA_SSA,2008,TCD2008,1577,2596.864495,27.60718687,0.363002844,11476296
Chad,TCD,SSA,MA_SSA,2009,TCD2009,1586,2472.178703,28.22556346,0.33374882,11893754
Chad,TCD,SSA,MA_SSA,2010,TCD2010,1741,2717.507627,28.46986774,0.36831118,12312575
Chad,TCD,SSA,MA_SSA,2011,TCD2011,1683,2742.699649,27.72568635,0.351777924,12754997
Chad,TCD,SSA,MA_SSA,2012,TCD2012,1769,2887.748247,27.67283305,0.402665106,13210998
Chad,TCD,SSA,MA_SSA,2013,TCD2013,1805,2864.715197,27.82101759,0.344896881,13691079
Chad,TCD,SSA,MA_SSA,2014,TCD2014,1862,2821.275154,27.77304624,0.374382582,14188678
Chad,TCD,SSA,MA_SSA,2015,TCD2015,1853,2823.360715,27.64723401,0.377935543,14647621
Chad,TCD,SSA,MA_SSA,2016,TCD2016,1683,2623.120703,27.98057628,0.369609895,15114655
Chad,TCD,SSA,MA_SSA,2017,TCD2017,1580,2496.492752,27.54309865,0.36072733,15622759
Chad,TCD,SSA,MA_SSA,2018,TCD2018,1564,2552.606163,27.61075195,0.347575853,16156531
Chad,TCD,SSA,MA_SSA,2019,TCD2019,1562,2604.916366,27.69862363,0.381879611,16685223
Chad,TCD,SSA,MA_SSA,2020,TCD2020,1489,2513.015784,27.30247388,0.385469264,17224679
Chad,TCD,SSA,MA_SSA,2021,TCD2021,1425,2435.072747,27.6155771,0.377868375,17828273
Chad,TCD,SSA,MA_SSA,2022,TCD2022,1413,2655.710044,27.19782479,0.371824751,18455316
Chile,CHL,LA,SA_LA,1990,CHL1990,9773.685294,10952.65575,9.300385628,0.916424473,13437176
Chile,CHL,LA,SA_LA,1991,CHL1991,10369.29619,11607.5304,9.183693857,0.960486892,13662491
Chile,CHL,LA,SA_LA,1992,CHL1992,11346.19447,12735.60133,9.064156278,1.023167921,13884577
Chile,CHL,LA,SA_LA,1993,CHL1993,11910.52848,13377.30532,9.407900146,0.952576166,14102276
Chile,CHL,LA,SA_LA,1994,CHL1994,12326.72499,13846.34816,9.636282045,0.944260207,14316256
Chile,CHL,LA,SA_LA,1995,CHL1995,13239.89636,14908.0348,9.239819087,0.883114363,14527381
Chile,CHL,LA,SA_LA,1996,CHL1996,13945.84877,15744.738,9.27781895,0.801792735,14734046
Chile,CHL,LA,SA_LA,1997,CHL1997,14778.19391,16683.9059,9.570411602,1.081411054,14932434
Chile,CHL,LA,SA_LA,1998,CHL1998,15201.06401,17156.97187,9.710119009,0.714501784,15127799
Chile,CHL,LA,SA_LA,1999,CHL1999,14977.97806,16896.12447,9.217307941,0.806850344,15319313
Chile,CHL,LA,SA_LA,2000,CHL2000,15540.49517,17525.27173,8.783463586,0.988507263,15503635
Chile,CHL,LA,SA_LA,2001,CHL2001,15838.55323,17870.30083,9.141650688,0.927162999,15683849
Chile,CHL,LA,SA_LA,2002,CHL2002,16154.19209,18240.20156,9.012464438,1.199901132,15857925
Chile,CHL,LA,SA_LA,2003,CHL2003,16726.38291,18902.87087,9.488345511,0.903589113,16024752
Chile,CHL,LA,SA_LA,2004,CHL2004,17650.60459,19961.98358,9.658048888,0.913435244,16187322
Chile,CHL,LA,SA_LA,2005,CHL2005,18484.06291,20918.52758,9.169881983,1.028484589,16348778
Chile,CHL,LA,SA_LA,2006,CHL2006,19398.02343,21968.53754,9.603923778,1.092875032,16509195
Chile,CHL,LA,SA_LA,2007,CHL2007,20188.55705,22878.88344,8.788226139,0.716907864,16671581
Chile,CHL,LA,SA_LA,2008,CHL2008,20732.22218,23509.78169,9.565357182,0.950906685,16838988
Chile,CHL,LA,SA_LA,2009,CHL2009,20280.76097,23013.58179,9.50268172,0.930733676,17009731
Chile,CHL,LA,SA_LA,2010,CHL2010,21288.32906,24116.76947,9.105210118,0.789983242,17181464
Chile,CHL,LA,SA_LA,2011,CHL2011,22415.4377,25366.26902,9.374397365,0.867952571,17351816
Chile,CHL,LA,SA_LA,2012,CHL2012,23705.81778,26670.49713,9.633372325,0.87639955,17519119
Chile,CHL,LA,SA_LA,2013,CHL2013,24272.58425,27291.35765,9.644455552,0.78678743,17687006
Chile,CHL,LA,SA_LA,2014,CHL2014,24415.2404,27505.04955,9.506423383,0.864539355,17864195
Chile,CHL,LA,SA_LA,2015,CHL2015,24701.4682,27811.37452,9.764011869,0.874799078,18047625
Chile,CHL,LA,SA_LA,2016,CHL2016,24855.82814,27958.7285,9.651129896,0.699350289,18267221
Chile,CHL,LA,SA_LA,2017,CHL2017,24763.389,27892.99469,9.797627204,0.93248844,18558868
Chile,CHL,LA,SA_LA,2018,CHL2018,25270.28598,28492.66115,9.502033791,0.800181061,18893191
Chile,CHL,LA,SA_LA,2019,CHL2019,24973.35949,28218.53439,9.535820241,0.735739316,19197744
Chile,CHL,LA,SA_LA,2020,CHL2020,23109.65518,26248.56164,9.88234667,0.785254711,19370624
Chile,CHL,LA,SA_LA,2021,CHL2021,25572.75724,29089.85046,9.799706738,0.629067393,19456334
Chile,CHL,LA,SA_LA,2022,CHL2022,26055.68627,29569.47755,9.431870109,0.791563596,19553036
China,CHN,CEA,EA_CEA,1990,CHN1990,1474.311462,1666.927741,7.46665467,0.646856601,1135185000
China,CHN,CEA,EA_CEA,1991,CHN1991,1584.388393,1798.276105,7.06487082,0.591566983,1150780000
China,CHN,CEA,EA_CEA,1992,CHN1992,1782.499497,2030.38637,6.842876172,0.586014518,1164970000
China,CHN,CEA,EA_CEA,1993,CHN1993,2007.76792,2286.759744,6.847244369,0.637257682,1178440000
China,CHN,CEA,EA_CEA,1994,CHN1994,2241.49028,2556.640572,7.446488396,0.626679662,1191835000
China,CHN,CEA,EA_CEA,1995,CHN1995,2455.220291,2808.034031,7.232800923,0.599994552,1204855000
China,CHN,CEA,EA_CEA,1996,CHN1996,2655.640543,3055.969779,6.896344602,0.612360183,1217550000
China,CHN,CEA,EA_CEA,1997,CHN1997,2855.421349,3305.790611,7.27816504,0.598102643,1230075000
China,CHN,CEA,EA_CEA,1998,CHN1998,3033.976042,3533.56587,7.965307549,0.676634175,1241935000
China,CHN,CEA,EA_CEA,1999,CHN1999,3221.230464,3774.137664,7.755502122,0.600264039,1252735000
China,CHN,CEA,EA_CEA,2000,CHN2000,3450.868731,4066.03627,7.249833918,0.606012345,1262645000
China,CHN,CEA,EA_CEA,2001,CHN2001,3698.167419,4372.157056,7.582874248,0.58208456,1271850000
China,CHN,CEA,EA_CEA,2002,CHN2002,3994.956322,4744.398551,7.822918483,0.638115328,1280400000
China,CHN,CEA,EA_CEA,2003,CHN2003,4352.657921,5192.006046,7.51567509,0.602181179,1288400000
China,CHN,CEA,EA_CEA,2004,CHN2004,4750.728037,5684.168731,7.767337813,0.575479495,1296075000
China,CHN,CEA,EA_CEA,2005,CHN2005,5248.942056,6298.323185,7.471384571,0.603939341,1303720000
China,CHN,CEA,EA_CEA,2006,CHN2006,5869.170411,7057.099933,7.967367311,0.579097072,1311020000
China,CHN,CEA,EA_CEA,2007,CHN2007,6655.938436,8013.715683,8.171059149,0.583390308,1317885000
China,CHN,CEA,EA_CEA,2008,CHN2008,7255.933628,8743.744912,7.630840574,0.619412956,1324655000
China,CHN,CEA,EA_CEA,2009,CHN2009,7889.359806,9518.432147,7.801536219,0.562847823,1331260000
China,CHN,CEA,EA_CEA,2010,CHN2010,8684.342549,10476.31236,7.557715184,0.645771891,1337705000
China,CHN,CEA,EA_CEA,2011,CHN2011,9467.452658,11405.01728,7.359299627,0.53573021,1345035000
China,CHN,CEA,EA_CEA,2012,CHN2012,10142.55798,12217.85432,7.102302854,0.65120509,1354190000
China,CHN,CEA,EA_CEA,2013,CHN2013,10849.3103,13080.82882,7.733813073,0.61887031,1363240000
China,CHN,CEA,EA_CEA,2014,CHN2014,11574.26703,13968.58149,7.688370003,0.618929032,1371860000
China,CHN,CEA,EA_CEA,2015,CHN2015,12303.89806,14856.78076,7.970736403,0.638229695,1379860000
China,CHN,CEA,EA_CEA,2016,CHN2016,13042.22772,15772.76476,7.954720274,0.678480409,1387790000
China,CHN,CEA,EA_CEA,2017,CHN2017,13838.95407,16757.97363,8.092559509,0.631396045,1396215000
China,CHN,CEA,EA_CEA,2018,CHN2018,14683.69988,17806.79023,7.747998856,0.642326592,1402760000
China,CHN,CEA,EA_CEA,2019,CHN2019,15486.77417,18820.5131,8.01745947,0.619290736,1407745000
China,CHN,CEA,EA_CEA,2020,CHN2020,15763.53062,19215.15417,7.957229108,0.650113753,1411100000
China,CHN,CEA,EA_CEA,2021,CHN2021,17048.15713,20843.29783,8.213433957,0.658198474,1412360000
China,CHN,CEA,EA_CEA,2022,CHN2022,17535.88386,21499.38228,8.091565008,0.604275774,1412175000
Colombia,COL,LA,SA_LA,1990,COL1990,8262.172768,9998.810697,24.95996949,2.416128745,32440069
Colombia,COL,LA,SA_LA,1991,COL1991,8322.849392,9996.09786,24.86621551,2.228827465,33098372
Colombia,COL,LA,SA_LA,1992,COL1992,8493.156804,10196.43297,25.02305493,2.124718929,33760571
Colombia,COL,LA,SA_LA,1993,COL1993,8685.505351,10533.11496,24.86596021,2.34816394,34441473
Colombia,COL,LA,SA_LA,1994,COL1994,8963.28993,10927.93895,24.87563788,2.468726859,35127410
Colombia,COL,LA,SA_LA,1995,COL1995,9434.486984,11279.00046,25.05669586,2.608690886,35804662
Colombia,COL,LA,SA_LA,1996,COL1996,8654.496528,11303.13089,24.69871339,2.674025107,36462745
Colombia,COL,LA,SA_LA,1997,COL1997,8828.976115,11483.50501,25.10865806,2.236126577,37121149
Colombia,COL,LA,SA_LA,1998,COL1998,8695.28837,11343.87991,25.41669531,2.652397434,37792165
Colombia,COL,LA,SA_LA,1999,COL1999,8313.866264,10679.70927,24.5707321,2.893838378,38454863
Colombia,COL,LA,SA_LA,2000,COL2000,8438.060569,10813.49423,24.57891322,2.701229033,39089934
Colombia,COL,LA,SA_LA,2001,COL2001,8542.93304,10823.45049,24.96079455,2.391198803,39709262
Colombia,COL,LA,SA_LA,2002,COL2002,8590.165517,10925.14856,25.10915217,2.70521541,40324680
Colombia,COL,LA,SA_LA,2003,COL2003,8781.767901,11183.29118,25.16845513,2.627193845,40937429
Colombia,COL,LA,SA_LA,2004,COL2004,9034.624096,11607.93849,24.94340893,2.602223182,41543171
Colombia,COL,LA,SA_LA,2005,COL2005,9265.583163,11999.25496,25.05650677,2.681275606,42128977
Colombia,COL,LA,SA_LA,2006,COL2006,9732.834858,12636.62466,24.92866171,2.711337896,42691084
Colombia,COL,LA,SA_LA,2007,COL2007,10264.49096,13318.30331,24.8667644,2.788160551,43235374
Colombia,COL,LA,SA_LA,2008,COL2008,10509.55239,13591.0609,24.57672493,2.98578536,43758808
Colombia,COL,LA,SA_LA,2009,COL2009,10466.70016,13586.75184,25.1101046,2.41553262,44271541
Colombia,COL,LA,SA_LA,2010,COL2010,10789.50243,14037.06427,25.27766095,2.906491808,44777319
Colombia,COL,LA,SA_LA,2011,COL2011,11399.2969,14852.36995,24.93608052,3.070192451,45259614
Colombia,COL,LA,SA_LA,2012,COL2012,11659.63853,15279.479,25.1447709,2.400497486,45715810
Colombia,COL,LA,SA_LA,2013,COL2013,12041.97169,15912.24713,25.34355069,2.425642583,46151584
Colombia,COL,LA,SA_LA,2014,COL2014,12396.41666,16480.36315,25.4821511,2.356048086,46565429
Colombia,COL,LA,SA_LA,2015,COL2015,12613.53373,16821.38014,25.76316666,2.077014346,46969940
Colombia,COL,LA,SA_LA,2016,COL2016,12783.15117,17003.24437,25.68960178,2.388239299,47437512
Colombia,COL,LA,SA_LA,2017,COL2017,12616.88422,16986.03342,25.13088095,2.625865883,48131078
Colombia,COL,LA,SA_LA,2018,COL2018,12571.71619,17104.13135,25.05268364,2.488466791,49024465
Colombia,COL,LA,SA_LA,2019,COL2019,12691.6479,17336.7716,25.38188418,2.40890481,49907985
Colombia,COL,LA,SA_LA,2020,COL2020,11637.20687,15861.49993,25.30914828,2.48276942,50629997
Colombia,COL,LA,SA_LA,2021,COL2021,12780.70515,17383.09017,24.92568695,2.677773055,51188173
Colombia,COL,LA,SA_LA,2022,COL2022,13622.50692,18458.72095,24.72664196,2.844812529,51737944
Comoros,COM,SSA,EA_SSA,1990,COM1990,2923,2380.981615,23.02500041,2.364799992,444596
Comoros,COM,SSA,EA_SSA,1991,COM1991,2695,2198.320386,22.84166718,2.583900066,455556
Comoros,COM,SSA,EA_SSA,1992,COM1992,2856,2336.834801,22.97500038,2.566200043,465113
Comoros,COM,SSA,EA_SSA,1993,COM1993,2876,2363.536913,22.87500048,2.30740007,473682
Comoros,COM,SSA,EA_SSA,1994,COM1994,2666,2199.534332,23.10000022,2.145000034,482142
Comoros,COM,SSA,EA_SSA,1995,COM1995,2704,2239.716755,23.04166698,2.068900036,490586
Comoros,COM,SSA,EA_SSA,1996,COM1996,2612,2173.042946,22.85000038,2.489500027,499107
Comoros,COM,SSA,EA_SSA,1997,COM1997,2659,2222.021132,23.15000025,2.165600014,507777
Comoros,COM,SSA,EA_SSA,1998,COM1998,2636,2212.095188,23.4500006,2.162500046,516597
Comoros,COM,SSA,EA_SSA,1999,COM1999,2634,2214.839612,22.96666702,2.395900066,525886
Comoros,COM,SSA,EA_SSA,2000,COM2000,2863,2408.416937,22.96666733,2.382500031,536080
Comoros,COM,SSA,EA_SSA,2001,COM2001,2871,2414.43005,23.07500029,2.263800026,547220
Comoros,COM,SSA,EA_SSA,2002,COM2002,2879,2418.834349,23.07500045,2.420400032,558923
Comoros,COM,SSA,EA_SSA,2003,COM2003,2882,2422.587089,23.11666695,2.113300064,569798
Comoros,COM,SSA,EA_SSA,2004,COM2004,2882,2422.721351,22.95833349,2.311000042,580704
Comoros,COM,SSA,EA_SSA,2005,COM2005,2906,2441.135705,23.29166698,2.283500084,592677
Comoros,COM,SSA,EA_SSA,2006,COM2006,2924,2455.715424,23.12500048,2.663400059,604753
Comoros,COM,SSA,EA_SSA,2007,COM2007,2888,2426.515145,23.40833346,2.029400032,616927
Comoros,COM,SSA,EA_SSA,2008,COM2008,2943,2473.089053,23.04166698,2.256100018,629307
Comoros,COM,SSA,EA_SSA,2009,COM2009,2977,2581.662378,23.39166705,2.016500042,641947
Comoros,COM,SSA,EA_SSA,2010,COM2010,3026,2652.355545,23.39166689,2.341400051,654836
Comoros,COM,SSA,EA_SSA,2011,COM2011,3085,2752.952956,23.29166698,2.745600075,668056
Comoros,COM,SSA,EA_SSA,2012,COM2012,3115,2868.399869,23.20833365,2.427200066,681630
Comoros,COM,SSA,EA_SSA,2013,COM2013,3185,3059.116238,23.36666711,1.998600044,696192
Comoros,COM,SSA,EA_SSA,2014,COM2014,3183,3109.895656,23.30000019,2.149600014,711503
Comoros,COM,SSA,EA_SSA,2015,COM2015,3151,3105.592963,23.53333378,2.247100073,726682
Comoros,COM,SSA,EA_SSA,2016,COM2016,3186,3127.13212,23.33333349,2.488600044,741741
Comoros,COM,SSA,EA_SSA,2017,COM2017,3240,3236.985999,23.50833384,2.315700077,756669
Comoros,COM,SSA,EA_SSA,2018,COM2018,3295,3303.256887,23.37500016,2.37940007,771590
Comoros,COM,SSA,EA_SSA,2019,COM2019,3291,3357.897914,23.69166708,2.209500046,786578
Comoros,COM,SSA,EA_SSA,2020,COM2020,3222,3424.539689,23.68333403,2.126600018,802163
Comoros,COM,SSA,EA_SSA,2021,COM2021,3229,3449.043575,23.45833333,2.069300053,818174
Comoros,COM,SSA,EA_SSA,2022,COM2022,3246,3478.173468,23.30000051,2.616300053,834188
"Congo, Dem. Rep.",COD,SSA,MA_SSA,1990,COD1990,1750,2172.001597,24.33707846,1.532992658,36684063
"Congo, Dem. Rep.",COD,SSA,MA_SSA,1991,COD1991,1551,1923.969923,24.1282773,1.486645969,37925817
"Congo, Dem. Rep.",COD,SSA,MA_SSA,1992,COD1992,1347,1664.753652,24.08332965,1.431872185,39228910
"Congo, Dem. Rep.",COD,SSA,MA_SSA,1993,COD1993,1129,1389.950869,24.01726233,1.458562866,40656336
"Congo, Dem. Rep.",COD,SSA,MA_SSA,1994,COD1994,1034,1273.994588,24.07622438,1.43801851,42626876
"Congo, Dem. Rep.",COD,SSA,MA_SSA,1995,COD1995,999,1230.744876,24.32642149,1.457849385,44433704
"Congo, Dem. Rep.",COD,SSA,MA_SSA,1996,COD1996,970,1194.959102,24.07326353,1.426123362,45296124
"Congo, Dem. Rep.",COD,SSA,MA_SSA,1997,COD1997,901,1109.858457,24.23163533,1.547950466,46029902
"Congo, Dem. Rep.",COD,SSA,MA_SSA,1998,COD1998,866,1062.568707,24.54515845,1.467580783,47297600
"Congo, Dem. Rep.",COD,SSA,MA_SSA,1999,COD1999,805,983.6022258,24.01945507,1.526807705,48912971
"Congo, Dem. Rep.",COD,SSA,MA_SSA,2000,COD2000,728,886.7207593,24.24203544,1.470109754,50507442
"Congo, Dem. Rep.",COD,SSA,MA_SSA,2001,COD2001,692,841.0356514,24.34874675,1.443188332,52132646
"Congo, Dem. Rep.",COD,SSA,MA_SSA,2002,COD2002,691,839.7662083,24.47736579,1.594977537,53750524
"Congo, Dem. Rep.",COD,SSA,MA_SSA,2003,COD2003,708,861.0815743,24.47542717,1.446669099,55343867
"Congo, Dem. Rep.",COD,SSA,MA_SSA,2004,COD2004,734,892.4352911,24.47481406,1.414390474,56997741
"Congo, Dem. Rep.",COD,SSA,MA_SSA,2005,COD2005,755,918.5348424,24.67101479,1.445454311,58775724
"Congo, Dem. Rep.",COD,SSA,MA_SSA,2006,COD2006,770,938.0411641,24.39772615,1.579371383,60615908
"Congo, Dem. Rep.",COD,SSA,MA_SSA,2007,COD2007,792,967.0541529,24.42132822,1.504665428,62477752
"Congo, Dem. Rep.",COD,SSA,MA_SSA,2008,COD2008,815,996.7441181,24.30686171,1.500195919,64390664
"Congo, Dem. Rep.",COD,SSA,MA_SSA,2009,COD2009,812,993.9977857,24.47075453,1.531576262,66412044
"Congo, Dem. Rep.",COD,SSA,MA_SSA,2010,COD2010,842,1031.250153,24.67311642,1.481567283,68563038
"Congo, Dem. Rep.",COD,SSA,MA_SSA,2011,COD2011,870,1066.579515,24.25354914,1.500503042,70849311
"Congo, Dem. Rep.",COD,SSA,MA_SSA,2012,COD2012,901,1104.664007,24.22424989,1.504990464,73254618
"Congo, Dem. Rep.",COD,SSA,MA_SSA,2013,COD2013,945,1158.28193,24.28732411,1.535526305,75789395
"Congo, Dem. Rep.",COD,SSA,MA_SSA,2014,COD2014,999,1225.702187,24.23610413,1.504553649,78403242
"Congo, Dem. Rep.",COD,SSA,MA_SSA,2015,COD2015,1033,1267.905487,24.33070176,1.514330834,81035531
"Congo, Dem. Rep.",COD,SSA,MA_SSA,2016,COD2016,1021,1253.158157,24.52547969,1.543071503,83956415
"Congo, Dem. Rep.",COD,SSA,MA_SSA,2017,COD2017,1024,1253.187349,24.39850688,1.553232723,87083398
"Congo, Dem. Rep.",COD,SSA,MA_SSA,2018,COD2018,1048,1282.482279,24.31259491,1.549557949,90047644
"Congo, Dem. Rep.",COD,SSA,MA_SSA,2019,COD2019,1060,1296.947573,24.37256689,1.555146197,92947442
"Congo, Dem. Rep.",COD,SSA,MA_SSA,2020,COD2020,1044,1277.632863,24.47681251,1.55579511,95989998
"Congo, Dem. Rep.",COD,SSA,MA_SSA,2021,COD2021,1074,1313.618218,24.47083133,1.541990869,99148932
"Congo, Dem. Rep.",COD,SSA,MA_SSA,2022,COD2022,1133,1385.464727,24.3835582,1.566618327,102396968
"Congo, Rep.",COG,SSA,MA_SSA,1990,COG1990,5080,8699.526839,24.67992006,1.72043023,2380560
"Congo, Rep.",COG,SSA,MA_SSA,1991,COG1991,5059,8658.161453,24.50600095,1.543265937,2449229
"Congo, Rep.",COG,SSA,MA_SSA,1992,COG1992,5051,8636.637192,24.22426382,1.511411567,2519465
"Congo, Rep.",COG,SSA,MA_SSA,1993,COG1993,4860,8302.697268,24.30361316,1.551467003,2595124
"Congo, Rep.",COG,SSA,MA_SSA,1994,COG1994,4464,7617.607503,24.31955927,1.678170708,2673144
"Congo, Rep.",COG,SSA,MA_SSA,1995,COG1995,4518,7701.324685,24.59565139,1.6047745,2749461
"Congo, Rep.",COG,SSA,MA_SSA,1996,COG1996,4588,7812.0478,24.30492799,1.512054469,2826785
"Congo, Rep.",COG,SSA,MA_SSA,1997,COG1997,4466,7599.048154,24.45300086,1.677834242,2887862
"Congo, Rep.",COG,SSA,MA_SSA,1998,COG1998,4535,7711.632126,25.18474723,1.611030733,2952061
"Congo, Rep.",COG,SSA,MA_SSA,1999,COG1999,4302,7312.326651,24.47052062,1.864951968,3032874
"Congo, Rep.",COG,SSA,MA_SSA,2000,COG2000,4454,7570.582793,24.49813021,1.645999248,3151345
"Congo, Rep.",COG,SSA,MA_SSA,2001,COG2001,4453,7567.439168,24.67139468,1.51523068,3272537
"Congo, Rep.",COG,SSA,MA_SSA,2002,COG2002,4549,7729.388901,24.80909876,1.720615309,3350771
"Congo, Rep.",COG,SSA,MA_SSA,2003,COG2003,4461,7577.456305,24.7453884,1.576380422,3445753
"Congo, Rep.",COG,SSA,MA_SSA,2004,COG2004,4462,7577.445973,24.80993908,1.510251045,3565554
"Congo, Rep.",COG,SSA,MA_SSA,2005,COG2005,4638,7876.118067,24.8759358,1.489511868,3696393
"Congo, Rep.",COG,SSA,MA_SSA,2006,COG2006,4824,8192.579797,24.84387139,1.634495215,3837409
"Congo, Rep.",COG,SSA,MA_SSA,2007,COG2007,4342,7375.824541,24.78212145,1.668373964,3980430
"Congo, Rep.",COG,SSA,MA_SSA,2008,COG2008,4466,7587.288262,24.64272147,1.783472305,4113517
"Congo, Rep.",COG,SSA,MA_SSA,2009,COG2009,4789,8138.450338,24.78312551,1.686813996,4281219
"Congo, Rep.",COG,SSA,MA_SSA,2010,COG2010,5050,8583.661798,25.03009596,1.620254301,4462290
"Congo, Rep.",COG,SSA,MA_SSA,2011,COG2011,4997,8492.420984,24.60980258,1.647894287,4609724
"Congo, Rep.",COG,SSA,MA_SSA,2012,COG2012,5344,9079.686564,24.71305246,1.619960008,4740450
"Congo, Rep.",COG,SSA,MA_SSA,2013,COG2013,5179,8798.493825,24.78964599,1.598210526,4857099
"Congo, Rep.",COG,SSA,MA_SSA,2014,COG2014,5393,9159.256644,24.77972137,1.522535363,4975880
"Congo, Rep.",COG,SSA,MA_SSA,2015,COG2015,5288,8977.706816,24.89495392,1.489949136,5097581
"Congo, Rep.",COG,SSA,MA_SSA,2016,COG2016,4714,8001.825519,25.22964293,1.724931498,5222536
"Congo, Rep.",COG,SSA,MA_SSA,2017,COG2017,4346,7372.770467,24.90230236,1.747944984,5351011
"Congo, Rep.",COG,SSA,MA_SSA,2018,COG2018,4145,7029.336516,25.05467472,1.626812065,5483118
"Congo, Rep.",COG,SSA,MA_SSA,2019,COG2019,4094,6939.369134,24.99697876,1.810837289,5616661
"Congo, Rep.",COG,SSA,MA_SSA,2020,COG2020,3749,6350.509134,25.38421066,1.738520395,5752791
"Congo, Rep.",COG,SSA,MA_SSA,2021,COG2021,3700,6263.211613,25.28305949,1.634633524,5892183
"Congo, Rep.",COG,SSA,MA_SSA,2022,COG2022,3670,6205.105041,25.08377312,1.673088008,6035104
Costa Rica,CRI,LA,CA_LA,1990,CRI1990,9811,10953.4262,24.74370757,3.067469086,3121706
Costa Rica,CRI,LA,CA_LA,1991,CRI1991,9781,10920.0994,24.75655409,2.884960085,3202176
Costa Rica,CRI,LA,CA_LA,1992,CRI1992,10416,11626.83613,24.75717308,2.615702832,3284258
Costa Rica,CRI,LA,CA_LA,1993,CRI1993,10882,12144.44875,24.70001848,3.228764957,3367434
Costa Rica,CRI,LA,CA_LA,1994,CRI1994,11101,12385.45457,24.73431255,2.617077435,3451122
Costa Rica,CRI,LA,CA_LA,1995,CRI1995,11291,12593.22551,24.7177703,3.401657882,3535176
Costa Rica,CRI,LA,CA_LA,1996,CRI1996,11182,12467.62122,24.17663929,3.5620263,3619013
Costa Rica,CRI,LA,CA_LA,1997,CRI1997,11532,12856.58327,24.76656167,3.057758269,3701711
Costa Rica,CRI,LA,CA_LA,1998,CRI1998,12092,13481.05948,24.92994126,3.287678757,3782838
Costa Rica,CRI,LA,CA_LA,1999,CRI1999,12344,13760.9237,23.99108372,3.083414461,3862101
Costa Rica,CRI,LA,CA_LA,2000,CRI2000,12571,14018.7425,24.23934762,2.773150243,3937739
Costa Rica,CRI,LA,CA_LA,2001,CRI2001,12772,14250.46275,24.65541215,2.83739418,4008947
Costa Rica,CRI,LA,CA_LA,2002,CRI2002,12986,14495.99251,24.78600153,3.245639779,4075705
Costa Rica,CRI,LA,CA_LA,2003,CRI2003,13333,14891.33982,24.86265252,3.429802855,4138784
Costa Rica,CRI,LA,CA_LA,2004,CRI2004,13713,15323.28922,24.68538175,3.301220596,4200078
Costa Rica,CRI,LA,CA_LA,2005,CRI2005,14050,15703.96247,24.55321267,3.183831918,4261240
Costa Rica,CRI,LA,CA_LA,2006,CRI2006,14865,16620.13564,24.73100533,3.063758939,4321340
Costa Rica,CRI,LA,CA_LA,2007,CRI2007,15862,17743.62274,24.50828929,3.234600254,4380248
Costa Rica,CRI,LA,CA_LA,2008,CRI2008,16385,18334.0136,24.50369353,3.762313303,4440056
Costa Rica,CRI,LA,CA_LA,2009,CRI2009,16024,17932.61478,24.93258899,2.856191707,4499791
Costa Rica,CRI,LA,CA_LA,2010,CRI2010,16667,18660.91982,24.71935627,3.702505083,4555962
Costa Rica,CRI,LA,CA_LA,2011,CRI2011,17186,19254.91422,24.57101553,3.135980924,4609833
Costa Rica,CRI,LA,CA_LA,2012,CRI2012,17810,19960.79333,24.54105238,2.28087445,4663934
Costa Rica,CRI,LA,CA_LA,2013,CRI2013,18045,20232.26708,24.66612429,2.501412224,4716147
Costa Rica,CRI,LA,CA_LA,2014,CRI2014,18481,20724.92177,24.84598592,2.977056648,4767119
Costa Rica,CRI,LA,CA_LA,2015,CRI2015,18956,21254.78409,24.85441651,2.829526382,4818038
Costa Rica,CRI,LA,CA_LA,2016,CRI2016,19554,21925.60008,24.72617011,2.719332814,4866998
Costa Rica,CRI,LA,CA_LA,2017,CRI2017,20168,22622.55345,24.65322266,2.793361961,4913177
Costa Rica,CRI,LA,CA_LA,2018,CRI2018,20503,23005.31215,24.22734515,3.657673503,4957818
Costa Rica,CRI,LA,CA_LA,2019,CRI2019,20818,23364.78313,24.53342387,3.391147639,4999553
Costa Rica,CRI,LA,CA_LA,2020,CRI2020,19778,22211.86139,24.6689142,3.398075317,5034320
Costa Rica,CRI,LA,CA_LA,2021,CRI2021,21220,23852.9253,24.49723108,3.22885761,5059988
Costa Rica,CRI,LA,CA_LA,2022,CRI2022,22071,24831.71935,24.39099154,2.922676445,5081765
Cote d'Ivoire,CIV,SSA,WA_SSA,1990,CIV1990,4351,5255.509626,26.61703426,1.16556456,12189778
Cote d'Ivoire,CIV,SSA,WA_SSA,1991,CIV1991,4192,5052.851671,26.50592864,1.196264138,12683870
Cote d'Ivoire,CIV,SSA,WA_SSA,1992,CIV1992,4029,4843.293493,26.30019919,1.122913499,13200310
Cote d'Ivoire,CIV,SSA,WA_SSA,1993,CIV1993,3877,4645.467509,26.5016874,1.203345307,13735951
Cote d'Ivoire,CIV,SSA,WA_SSA,1994,CIV1994,3771,4502.459534,26.36957852,1.287319612,14287201
Cote d'Ivoire,CIV,SSA,WA_SSA,1995,CIV1995,3899,4638.757325,26.66085489,1.348049729,14855565
Cote d'Ivoire,CIV,SSA,WA_SSA,1996,CIV1996,4055,4807.424282,26.69993987,1.343745674,15442312
Cote d'Ivoire,CIV,SSA,WA_SSA,1997,CIV1997,4294,5072.597038,26.68655547,1.14624022,16047170
Cote d'Ivoire,CIV,SSA,WA_SSA,1998,CIV1998,4330,5093.131694,27.20879428,1.17676491,16663948
Cote d'Ivoire,CIV,SSA,WA_SSA,1999,CIV1999,4250,4987.357085,26.58015374,1.373470746,17215935
Cote d'Ivoire,CIV,SSA,WA_SSA,2000,CIV2000,4124,4838.340237,26.63078854,1.283573462,17699004
Cote d'Ivoire,CIV,SSA,WA_SSA,2001,CIV2001,3931,4609.144694,26.70453824,1.390290225,18178913
Cote d'Ivoire,CIV,SSA,WA_SSA,2002,CIV2002,3729,4368.928088,26.89463126,1.282622568,18654771
Cote d'Ivoire,CIV,SSA,WA_SSA,2003,CIV2003,3468,4060.00038,26.89844984,1.401588689,19125542
Cote d'Ivoire,CIV,SSA,WA_SSA,2004,CIV2004,3495,4088.945173,26.88008848,1.299441619,19595000
Cote d'Ivoire,CIV,SSA,WA_SSA,2005,CIV2005,3451,4032.24588,27.08431195,1.254450078,20068458
Cote d'Ivoire,CIV,SSA,WA_SSA,2006,CIV2006,3471,4049.26033,26.82659816,1.370120159,20546802
Cote d'Ivoire,CIV,SSA,WA_SSA,2007,CIV2007,3434,3999.690957,26.91846485,1.25449539,21030558
Cote d'Ivoire,CIV,SSA,WA_SSA,2008,CIV2008,3522,4096.723469,26.59168844,1.314379773,21514439
Cote d'Ivoire,CIV,SSA,WA_SSA,2009,CIV2009,3573,4151.053609,26.90830215,1.353903201,21997940
Cote d'Ivoire,CIV,SSA,WA_SSA,2010,CIV2010,3737,4338.652484,27.20936787,1.565887188,22488065
Cote d'Ivoire,CIV,SSA,WA_SSA,2011,CIV2011,3464,4017.40782,26.92173735,1.334771698,22982000
Cote d'Ivoire,CIV,SSA,WA_SSA,2012,CIV2012,3652,4234.180556,26.6185614,1.231479895,23467078
Cote d'Ivoire,CIV,SSA,WA_SSA,2013,CIV2013,3963,4597.186352,26.86016056,1.163928677,23939775
Cote d'Ivoire,CIV,SSA,WA_SSA,2014,CIV2014,4235,4907.574503,26.92434758,1.445179155,24527395
Cote d'Ivoire,CIV,SSA,WA_SSA,2015,CIV2015,4424,5110.862408,27.05986056,1.122212764,25246342
Cote d'Ivoire,CIV,SSA,WA_SSA,2016,CIV2016,4620,5320.846462,27.3329245,1.251056792,25989405
Cote d'Ivoire,CIV,SSA,WA_SSA,2017,CIV2017,4836,5556.113663,27.19420514,1.137990769,26733372
Cote d'Ivoire,CIV,SSA,WA_SSA,2018,CIV2018,4942,5670.200054,27.11062402,1.452225667,27464173
Cote d'Ivoire,CIV,SSA,WA_SSA,2019,CIV2019,5132,5894.878747,26.96241747,1.424967387,28193009
Cote d'Ivoire,CIV,SSA,WA_SSA,2020,CIV2020,5092,5787.815333,27.23075192,1.318844336,28915449
Cote d'Ivoire,CIV,SSA,WA_SSA,2021,CIV2021,5316,6045.204805,27.3939662,1.360089164,29639736
Cote d'Ivoire,CIV,SSA,WA_SSA,2022,CIV2022,5537,6272.263958,26.83523405,1.398039348,30395002
Croatia,HRV,E,SE_E,1990,HRV1990,11900.58168,23399.69546,11.6519394,0.863445448,4777368
Croatia,HRV,E,SE_E,1991,HRV1991,12405.41998,18812.91055,10.57048046,1.01944552,4689022
Croatia,HRV,E,SE_E,1992,HRV1992,12798.62853,17020.20746,11.87352749,1.01062363,4575818
Croatia,HRV,E,SE_E,1993,HRV1993,12038.98737,15570.37594,11.11574824,1.060858121,4600463
Croatia,HRV,E,SE_E,1994,HRV1994,13025.71512,16301.72468,12.41708749,0.972437897,4652024
Croatia,HRV,E,SE_E,1995,HRV1995,13688.88767,17523.99315,11.22211736,1.195649392,4620030
Croatia,HRV,E,SE_E,1996,HRV1996,14691.46091,18851.31894,10.35936225,1.17924827,4557097
Croatia,HRV,E,SE_E,1997,HRV1997,15645.99559,20111.94081,11.0753664,1.00172831,4534920
Croatia,HRV,E,SE_E,1998,HRV1998,15978.54295,20577.43401,11.48377632,1.103726318,4532135
Croatia,HRV,E,SE_E,1999,HRV1999,15881.56511,20491.13161,11.525331,1.164867651,4512597
Croatia,HRV,E,SE_E,2000,HRV2000,16482.40656,21303.76193,12.50028998,0.884484231,4468302
Croatia,HRV,E,SE_E,2001,HRV2001,17636.3866,22828.24421,11.44347055,1.016861871,4299642
Croatia,HRV,E,SE_E,2002,HRV2002,18622.86355,24138.82719,12.21458523,1.1530202,4302174
Croatia,HRV,E,SE_E,2003,HRV2003,19629.69109,25475.7131,11.60596791,0.770422084,4303399
Croatia,HRV,E,SE_E,2004,HRV2004,20412.13757,26530.76961,11.174357,1.158758097,4304600
Croatia,HRV,E,SE_E,2005,HRV2005,21230.52169,27643.16758,10.75954421,1.149638616,4310145
Croatia,HRV,E,SE_E,2006,HRV2006,22275.27534,29041.01355,11.51592955,0.914469491,4311159
Croatia,HRV,E,SE_E,2007,HRV2007,23381.556,30513.92866,12.41106758,1.014889372,4310217
Croatia,HRV,E,SE_E,2008,HRV2008,23824.8883,31118.3193,12.30216411,1.017080373,4309705
Croatia,HRV,E,SE_E,2009,HRV2009,22100.58393,29028.40247,12.1295456,1.084477917,4305181
Croatia,HRV,E,SE_E,2010,HRV2010,21847.52017,28706.17784,11.20838397,1.319641708,4295427
Croatia,HRV,E,SE_E,2011,HRV2011,21952.67493,28777.30355,12.06865431,0.728811913,4280622
Croatia,HRV,E,SE_E,2012,HRV2012,21526.83769,28262.46174,12.27606898,0.957900966,4260368
Croatia,HRV,E,SE_E,2013,HRV2013,21605.26565,28403.31857,12.03222032,1.191345514,4233922
Croatia,HRV,E,SE_E,2014,HRV2014,21562.59546,28462.36618,12.78192996,1.41565976,4201598
Croatia,HRV,E,SE_E,2015,HRV2015,22189.93732,29473.44684,12.6481114,1.035365843,4151725
Croatia,HRV,E,SE_E,2016,HRV2016,23151.95635,30826.63245,12.19385062,1.1657669,4106867
Croatia,HRV,E,SE_E,2017,HRV2017,24187.22598,32353.73259,12.23267905,0.997266587,4041407
Croatia,HRV,E,SE_E,2018,HRV2018,25058.40585,33732.81423,12.99498642,1.044009932,3988775
Croatia,HRV,E,SE_E,2019,HRV2019,26001.61908,35125.50741,13.03876201,1.197787431,3949390
Croatia,HRV,E,SE_E,2020,HRV2020,23887.79598,32495.49396,12.64276548,1.048327952,3914206
Croatia,HRV,E,SE_E,2021,HRV2021,28304.01529,36932.59379,11.93765,0.994716578,3878981
Croatia,HRV,E,SE_E,2022,HRV2022,30252.38329,39864.08168,13.10069949,0.802772077,3855641
Curacao,CUW,LA,C_LA,2000,CUW2000,28614,34307.12462,27.92083359,0.69635001,133860
Curacao,CUW,LA,C_LA,2001,CUW2001,29475,35339.06441,28.29583375,0.46380001,129047
Curacao,CUW,LA,C_LA,2002,CUW2002,29555,35435.99712,28.26666713,0.362900004,129205
Curacao,CUW,LA,C_LA,2003,CUW2003,29036,34812.79072,28.39166705,0.495150003,131897
Curacao,CUW,LA,C_LA,2004,CUW2004,28599,34288.73979,28.06250056,0.772950018,134192
Curacao,CUW,LA,C_LA,2005,CUW2005,28067,33651.50415,28.17500035,0.857450011,137658
Curacao,CUW,LA,C_LA,2006,CUW2006,27803,33334.85635,28.02500041,0.715800013,141239
Curacao,CUW,LA,C_LA,2007,CUW2007,27933,33490.25472,28.15416702,0.618000012,144056
Curacao,CUW,LA,C_LA,2008,CUW2008,28187,33795.13068,28.01250021,0.806800008,145880
Curacao,CUW,LA,C_LA,2009,CUW2009,27855,33397.39696,28.55000035,0.439950008,146833
Curacao,CUW,LA,C_LA,2010,CUW2010,27527,33004.55386,28.74166695,0.926200018,148703
Curacao,CUW,LA,C_LA,2011,CUW2011,27277,32704.35544,28.07500045,0.893600008,150831
Curacao,CUW,LA,C_LA,2012,CUW2012,26957,32320.87662,28.32500045,0.52780001,152088
Curacao,CUW,LA,C_LA,2013,CUW2013,26484,31753.38414,28.48750035,0.447100007,153822
Curacao,CUW,LA,C_LA,2014,CUW2014,25963,31128.64693,28.61666711,0.327950007,155909
Curacao,CUW,LA,C_LA,2015,CUW2015,25740,30861.32036,28.80000043,0.394550007,157980
Curacao,CUW,LA,C_LA,2016,CUW2016,25197,30209.78786,28.85833359,0.576350001,159664
Curacao,CUW,LA,C_LA,2017,CUW2017,24796,29729.10098,28.50000032,0.492350005,160175
Curacao,CUW,LA,C_LA,2018,CUW2018,24402,29256.81541,28.16666706,0.612250013,159336
Curacao,CUW,LA,C_LA,2019,CUW2019,23904,28659.6557,28.566667,0.282300006,157441
Curacao,CUW,LA,C_LA,2020,CUW2020,19907,23751.4976,28.61666703,0.548100004,154947
Curacao,CUW,LA,C_LA,2021,CUW2021,21091,25163.86693,28.15833378,0.565000008,152369
Curacao,CUW,LA,C_LA,2022,CUW2022,23115,27587.2448,28.03750038,0.565000008,149996
Cyprus,CYP,MENA,WA_ME,1990,CYP1990,25232,27668.92188,18.15557084,0.29169619,788351
Cyprus,CYP,MENA,WA_ME,1991,CYP1991,24769,27161.26758,17.96023767,0.601315628,798944
Cyprus,CYP,MENA,WA_ME,1992,CYP1992,26386,28934.31055,17.03507507,0.431870594,810341
Cyprus,CYP,MENA,WA_ME,1993,CYP1993,25937,28441.66797,17.90379374,0.344361896,826034
Cyprus,CYP,MENA,WA_ME,1994,CYP1994,26905,29503.16797,18.68910423,0.593352126,844667
Cyprus,CYP,MENA,WA_ME,1995,CYP1995,28631,31395.95508,18.2704354,0.288434484,862695
Cyprus,CYP,MENA,WA_ME,1996,CYP1996,28530,31285.30664,18.53721468,0.477910248,880290
Cyprus,CYP,MENA,WA_ME,1997,CYP1997,28871,31659.56055,17.70796043,0.414769875,897568
Cyprus,CYP,MENA,WA_ME,1998,CYP1998,30262,33184.84766,18.88318544,0.426798245,914548
Cyprus,CYP,MENA,WA_ME,1999,CYP1999,31421,34455.69531,18.9640666,0.283880713,931234
Cyprus,CYP,MENA,WA_ME,2000,CYP2000,32943,36124.78125,18.24962713,0.487144773,947667
Cyprus,CYP,MENA,WA_ME,2001,CYP2001,33878,37150.04688,19.06822093,0.498544023,964127
Cyprus,CYP,MENA,WA_ME,2002,CYP2002,34739,38094.0625,18.4978125,0.432828117,981440
Cyprus,CYP,MENA,WA_ME,2003,CYP2003,35220,38621.14453,18.55399382,0.57650418,999590
Cyprus,CYP,MENA,WA_ME,2004,CYP2004,36499,40023.37891,18.42893132,0.4928216,1017875
Cyprus,CYP,MENA,WA_ME,2005,CYP2005,37723,41365.66016,18.41425415,0.383600494,1036151
Cyprus,CYP,MENA,WA_ME,2006,CYP2006,38847,42598.875,18.36641874,0.361309542,1054418
Cyprus,CYP,MENA,WA_ME,2007,CYP2007,39968,43827.53906,18.76864598,0.437811449,1072714
Cyprus,CYP,MENA,WA_ME,2008,CYP2008,40398,44299.44922,18.88099595,0.276145012,1091026
Cyprus,CYP,MENA,WA_ME,2009,CYP2009,38535,42257.03125,18.75803545,0.60269265,1109371
Cyprus,CYP,MENA,WA_ME,2010,CYP2010,38297,42105.91406,20.02482727,0.409519893,1127816
Cyprus,CYP,MENA,WA_ME,2011,CYP2011,37482,41216.24219,18.21660632,0.51237135,1146493
Cyprus,CYP,MENA,WA_ME,2012,CYP2012,35643,39193.60156,19.06656886,0.705525984,1165397
Cyprus,CYP,MENA,WA_ME,2013,CYP2013,33385,36696.9375,18.9581229,0.338694641,1183895
Cyprus,CYP,MENA,WA_ME,2014,CYP2014,33137,36444.10547,19.22256247,0.443112067,1201801
Cyprus,CYP,MENA,WA_ME,2015,CYP2015,34453,37905.30469,18.74349601,0.486730497,1219502
Cyprus,CYP,MENA,WA_ME,2016,CYP2016,36509,40212.17578,19.30803562,0.398692287,1237112
Cyprus,CYP,MENA,WA_ME,2017,CYP2017,38288,42130.98828,18.89543558,0.337317233,1254275
Cyprus,CYP,MENA,WA_ME,2018,CYP2018,39977,44230.45313,19.75174171,0.54755065,1270737
Cyprus,CYP,MENA,WA_ME,2019,CYP2019,41742,46198.25,19.27258758,0.622173173,1286671
Cyprus,CYP,MENA,WA_ME,2020,CYP2020,39872,44206.43359,19.48915425,0.485877902,1302247
Cyprus,CYP,MENA,WA_ME,2021,CYP2021,43417,48784.08203,19.54325842,0.436117194,1317309
Cyprus,CYP,MENA,WA_ME,2022,CYP2022,44996,51591.41406,19.03493759,0.452468972,1331370
Czechia,CZE,E,EE_E,1990,CZE1990,25267.70864,27918.13752,8.685101402,0.575835312,10333355
Czechia,CZE,E,EE_E,1991,CZE1991,22172.22502,24734.77021,7.563143926,0.574270721,10308578
Czechia,CZE,E,EE_E,1992,CZE1992,21853.91532,24584.32996,8.700946467,0.589095489,10319123
Czechia,CZE,E,EE_E,1993,CZE1993,21685.14001,24573.99149,7.827262524,0.624459024,10329855
Czechia,CZE,E,EE_E,1994,CZE1994,22153.06222,25279.7918,9.049113012,0.600199758,10333587
Czechia,CZE,E,EE_E,1995,CZE1995,23458.51393,26869.01971,8.07946559,0.724938222,10327253
Czechia,CZE,E,EE_E,1996,CZE1996,24377.81702,28021.67046,6.476275662,0.672375345,10315241
Czechia,CZE,E,EE_E,1997,CZE1997,24228.3156,27884.73976,7.857611602,0.669474975,10304131
Czechia,CZE,E,EE_E,1998,CZE1998,24080.9049,27801.43878,8.317293285,0.673866795,10294373
Czechia,CZE,E,EE_E,1999,CZE1999,24331.44779,28213.4555,8.581541261,0.632677602,10283860
Czechia,CZE,E,EE_E,2000,CZE2000,25253.85812,29427.407,9.310856873,0.642152559,10255063
Czechia,CZE,E,EE_E,2001,CZE2001,26111.26582,30399.87308,8.112727193,0.73888741,10216605
Czechia,CZE,E,EE_E,2002,CZE2002,26543.78872,30919.54966,8.808534475,0.788196381,10196916
Czechia,CZE,E,EE_E,2003,CZE2003,27471.47949,31949.29631,8.429314527,0.501471936,10193998
Czechia,CZE,E,EE_E,2004,CZE2004,28766.84832,33452.3408,8.086340757,0.63768974,10197101
Czechia,CZE,E,EE_E,2005,CZE2005,30619.06418,35535.748,7.953710629,0.701597668,10211216
Czechia,CZE,E,EE_E,2006,CZE2006,32550.50846,37786.87817,8.505652047,0.666847754,10238905
Czechia,CZE,E,EE_E,2007,CZE2007,34118.84679,39629.00613,9.236483091,0.737226304,10298828
Czechia,CZE,E,EE_E,2008,CZE2008,34705.87929,40328.34266,9.060723725,0.631005513,10384603
Czechia,CZE,E,EE_E,2009,CZE2009,32878.00981,38175.14228,8.67658064,0.73753128,10443936
Czechia,CZE,E,EE_E,2010,CZE2010,33586.95138,39097.38862,7.434477338,0.848287611,10474410
Czechia,CZE,E,EE_E,2011,CZE2011,34032.1299,39708.16263,8.93682587,0.583259531,10496088
Czechia,CZE,E,EE_E,2012,CZE2012,33665.46632,39347.0493,8.695401556,0.656340829,10510785
Czechia,CZE,E,EE_E,2013,CZE2013,33610.44985,39317.55357,8.304865749,0.721211965,10514272
Czechia,CZE,E,EE_E,2014,CZE2014,34267.01854,40158.01643,9.676904035,0.710626209,10525347
Czechia,CZE,E,EE_E,2015,CZE2015,36020.27543,42066.57598,9.560183389,0.555943555,10546059
Czechia,CZE,E,EE_E,2016,CZE2016,36797.20346,43069.46597,9.032622383,0.722302363,10566332
Czechia,CZE,E,EE_E,2017,CZE2017,38527.61573,45177.52261,8.970647421,0.69550076,10594438
Czechia,CZE,E,EE_E,2018,CZE2018,39677.03259,46301.08204,9.879933487,0.566102115,10629928
Czechia,CZE,E,EE_E,2019,CZE2019,40595.47459,47763.61655,9.821859303,0.614319268,10671870
Czechia,CZE,E,EE_E,2020,CZE2020,38312.77753,45119.93873,9.684371965,0.71096098,10697858
Czechia,CZE,E,EE_E,2021,CZE2021,40342.63751,47796.03374,8.531893487,0.695165379,10505772
Czechia,CZE,E,EE_E,2022,CZE2022,40605.76946,48390.66168,9.748909067,0.604833624,10672118
Denmark,DNK,E,NE_E,1990,DNK1990,42065.01777,45821.08065,9.559191206,0.779594377,5140939
Denmark,DNK,E,NE_E,1991,DNK1991,42548.77685,46368.74289,8.333480067,0.632927566,5154298
Denmark,DNK,E,NE_E,1992,DNK1992,43246.24026,47150.52368,9.065134851,0.684844142,5171370
Denmark,DNK,E,NE_E,1993,DNK1993,43115.23263,46956.61715,7.805907208,0.721559948,5188628
Denmark,DNK,E,NE_E,1994,DNK1994,45269.31388,49276.1369,8.6750386,0.825441656,5206180
Denmark,DNK,E,NE_E,1995,DNK1995,46406.19383,50509.33539,8.348811166,0.635721332,5233373
Denmark,DNK,E,NE_E,1996,DNK1996,47476.79145,51678.6675,6.964808389,0.496541625,5263074
Denmark,DNK,E,NE_E,1997,DNK1997,48815.44973,53094.9932,8.501199134,0.582840296,5284991
Denmark,DNK,E,NE_E,1998,DNK1998,49711.56061,54133.1946,8.21455419,0.822756309,5304219
Denmark,DNK,E,NE_E,1999,DNK1999,51001.87663,55555.36227,8.936659086,0.829957958,5321799
Denmark,DNK,E,NE_E,2000,DNK2000,52729.98075,57431.97086,9.40149619,0.707033449,5339616
Denmark,DNK,E,NE_E,2001,DNK2001,53022.35541,57770.22204,8.275130804,0.710566801,5358783
Denmark,DNK,E,NE_E,2002,DNK2002,52817.81695,57848.84528,9.107164635,0.806893158,5375931
Denmark,DNK,E,NE_E,2003,DNK2003,52833.42016,57946.17711,8.636104346,0.590238347,5390574
Denmark,DNK,E,NE_E,2004,DNK2004,54322.21041,59401.25629,8.694743174,0.731408789,5404523
Denmark,DNK,E,NE_E,2005,DNK2005,55891.94041,60635.62322,8.797543146,0.616652661,5419432
Denmark,DNK,E,NE_E,2006,DNK2006,57250.70512,62743.23252,9.347754811,0.734579263,5437272
Denmark,DNK,E,NE_E,2007,DNK2007,57511.87148,63082.24771,9.445893258,0.829790708,5461438
Denmark,DNK,E,NE_E,2008,DNK2008,56717.64993,62451.07235,9.530954374,0.71349534,5493621
Denmark,DNK,E,NE_E,2009,DNK2009,53738.95281,59027.7651,8.865592566,0.679014841,5523095
Denmark,DNK,E,NE_E,2010,DNK2010,55160.26685,59696.35452,7.091937828,0.710312947,5547683
Denmark,DNK,E,NE_E,2011,DNK2011,55198.46364,60230.35418,9.135093009,0.767303983,5570572
Denmark,DNK,E,NE_E,2012,DNK2012,55030.72368,60000.89031,8.463024383,0.706032756,5591572
Denmark,DNK,E,NE_E,2013,DNK2013,55021.63407,60583.4065,8.59791808,0.656562555,5614932
Denmark,DNK,E,NE_E,2014,DNK2014,55843.1384,61047.33372,10.11775573,0.788047874,5643475
Denmark,DNK,E,NE_E,2015,DNK2015,56516.99025,61893.24606,9.398850762,0.817177344,5683483
Denmark,DNK,E,NE_E,2016,DNK2016,57728.88709,63299.33777,9.138985739,0.651176664,5728010
Denmark,DNK,E,NE_E,2017,DNK2017,59101.90439,64815.73078,9.00073121,0.925174044,5764980
Denmark,DNK,E,NE_E,2018,DNK2018,59844.90987,65694.75913,9.597160734,0.573578907,5793636
Denmark,DNK,E,NE_E,2019,DNK2019,60242.93688,66580.18814,9.650135415,0.808236843,5814422
Denmark,DNK,E,NE_E,2020,DNK2020,58450.55488,65204.54932,10.1499603,0.698324985,5831404
Denmark,DNK,E,NE_E,2021,DNK2021,62147.37068,69715.18097,8.927593044,0.715952471,5856733
Denmark,DNK,E,NE_E,2022,DNK2022,63309.65949,70233.64023,9.716519608,0.626113402,5903037
Djibouti,DJI,SSA,EA_SSA,2013,DJI2013,3664,4469.074099,28.64959428,0.276635991,984824
Djibouti,DJI,SSA,EA_SSA,2014,DJI2014,3854,4705.049268,28.37101991,0.226004387,1002717
Djibouti,DJI,SSA,EA_SSA,2015,DJI2015,4074,4961.868186,28.86511876,0.185633369,1020313
Djibouti,DJI,SSA,EA_SSA,2016,DJI2016,4291,5226.500261,28.87460722,0.236841692,1037653
Djibouti,DJI,SSA,EA_SSA,2017,DJI2017,4452,5421.956491,28.51742191,0.240316474,1054841
Djibouti,DJI,SSA,EA_SSA,2018,DJI2018,4589,5590.504266,28.1805589,0.247948486,1071882
Djibouti,DJI,SSA,EA_SSA,2019,DJI2019,4768,5809.30455,28.28290864,0.219824886,1088709
Djibouti,DJI,SSA,EA_SSA,2020,DJI2020,4759,5791.477677,28.11985231,0.266079247,1105188
Djibouti,DJI,SSA,EA_SSA,2021,DJI2021,4905,5960.108074,28.26741808,0.178612185,1121248
Djibouti,DJI,SSA,EA_SSA,2022,DJI2022,4989,6180.679986,28.44487759,0.198998338,1137096
Dominica,DMA,LA,C_LA,1990,DMA1990,7856,11311.55198,26.54596642,2.123878852,69627
Dominica,DMA,LA,C_LA,1991,DMA1991,8001,11518.7642,26.49178503,2.210259121,69296
Dominica,DMA,LA,C_LA,1992,DMA1992,8167,11747.61209,26.56263299,2.605411206,69325
Dominica,DMA,LA,C_LA,1993,DMA1993,8336,11982.85878,26.6793097,2.124008362,69433
Dominica,DMA,LA,C_LA,1994,DMA1994,8336,11979.39925,26.48339251,1.921969223,69477
Dominica,DMA,LA,C_LA,1995,DMA1995,8588,12343.89974,26.80844188,2.157879294,69469
Dominica,DMA,LA,C_LA,1996,DMA1996,8859,12737.89764,26.66682432,2.45223295,69410
Dominica,DMA,LA,C_LA,1997,DMA1997,9064,13037.14958,26.82100601,1.798180864,69299
Dominica,DMA,LA,C_LA,1998,DMA1998,9425,13563.45282,27.18767248,2.633541069,69124
Dominica,DMA,LA,C_LA,1999,DMA1999,9492,13661.67876,26.68769215,2.067091465,68870
Dominica,DMA,LA,C_LA,2000,DMA2000,9764,14054.65498,26.58764292,1.990755909,68511
Dominica,DMA,LA,C_LA,2001,DMA2001,9785,14091.54914,26.97099595,1.955190993,68288
Dominica,DMA,LA,C_LA,2002,DMA2002,9493,13640.70331,26.94600577,1.934362556,68367
Dominica,DMA,LA,C_LA,2003,DMA2003,10070,14398.00176,26.95433921,2.157780117,68531
Dominica,DMA,LA,C_LA,2004,DMA2004,10357,14962.24563,26.69182441,2.949359176,68649
Dominica,DMA,LA,C_LA,2005,DMA2005,10410,15080.5206,27.04603541,2.783349105,68734
Dominica,DMA,LA,C_LA,2006,DMA2006,10884,15727.70532,26.80432912,2.216056546,68806
Dominica,DMA,LA,C_LA,2007,DMA2007,11570,16560.5179,26.78349119,2.044031143,68847
Dominica,DMA,LA,C_LA,2008,DMA2008,12393,17738.04057,26.4543293,2.494272237,68854
Dominica,DMA,LA,C_LA,2009,DMA2009,12247,17534.03396,26.8501478,1.841765145,68864
Dominica,DMA,LA,C_LA,2010,DMA2010,12335,17516.78796,27.18768224,2.690393267,68859
Dominica,DMA,LA,C_LA,2011,DMA2011,12310,17475.04111,26.67932944,2.760316153,69053
Dominica,DMA,LA,C_LA,2012,DMA2012,12154,17431.1288,26.8085008,2.308099152,69118
Dominica,DMA,LA,C_LA,2013,DMA2013,12044,17282.6368,26.84181444,2.044201634,69715
Dominica,DMA,LA,C_LA,2014,DMA2014,12516,17520.85463,26.83349091,2.043149926,70373
Dominica,DMA,LA,C_LA,2015,DMA2015,12064,16920.91266,27.08764292,1.580182235,70410
Dominica,DMA,LA,C_LA,2016,DMA2016,12385,17364.0773,27.12516749,2.501135869,69606
Dominica,DMA,LA,C_LA,2017,DMA2017,11512,16314.22956,26.84604528,2.45485817,68496
Dominica,DMA,LA,C_LA,2018,DMA2018,11849,16877.12449,26.5168638,2.14181309,68174
Dominica,DMA,LA,C_LA,2019,DMA2019,12395,17619.43354,26.85852026,1.81538949,67880
Dominica,DMA,LA,C_LA,2020,DMA2020,10256,14919.53077,26.91268222,2.086440238,67573
Dominica,DMA,LA,C_LA,2021,DMA2021,10899,15808.97435,26.77103555,1.676025327,67202
Dominica,DMA,LA,C_LA,2022,DMA2022,11464,17550.80099,26.55436862,2.096569268,66826
Dominican Republic,DOM,LA,C_LA,1990,DOM1990,6207,7327.726701,24.46304485,1.434814958,7151166
Dominican Republic,DOM,LA,C_LA,1991,DOM1991,6137,7246.246701,24.33443154,1.482900774,7299853
Dominican Republic,DOM,LA,C_LA,1992,DOM1992,6689,7900.768093,24.66411313,1.468027022,7447474
Dominican Republic,DOM,LA,C_LA,1993,DOM1993,7040,8318.491786,24.56564688,1.48654028,7594572
Dominican Republic,DOM,LA,C_LA,1994,DOM1994,7085,8372.071697,24.7202463,1.39875102,7741694
Dominican Republic,DOM,LA,C_LA,1995,DOM1995,7349,8685.016486,24.80314832,1.699835558,7888115
Dominican Republic,DOM,LA,C_LA,1996,DOM1996,7650,9036.883521,24.65686783,1.391062084,8032894
Dominican Republic,DOM,LA,C_LA,1997,DOM1997,8189,9671.148179,25.23895638,1.284885642,8174078
Dominican Republic,DOM,LA,C_LA,1998,DOM1998,8600,10150.44602,25.51624682,2.069057793,8310362
Dominican Republic,DOM,LA,C_LA,1999,DOM1999,8970,10582.07759,24.85322526,1.301969807,8446208
Dominican Republic,DOM,LA,C_LA,2000,DOM2000,9246,10896.31842,24.71219415,1.571382382,8584190
Dominican Republic,DOM,LA,C_LA,2001,DOM2001,9334,10991.13634,24.92521987,1.581010542,8720283
Dominican Republic,DOM,LA,C_LA,2002,DOM2002,9613,11313.06903,24.96734839,1.483347818,8852235
Dominican Republic,DOM,LA,C_LA,2003,DOM2003,9351,11000.86841,25.03763581,1.783721932,8980620
Dominican Republic,DOM,LA,C_LA,2004,DOM2004,9461,11131.27092,24.69440201,1.514776896,9104892
Dominican Republic,DOM,LA,C_LA,2005,DOM2005,10215,12022.50805,24.6042779,1.636115026,9225034
Dominican Republic,DOM,LA,C_LA,2006,DOM2006,11009,12961.91836,24.78908054,1.571261517,9341183
Dominican Republic,DOM,LA,C_LA,2007,DOM2007,11677,13754.92127,24.63238018,1.633377412,9455658
Dominican Republic,DOM,LA,C_LA,2008,DOM2008,11899,14030.14111,24.33031644,1.547159474,9573130
Dominican Republic,DOM,LA,C_LA,2009,DOM2009,11856,13992.41033,24.56681141,1.57832272,9695265
Dominican Republic,DOM,LA,C_LA,2010,DOM2010,12677,14975.00101,24.5102291,1.521086687,9820175
Dominican Republic,DOM,LA,C_LA,2011,DOM2011,12905,15258.08581,24.27720815,1.604576894,9945621
Dominican Republic,DOM,LA,C_LA,2012,DOM2012,13088,15487.27764,24.69214507,1.596506104,10070411
Dominican Republic,DOM,LA,C_LA,2013,DOM2013,13556,16054.76773,24.97556393,1.397950429,10193833
Dominican Republic,DOM,LA,C_LA,2014,DOM2014,14335,16993.58744,25.00985273,1.341167781,10315528
Dominican Republic,DOM,LA,C_LA,2015,DOM2015,15145,17973.18703,25.20563609,1.464473871,10434829
Dominican Republic,DOM,LA,C_LA,2016,DOM2016,15967,18968.97524,25.16417572,2.199281619,10551430
Dominican Republic,DOM,LA,C_LA,2017,DOM2017,16525,19501.87431,25.00935814,1.577566207,10666843
Dominican Republic,DOM,LA,C_LA,2018,DOM2018,17484,20662.84859,24.803554,1.355597708,10782053
Dominican Republic,DOM,LA,C_LA,2019,DOM2019,18171,21451.28644,25.12123837,1.197393978,10894043
Dominican Republic,DOM,LA,C_LA,2020,DOM2020,16768,19545.40996,25.21561278,1.487123622,11008300
Dominican Republic,DOM,LA,C_LA,2021,DOM2021,18626,22053.45899,25.02871081,1.30886782,11123476
Dominican Republic,DOM,LA,C_LA,2022,DOM2022,19338,22986.95808,24.88804148,1.562314549,11230734
Ecuador,ECU,LA,SA_LA,1990,ECU1990,8280.504526,9104.815998,21.39768579,1.645346407,10473673
Ecuador,ECU,LA,SA_LA,1991,ECU1991,8451.44482,9292.617792,21.4922355,1.601472704,10702380
Ecuador,ECU,LA,SA_LA,1992,ECU1992,8456.110235,9291.371048,21.66455301,2.447486344,10930128
Ecuador,ECU,LA,SA_LA,1993,ECU1993,8459.579863,9284.315034,21.52733966,2.021711133,11154274
Ecuador,ECU,LA,SA_LA,1994,ECU1994,8671.975527,9494.175062,21.29094729,2.018879527,11372197
Ecuador,ECU,LA,SA_LA,1995,ECU1995,8722.206888,9525.177018,21.42093373,1.761015771,11590514
Ecuador,ECU,LA,SA_LA,1996,ECU1996,8726.184513,9509.275406,20.73107243,1.694093217,11810950
Ecuador,ECU,LA,SA_LA,1997,ECU1997,8918.387206,9739.266824,21.97910821,2.547785727,12031127
Ecuador,ECU,LA,SA_LA,1998,ECU1998,9025.102481,9876.750751,22.17746657,2.976927605,12251184
Ecuador,ECU,LA,SA_LA,1999,ECU1999,8426.900801,9242.96681,20.85107459,2.326430109,12470795
Ecuador,ECU,LA,SA_LA,2000,ECU2000,8338.217605,9183.051553,20.86590359,2.075543584,12689206
Ecuador,ECU,LA,SA_LA,2001,ECU2001,8484.691603,9405.116807,20.97899343,1.762774485,12910740
Ecuador,ECU,LA,SA_LA,2002,ECU2002,8681.320574,9697.555177,21.48491173,2.148561566,13138472
Ecuador,ECU,LA,SA_LA,2003,ECU2003,8755.888713,9802.814082,21.29160801,2.078484401,13372306
Ecuador,ECU,LA,SA_LA,2004,ECU2004,9293.193892,10290.66343,21.26569479,1.764309356,13608701
Ecuador,ECU,LA,SA_LA,2005,ECU2005,9617.212409,10660.20462,21.17051895,1.447111949,13846163
Ecuador,ECU,LA,SA_LA,2006,ECU2006,9876.888424,10933.48975,21.38840843,1.749033189,14086131
Ecuador,ECU,LA,SA_LA,2007,ECU2007,9919.45058,10952.82269,20.82458339,1.862040797,14328773
Ecuador,ECU,LA,SA_LA,2008,ECU2008,10404.63806,11474.5257,21.09246922,2.370771789,14575202
Ecuador,ECU,LA,SA_LA,2009,ECU2009,10280.64071,11403.5278,21.55300719,1.684589472,14825954
Ecuador,ECU,LA,SA_LA,2010,ECU2010,10452.42149,11665.69786,21.32479637,2.459068379,15076695
Ecuador,ECU,LA,SA_LA,2011,ECU2011,11058.19555,12449.07855,21.16541165,2.17920364,15326227
Ecuador,ECU,LA,SA_LA,2012,ECU2012,11503.63149,12961.02674,21.48476698,2.36145669,15572194
Ecuador,ECU,LA,SA_LA,2013,ECU2013,11907.26094,13689.15205,21.09777572,1.954296948,15807128
Ecuador,ECU,LA,SA_LA,2014,ECU2014,12177.7469,14064.79922,21.70659648,1.976900259,16035124
Ecuador,ECU,LA,SA_LA,2015,ECU2015,11986.35597,13881.57007,22.22615603,2.572541913,16266225
Ecuador,ECU,LA,SA_LA,2016,ECU2016,11669.43985,13586.51608,21.97272624,1.925920387,16505139
Ecuador,ECU,LA,SA_LA,2017,ECU2017,11735.3569,14179.15375,21.65769054,2.518711012,16759519
Ecuador,ECU,LA,SA_LA,2018,ECU2018,11673.36616,14083.507,21.51081493,1.707244636,17049547
Ecuador,ECU,LA,SA_LA,2019,ECU2019,11446.35525,13870.48951,21.57464199,2.365267191,17340021
Ecuador,ECU,LA,SA_LA,2020,ECU2020,10401.45215,12440.32637,21.64942113,2.002134786,17546065
Ecuador,ECU,LA,SA_LA,2021,ECU2021,10709.15853,13507.44456,21.2929503,1.932424352,17682454
Ecuador,ECU,LA,SA_LA,2022,ECU2022,10894.78031,14186.63885,21.01679055,1.916762969,17823897
"Egypt, Arab Rep.",EGY,MENA,_ME,1990,EGY1990,5947.951174,8006.621437,22.48849007,0.021082944,58396618
"Egypt, Arab Rep.",EGY,MENA,_ME,1991,EGY1991,5870.130727,7876.552576,22.50091915,0.031575829,60028997
"Egypt, Arab Rep.",EGY,MENA,_ME,1992,EGY1992,5990.313753,8034.562301,21.83273383,0.023529006,61480660
"Egypt, Arab Rep.",EGY,MENA,_ME,1993,EGY1993,6078.87985,8079.054807,22.57617508,0.021340953,62915681
"Egypt, Arab Rep.",EGY,MENA,_ME,1994,EGY1994,6234.619147,8221.046848,22.77075251,0.029034896,64285589
"Egypt, Arab Rep.",EGY,MENA,_ME,1995,EGY1995,6436.873495,8423.578175,22.54715108,0.013262377,65652622
"Egypt, Arab Rep.",EGY,MENA,_ME,1996,EGY1996,6672.133859,8662.331479,22.78620204,0.015907386,67028048
"Egypt, Arab Rep.",EGY,MENA,_ME,1997,EGY1997,6948.717871,8950.654107,22.35578665,0.020617102,68431740
"Egypt, Arab Rep.",EGY,MENA,_ME,1998,EGY1998,7242.486005,9245.478905,23.1550514,0.020102964,69943294
"Egypt, Arab Rep.",EGY,MENA,_ME,1999,EGY1999,7522.058965,9588.859385,23.13156613,0.011815061,71520954
"Egypt, Arab Rep.",EGY,MENA,_ME,2000,EGY2000,7838.845769,9981.627751,22.4359581,0.02337856,73083284
"Egypt, Arab Rep.",EGY,MENA,_ME,2001,EGY2001,7959.561769,10117.33318,23.16876649,0.01380656,74652029
"Egypt, Arab Rep.",EGY,MENA,_ME,2002,EGY2002,7994.657926,10143.50635,23.22613402,0.020275999,76239137
"Egypt, Arab Rep.",EGY,MENA,_ME,2003,EGY2003,8090.450245,10250.37655,23.05328772,0.015690776,77853548
"Egypt, Arab Rep.",EGY,MENA,_ME,2004,EGY2004,8260.539987,10451.82175,22.98305029,0.01919543,79477443
"Egypt, Arab Rep.",EGY,MENA,_ME,2005,EGY2005,8466.784034,10700.60904,22.904092,0.020470796,81101004
"Egypt, Arab Rep.",EGY,MENA,_ME,2006,EGY2006,8876.031796,11211.83202,22.98324325,0.015322305,82700403
"Egypt, Arab Rep.",EGY,MENA,_ME,2007,EGY2007,9323.07024,11782.00607,23.15438717,0.015216527,84276225
"Egypt, Arab Rep.",EGY,MENA,_ME,2008,EGY2008,9795.070477,12391.58476,23.40741997,0.016929407,85864789
"Egypt, Arab Rep.",EGY,MENA,_ME,2009,EGY2009,10052.57338,12728.08146,23.26262231,0.010935832,87501636
"Egypt, Arab Rep.",EGY,MENA,_ME,2010,EGY2010,10356.40458,13128.98783,24.58023077,0.010791499,89196072
"Egypt, Arab Rep.",EGY,MENA,_ME,2011,EGY2011,10308.4911,13082.42637,22.77945316,0.015224654,91093059
"Egypt, Arab Rep.",EGY,MENA,_ME,2012,EGY2012,10301.85251,13076.80524,23.48432541,0.016425947,93161001
"Egypt, Arab Rep.",EGY,MENA,_ME,2013,EGY2013,10284.64385,13058.07482,23.37416799,0.020226485,95333553
"Egypt, Arab Rep.",EGY,MENA,_ME,2014,EGY2014,10338.84575,13136.36563,23.54293975,0.020353976,97528654
"Egypt, Arab Rep.",EGY,MENA,_ME,2015,EGY2015,10554.92913,13425.91196,23.38909513,0.018820316,99597342
"Egypt, Arab Rep.",EGY,MENA,_ME,2016,EGY2016,10789.27163,13727.32016,23.77795003,0.01488058,101644589
"Egypt, Arab Rep.",EGY,MENA,_ME,2017,EGY2017,11021.67783,14018.36059,23.19938767,0.01049618,103696057
"Egypt, Arab Rep.",EGY,MENA,_ME,2018,EGY2018,11393.7259,14488.20943,24.02895672,0.031017371,105682094
"Egypt, Arab Rep.",EGY,MENA,_ME,2019,EGY2019,11815.19246,15026.56824,23.3317605,0.022014683,107553158
"Egypt, Arab Rep.",EGY,MENA,_ME,2020,EGY2020,12027.30507,15309.23599,23.15867591,0.024040928,109315124
"Egypt, Arab Rep.",EGY,MENA,_ME,2021,EGY2021,12224.07414,15579.01609,23.81015115,0.020728214,110957008
"Egypt, Arab Rep.",EGY,MENA,_ME,2022,EGY2022,12831.7852,16360.39078,23.15118665,0.021832969,112618250
El Salvador,SLV,LA,CA_LA,1990,SLV1990,4488.453878,5976.017625,25.0440545,1.500224729,5399726
El Salvador,SLV,LA,CA_LA,1991,SLV1991,4502.78699,5960.058929,25.24613892,1.512131373,5495077
El Salvador,SLV,LA,CA_LA,1992,SLV1992,4765.640391,6275.187671,25.19928311,2.231663054,5585609
El Salvador,SLV,LA,CA_LA,1993,SLV1993,4998.950356,6553.072341,25.10969451,1.97108146,5659957
El Salvador,SLV,LA,CA_LA,1994,SLV1994,5202.924621,6795.506089,25.28779461,1.317809123,5714129
El Salvador,SLV,LA,CA_LA,1995,SLV1995,5423.427745,7057.920252,25.31174475,1.883631405,5762131
El Salvador,SLV,LA,CA_LA,1996,SLV1996,5449.547851,7062.300078,24.87111716,1.908150599,5805286
El Salvador,SLV,LA,CA_LA,1997,SLV1997,5642.391379,7234.944562,25.39509537,1.687328066,5844578
El Salvador,SLV,LA,CA_LA,1998,SLV1998,5814.086511,7381.114604,25.55653345,1.716762264,5880781
El Salvador,SLV,LA,CA_LA,1999,SLV1999,5963.196064,7498.467411,24.73882092,1.67629577,5913900
El Salvador,SLV,LA,CA_LA,2000,SLV2000,6020.730544,7545.447962,25.00342435,1.688843342,5943366
El Salvador,SLV,LA,CA_LA,2001,SLV2001,6043.310597,7580.323384,25.34197307,1.633173938,5968060
El Salvador,SLV,LA,CA_LA,2002,SLV2002,6113.047696,7675.671062,25.50757243,1.546162158,5986631
El Salvador,SLV,LA,CA_LA,2003,SLV2003,6168.761756,7780.271777,25.58361823,1.628053093,5998599
El Salvador,SLV,LA,CA_LA,2004,SLV2004,6191.065138,7841.532379,25.47007772,1.685356454,6004671
El Salvador,SLV,LA,CA_LA,2005,SLV2005,6330.972033,8050.534513,25.36279023,1.750941678,6005578
El Salvador,SLV,LA,CA_LA,2006,SLV2006,6585.501806,8404.246749,25.3930059,1.924486923,6002319
El Salvador,SLV,LA,CA_LA,2007,SLV2007,6673.782263,8548.834761,25.31694712,1.666754215,6009824
El Salvador,SLV,LA,CA_LA,2008,SLV2008,6768.930799,8704.805846,25.24402868,2.008792054,6029297
El Salvador,SLV,LA,CA_LA,2009,SLV2009,6580.807555,8494.498474,25.62007002,1.435600879,6048279
El Salvador,SLV,LA,CA_LA,2010,SLV2010,6678.317035,8648.929827,25.18991003,1.754597922,6068249
El Salvador,SLV,LA,CA_LA,2011,SLV2011,6935.296738,8943.061915,25.35442481,1.73790851,6090127
El Salvador,SLV,LA,CA_LA,2012,SLV2012,7139.960127,9165.420348,25.44192786,1.65547422,6113975
El Salvador,SLV,LA,CA_LA,2013,SLV2013,7302.36706,9327.564245,25.41383403,1.762948681,6138839
El Salvador,SLV,LA,CA_LA,2014,SLV2014,7432.937893,9451.744608,25.48675529,1.473763017,6162955
El Salvador,SLV,LA,CA_LA,2015,SLV2015,7618.518047,9646.154323,25.85026776,1.613235303,6183676
El Salvador,SLV,LA,CA_LA,2016,SLV2016,7819.583272,9863.761212,25.88673561,1.68428349,6200800
El Salvador,SLV,LA,CA_LA,2017,SLV2017,8010.187306,10064.79349,25.68777297,1.686886407,6213533
El Salvador,SLV,LA,CA_LA,2018,SLV2018,8224.880544,10297.20361,25.21801584,1.576900099,6219807
El Salvador,SLV,LA,CA_LA,2019,SLV2019,8448.20981,10543.93833,25.64091394,1.352289741,6222318
El Salvador,SLV,LA,CA_LA,2020,SLV2020,7803.792283,9692.449316,25.91796905,1.775900908,6234673
El Salvador,SLV,LA,CA_LA,2021,SLV2021,8682.915051,10809.7134,25.68463572,1.668903476,6255782
El Salvador,SLV,LA,CA_LA,2022,SLV2022,8878.021005,11085.61781,25.3940363,1.728704641,6280319
Equatorial Guinea,GNQ,SSA,MA_SSA,1990,GNQ1990,936,1122.817674,24.34818416,2.570614409,474274
Equatorial Guinea,GNQ,SSA,MA_SSA,1991,GNQ1991,893,1070.827643,24.30746731,2.301544924,492217
Equatorial Guinea,GNQ,SSA,MA_SSA,1992,GNQ1992,1160,1390.479185,24.06299858,2.125117417,510770
Equatorial Guinea,GNQ,SSA,MA_SSA,1993,GNQ1993,1241,1487.812025,24.19542462,2.319679153,530023
Equatorial Guinea,GNQ,SSA,MA_SSA,1994,GNQ1994,1395,1672.345475,24.20189954,2.426273495,550138
Equatorial Guinea,GNQ,SSA,MA_SSA,1995,GNQ1995,1578,1892.116531,24.44172235,2.421370782,571264
Equatorial Guinea,GNQ,SSA,MA_SSA,1996,GNQ1996,2530,3033.840312,24.22132097,2.600216315,593492
Equatorial Guinea,GNQ,SSA,MA_SSA,1997,GNQ1997,6085,7296.100098,24.22968452,2.428490195,616893
Equatorial Guinea,GNQ,SSA,MA_SSA,1998,GNQ1998,7242,8684.657308,24.87411028,2.756507636,641474
Equatorial Guinea,GNQ,SSA,MA_SSA,1999,GNQ1999,8749,10492.46495,24.40005001,2.657342388,667214
Equatorial Guinea,GNQ,SSA,MA_SSA,2000,GNQ2000,9891,11767.47088,24.39538042,2.554229058,703279
Equatorial Guinea,GNQ,SSA,MA_SSA,2001,GNQ2001,15389,18031.96498,24.42315426,2.650101471,749836
Equatorial Guinea,GNQ,SSA,MA_SSA,2002,GNQ2002,17535,20242.43097,24.65097216,2.8652876,797957
Equatorial Guinea,GNQ,SSA,MA_SSA,2003,GNQ2003,19082,21709.57512,24.6343017,2.674203682,847862
Equatorial Guinea,GNQ,SSA,MA_SSA,2004,GNQ2004,25164,28225.98582,24.58058503,2.633269624,899917
Equatorial Guinea,GNQ,SSA,MA_SSA,2005,GNQ2005,28075,31302.95795,24.60837227,2.02532744,947367
Equatorial Guinea,GNQ,SSA,MA_SSA,2006,GNQ2006,28879,32251.76801,24.66764348,2.311538777,990343
Equatorial Guinea,GNQ,SSA,MA_SSA,2007,GNQ2007,31770,35540.44776,24.62039827,3.492961716,1036044
Equatorial Guinea,GNQ,SSA,MA_SSA,2008,GNQ2008,35689,39994.61598,24.46299862,2.662167709,1084530
Equatorial Guinea,GNQ,SSA,MA_SSA,2009,GNQ2009,34480,38706.60525,24.59077317,2.353413815,1135673
Equatorial Guinea,GNQ,SSA,MA_SSA,2010,GNQ2010,29944,33668.87407,24.77131559,2.154512905,1189085
Equatorial Guinea,GNQ,SSA,MA_SSA,2011,GNQ2011,30503,34341.93426,24.41389188,2.286533269,1241835
Equatorial Guinea,GNQ,SSA,MA_SSA,2012,GNQ2012,31681,35711.49193,24.49910649,2.902700526,1293483
Equatorial Guinea,GNQ,SSA,MA_SSA,2013,GNQ2013,29143,32894.36932,24.52779639,2.323165506,1346218
Equatorial Guinea,GNQ,SSA,MA_SSA,2014,GNQ2014,28106,31765.89971,24.59169169,2.299179362,1399828
Equatorial Guinea,GNQ,SSA,MA_SSA,2015,GNQ2015,24564,27797.79428,24.70649643,1.840665761,1453923
Equatorial Guinea,GNQ,SSA,MA_SSA,2016,GNQ2016,21566,24435.06456,24.84816136,2.314488089,1508186
Equatorial Guinea,GNQ,SSA,MA_SSA,2017,GNQ2017,19618,22250.43892,24.67776743,2.404038461,1562396
Equatorial Guinea,GNQ,SSA,MA_SSA,2018,GNQ2018,17765,20165.47956,24.80742892,2.52034698,1616422
Equatorial Guinea,GNQ,SSA,MA_SSA,2019,GNQ2019,16240,18446.59166,24.65278362,2.667325799,1670177
Equatorial Guinea,GNQ,SSA,MA_SSA,2020,GNQ2020,15046,17089.15373,24.93339009,2.306589241,1716468
Equatorial Guinea,GNQ,SSA,MA_SSA,2021,GNQ2021,14731,16821.44865,24.95187789,2.47076163,1758786
Equatorial Guinea,GNQ,SSA,MA_SSA,2022,GNQ2022,14918,16932.77068,24.78800751,2.444798787,1803545
Estonia,EST,E,NE_E,1990,EST1990,9788.031485,19360.02712,6.519652515,0.814687825,1569174
Estonia,EST,E,NE_E,1991,EST1991,9984.351129,17900.92103,5.868274255,0.677888891,1561314
Estonia,EST,E,NE_E,1992,EST1992,11339.86523,14371.31889,6.203864206,0.597689726,1533091
Estonia,EST,E,NE_E,1993,EST1993,12275.01501,13899.58758,5.181529867,0.659636838,1494128
Estonia,EST,E,NE_E,1994,EST1994,12353.08776,13966.81887,5.257970463,0.627716799,1462514
Estonia,EST,E,NE_E,1995,EST1995,12839.08545,14862.04448,5.845768697,0.656806529,1436634
Estonia,EST,E,NE_E,1996,EST1996,13674.37058,15828.49086,4.658919937,0.580162906,1415594
Estonia,EST,E,NE_E,1997,EST1997,15663.14695,18099.43864,5.800861166,0.703904007,1399535
Estonia,EST,E,NE_E,1998,EST1998,16540.89406,19067.19793,5.219295473,0.745346827,1386156
Estonia,EST,E,NE_E,1999,EST1999,16425.243,18930.32888,6.261784474,0.612639886,1390244
Estonia,EST,E,NE_E,2000,EST2000,18036.44416,20739.3911,6.894329962,0.663678559,1396985
Estonia,EST,E,NE_E,2001,EST2001,19164.52192,22099.33928,5.750011295,0.770522555,1388115
Estonia,EST,E,NE_E,2002,EST2002,20498.89701,23781.65157,6.053814917,0.528271799,1379350
Estonia,EST,E,NE_E,2003,EST2003,22070.33363,25749.27977,5.567851486,0.629086555,1370720
Estonia,EST,E,NE_E,2004,EST2004,23604.8648,27665.30683,5.746980962,0.728721414,1362550
Estonia,EST,E,NE_E,2005,EST2005,25792.92017,30473.77876,6.003196312,0.639471939,1354775
Estonia,EST,E,NE_E,2006,EST2006,28360.3304,33646.61851,6.412159818,0.555322889,1346810
Estonia,EST,E,NE_E,2007,EST2007,30487.70256,36359.46663,6.511323369,0.691809155,1340680
Estonia,EST,E,NE_E,2008,EST2008,28796.11116,34588.55003,6.965385483,0.78640554,1337090
Estonia,EST,E,NE_E,2009,EST2009,24488.83934,29585.14397,5.774253168,0.718779004,1334515
Estonia,EST,E,NE_E,2010,EST2010,25049.4172,30379.10913,4.572220046,0.750791161,1331475
Estonia,EST,E,NE_E,2011,EST2011,26963.45702,32789.43238,6.695200734,0.676231611,1327439
Estonia,EST,E,NE_E,2012,EST2012,27685.18875,34115.36222,5.424222271,0.846669744,1322696
Estonia,EST,E,NE_E,2013,EST2013,28050.17955,34838.36295,6.522840793,0.598802348,1317997
Estonia,EST,E,NE_E,2014,EST2014,28719.71353,36090.49409,6.781936093,0.639984379,1314545
Estonia,EST,E,NE_E,2015,EST2015,28983.18152,36729.80725,7.184656384,0.586503949,1315407
Estonia,EST,E,NE_E,2016,EST2016,29677.06519,37854.84525,6.369187966,0.694540485,1315790
Estonia,EST,E,NE_E,2017,EST2017,31205.48926,39939.45756,6.142893774,0.792365078,1317384
Estonia,EST,E,NE_E,2018,EST2018,32164.6572,41273.19955,6.843942273,0.541388649,1321977
Estonia,EST,E,NE_E,2019,EST2019,33061.29492,42652.53486,7.099072117,0.707139191,1326898
Estonia,EST,E,NE_E,2020,EST2020,32635.66493,41340.76465,7.983133181,0.680627156,1329522
Estonia,EST,E,NE_E,2021,EST2021,35087.63473,44251.5375,6.178637881,0.67755583,1330932
Estonia,EST,E,NE_E,2022,EST2022,34054.11417,43690.41423,6.781834965,0.595024289,1348840
Eswatini,SWZ,SSA,SA_SSA,1990,SWZ1990,4909,5522.298877,20.53069256,0.657871219,872428
Eswatini,SWZ,SSA,SA_SSA,1991,SWZ1991,4795,5398.237293,20.70722854,0.679171345,908189
Eswatini,SWZ,SSA,SA_SSA,1992,SWZ1992,4760,5364.323233,21.45059593,0.499896085,943416
Eswatini,SWZ,SSA,SA_SSA,1993,SWZ1993,4762,5372.063773,21.13720242,0.766973668,971318
Eswatini,SWZ,SSA,SA_SSA,1994,SWZ1994,4875,5501.630829,20.26885633,0.641834075,971212
Eswatini,SWZ,SSA,SA_SSA,1995,SWZ1995,5112,5771.749818,20.74722975,0.773697795,970433
Eswatini,SWZ,SSA,SA_SSA,1996,SWZ1996,5199,5875.987789,20.37554591,0.895714568,989841
Eswatini,SWZ,SSA,SA_SSA,1997,SWZ1997,5267,5957.235635,20.50055267,0.899241617,1006635
Eswatini,SWZ,SSA,SA_SSA,1998,SWZ1998,5327,6034.327308,21.12057886,0.929495918,1019653
Eswatini,SWZ,SSA,SA_SSA,1999,SWZ1999,5413,6145.319698,21.02722574,0.869473978,1030782
Eswatini,SWZ,SSA,SA_SSA,2000,SWZ2000,5443,6189.644909,20.03220678,1.413910545,1041414
Eswatini,SWZ,SSA,SA_SSA,2001,SWZ2001,5443,6197.50352,20.50058901,0.85815636,1051064
Eswatini,SWZ,SSA,SA_SSA,2002,SWZ2002,5631,6417.810233,20.64890209,0.614365837,1059441
Eswatini,SWZ,SSA,SA_SSA,2003,SWZ2003,5805,6621.466512,21.01889197,0.710504211,1066700
Eswatini,SWZ,SSA,SA_SSA,2004,SWZ2004,5976,6820.126067,21.04387056,0.828279619,1073159
Eswatini,SWZ,SSA,SA_SSA,2005,SWZ2005,6299,7189.969156,21.44223383,0.686190794,1079022
Eswatini,SWZ,SSA,SA_SSA,2006,SWZ2006,6640,7582.757575,20.74054719,0.826958063,1084436
Eswatini,SWZ,SSA,SA_SSA,2007,SWZ2007,6894,7873.565171,20.99057592,0.697303176,1090705
Eswatini,SWZ,SSA,SA_SSA,2008,SWZ2008,6913,7884.864949,20.99378429,0.774596621,1098091
Eswatini,SWZ,SSA,SA_SSA,2009,SWZ2009,6989,7957.093586,20.91547541,0.832317368,1105153
Eswatini,SWZ,SSA,SA_SSA,2010,SWZ2010,7221,8210.696986,21.25554176,0.675105622,1111650
Eswatini,SWZ,SSA,SA_SSA,2011,SWZ2011,7347,8348.774297,20.77889045,0.776901948,1117833
Eswatini,SWZ,SSA,SA_SSA,2012,SWZ2012,7701,8752.114713,21.20722849,0.93262418,1123863
Eswatini,SWZ,SSA,SA_SSA,2013,SWZ2013,7950,9040.764747,21.08547993,0.691709629,1129990
Eswatini,SWZ,SSA,SA_SSA,2014,SWZ2014,7969,9119.663634,21.11718385,0.755932775,1136299
Eswatini,SWZ,SSA,SA_SSA,2015,SWZ2015,8089,9253.290936,21.67395255,0.588424457,1142813
Eswatini,SWZ,SSA,SA_SSA,2016,SWZ2016,8113,9629.555662,21.65892953,0.65271605,1149507
Eswatini,SWZ,SSA,SA_SSA,2017,SWZ2017,8214,9696.551595,21.13896125,0.865101284,1158195
Eswatini,SWZ,SSA,SA_SSA,2018,SWZ2018,8344,9632.16197,21.52735482,0.756303534,1168929
Eswatini,SWZ,SSA,SA_SSA,2019,SWZ2019,8501,10123.31602,21.92899851,0.726546807,1179874
Eswatini,SWZ,SSA,SA_SSA,2020,SWZ2020,8290,9727.5139,21.18888933,0.676702809,1192729
Eswatini,SWZ,SSA,SA_SSA,2021,SWZ2021,9087,9946.040554,20.83385041,0.93475499,1206593
Eswatini,SWZ,SSA,SA_SSA,2022,SWZ2022,9059,9955.709046,21.2289696,0.785671808,1218917
Ethiopia,ETH,SSA,EA_SSA,1990,ETH1990,767,874.3469362,23.02475336,0.763598833,47609755
Ethiopia,ETH,SSA,EA_SSA,1991,ETH1991,683,777.5235663,23.0288141,0.766397603,49717198
Ethiopia,ETH,SSA,EA_SSA,1992,ETH1992,599,680.8347668,22.68292217,0.784675454,51853747
Ethiopia,ETH,SSA,EA_SSA,1993,ETH1993,655,743.7084859,22.83069875,0.875470493,53708891
Ethiopia,ETH,SSA,EA_SSA,1994,ETH1994,654,741.1766237,22.83863985,0.832269739,55611508
Ethiopia,ETH,SSA,EA_SSA,1995,ETH1995,672,760.2643451,22.98372557,0.749883414,57537335
Ethiopia,ETH,SSA,EA_SSA,1996,ETH1996,731,826.9916589,23.09953689,0.883515632,59467635
Ethiopia,ETH,SSA,EA_SSA,1997,ETH1997,731,826.0052181,23.07539738,0.896871945,61404539
Ethiopia,ETH,SSA,EA_SSA,1998,ETH1998,684,772.7866465,23.36210303,0.884844057,63363524
Ethiopia,ETH,SSA,EA_SSA,1999,ETH1999,698,787.6795776,22.9270641,0.76555339,65374561
Ethiopia,ETH,SSA,EA_SSA,2000,ETH2000,719,810.2707492,23.17908057,0.867844913,67411494
Ethiopia,ETH,SSA,EA_SSA,2001,ETH2001,756,851.3134285,23.29227804,0.824219903,69487762
Ethiopia,ETH,SSA,EA_SSA,2002,ETH2002,746,838.298047,23.66824654,0.745862548,71635517
Ethiopia,ETH,SSA,EA_SSA,2003,ETH2003,709,795.7721384,23.42053395,0.79153089,73832663
Ethiopia,ETH,SSA,EA_SSA,2004,ETH2004,782,877.114495,23.42191037,0.830047567,76077206
Ethiopia,ETH,SSA,EA_SSA,2005,ETH2005,850,952.1156663,23.50425912,0.868141434,78367470
Ethiopia,ETH,SSA,EA_SSA,2006,ETH2006,916,1024.729119,23.40966669,0.885448077,80703490
Ethiopia,ETH,SSA,EA_SSA,2007,ETH2007,992,1109.143303,23.27176398,0.863352779,83103217
Ethiopia,ETH,SSA,EA_SSA,2008,ETH2008,1068,1193.747283,23.22581227,0.863058965,85543668
Ethiopia,ETH,SSA,EA_SSA,2009,ETH2009,1130,1262.46398,23.88834438,0.783963849,88007636
Ethiopia,ETH,SSA,EA_SSA,2010,ETH2010,1236,1381.190447,23.6569704,0.868606769,90538514
Ethiopia,ETH,SSA,EA_SSA,2011,ETH2011,1336,1492.533965,23.43972076,0.856416469,93149970
Ethiopia,ETH,SSA,EA_SSA,2012,ETH2012,1411,1576.768757,23.37702412,0.889834899,95798767
Ethiopia,ETH,SSA,EA_SSA,2013,ETH2013,1518,1696.865156,23.69800751,0.905790717,98438751
Ethiopia,ETH,SSA,EA_SSA,2014,ETH2014,1629,1821.391618,23.46300406,0.931893851,101115610
Ethiopia,ETH,SSA,EA_SSA,2015,ETH2015,1751,1957.414542,23.87857627,0.847696364,103867135
Ethiopia,ETH,SSA,EA_SSA,2016,ETH2016,1864,2084.840556,23.89158622,0.927766737,106718162
Ethiopia,ETH,SSA,EA_SSA,2017,ETH2017,1988,2222.828245,23.58077357,0.925982503,109666481
Ethiopia,ETH,SSA,EA_SSA,2018,ETH2018,2067,2311.165117,23.2867135,0.915155473,112664152
Ethiopia,ETH,SSA,EA_SSA,2019,ETH2019,2182,2437.970461,23.37344525,1.012327141,115737383
Ethiopia,ETH,SSA,EA_SSA,2020,ETH2020,2253,2516.549076,23.26226583,0.952980858,118917671
Ethiopia,ETH,SSA,EA_SSA,2021,ETH2021,2319,2588.413102,23.36526758,0.935234494,122138588
Ethiopia,ETH,SSA,EA_SSA,2022,ETH2022,2381,2655.592767,23.44026743,0.938850889,125384287
Faroe Islands,FRO,E,NE_E,2008,FRO2008,30500,53528.7838,6.491666794,1.722200045,48547
Faroe Islands,FRO,E,NE_E,2009,FRO2009,32083,50835.95421,6.900000135,1.887400007,48791
Faroe Islands,FRO,E,NE_E,2010,FRO2010,33667,50782.33914,6.183333407,1.347600025,48657
Faroe Islands,FRO,E,NE_E,2011,FRO2011,35250,52716.93394,6.758333385,2.446600052,48543
Faroe Islands,FRO,E,NE_E,2012,FRO2012,36833,56744.6519,6.333333472,1.791200031,48291
Faroe Islands,FRO,E,NE_E,2013,FRO2013,38417,60123.72671,6.400000175,1.532600014,48246
Faroe Islands,FRO,E,NE_E,2014,FRO2014,40000,63151.50443,7.450000147,1.61260001,48428
Faroe Islands,FRO,E,NE_E,2015,FRO2015,41351,63139.80572,6.425000111,1.943600048,48901
Faroe Islands,FRO,E,NE_E,2016,FRO2016,43094,63286.58422,6.925000052,1.328300014,49464
Faroe Islands,FRO,E,NE_E,2017,FRO2017,45022,64574.49073,7.083333492,1.408400032,50180
Faroe Islands,FRO,E,NE_E,2018,FRO2018,47262,65297.31253,6.741666754,1.256100025,50996
Faroe Islands,FRO,E,NE_E,2019,FRO2019,49522,67210.42772,6.76666679,1.379900019,51793
Faroe Islands,FRO,E,NE_E,2020,FRO2020,50539,65136.56946,6.791666766,1.524500004,52567
Faroe Islands,FRO,E,NE_E,2021,FRO2021,53972,67770.48866,6.658333371,1.517400021,53305
Faroe Islands,FRO,E,NE_E,2022,FRO2022,56984,69370.95458,7.01666682,1.546900032,53927
Fiji,FJI,O,Me_O,1990,FJI1990,7890,8126.890737,24.81383729,2.235723256,773316
Fiji,FJI,O,Me_O,1991,FJI1991,7634,7843.162532,24.54736169,2.011755107,779656
Fiji,FJI,O,Me_O,1992,FJI1992,8079,8261.303854,24.50558091,1.877317985,785346
Fiji,FJI,O,Me_O,1993,FJI1993,8226,8383.65125,24.18895222,2.570295276,790369
Fiji,FJI,O,Me_O,1994,FJI1994,8628,8762.414721,24.50141711,2.004240055,794771
Fiji,FJI,O,Me_O,1995,FJI1995,8828,8936.778195,24.75134559,2.003932625,798746
Fiji,FJI,O,Me_O,1996,FJI1996,9202,9306.982587,24.84089224,3.007392589,803789
Fiji,FJI,O,Me_O,1997,FJI1997,8909,9008.644541,24.7264984,2.575507455,812139
Fiji,FJI,O,Me_O,1998,FJI1998,8921,9013.452143,25.08036259,1.502659494,822258
Fiji,FJI,O,Me_O,1999,FJI1999,9595,9693.812607,24.78465711,3.134231075,831828
Fiji,FJI,O,Me_O,2000,FJI2000,9329,9426.113813,25.02632409,4.094366901,840909
Fiji,FJI,O,Me_O,2001,FJI2001,9416,9516.327796,25.12425763,2.613519166,849596
Fiji,FJI,O,Me_O,2002,FJI2002,9619,9724.100894,24.62665593,2.554801808,858049
Fiji,FJI,O,Me_O,2003,FJI2003,9620,9727.956522,24.9180014,1.872559005,866286
Fiji,FJI,O,Me_O,2004,FJI2004,10032,10148.87784,24.96799132,2.066045304,874366
Fiji,FJI,O,Me_O,2005,FJI2005,10007,10127.11159,25.07212284,2.431040086,882379
Fiji,FJI,O,Me_O,2006,FJI2006,10098,10222.19836,24.79718747,2.302780291,890365
Fiji,FJI,O,Me_O,2007,FJI2007,9927,10050.951,25.31180434,3.188886708,897832
Fiji,FJI,O,Me_O,2008,FJI2008,9962,10092.18016,24.84305015,3.077452095,903399
Fiji,FJI,O,Me_O,2009,FJI2009,9773,9910.17442,24.69296832,2.380798947,907239
Fiji,FJI,O,Me_O,2010,FJI2010,10019,10167.34962,25.20535795,2.215060736,910419
Fiji,FJI,O,Me_O,2011,FJI2011,10254,10412.99638,24.98664104,3.52543898,912989
Fiji,FJI,O,Me_O,2012,FJI2012,10368,10537.69203,24.74290378,3.8711793,914918
Fiji,FJI,O,Me_O,2013,FJI2013,10831,11019.29836,25.00120494,2.654209693,916352
Fiji,FJI,O,Me_O,2014,FJI2014,11411,11621.12949,24.81794719,1.809275837,917585
Fiji,FJI,O,Me_O,2015,FJI2015,11904,12131.09169,24.75760825,1.656028114,918578
Fiji,FJI,O,Me_O,2016,FJI2016,12179,12419.82578,25.21998641,3.05309288,919166
Fiji,FJI,O,Me_O,2017,FJI2017,12822,13090.50071,25.24912838,2.723704595,918759
Fiji,FJI,O,Me_O,2018,FJI2018,13311,13612.9521,25.03670138,2.865001633,917180
Fiji,FJI,O,Me_O,2019,FJI2019,13242,13567.47388,25.30537472,2.399863887,914899
Fiji,FJI,O,Me_O,2020,FJI2020,10962,11254.96982,25.54913907,2.616055345,914963
Fiji,FJI,O,Me_O,2021,FJI2021,10380,10685.19703,25.27418785,2.734986667,916711
Fiji,FJI,O,Me_O,2022,FJI2022,12388,12762.34664,25.21794721,3.799094184,919422
Finland,FIN,E,NE_E,1990,FIN1990,34018.99839,38807.11852,2.754707472,0.549563064,4986431
Finland,FIN,E,NE_E,1991,FIN1991,31817.80246,36326.08289,2.152088321,0.604230541,5013740
Finland,FIN,E,NE_E,1992,FIN1992,30573.79028,34926.38336,2.536994369,0.645937819,5041992
Finland,FIN,E,NE_E,1993,FIN1993,30201.90012,34486.75226,1.580004562,0.541281126,5066447
Finland,FIN,E,NE_E,1994,FIN1994,31240.81014,35699.72031,1.553169583,0.543498411,5088333
Finland,FIN,E,NE_E,1995,FIN1995,32410.49018,37069.62898,2.184300768,0.569170731,5107790
Finland,FIN,E,NE_E,1996,FIN1996,33456.65139,38301.51262,1.402236883,0.552561327,5124573
Finland,FIN,E,NE_E,1997,FIN1997,35436.02367,40630.92177,2.042582088,0.519614516,5139835
Finland,FIN,E,NE_E,1998,FIN1998,37235.36336,42733.44557,1.101240834,0.704728564,5153498
Finland,FIN,E,NE_E,1999,FIN1999,38739.31675,44505.71148,2.177046998,0.568438602,5165474
Finland,FIN,E,NE_E,2000,FIN2000,40852.48811,46968.84171,3.286421127,0.651370164,5176209
Finland,FIN,E,NE_E,2001,FIN2001,41804.51064,48099.30143,1.838817889,0.589678758,5188008
Finland,FIN,E,NE_E,2002,FIN2002,42335.34694,48792.48648,2.002237268,0.503957127,5200598
Finland,FIN,E,NE_E,2003,FIN2003,43000.21412,49655.54516,2.205101264,0.542958594,5213014
Finland,FIN,E,NE_E,2004,FIN2004,44619.93896,51494.70586,2.305713504,0.664527254,5228172
Finland,FIN,E,NE_E,2005,FIN2005,45688.5961,52744.04803,2.928406122,0.627782345,5246096
Finland,FIN,E,NE_E,2006,FIN2006,47377.74633,54653.9812,2.709160709,0.510488874,5266268
Finland,FIN,E,NE_E,2007,FIN2007,49608.36414,57313.29165,2.865831632,0.643471738,5288720
Finland,FIN,E,NE_E,2008,FIN2008,49710.97659,57494.58535,3.060758275,0.698734821,5313399
Finland,FIN,E,NE_E,2009,FIN2009,45569.54846,52599.14871,2.209734793,0.551251119,5338871
Finland,FIN,E,NE_E,2010,FIN2010,46775.74851,54017.94586,0.879955316,0.568508073,5363352
Finland,FIN,E,NE_E,2011,FIN2011,47585.17397,55053.39069,3.306721745,0.641498628,5388272
Finland,FIN,E,NE_E,2012,FIN2012,46671.00198,53957.6681,1.628649434,0.72535618,5413971
Finland,FIN,E,NE_E,2013,FIN2013,46091.22447,53183.42867,3.167004255,0.546428567,5438972
Finland,FIN,E,NE_E,2014,FIN2014,45667.43505,52710.73349,3.336974065,0.554742643,5461512
Finland,FIN,E,NE_E,2015,FIN2015,45796.30668,52782.48739,3.591928794,0.641887778,5479531
Finland,FIN,E,NE_E,2016,FIN2016,46872.54397,53984.63163,2.982869838,0.650639471,5495303
Finland,FIN,E,NE_E,2017,FIN2017,48205.47733,55637.22628,2.43927838,0.626190126,5508214
Finland,FIN,E,NE_E,2018,FIN2018,48650.92349,56226.33724,3.208859195,0.492113938,5515525
Finland,FIN,E,NE_E,2019,FIN2019,49173.83566,56922.48732,2.788591121,0.647411078,5521606
Finland,FIN,E,NE_E,2020,FIN2020,47893.19736,55424.8575,4.249880928,0.649146297,5529543
Finland,FIN,E,NE_E,2021,FIN2021,49132.58947,56790.37662,2.334185592,0.630420569,5541017
Finland,FIN,E,NE_E,2022,FIN2022,49781.76847,57068.30565,3.252142579,0.589463686,5556106
France,FRA,E,WE_E,1990,FRA1990,44780.73646,38655.88568,13.66029178,1.119384804,58261012
France,FRA,E,WE_E,1991,FRA1991,44843.84318,38937.95225,12.77993952,0.975367949,58554242
France,FRA,E,WE_E,1992,FRA1992,45324.7172,39331.90419,13.15334524,1.090957484,58846584
France,FRA,E,WE_E,1993,FRA1993,44834.90586,39020.61416,12.82756526,1.169743632,59103094
France,FRA,E,WE_E,1994,FRA1994,45711.32046,39801.3889,13.87609916,1.237973919,59324863
France,FRA,E,WE_E,1995,FRA1995,46495.19526,40570.71696,13.49400464,1.067462197,59541294
France,FRA,E,WE_E,1996,FRA1996,46973.77996,40990.73951,12.59042502,1.180860706,59754504
France,FRA,E,WE_E,1997,FRA1997,47889.7494,41876.93303,13.7227173,1.041471537,59968066
France,FRA,E,WE_E,1998,FRA1998,49414.04603,43162.54239,13.41349134,1.03136027,60190684
France,FRA,E,WE_E,1999,FRA1999,50830.68785,44400.13579,13.63624738,1.216300546,60501986
France,FRA,E,WE_E,2000,FRA2000,52452.41208,45922.47894,13.84262878,1.23744431,60918661
France,FRA,E,WE_E,2001,FRA2001,53026.40483,46454.87069,13.41734812,1.100203941,61364377
France,FRA,E,WE_E,2002,FRA2002,53237.12356,46610.78207,13.80482233,1.180644602,61812142
France,FRA,E,WE_E,2003,FRA2003,52996.41928,46730.97581,13.79622757,0.948457888,62249855
France,FRA,E,WE_E,2004,FRA2004,53832.80894,47720.44134,13.38049539,1.044022513,62707588
France,FRA,E,WE_E,2005,FRA2005,54661.36316,48257.46509,13.39220232,1.004158708,63180854
France,FRA,E,WE_E,2006,FRA2006,55317.95512,49223.2472,13.84017804,1.0575029,63622342
France,FRA,E,WE_E,2007,FRA2007,56713.84105,50157.78375,13.68176901,1.101399557,64016890
France,FRA,E,WE_E,2008,FRA2008,56582.23169,50068.29691,13.376205,1.176132142,64375116
France,FRA,E,WE_E,2009,FRA2009,54631.70979,48404.96578,13.6772906,1.041340033,64706436
France,FRA,E,WE_E,2010,FRA2010,56522.60488,49130.42294,12.7808106,1.113863494,65026211
France,FRA,E,WE_E,2011,FRA2011,57081.18219,50085.68298,14.18287373,1.006502151,65340830
France,FRA,E,WE_E,2012,FRA2012,57274.67299,49935.62691,13.52834537,1.095203652,65657659
France,FRA,E,WE_E,2013,FRA2013,57656.11039,50066.53043,13.13445685,1.228666622,65997932
France,FRA,E,WE_E,2014,FRA2014,58156.03327,50326.56786,14.37054664,1.119450946,66312067
France,FRA,E,WE_E,2015,FRA2015,58699.57583,50682.89536,14.17584989,1.002543727,66548272
France,FRA,E,WE_E,2016,FRA2016,59475.15315,50984.0753,13.82142736,1.03303506,66724104
France,FRA,E,WE_E,2017,FRA2017,60671.90126,51895.5663,13.93808252,1.027271158,66918020
France,FRA,E,WE_E,2018,FRA2018,61966.37765,52560.95362,14.47602728,1.165243422,67158348
France,FRA,E,WE_E,2019,FRA2019,63362.36068,53448.55488,14.30530631,1.006431879,67382061
France,FRA,E,WE_E,2020,FRA2020,57714.99796,49311.33341,14.6297078,1.015612076,67601110
France,FRA,E,WE_E,2021,FRA2021,61232.43343,52517.33549,13.58831922,1.195324011,67842811
France,FRA,E,WE_E,2022,FRA2022,62522.71796,53691.61749,14.93024905,1.040627859,68065015
Gabon,GAB,SSA,MA_SSA,1990,GAB1990,17559,23884.8107,25.07886672,1.982180418,983734
Gabon,GAB,SSA,MA_SSA,1991,GAB1991,18135,24665.67923,24.94363811,1.798458773,1010818
Gabon,GAB,SSA,MA_SSA,1992,GAB1992,17109,23268.99747,24.66616013,1.696417551,1038380
Gabon,GAB,SSA,MA_SSA,1993,GAB1993,17318,23551.68125,24.80395081,1.746076156,1066405
Gabon,GAB,SSA,MA_SSA,1994,GAB1994,17498,23794.31493,24.78074344,1.963225626,1094720
Gabon,GAB,SSA,MA_SSA,1995,GAB1995,17904,24344.18574,25.05178108,1.858810118,1123213
Gabon,GAB,SSA,MA_SSA,1996,GAB1996,18091,24595.97196,24.77091667,1.837156562,1152015
Gabon,GAB,SSA,MA_SSA,1997,GAB1997,18656,25359.65966,24.85336027,1.823691465,1181439
Gabon,GAB,SSA,MA_SSA,1998,GAB1998,18825,25585.5078,25.58738827,1.935006812,1211736
Gabon,GAB,SSA,MA_SSA,1999,GAB1999,16716,22713.71444,24.99234289,2.031873676,1243016
Gabon,GAB,SSA,MA_SSA,2000,GAB2000,15987,21717.22408,24.9458222,1.9445106,1275572
Gabon,GAB,SSA,MA_SSA,2001,GAB2001,15908,21604.78044,25.10812543,1.747575495,1309589
Gabon,GAB,SSA,MA_SSA,2002,GAB2002,15453,20981.47986,25.30087604,2.00757238,1345135
Gabon,GAB,SSA,MA_SSA,2003,GAB2003,15380,20875.45493,25.24512537,1.852985265,1382350
Gabon,GAB,SSA,MA_SSA,2004,GAB2004,15063,20438.93071,25.21675754,1.720428077,1421609
Gabon,GAB,SSA,MA_SSA,2005,GAB2005,15028,20385.28999,25.25673527,1.64517856,1463495
Gabon,GAB,SSA,MA_SSA,2006,GAB2006,14177,19224.12687,25.25990602,1.776798714,1508337
Gabon,GAB,SSA,MA_SSA,2007,GAB2007,14571,19751.87622,25.24353705,2.222169918,1556237
Gabon,GAB,SSA,MA_SSA,2008,GAB2008,13647,18493.09211,25.09125762,1.964517356,1607175
Gabon,GAB,SSA,MA_SSA,2009,GAB2009,13222,17911.14585,25.20157605,1.941004928,1661556
Gabon,GAB,SSA,MA_SSA,2010,GAB2010,13683,18530.57609,25.44344151,1.774598188,1719879
Gabon,GAB,SSA,MA_SSA,2011,GAB2011,14146,19153.08782,25.04453434,1.90839079,1781985
Gabon,GAB,SSA,MA_SSA,2012,GAB2012,14368,19450.40271,25.16000698,2.053873204,1846889
Gabon,GAB,SSA,MA_SSA,2013,GAB2013,14655,19836.45549,25.18589811,1.945783269,1913059
Gabon,GAB,SSA,MA_SSA,2014,GAB2014,14785,20008.98998,25.20693722,1.848828869,1978399
Gabon,GAB,SSA,MA_SSA,2015,GAB2015,14892,20147.71162,25.33788514,1.580826574,2040989
Gabon,GAB,SSA,MA_SSA,2016,GAB2016,14783,19988.1756,25.59878684,1.83617,2100306
Gabon,GAB,SSA,MA_SSA,2017,GAB2017,14478,19555.70788,25.28381134,1.913503299,2156900
Gabon,GAB,SSA,MA_SSA,2018,GAB2018,14254,19225.59826,25.46138493,1.762453431,2212318
Gabon,GAB,SSA,MA_SSA,2019,GAB2019,14478,19491.40676,25.36158861,2.09852055,2267706
Gabon,GAB,SSA,MA_SSA,2020,GAB2020,13903,18681.48407,25.70186405,1.811306422,2322539
Gabon,GAB,SSA,MA_SSA,2021,GAB2021,13823,18523.5798,25.62617501,1.784365491,2376722
Gabon,GAB,SSA,MA_SSA,2022,GAB2022,13940,18662.0498,25.42667674,1.730081688,2430747
"Gambia, The",GMB,SSA,WA_SSA,1990,GMB1990,2080,2653.782914,27.68333382,0.868333346,1054696
"Gambia, The",GMB,SSA,WA_SSA,1991,GMB1991,2060,2623.641616,27.44166713,0.838666676,1099959
"Gambia, The",GMB,SSA,WA_SSA,1992,GMB1992,2047,2604.269033,27.34166712,1.024233346,1145582
"Gambia, The",GMB,SSA,WA_SSA,1993,GMB1993,2034,2586.130416,27.50277795,0.987033359,1188365
"Gambia, The",GMB,SSA,WA_SSA,1994,GMB1994,1974,2508.103915,27.11111159,1.116266696,1227226
"Gambia, The",GMB,SSA,WA_SSA,1995,GMB1995,1933,2456.000781,27.31388919,1.012566677,1264313
"Gambia, The",GMB,SSA,WA_SSA,1996,GMB1996,1919,2439.045516,27.82500029,0.947033354,1301410
"Gambia, The",GMB,SSA,WA_SSA,1997,GMB1997,1955,2486.937984,27.89444489,0.994566675,1338889
"Gambia, The",GMB,SSA,WA_SSA,1998,GMB1998,1965,2502.764771,28.38611174,1.001000012,1376987
"Gambia, The",GMB,SSA,WA_SSA,1999,GMB1999,2031,2589.977739,27.25555605,1.37023335,1415779
"Gambia, The",GMB,SSA,WA_SSA,2000,GMB2000,2081,2658.617706,27.54722267,1.13056668,1455084
"Gambia, The",GMB,SSA,WA_SSA,2001,GMB2001,2140,2737.696108,27.83055607,0.948066688,1495011
"Gambia, The",GMB,SSA,WA_SSA,2002,GMB2002,2012,2578.557146,27.92222272,0.750633338,1535691
"Gambia, The",GMB,SSA,WA_SSA,2003,GMB2003,2090,2682.479933,27.80000035,1.162333355,1577611
"Gambia, The",GMB,SSA,WA_SSA,2004,GMB2004,2173,2794.193526,27.94166697,0.90420002,1621312
"Gambia, The",GMB,SSA,WA_SSA,2005,GMB2005,2061,2653.642392,28.04166693,1.286766687,1667037
"Gambia, The",GMB,SSA,WA_SSA,2006,GMB2006,1988,2564.68654,27.70000023,1.125133356,1715275
"Gambia, The",GMB,SSA,WA_SSA,2007,GMB2007,1986,2567.157288,27.85277838,0.966400015,1765774
"Gambia, The",GMB,SSA,WA_SSA,2008,GMB2008,2046,2649.611199,27.85000043,1.274500008,1817852
"Gambia, The",GMB,SSA,WA_SSA,2009,GMB2009,2116,2745.325406,27.48333391,1.217800032,1871422
"Gambia, The",GMB,SSA,WA_SSA,2010,GMB2010,2172,2824.212592,28.2777781,1.292700002,1926630
"Gambia, The",GMB,SSA,WA_SSA,2011,GMB2011,1935,2519.839833,27.75555579,0.979666695,1983784
"Gambia, The",GMB,SSA,WA_SSA,2012,GMB2012,1974,2574.935097,27.67777809,1.317933362,2043094
"Gambia, The",GMB,SSA,WA_SSA,2013,GMB2013,1970,2572.447289,27.87777827,1.147466683,2103820
"Gambia, The",GMB,SSA,WA_SSA,2014,GMB2014,1885,2465.109711,27.79166698,1.028466691,2164528
"Gambia, The",GMB,SSA,WA_SSA,2015,GMB2015,1906,2495.957416,27.96944486,1.143100002,2224529
"Gambia, The",GMB,SSA,WA_SSA,2016,GMB2016,1889,2478.460558,28.16388936,1.122933365,2283769
"Gambia, The",GMB,SSA,WA_SSA,2017,GMB2017,1927,2533.186837,28.17222251,1.115200016,2342189
"Gambia, The",GMB,SSA,WA_SSA,2018,GMB2018,2013,2651.432815,27.69444482,0.997600032,2399632
"Gambia, The",GMB,SSA,WA_SSA,2019,GMB2019,2083,2750.821322,27.47222259,1.087833357,2456844
"Gambia, The",GMB,SSA,WA_SSA,2020,GMB2020,2043,2702.319195,28.38333368,1.156933353,2515733
"Gambia, The",GMB,SSA,WA_SSA,2021,GMB2021,2077,2777.79621,28.45000055,1.0863667,2576010
"Gambia, The",GMB,SSA,WA_SSA,2022,GMB2022,2114,2863.180499,27.85833369,1.476133381,2636470
Georgia,GEO,MENA,WA_ME,1990,GEO1990,11443.96433,12917.09443,8.986101188,0.96000496,4802000
Georgia,GEO,MENA,WA_ME,1991,GEO1991,8959.511425,10120.16289,8.78728724,0.922134277,4835900
Georgia,GEO,MENA,WA_ME,1992,GEO1992,4894.571171,5533.210823,7.476911526,1.276004668,4873500
Georgia,GEO,MENA,WA_ME,1993,GEO1993,3431.051033,3882.020297,7.79450317,0.999438299,4911100
Georgia,GEO,MENA,WA_ME,1994,GEO1994,3118.974836,3532.320081,8.825827814,0.904991937,4836076
Georgia,GEO,MENA,WA_ME,1995,GEO1995,3319.19735,3762.811538,9.373174584,1.061103905,4657722
Georgia,GEO,MENA,WA_ME,1996,GEO1996,3819.139972,4339.004669,9.14243618,0.975103458,4491699
Georgia,GEO,MENA,WA_ME,1997,GEO1997,4348.333827,4951.812918,8.621571983,1.043102611,4349913
Georgia,GEO,MENA,WA_ME,1998,GEO1998,4583.950196,5233.288377,9.646904414,0.957609694,4243607
Georgia,GEO,MENA,WA_ME,1999,GEO1999,4800.704981,5495.245051,9.804103098,0.965477009,4157192
Georgia,GEO,MENA,WA_ME,2000,GEO2000,4970.532616,5706.272365,9.384302778,0.893918361,4077131
Georgia,GEO,MENA,WA_ME,2001,GEO2001,5276.232965,6074.08643,9.955141983,1.043053218,4014373
Georgia,GEO,MENA,WA_ME,2002,GEO2002,5599.476422,6464.325397,9.102066847,1.248053967,3978515
Georgia,GEO,MENA,WA_ME,2003,GEO2003,6242.09887,7227.73706,8.938034082,1.117022711,3951736
Georgia,GEO,MENA,WA_ME,2004,GEO2004,6624.462741,7693.915254,9.389387336,1.196101921,3927340
Georgia,GEO,MENA,WA_ME,2005,GEO2005,7283.100454,8485.586705,9.475492508,1.217911218,3902469
Georgia,GEO,MENA,WA_ME,2006,GEO2006,7993.406974,9337.989064,9.476976766,1.08211255,3880347
Georgia,GEO,MENA,WA_ME,2007,GEO2007,9021.664544,10567.27472,9.498079075,1.188189335,3860158
Georgia,GEO,MENA,WA_ME,2008,GEO2008,9242.681745,10856.10313,9.239653003,0.940398456,3848449
Georgia,GEO,MENA,WA_ME,2009,GEO2009,8959.887929,10553.08964,9.504232326,1.28634335,3814419
Georgia,GEO,MENA,WA_ME,2010,GEO2010,9561.063599,11294.36859,10.90318448,1.114596149,3786695
Georgia,GEO,MENA,WA_ME,2011,GEO2011,10330.98651,12288.68289,8.836284498,1.18784842,3756441
Georgia,GEO,MENA,WA_ME,2012,GEO2012,11052.11066,13193.9597,9.7250346,0.952547988,3728874
Georgia,GEO,MENA,WA_ME,2013,GEO2013,11810.32856,13913.00182,9.668761139,1.073226959,3717668
Georgia,GEO,MENA,WA_ME,2014,GEO2014,12273.71224,14475.31354,10.02069501,1.007354291,3719414
Georgia,GEO,MENA,WA_ME,2015,GEO2015,12878.73402,14936.84341,9.877209444,1.054568891,3725276
Georgia,GEO,MENA,WA_ME,2016,GEO2016,13443.92565,15442.95644,9.583767293,1.256061593,3727505
Georgia,GEO,MENA,WA_ME,2017,GEO2017,13751.30038,16237.62422,9.742677923,0.979018135,3728004
Georgia,GEO,MENA,WA_ME,2018,GEO2018,14578.76388,17228.67908,10.61994315,1.004328305,3726549
Georgia,GEO,MENA,WA_ME,2019,GEO2019,15542.32808,18186.88165,10.1955599,0.873365321,3720161
Georgia,GEO,MENA,WA_ME,2020,GEO2020,14586.61327,17031.14403,10.14271367,0.956074993,3722716
Georgia,GEO,MENA,WA_ME,2021,GEO2021,16362.66728,18915.6534,10.31755777,1.022328292,3708610
Georgia,GEO,MENA,WA_ME,2022,GEO2022,18025.29202,20966.52804,10.19538156,0.960164645,3712502
Germany,DEU,E,WE_E,1990,DEU1990,39449.55428,42373.52948,9.787215222,0.738463877,79433029
Germany,DEU,E,WE_E,1991,DEU1991,41189.04222,44214.75257,8.655688755,0.60863623,80013896
Germany,DEU,E,WE_E,1992,DEU1992,41688.82192,44763.66277,9.631526313,0.738143343,80624598
Germany,DEU,E,WE_E,1993,DEU1993,41036.30714,44037.52392,8.703198197,0.796586076,81156363
Germany,DEU,E,WE_E,1994,DEU1994,41898.13541,45024.99267,9.877340528,0.792535558,81438348
Germany,DEU,E,WE_E,1995,DEU1995,42446.40063,45568.67615,9.117301624,0.786425279,81678051
Germany,DEU,E,WE_E,1996,DEU1996,42701.47408,45908.66342,7.499212237,0.626200909,81914831
Germany,DEU,E,WE_E,1997,DEU1997,43440.50226,46691.8189,9.110627425,0.66955758,82034771
Germany,DEU,E,WE_E,1998,DEU1998,44346.59934,47663.33627,9.273218892,0.812321095,82047195
Germany,DEU,E,WE_E,1999,DEU1999,45192.85519,48647.1679,9.695393902,0.775184909,82100243
Germany,DEU,E,WE_E,2000,DEU2000,46485.65027,49979.13317,10.13317307,0.762752186,82211508
Germany,DEU,E,WE_E,2001,DEU2001,47073.92755,50711.68047,9.151888259,0.817661833,82349925
Germany,DEU,E,WE_E,2002,DEU2002,46908.57933,50510.90595,9.739856532,0.914591377,82488495
Germany,DEU,E,WE_E,2003,DEU2003,46568.73671,50215.42539,9.462382293,0.571313522,82534176
Germany,DEU,E,WE_E,2004,DEU2004,47093.59499,50810.1431,9.162745998,0.735310893,82516260
Germany,DEU,E,WE_E,2005,DEU2005,47321.05398,51289.28004,9.175065366,0.721194347,82469422
Germany,DEU,E,WE_E,2006,DEU2006,49080.62543,53326.97694,9.705162916,0.706732463,82376451
Germany,DEU,E,WE_E,2007,DEU2007,50793.58187,54941.60175,10.07583443,0.888704211,82266372
Germany,DEU,E,WE_E,2008,DEU2008,51190.24952,55547.31075,9.796932732,0.72467421,82110097
Germany,DEU,E,WE_E,2009,DEU2009,48210.25233,52600.23252,9.520403498,0.753005467,81902307
Germany,DEU,E,WE_E,2010,DEU2010,50154.35803,54865.43053,8.201927931,0.792588937,81776930
Germany,DEU,E,WE_E,2011,DEU2011,52946.46098,57992.36674,9.985355111,0.680247694,80274983
Germany,DEU,E,WE_E,2012,DEU2012,52906.31473,58158.13797,9.42750863,0.731071522,80425823
Germany,DEU,E,WE_E,2013,DEU2013,52766.59418,58223.64953,9.041587985,0.747171664,80645605
Germany,DEU,E,WE_E,2014,DEU2014,53563.56705,59239.3401,10.62004695,0.718235853,80982500
Germany,DEU,E,WE_E,2015,DEU2015,53918.6709,59699.33812,10.27649874,0.658325564,81686611
Germany,DEU,E,WE_E,2016,DEU2016,54382.34393,60578.28707,9.854308397,0.719187516,82348669
Germany,DEU,E,WE_E,2017,DEU2017,55495.21378,61991.49731,9.867344922,0.818938499,82657002
Germany,DEU,E,WE_E,2018,DEU2018,55816.79775,62495.49895,10.66199319,0.575151171,82905782
Germany,DEU,E,WE_E,2019,DEU2019,55851.38756,62970.71609,10.53547148,0.681989955,83092962
Germany,DEU,E,WE_E,2020,DEU2020,53526.00656,60342.6627,10.74514536,0.665257798,83160871
Germany,DEU,E,WE_E,2021,DEU2021,55160.62745,62530.76532,9.453331092,0.776910164,83196078
Germany,DEU,E,WE_E,2022,DEU2022,55717.80163,62931.96841,10.75889659,0.616853106,83797985
Ghana,GHA,SSA,WA_SSA,1990,GHA1990,2300,2785.671143,27.53226705,1.054511855,15394648
Ghana,GHA,SSA,WA_SSA,1991,GHA1991,2361,2859.827022,27.34252463,1.316864157,15787496
Ghana,GHA,SSA,WA_SSA,1992,GHA1992,2392,2897.835432,27.1212914,0.958969031,16184855
Ghana,GHA,SSA,WA_SSA,1993,GHA1993,2447,2964.266009,27.38962353,1.104633999,16589519
Ghana,GHA,SSA,WA_SSA,1994,GHA1994,2469,2989.34731,27.22462005,1.159648995,16993190
Ghana,GHA,SSA,WA_SSA,1995,GHA1995,2512,3039.68873,27.49760127,1.206599903,17399017
Ghana,GHA,SSA,WA_SSA,1996,GHA1996,2568,3106.185555,27.5235368,1.240547048,17810181
Ghana,GHA,SSA,WA_SSA,1997,GHA1997,2614,3160.445041,27.52182847,1.233059038,18238958
Ghana,GHA,SSA,WA_SSA,1998,GHA1998,2671,3229.482283,28.02129999,1.049003802,18688036
Ghana,GHA,SSA,WA_SSA,1999,GHA1999,2722,3290.268652,27.45984686,1.321520269,19149864
Ghana,GHA,SSA,WA_SSA,2000,GHA2000,2752,3327.351993,27.57280068,1.118357456,19637087
Ghana,GHA,SSA,WA_SSA,2001,GHA2001,2787,3369.507025,27.69311013,1.107456481,20167069
Ghana,GHA,SSA,WA_SSA,2002,GHA2002,2834,3425.618209,27.8334408,1.21320178,20729388
Ghana,GHA,SSA,WA_SSA,2003,GHA2003,2901,3507.751057,27.85636723,1.284604451,21296705
Ghana,GHA,SSA,WA_SSA,2004,GHA2004,2983,3607.365223,27.78850994,1.174326726,21868298
Ghana,GHA,SSA,WA_SSA,2005,GHA2005,3076,3721.307857,28.05097771,1.152680939,22449438
Ghana,GHA,SSA,WA_SSA,2006,GHA2006,3188,3857.861548,27.85796789,1.168230653,23040702
Ghana,GHA,SSA,WA_SSA,2007,GHA2007,3241,3923.125678,27.85113405,1.322302644,23642279
Ghana,GHA,SSA,WA_SSA,2008,GHA2008,3447,4174.781241,27.54531401,1.354545531,24249946
Ghana,GHA,SSA,WA_SSA,2009,GHA2009,3524,4269.160059,27.95719033,1.256114621,24862664
Ghana,GHA,SSA,WA_SSA,2010,GHA2010,3709,4495.689166,28.17197129,1.330572482,25474995
Ghana,GHA,SSA,WA_SSA,2011,GHA2011,4129,5005.367325,27.91722866,1.209556914,26095088
Ghana,GHA,SSA,WA_SSA,2012,GHA2012,4403,5339.713219,27.62877152,1.255398384,26734268
Ghana,GHA,SSA,WA_SSA,2013,GHA2013,4610,5593.774819,27.81615796,1.102684112,27386193
Ghana,GHA,SSA,WA_SSA,2014,GHA2014,4629,5619.072335,27.9201968,1.266413298,28041592
Ghana,GHA,SSA,WA_SSA,2015,GHA2015,4617,5607.366357,28.00899852,1.095332919,28696068
Ghana,GHA,SSA,WA_SSA,2016,GHA2016,4662,5666.077953,28.26072697,1.193371964,29356742
Ghana,GHA,SSA,WA_SSA,2017,GHA2017,4930,5993.630852,28.12431341,1.129414287,30008354
Ghana,GHA,SSA,WA_SSA,2018,GHA2018,5125,6234.512082,28.06615427,1.317379451,30637585
Ghana,GHA,SSA,WA_SSA,2019,GHA2019,5346,6508.246523,27.95563083,1.450720448,31258945
Ghana,GHA,SSA,WA_SSA,2020,GHA2020,5264,6412.685418,28.1710924,1.238053304,31887809
Ghana,GHA,SSA,WA_SSA,2021,GHA2021,5421,6607.502974,28.37715063,1.229568904,32518665
Ghana,GHA,SSA,WA_SSA,2022,GHA2022,5480,6728.45414,27.80143626,1.246384155,33149152
Greece,GRC,E,SE_E,1990,GRC1990,26577.74013,26916.31252,13.99121169,0.567091812,10196792
Greece,GRC,E,SE_E,1991,GRC1991,27095.33875,27419.60293,12.93289381,0.663990114,10319927
Greece,GRC,E,SE_E,1992,GRC1992,27097.71863,27401.424,13.16469197,0.511714652,10399061
Greece,GRC,E,SE_E,1993,GRC1993,26527.2807,26804.85376,13.32215959,0.557740396,10460415
Greece,GRC,E,SE_E,1994,GRC1994,26942.28803,27204.39587,14.43236954,0.751781373,10512922
Greece,GRC,E,SE_E,1995,GRC1995,27399.54971,27646.14764,13.6558328,0.689227366,10562153
Greece,GRC,E,SE_E,1996,GRC1996,28071.63988,27905.10657,13.32679213,0.774156224,10608800
Greece,GRC,E,SE_E,1997,GRC1997,29198.14005,28768.24015,13.22602182,0.626513452,10661259
Greece,GRC,E,SE_E,1998,GRC1998,30180.01662,29592.52548,14.07096944,0.67693344,10720509
Greece,GRC,E,SE_E,1999,GRC1999,31000.66215,30263.05437,14.6353662,0.683237062,10761698
Greece,GRC,E,SE_E,2000,GRC2000,32097.10602,31386.63978,14.31546655,0.443829104,10805808
Greece,GRC,E,SE_E,2001,GRC2001,33212.49872,32675.92923,14.54039043,0.604775637,10862132
Greece,GRC,E,SE_E,2002,GRC2002,34970.88268,34081.02898,14.27208422,0.836540572,10902022
Greece,GRC,E,SE_E,2003,GRC2003,36879.94091,35970.70168,13.87799244,0.752092267,10928070
Greece,GRC,E,SE_E,2004,GRC2004,39002.10054,37811.49137,14.05343347,0.653552517,10955141
Greece,GRC,E,SE_E,2005,GRC2005,39409.07908,38146.96297,13.70168527,0.739489831,10987314
Greece,GRC,E,SE_E,2006,GRC2006,41755.79669,40483.15692,13.67162042,0.726421561,11020362
Greece,GRC,E,SE_E,2007,GRC2007,43286.07361,41796.23369,14.59070937,0.682684262,11048473
Greece,GRC,E,SE_E,2008,GRC2008,43095.38153,41709.38774,14.54516251,0.587344568,11077841
Greece,GRC,E,SE_E,2009,GRC2009,41503.45414,39886.21355,14.43407378,0.911734336,11107017
Greece,GRC,E,SE_E,2010,GRC2010,39075.69808,37566.74837,14.91693815,0.732701012,11121341
Greece,GRC,E,SE_E,2011,GRC2011,35269.76064,33906.49174,13.73772546,0.648909258,11104899
Greece,GRC,E,SE_E,2012,GRC2012,32714.63083,31250.22686,14.67682405,0.744283052,11045011
Greece,GRC,E,SE_E,2013,GRC2013,32223.08275,30762.44322,14.73938858,0.665938238,10965211
Greece,GRC,E,SE_E,2014,GRC2014,32666.10679,31213.37651,14.69756187,0.926160541,10892413
Greece,GRC,E,SE_E,2015,GRC2015,32723.76367,31347.97657,14.36638795,0.750886846,10820883
Greece,GRC,E,SE_E,2016,GRC2016,32831.4137,31468.61985,14.86559115,0.689591761,10775971
Greece,GRC,E,SE_E,2017,GRC2017,33346.7092,31995.41088,14.52034465,0.710406175,10754679
Greece,GRC,E,SE_E,2018,GRC2018,33964.52927,32722.33104,15.25504211,0.750662504,10732882
Greece,GRC,E,SE_E,2019,GRC2019,34700.9575,33502.75065,15.27737113,0.853504356,10721582
Greece,GRC,E,SE_E,2020,GRC2020,31411.87367,30487.11293,15.17666227,0.675294461,10698599
Greece,GRC,E,SE_E,2021,GRC2021,34446.92333,33531.15511,15.12115807,0.73748038,10569207
Greece,GRC,E,SE_E,2022,GRC2022,36842.35591,35906.61277,14.95536711,0.56523409,10436882
Greenland,GRL,NA,NE_E,1990,GRL1990,20905,38137.56849,-19.65571829,0.452548072,55600
Greenland,GRL,NA,NE_E,1991,GRL1991,18773,38162.93422,-19.51114981,0.459430149,55500
Greenland,GRL,NA,NE_E,1992,GRL1992,17133,36343.12572,-20.24890947,0.446727903,55300
Greenland,GRL,NA,NE_E,1993,GRL1993,16963,34578.3465,-20.41122974,0.45766429,55200
Greenland,GRL,NA,NE_E,1994,GRL1994,17490,36428.9124,-19.84210228,0.430202293,55500
Greenland,GRL,NA,NE_E,1995,GRL1995,18316,37584.07191,-19.69962055,0.423592985,55800
Greenland,GRL,NA,NE_E,1996,GRL1996,19794,38090.709,-19.3047686,0.535089189,55900
Greenland,GRL,NA,NE_E,1997,GRL1997,16100,38581.21519,-19.48168024,0.501642387,56000
Greenland,GRL,NA,NE_E,1998,GRL1998,17400,41500.23127,-18.91732153,0.451977101,56100
Greenland,GRL,NA,NE_E,1999,GRL1999,18700,42072.0565,-19.3701765,0.47686074,56100
Greenland,GRL,NA,NE_E,2000,GRL2000,20000,44991.67515,-19.01455556,0.468148712,56185
Greenland,GRL,NA,NE_E,2001,GRL2001,20000,45405.85437,-18.90077927,0.458663069,56379
Greenland,GRL,NA,NE_E,2002,GRL2002,22650,44793.27043,-18.61126465,0.441802206,56595
Greenland,GRL,NA,NE_E,2003,GRL2003,25300,46649.04808,-18.27479749,0.474497181,56751
Greenland,GRL,NA,NE_E,2004,GRL2004,27950,49742.05823,-18.51638679,0.467254583,56898
Greenland,GRL,NA,NE_E,2005,GRL2005,30600,52189.00149,-18.0621355,0.51000611,56935
Greenland,GRL,NA,NE_E,2006,GRL2006,33250,55243.71028,-18.50555422,0.415382183,56775
Greenland,GRL,NA,NE_E,2007,GRL2007,35900,56763.23873,-18.62163805,0.45921815,56555
Greenland,GRL,NA,NE_E,2008,GRL2008,37900,60506.19463,-18.80406807,0.468599669,56328
Greenland,GRL,NA,NE_E,2009,GRL2009,38457,61035.5673,-18.71961869,0.408210411,56323
Greenland,GRL,NA,NE_E,2010,GRL2010,39014,61863.28269,-17.60117868,0.399274992,56534
Greenland,GRL,NA,NE_E,2011,GRL2011,39571,61170.92037,-18.44706769,0.450768403,56890
Greenland,GRL,NA,NE_E,2012,GRL2012,40129,62111.10331,-18.4551587,0.495937096,56810
Greenland,GRL,NA,NE_E,2013,GRL2013,40686,61659.64152,-18.80448583,0.501543426,56483
Greenland,GRL,NA,NE_E,2014,GRL2014,41243,64799.30566,-18.21471405,0.504988126,56295
Greenland,GRL,NA,NE_E,2015,GRL2015,41800,63364.05361,-19.24516568,0.524949832,56114
Greenland,GRL,NA,NE_E,2016,GRL2016,43675,66245.72947,-17.81125934,0.486339769,56186
Greenland,GRL,NA,NE_E,2017,GRL2017,45489,66297.17907,-18.65984441,0.482861733,56172
Greenland,GRL,NA,NE_E,2018,GRL2018,47334,66887.67793,-19.1132494,0.477820438,56023
Greenland,GRL,NA,NE_E,2019,GRL2019,49981,68534.9419,-18.13790835,0.450558546,56225
Greenland,GRL,NA,NE_E,2020,GRL2020,48011,68533.73399,-18.56886746,0.517015819,56367
Greenland,GRL,NA,NE_E,2021,GRL2021,52810,69302.00888,-17.51325757,0.492675479,56653
Greenland,GRL,NA,NE_E,2022,GRL2022,59249,70681.22539,-18.5167843,0.497097359,56661
Grenada,GRD,LA,C_LA,1990,GRD1990,8572,8889.362839,8.744379158,0.540772867,99957
Grenada,GRD,LA,C_LA,1991,GRD1991,8629,8937.777071,8.705465795,0.52566338,100793
Grenada,GRD,LA,C_LA,1992,GRD1992,8447,8791.142497,8.752717865,0.545275696,101602
Grenada,GRD,LA,C_LA,1993,GRD1993,8190,8553.276602,8.788851536,0.542874182,102382
Grenada,GRD,LA,C_LA,1994,GRD1994,8247,8634.373964,8.691568339,0.53183392,103138
Grenada,GRD,LA,C_LA,1995,GRD1995,8351,8756.180581,8.811087751,0.53820459,103869
Grenada,GRD,LA,C_LA,1996,GRD1996,8657,9082.280995,8.780513041,0.58309944,104584
Grenada,GRD,LA,C_LA,1997,GRD1997,9030,9473.578649,8.811087804,0.491842144,105293
Grenada,GRD,LA,C_LA,1998,GRD1998,10030,10515.5495,8.94728431,0.640468805,106009
Grenada,GRD,LA,C_LA,1999,GRD1999,10659,11165.32735,8.777733507,0.594273126,106727
Grenada,GRD,LA,C_LA,2000,GRD2000,11117,11632.17445,8.769394854,0.569691027,107451
Grenada,GRD,LA,C_LA,2001,GRD2001,10841,11340.18241,8.891693905,0.443445092,107987
Grenada,GRD,LA,C_LA,2002,GRD2002,11183,11684.8592,8.87779629,0.499913881,108404
Grenada,GRD,LA,C_LA,2003,GRD2003,12184,12734.32509,8.897252972,0.500747733,108884
Grenada,GRD,LA,C_LA,2004,GRD2004,12019,12601.07149,8.802749203,0.633397685,109323
Grenada,GRD,LA,C_LA,2005,GRD2005,13524,14220.55129,8.913930067,0.616353669,109734
Grenada,GRD,LA,C_LA,2006,GRD2006,12898,13602.68541,8.83888298,0.557016394,110135
Grenada,GRD,LA,C_LA,2007,GRD2007,13597,14385.09185,8.822205938,0.504683543,110522
Grenada,GRD,LA,C_LA,2008,GRD2008,13634,14472.42289,8.747158692,0.546676568,110896
Grenada,GRD,LA,C_LA,2009,GRD2009,12646,13471.83041,8.877796396,0.467426813,111254
Grenada,GRD,LA,C_LA,2010,GRD2010,12494,13363.09203,8.983418246,0.619922553,111586
Grenada,GRD,LA,C_LA,2011,GRD2011,12493,13406.05988,8.79996967,0.654444244,112079
Grenada,GRD,LA,C_LA,2012,GRD2012,12243,13169.46048,8.830544379,0.501548237,112775
Grenada,GRD,LA,C_LA,2013,GRD2013,12420,13394.52168,8.850001114,0.518859118,113487
Grenada,GRD,LA,C_LA,2014,GRD2014,13216,14296.70914,8.827764846,0.501381471,114132
Grenada,GRD,LA,C_LA,2015,GRD2015,13949,15145.97202,8.91948924,0.393413684,114676
Grenada,GRD,LA,C_LA,2016,GRD2016,14351,15650.41172,8.95562307,0.573259941,115130
Grenada,GRD,LA,C_LA,2017,GRD2017,14870,16301.47244,8.830544485,0.593939579,115438
Grenada,GRD,LA,C_LA,2018,GRD2018,15402,16975.2476,8.705465901,0.525730092,115691
Grenada,GRD,LA,C_LA,2019,GRD2019,15394,17047.35493,8.816646765,0.432271415,115981
Grenada,GRD,LA,C_LA,2020,GRD2020,13176,14656.72088,8.841662513,0.522995037,116341
Grenada,GRD,LA,C_LA,2021,GRD2021,13688,15298.12311,8.777733454,0.542407229,116688
Grenada,GRD,LA,C_LA,2022,GRD2022,14463,16386.46234,8.719363516,0.602311515,116913
Guatemala,GTM,LA,CA_LA,1990,GTM1990,5279.454645,7594.728416,23.42254888,2.198304642,9024773
Guatemala,GTM,LA,CA_LA,1991,GTM1991,5355.693662,7662.167229,23.47577703,1.90120333,9272584
Guatemala,GTM,LA,CA_LA,1992,GTM1992,5497.167326,7822.259592,23.2768247,2.143927364,9522266
Guatemala,GTM,LA,CA_LA,1993,GTM1993,5595.926829,7915.406704,23.25078667,2.147402854,9779761
Guatemala,GTM,LA,CA_LA,1994,GTM1994,5704.613481,8018.279363,23.52162865,1.811072433,10043718
Guatemala,GTM,LA,CA_LA,1995,GTM1995,5867.64073,8195.345678,23.64412198,2.452374352,10312996
Guatemala,GTM,LA,CA_LA,1996,GTM1996,5978.32209,8222.065158,23.20915665,2.143804848,10583526
Guatemala,GTM,LA,CA_LA,1997,GTM1997,6176.730951,8364.161076,23.66989613,2.152425948,10857754
Guatemala,GTM,LA,CA_LA,1998,GTM1998,6419.529011,8559.986046,23.9256299,2.333493971,11139145
Guatemala,GTM,LA,CA_LA,1999,GTM1999,6598.120943,8668.426733,23.17023,2.272507701,11422965
Guatemala,GTM,LA,CA_LA,2000,GTM2000,6761.686226,8770.403838,23.37703087,2.106888879,11697592
Guatemala,GTM,LA,CA_LA,2001,GTM2001,6848.041129,8771.154957,23.64374644,2.155843604,11969422
Guatemala,GTM,LA,CA_LA,2002,GTM2002,7045.671432,8901.536085,23.77561054,2.03421093,12246915
Guatemala,GTM,LA,CA_LA,2003,GTM2003,7168.764642,8926.153326,23.88842287,1.847024657,12525842
Guatemala,GTM,LA,CA_LA,2004,GTM2004,7339.500435,9003.856934,23.80999515,2.008734062,12807402
Guatemala,GTM,LA,CA_LA,2005,GTM2005,7369.077664,9099.72303,23.77886898,2.316577081,13087629
Guatemala,GTM,LA,CA_LA,2006,GTM2006,7581.057298,9386.00088,23.70947619,2.36259266,13367459
Guatemala,GTM,LA,CA_LA,2007,GTM2007,7801.376845,9772.805112,23.6619598,2.069191274,13652040
Guatemala,GTM,LA,CA_LA,2008,GTM2008,7797.876231,9889.571818,23.6286868,2.245189916,13935174
Guatemala,GTM,LA,CA_LA,2009,GTM2009,7703.085616,9740.709084,23.9844004,1.917391793,14215611
Guatemala,GTM,LA,CA_LA,2010,GTM2010,7794.553343,9825.0174,23.40897473,2.428702405,14500112
Guatemala,GTM,LA,CA_LA,2011,GTM2011,8004.698176,10032.08835,23.8020202,2.387015869,14792126
Guatemala,GTM,LA,CA_LA,2012,GTM2012,8128.687356,10126.82807,23.92376666,1.949560805,15089647
Guatemala,GTM,LA,CA_LA,2013,GTM2013,8313.306467,10297.83929,23.78142055,2.639830989,15387337
Guatemala,GTM,LA,CA_LA,2014,GTM2014,8564.080316,10553.56393,23.7490589,2.153682999,15681725
Guatemala,GTM,LA,CA_LA,2015,GTM2015,8794.952942,10785.95815,24.22912635,1.935298315,15971743
Guatemala,GTM,LA,CA_LA,2016,GTM2016,8929.477185,10872.59368,24.29681653,2.038062937,16268760
Guatemala,GTM,LA,CA_LA,2017,GTM2017,9102.949803,11005.45908,24.12944249,2.050052418,16567357
Guatemala,GTM,LA,CA_LA,2018,GTM2018,9310.625799,11192.37173,23.61849636,1.975465746,16845685
Guatemala,GTM,LA,CA_LA,2019,GTM2019,9581.89629,11466.37626,24.0912237,1.74442337,17103803
Guatemala,GTM,LA,CA_LA,2020,GTM2020,9312.548719,11097.15007,24.40176996,2.231574689,17357325
Guatemala,GTM,LA,CA_LA,2021,GTM2021,9933.717399,11825.14092,24.14219183,2.005936894,17598650
Guatemala,GTM,LA,CA_LA,2022,GTM2022,10218.75367,12147.9306,23.8094833,2.429877161,17847877
Guinea,GIN,SSA,WA_SSA,1990,GIN1990,1507,2105.747295,25.66303051,1.589731912,6434374
Guinea,GIN,SSA,WA_SSA,1991,GIN1991,1485,2075.991943,25.61203209,1.630638229,6697166
Guinea,GIN,SSA,WA_SSA,1992,GIN1992,1485,2076.550627,25.39013807,1.75174867,6914366
Guinea,GIN,SSA,WA_SSA,1993,GIN1993,1513,2115.866496,25.65428628,1.656755699,7128177
Guinea,GIN,SSA,WA_SSA,1994,GIN1994,1526,2134.897694,25.14368567,2.054556973,7345107
Guinea,GIN,SSA,WA_SSA,1995,GIN1995,1552,2171.725522,25.47987832,1.800359016,7553249
Guinea,GIN,SSA,WA_SSA,1996,GIN1996,1576,2205.323634,25.76331348,1.799683396,7770035
Guinea,GIN,SSA,WA_SSA,1997,GIN1997,1624,2272.411005,25.68839071,1.749341012,7931370
Guinea,GIN,SSA,WA_SSA,1998,GIN1998,1652,2311.327353,26.18905496,1.79070908,8081990
Guinea,GIN,SSA,WA_SSA,1999,GIN1999,1677,2346.270184,25.33367197,2.01461983,8265123
Guinea,GIN,SSA,WA_SSA,2000,GIN2000,1685,2358.287656,25.50495152,1.81514889,8428832
Guinea,GIN,SSA,WA_SSA,2001,GIN2001,1724,2412.75162,25.7681241,1.698837389,8539960
Guinea,GIN,SSA,WA_SSA,2002,GIN2002,1786,2498.131775,26.11175581,1.622474438,8674066
Guinea,GIN,SSA,WA_SSA,2003,GIN2003,1768,2473.234183,25.92709323,1.890536034,8870781
Guinea,GIN,SSA,WA_SSA,2004,GIN2004,1771,2477.502826,26.07998297,1.833457804,9062726
Guinea,GIN,SSA,WA_SSA,2005,GIN2005,1788,2501.221605,26.11860529,1.810037608,9245844
Guinea,GIN,SSA,WA_SSA,2006,GIN2006,1773,2478.613195,25.84014223,1.943892969,9441171
Guinea,GIN,SSA,WA_SSA,2007,GIN2007,1851,2587.004889,25.9811364,1.647388446,9662281
Guinea,GIN,SSA,WA_SSA,2008,GIN2008,1881,2629.539747,25.77286486,1.836945707,9898870
Guinea,GIN,SSA,WA_SSA,2009,GIN2009,1815,2537.306458,25.85999238,1.75203649,10143534
Guinea,GIN,SSA,WA_SSA,2010,GIN2010,1856,2594.830503,26.24200099,2.034385711,10396086
Guinea,GIN,SSA,WA_SSA,2011,GIN2011,1913,2673.40873,25.98692062,1.735567326,10656810
Guinea,GIN,SSA,WA_SSA,2012,GIN2012,1977,2762.903509,25.6450192,1.837104286,10921581
Guinea,GIN,SSA,WA_SSA,2013,GIN2013,2005,2802.56007,25.91866429,1.855696431,11191873
Guinea,GIN,SSA,WA_SSA,2014,GIN2014,2029,2834.966343,25.87571458,1.743195092,11472924
Guinea,GIN,SSA,WA_SSA,2015,GIN2015,2053,2869.851572,26.07919439,1.89752576,11767070
Guinea,GIN,SSA,WA_SSA,2016,GIN2016,2217,3099.788742,26.29680815,1.803768119,12073030
Guinea,GIN,SSA,WA_SSA,2017,GIN2017,2384,3332.765762,26.22807744,1.707583874,12385659
Guinea,GIN,SSA,WA_SSA,2018,GIN2018,2472,3455.645126,26.15152659,1.784220473,12704774
Guinea,GIN,SSA,WA_SSA,2019,GIN2019,2545,3557.462339,25.8630061,1.810853632,13034346
Guinea,GIN,SSA,WA_SSA,2020,GIN2020,2604,3630.993306,26.32861868,1.775949508,13371183
Guinea,GIN,SSA,WA_SSA,2021,GIN2021,2640,3738.805126,26.67629402,1.810915885,13710513
Guinea,GIN,SSA,WA_SSA,2022,GIN2022,2699,3792.010688,25.9516908,2.033330982,14055137
Guinea-Bissau,GNB,SSA,WA_SSA,1990,GNB1990,1998,1944.227855,27.63607742,1.461530564,973669
Guinea-Bissau,GNB,SSA,WA_SSA,1991,GNB1991,2057,2000.302769,27.51857549,1.64030015,994639
Guinea-Bissau,GNB,SSA,WA_SSA,1992,GNB1992,2021,1963.638145,27.34741673,1.740371746,1024356
Guinea-Bissau,GNB,SSA,WA_SSA,1993,GNB1993,1997,1939.754398,27.54813064,1.646073197,1058745
Guinea-Bissau,GNB,SSA,WA_SSA,1994,GNB1994,1999,1940.809225,27.06410463,2.022993409,1092031
Guinea-Bissau,GNB,SSA,WA_SSA,1995,GNB1995,2035,1975.695758,27.47087237,1.599526754,1119949
Guinea-Bissau,GNB,SSA,WA_SSA,1996,GNB1996,2225,2159.39975,27.82995704,1.590655076,1143535
Guinea-Bissau,GNB,SSA,WA_SSA,1997,GNB1997,2325,2256.332351,27.78838683,1.68690675,1165545
Guinea-Bissau,GNB,SSA,WA_SSA,1998,GNB1998,1641,1717.568644,28.39359367,1.657195457,1187473
Guinea-Bissau,GNB,SSA,WA_SSA,1999,GNB1999,1627,1968.689556,27.22324762,2.222412373,1210206
Guinea-Bissau,GNB,SSA,WA_SSA,2000,GNB2000,1681,1950.801228,27.5073577,1.849410593,1234741
Guinea-Bissau,GNB,SSA,WA_SSA,2001,GNB2001,1682,2001.16517,27.71864329,1.733526247,1261273
Guinea-Bissau,GNB,SSA,WA_SSA,2002,GNB2002,1629,2029.184293,27.91557529,1.298647974,1289307
Guinea-Bissau,GNB,SSA,WA_SSA,2003,GNB2003,1601,1978.123292,27.74062316,1.89800422,1318806
Guinea-Bissau,GNB,SSA,WA_SSA,2004,GNB2004,1607,1955.694335,27.94811143,1.618118809,1349563
Guinea-Bissau,GNB,SSA,WA_SSA,2005,GNB2005,1635,2035.681409,28.0034963,1.974838091,1381585
Guinea-Bissau,GNB,SSA,WA_SSA,2006,GNB2006,1633,2040.17194,27.72165969,1.989620916,1415303
Guinea-Bissau,GNB,SSA,WA_SSA,2007,GNB2007,1643,2040.940071,27.86249144,1.649164709,1450986
Guinea-Bissau,GNB,SSA,WA_SSA,2008,GNB2008,1653,2080.143012,27.83759522,2.076444772,1488054
Guinea-Bissau,GNB,SSA,WA_SSA,2009,GNB2009,1665,2077.558921,27.55342976,1.868830758,1526377
Guinea-Bissau,GNB,SSA,WA_SSA,2010,GNB2010,1697,2138.026862,28.27318563,2.043250607,1566347
Guinea-Bissau,GNB,SSA,WA_SSA,2011,GNB2011,1787,2250.920523,27.73979937,1.622219028,1608076
Guinea-Bissau,GNB,SSA,WA_SSA,2012,GNB2012,1710,2154.302254,27.69668374,1.984711302,1651417
Guinea-Bissau,GNB,SSA,WA_SSA,2013,GNB2013,1719,2166.00798,27.85955669,1.856546065,1695973
Guinea-Bissau,GNB,SSA,WA_SSA,2014,GNB2014,1690,2130.191233,27.8125742,1.760559993,1741122
Guinea-Bissau,GNB,SSA,WA_SSA,2015,GNB2015,1748,2203.485144,27.979965,1.884200851,1786457
Guinea-Bissau,GNB,SSA,WA_SSA,2016,GNB2016,1811,2265.571797,28.17546013,1.791548821,1831893
Guinea-Bissau,GNB,SSA,WA_SSA,2017,GNB2017,1872,2314.15796,28.22319077,1.878172029,1877072
Guinea-Bissau,GNB,SSA,WA_SSA,2018,GNB2018,1852,2344.869271,27.86931252,1.634026387,1922168
Guinea-Bissau,GNB,SSA,WA_SSA,2019,GNB2019,1891,2418.104102,27.59366076,1.756384411,1967696
Guinea-Bissau,GNB,SSA,WA_SSA,2020,GNB2020,1804,2413.679078,28.4194116,1.805529346,2013255
Guinea-Bissau,GNB,SSA,WA_SSA,2021,GNB2021,1831,2483.850629,28.60191975,1.706555533,2058841
Guinea-Bissau,GNB,SSA,WA_SSA,2022,GNB2022,1855,2564.424072,27.87924333,2.355821621,2105529
Guyana,GUY,LA,SA_LA,1990,GUY1990,4818,5074.431099,26.06198678,3.047019239,749894
Guyana,GUY,LA,SA_LA,1991,GUY1991,5131,5396.463426,25.7518237,2.29543256,747861
Guyana,GUY,LA,SA_LA,1992,GUY1992,5522,5799.218361,25.27904964,1.763704755,749911
Guyana,GUY,LA,SA_LA,1993,GUY1993,5956,6247.866249,25.37953975,2.52146137,752965
Guyana,GUY,LA,SA_LA,1994,GUY1994,6444,6755.328669,25.58041411,2.269647147,755822
Guyana,GUY,LA,SA_LA,1995,GUY1995,6749,7071.2128,26.27092871,2.224315458,758388
Guyana,GUY,LA,SA_LA,1996,GUY1996,7268,7612.304243,25.96343933,2.596649043,760526
Guyana,GUY,LA,SA_LA,1997,GUY1997,7700,8064.567152,26.28573037,2.351925344,762245
Guyana,GUY,LA,SA_LA,1998,GUY1998,7556,7915.229562,26.75322479,2.459812396,763586
Guyana,GUY,LA,SA_LA,1999,GUY1999,7766,8139.970184,25.96351492,2.665628972,764483
Guyana,GUY,LA,SA_LA,2000,GUY2000,7650,8025.293265,26.01277804,2.944125939,764832
Guyana,GUY,LA,SA_LA,2001,GUY2001,7817,8212.043218,26.24936083,1.958235111,764477
Guyana,GUY,LA,SA_LA,2002,GUY2002,7900,8314.027275,26.02388213,2.355952154,763652
Guyana,GUY,LA,SA_LA,2003,GUY2003,7847,8267.429105,26.47824088,2.169523218,763101
Guyana,GUY,LA,SA_LA,2004,GUY2004,7971,8404.200163,26.16397354,2.371592496,762418
Guyana,GUY,LA,SA_LA,2005,GUY2005,7823,8256.525191,26.26211288,2.764578082,760914
Guyana,GUY,LA,SA_LA,2006,GUY2006,8239,8702.331335,26.26599405,2.711251566,758966
Guyana,GUY,LA,SA_LA,2007,GUY2007,8853,9354.080177,26.09028035,2.9127327,756861
Guyana,GUY,LA,SA_LA,2008,GUY2008,9037,9546.708759,25.95784883,2.958709379,754606
Guyana,GUY,LA,SA_LA,2009,GUY2009,9399,9924.526608,26.31638575,2.198041187,752094
Guyana,GUY,LA,SA_LA,2010,GUY2010,9832,10374.39476,26.5256527,2.641393067,749256
Guyana,GUY,LA,SA_LA,2011,GUY2011,10394,10958.85988,26.04046965,2.616751264,746153
Guyana,GUY,LA,SA_LA,2012,GUY2012,10946,11534.99856,25.86214877,2.371841238,746288
Guyana,GUY,LA,SA_LA,2013,GUY2013,11294,11896.90699,25.95369855,2.484816871,750021
Guyana,GUY,LA,SA_LA,2014,GUY2014,11428,12030.05293,26.15766856,1.813340377,754229
Guyana,GUY,LA,SA_LA,2015,GUY2015,11447,12040.08253,26.59336256,2.20429384,758781
Guyana,GUY,LA,SA_LA,2016,GUY2016,11819,12420.47247,26.4315903,2.288338566,763548
Guyana,GUY,LA,SA_LA,2017,GUY2017,12194,12801.64085,26.38160596,2.430093504,768479
Guyana,GUY,LA,SA_LA,2018,GUY2018,12374,12980.3576,26.12853493,2.288953167,791556
Guyana,GUY,LA,SA_LA,2019,GUY2019,12821,13402.42195,26.38183995,2.349378415,807665
Guyana,GUY,LA,SA_LA,2020,GUY2020,18431,19234.1302,26.47863419,2.772983484,807481
Guyana,GUY,LA,SA_LA,2021,GUY2021,21925,22865.9271,26.20167117,3.21138735,815482
Guyana,GUY,LA,SA_LA,2022,GUY2022,35635,37068.19938,26.14551731,3.169552375,821637
Haiti,HTI,LA,C_LA,1990,HTI1990,3613,3946.365646,24.45391655,1.42366487,6854441
Haiti,HTI,LA,C_LA,1991,HTI1991,3607,3939.535024,24.40586423,1.092280755,6995450
Haiti,HTI,LA,C_LA,1992,HTI1992,3350,3656.583171,24.54727867,1.155635778,7136571
Haiti,HTI,LA,C_LA,1993,HTI1993,3107,3390.881351,24.56183567,1.590396452,7278181
Haiti,HTI,LA,C_LA,1994,HTI1994,2685,2928.675137,24.77461062,1.240183221,7419771
Haiti,HTI,LA,C_LA,1995,HTI1995,2896,3157.783169,24.77281897,1.649004087,7562546
Haiti,HTI,LA,C_LA,1996,HTI1996,2960,3226.668788,24.41763559,1.46352352,7707557
Haiti,HTI,LA,C_LA,1997,HTI1997,2985,3252.026948,24.99175693,1.307223316,7854298
Haiti,HTI,LA,C_LA,1998,HTI1998,2995,3261.586664,25.16575122,1.737046576,8002143
Haiti,HTI,LA,C_LA,1999,HTI1999,3020,3288.685508,24.6489761,0.918869048,8151296
Haiti,HTI,LA,C_LA,2000,HTI2000,2992,3256.62947,24.55098882,1.455288637,8303151
Haiti,HTI,LA,C_LA,2001,HTI2001,2928,3186.833911,24.69143353,1.740142773,8455918
Haiti,HTI,LA,C_LA,2002,HTI2002,2908,3163.589952,24.85474778,1.361105252,8607641
Haiti,HTI,LA,C_LA,2003,HTI2003,2958,3216.801645,24.85029061,1.700880795,8759912
Haiti,HTI,LA,C_LA,2004,HTI2004,2870,3120.84411,24.60348502,1.301044451,8910263
Haiti,HTI,LA,C_LA,2005,HTI2005,2909,3163.113802,24.56883144,1.98778452,9061273
Haiti,HTI,LA,C_LA,2006,HTI2006,2912,3164.823729,24.59851142,1.415214139,9216562
Haiti,HTI,LA,C_LA,2007,HTI2007,2999,3258.366337,24.53747063,2.138244137,9373296
Haiti,HTI,LA,C_LA,2008,HTI2008,3029,3289.70539,24.23355279,1.438318615,9530774
Haiti,HTI,LA,C_LA,2009,HTI2009,3156,3426.389123,24.48228479,1.343556309,9689581
Haiti,HTI,LA,C_LA,2010,HTI2010,2944,3195.248207,24.46765986,1.658358554,9803294
Haiti,HTI,LA,C_LA,2011,HTI2011,3059,3320.346806,24.2341814,1.718965669,9914904
Haiti,HTI,LA,C_LA,2012,HTI2012,3027,3285.707546,24.58748142,1.540135009,10069771
Haiti,HTI,LA,C_LA,2013,HTI2013,3111,3376.63982,24.84448985,1.014537507,10222362
Haiti,HTI,LA,C_LA,2014,HTI2014,3155,3423.653177,25.03150155,1.540095372,10373235
Haiti,HTI,LA,C_LA,2015,HTI2015,3153,3422.097486,25.26994934,1.317521281,10523242
Haiti,HTI,LA,C_LA,2016,HTI2016,3165,3435.731224,25.09772324,2.138258286,10671457
Haiti,HTI,LA,C_LA,2017,HTI2017,3200,3474.346929,24.9546135,1.641245829,10817754
Haiti,HTI,LA,C_LA,2018,HTI2018,3209,3485.696875,24.85656942,1.307677728,10962362
Haiti,HTI,LA,C_LA,2019,HTI2019,3112,3381.584787,25.12509346,1.434086246,11105163
Haiti,HTI,LA,C_LA,2020,HTI2020,2970,3229.475544,25.20978497,1.320039856,11243848
Haiti,HTI,LA,C_LA,2021,HTI2021,2881,3134.950149,24.94381059,1.367077853,11374586
Haiti,HTI,LA,C_LA,2022,HTI2022,2799,3047.651793,24.87709105,1.35022387,11503606
Honduras,HND,LA,CA_LA,1990,HND1990,4174.961874,4427.040221,24.3103229,1.927344351,4980488
Honduras,HND,LA,CA_LA,1991,HND1991,3926.121507,4160.385967,24.41728612,1.677298515,5123792
Honduras,HND,LA,CA_LA,1992,HND1992,4033.120177,4289.476137,24.39710021,2.209785829,5271431
Honduras,HND,LA,CA_LA,1993,HND1993,4162.472231,4440.229157,24.35655705,2.032469703,5423249
Honduras,HND,LA,CA_LA,1994,HND1994,4043.452317,4325.228353,24.45345429,1.52434368,5579242
Honduras,HND,LA,CA_LA,1995,HND1995,4164.529188,4464.579807,24.57842367,1.960070031,5739637
Honduras,HND,LA,CA_LA,1996,HND1996,4084.269815,4421.520753,24.15956501,1.919281082,5903954
Honduras,HND,LA,CA_LA,1997,HND1997,4175.969271,4497.235698,24.65510277,1.864519876,6071454
Honduras,HND,LA,CA_LA,1998,HND1998,4192.369633,4536.911896,24.78557565,1.923542709,6234431
Honduras,HND,LA,CA_LA,1999,HND1999,4048.64355,4386.711522,24.06002921,1.784667476,6400463
Honduras,HND,LA,CA_LA,2000,HND2000,4215.186863,4579.689608,24.25603985,1.811858575,6577773
Honduras,HND,LA,CA_LA,2001,HND2001,4212.073321,4578.947879,24.59675083,1.822339814,6757993
Honduras,HND,LA,CA_LA,2002,HND2002,4255.785538,4627.022787,24.74267684,1.679642294,6938859
Honduras,HND,LA,CA_LA,2003,HND2003,4235.50666,4714.86701,24.84579143,1.702977047,7119213
Honduras,HND,LA,CA_LA,2004,HND2004,4387.990713,4885.342583,24.68271378,1.823598776,7298994
Honduras,HND,LA,CA_LA,2005,HND2005,4541.602612,5056.675444,24.65175456,1.800675842,7478355
Honduras,HND,LA,CA_LA,2006,HND2006,4725.147198,5263.150291,24.68603175,2.285834896,7656832
Honduras,HND,LA,CA_LA,2007,HND2007,4902.279194,5461.901519,24.65407485,1.675146891,7834798
Honduras,HND,LA,CA_LA,2008,HND2008,4996.082476,5566.706395,24.45992974,2.076520637,8012587
Honduras,HND,LA,CA_LA,2009,HND2009,4769.660501,5313.75574,24.79137178,1.700840491,8189899
Honduras,HND,LA,CA_LA,2010,HND2010,4844.513946,5396.072279,24.39949635,1.812322826,8365878
Honduras,HND,LA,CA_LA,2011,HND2011,4927.399027,5488.433716,24.57771474,1.914321355,8540583
Honduras,HND,LA,CA_LA,2012,HND2012,5028.900998,5600.607761,24.72004097,1.787602128,8715076
Honduras,HND,LA,CA_LA,2013,HND2013,5074.72559,5644.133848,24.72050031,1.944615812,8889278
Honduras,HND,LA,CA_LA,2014,HND2014,5131.015073,5705.162463,24.70061706,1.731980558,9063122
Honduras,HND,LA,CA_LA,2015,HND2015,5229.693295,5812.534888,25.08534911,1.743471778,9237305
Honduras,HND,LA,CA_LA,2016,HND2016,5316.786219,5926.490255,25.14439589,1.834659498,9412380
Honduras,HND,LA,CA_LA,2017,HND2017,5457.409073,6099.607349,24.93081793,1.958874482,9588137
Honduras,HND,LA,CA_LA,2018,HND2018,5551.398143,6219.279738,24.57427539,1.712431901,9765210
Honduras,HND,LA,CA_LA,2019,HND2019,5583.908885,6264.018843,24.9881,1.447963857,9943633
Honduras,HND,LA,CA_LA,2020,HND2020,4984.892464,5603.263984,25.17482216,1.890465577,10119640
Honduras,HND,LA,CA_LA,2021,HND2021,5522.370864,6202.980788,24.97790559,1.82002868,10289877
Honduras,HND,LA,CA_LA,2022,HND2022,5656.300331,6352.587102,24.70482727,1.967889419,10463872
"Hong Kong SAR, China",HKG,CEA,EA_CEA,1990,HKG1990,28798,31598.85261,23.26666689,1.81000001,5704500
"Hong Kong SAR, China",HKG,CEA,EA_CEA,1991,HKG1991,30188,33124.79635,23.06666692,1.787600034,5752000
"Hong Kong SAR, China",HKG,CEA,EA_CEA,1992,HKG1992,31802,34895.87519,22.26666721,2.557900066,5800500
"Hong Kong SAR, China",HKG,CEA,EA_CEA,1993,HKG1993,33199,36428.64709,22.62500032,2.498600089,5901000
"Hong Kong SAR, China",HKG,CEA,EA_CEA,1994,HKG1994,34419,37767.2954,23.06666724,2.247600063,6035400
"Hong Kong SAR, China",HKG,CEA,EA_CEA,1995,HKG1995,34546,37905.71551,22.39166705,2.055400018,6156100
"Hong Kong SAR, China",HKG,CEA,EA_CEA,1996,HKG1996,34453,37804.1456,22.50833337,1.947800021,6435500
"Hong Kong SAR, China",HKG,CEA,EA_CEA,1997,HKG1997,35910,39402.6535,22.83333389,2.843700032,6489300
"Hong Kong SAR, China",HKG,CEA,EA_CEA,1998,HKG1998,33516,36776.43097,23.64166697,2.18630006,6543700
"Hong Kong SAR, China",HKG,CEA,EA_CEA,1999,HKG1999,34030,37339.95161,23.24166679,2.003900037,6606500
"Hong Kong SAR, China",HKG,CEA,EA_CEA,2000,HKG2000,36316,39848.60848,23.10833383,2.364200024,6665000
"Hong Kong SAR, China",HKG,CEA,EA_CEA,2001,HKG2001,36252,39777.88103,23.20833365,2.661700092,6714300
"Hong Kong SAR, China",HKG,CEA,EA_CEA,2002,HKG2002,36690,40258.20609,23.52500025,2.255900055,6744100
"Hong Kong SAR, China",HKG,CEA,EA_CEA,2003,HKG2003,37886,41570.59623,23.46666686,1.844700042,6730800
"Hong Kong SAR, China",HKG,CEA,EA_CEA,2004,HKG2004,40862,44836.20476,23.02500033,1.605000008,6783500
"Hong Kong SAR, China",HKG,CEA,EA_CEA,2005,HKG2005,43689,47938.89317,22.9083337,2.45470002,6813200
"Hong Kong SAR, China",HKG,CEA,EA_CEA,2006,HKG2006,46462,50981.76107,23.33333397,2.475900058,6857100
"Hong Kong SAR, China",HKG,CEA,EA_CEA,2007,HKG2007,49043,53813.07354,23.35000046,1.730800046,6916300
"Hong Kong SAR, China",HKG,CEA,EA_CEA,2008,HKG2008,49788,54630.37358,22.70000045,2.114000048,6957800
"Hong Kong SAR, China",HKG,CEA,EA_CEA,2009,HKG2009,48459,53172.30396,23.22500038,1.795000056,6972800
"Hong Kong SAR, China",HKG,CEA,EA_CEA,2010,HKG2010,51360,56355.4039,22.94166692,2.210000017,7024200
"Hong Kong SAR, China",HKG,CEA,EA_CEA,2011,HKG2011,53472,58672.80689,22.50833352,1.53650001,7071600
"Hong Kong SAR, China",HKG,CEA,EA_CEA,2012,HKG2012,53784,59015.30339,22.85833375,1.73920001,7150100
"Hong Kong SAR, China",HKG,CEA,EA_CEA,2013,HKG2013,55230,60601.575,22.88333368,2.558000026,7178900
"Hong Kong SAR, China",HKG,CEA,EA_CEA,2014,HKG2014,56358,61839.7777,23.41666698,2.074100023,7229500
"Hong Kong SAR, China",HKG,CEA,EA_CEA,2015,HKG2015,57215,62779.71722,23.78333378,2.069800039,7291300
"Hong Kong SAR, China",HKG,CEA,EA_CEA,2016,HKG2016,58098,63749.38287,23.73333367,2.705600057,7336600
"Hong Kong SAR, China",HKG,CEA,EA_CEA,2017,HKG2017,59842,65662.80999,23.74166743,2.301300057,7393200
"Hong Kong SAR, China",HKG,CEA,EA_CEA,2018,HKG2018,61055,66993.93053,23.60833359,2.19670008,7452600
"Hong Kong SAR, China",HKG,CEA,EA_CEA,2019,HKG2019,59592,65388.33087,24.10833359,2.368300067,7507900
"Hong Kong SAR, China",HKG,CEA,EA_CEA,2020,HKG2020,55892,61328.53996,24.15833378,2.023200011,7481000
"Hong Kong SAR, China",HKG,CEA,EA_CEA,2021,HKG2021,60037,65884.93763,24.29166683,2.056900069,7413100
"Hong Kong SAR, China",HKG,CEA,EA_CEA,2022,HKG2022,58479,64036.66717,23.71666694,2.290000019,7346100
Hungary,HUN,E,EE_E,1990,HUN1990,19331.60614,21297.00064,11.32019804,0.515597316,10373988
Hungary,HUN,E,EE_E,1991,HUN1991,17042.03548,18765.41625,10.14383603,0.625188776,10373400
Hungary,HUN,E,EE_E,1992,HUN1992,16567.20176,18197.53055,11.40186575,0.507853605,10369341
Hungary,HUN,E,EE_E,1993,HUN1993,16531.60988,18113.33691,10.59440206,0.530497495,10357523
Hungary,HUN,E,EE_E,1994,HUN1994,17085.1342,18672.70724,12.02269291,0.554395009,10343355
Hungary,HUN,E,EE_E,1995,HUN1995,17407.87498,18977.2437,10.85963321,0.680000584,10328965
Hungary,HUN,E,EE_E,1996,HUN1996,17490.52245,19029.11373,9.921253435,0.635712005,10311238
Hungary,HUN,E,EE_E,1997,HUN1997,18117.10197,19635.29496,10.46446397,0.509243949,10290486
Hungary,HUN,E,EE_E,1998,HUN1998,18910.47002,20438.38296,10.96387718,0.683511418,10266570
Hungary,HUN,E,EE_E,1999,HUN1999,19591.50185,21128.88846,11.11787675,0.726542623,10237530
Hungary,HUN,E,EE_E,2000,HUN2000,20569.66237,22117.92043,12.1683962,0.444198109,10210971
Hungary,HUN,E,EE_E,2001,HUN2001,21347.98235,23069.21147,11.06467236,0.585458566,10187576
Hungary,HUN,E,EE_E,2002,HUN2002,22477.60957,24229.29536,11.91332623,0.588901072,10158608
Hungary,HUN,E,EE_E,2003,HUN2003,23355.08347,25255.87113,11.11020742,0.465725559,10129552
Hungary,HUN,E,EE_E,2004,HUN2004,24624.07115,26568.11886,10.85641512,0.674673873,10107146
Hungary,HUN,E,EE_E,2005,HUN2005,25762.95458,27765.78861,10.46997374,0.700146885,10087065
Hungary,HUN,E,EE_E,2006,HUN2006,26960.99524,28903.04754,11.13828245,0.586324483,10071370
Hungary,HUN,E,EE_E,2007,HUN2007,27035.72556,29044.0669,12.25642225,0.632784705,10055780
Hungary,HUN,E,EE_E,2008,HUN2008,27501.89562,29384.00704,12.08115499,0.612432617,10038188
Hungary,HUN,E,EE_E,2009,HUN2009,25825.20099,27445.95946,11.9342197,0.636529416,10022650
Hungary,HUN,E,EE_E,2010,HUN2010,26080.14125,27801.83382,10.91602525,0.880027116,10000023
Hungary,HUN,E,EE_E,2011,HUN2011,26627.6599,28415.11734,11.51082957,0.432388402,9971727
Hungary,HUN,E,EE_E,2012,HUN2012,26422.43207,28179.65646,11.90947836,0.520327537,9920362
Hungary,HUN,E,EE_E,2013,HUN2013,26858.78186,28891.02175,11.72856656,0.612003988,9872734
Hungary,HUN,E,EE_E,2014,HUN2014,28020.98766,30264.94923,12.59300146,0.73547001,9833038
Hungary,HUN,E,EE_E,2015,HUN2015,29024.2934,31485.56754,12.39655956,0.571378883,9797755
Hungary,HUN,E,EE_E,2016,HUN2016,29784.94809,32378.9675,11.8541654,0.739109359,9759755
Hungary,HUN,E,EE_E,2017,HUN2017,31176.36827,33828.71494,11.92574787,0.613494165,9726756
Hungary,HUN,E,EE_E,2018,HUN2018,32851.46383,35798.04128,12.76717159,0.59328057,9706964
Hungary,HUN,E,EE_E,2019,HUN2019,34495.39841,37662.67681,12.89336386,0.61621176,9694824
Hungary,HUN,E,EE_E,2020,HUN2020,32935.47874,36119.52117,12.3337042,0.633985072,9670419
Hungary,HUN,E,EE_E,2021,HUN2021,35368.17972,38887.19095,11.60179162,0.547187013,9630932
Hungary,HUN,E,EE_E,2022,HUN2022,37186.14375,40656.96868,12.65166057,0.497029928,9605074
Iceland,ISL,E,NE_E,1990,ISL1990,35318,40116.7557,1.115489397,1.1733116,254826
Iceland,ISL,E,NE_E,1991,ISL1991,34952,39565.78951,1.905432254,1.259710364,257797
Iceland,ISL,E,NE_E,1992,ISL1992,33271,37753.46609,1.174515116,1.339383616,261057
Iceland,ISL,E,NE_E,1993,ISL1993,33366,37862.38558,1.047647415,1.137049842,263725
Iceland,ISL,E,NE_E,1994,ISL1994,34221,38890.20566,0.94868443,1.163116503,266021
Iceland,ISL,E,NE_E,1995,ISL1995,33666,38724.90428,0.435412877,1.048733636,267468
Iceland,ISL,E,NE_E,1996,ISL1996,35014,40275.47786,1.578419544,1.055158662,268916
Iceland,ISL,E,NE_E,1997,ISL1997,36733,42252.46972,1.590560511,1.199643978,271128
Iceland,ISL,E,NE_E,1998,ISL1998,39017,44880.49567,0.950976588,1.107071761,274047
Iceland,ISL,E,NE_E,1999,ISL1999,40104,46130.18183,1.14802471,1.149878329,277381
Iceland,ISL,E,NE_E,2000,ISL2000,41531,47771.21278,1.457829644,1.034363993,281205
Iceland,ISL,E,NE_E,2001,ISL2001,42627,49032.37289,1.727226826,1.097315244,284968
Iceland,ISL,E,NE_E,2002,ISL2002,42485,48868.56677,1.956936494,1.289970088,287523
Iceland,ISL,E,NE_E,2003,ISL2003,43095,49571.19716,2.665948853,1.265983826,289521
Iceland,ISL,E,NE_E,2004,ISL2004,46052,52971.83365,2.310741517,1.274539472,292074
Iceland,ISL,E,NE_E,2005,ISL2005,48105,55333.22738,1.493201931,1.111347824,296734
Iceland,ISL,E,NE_E,2006,ISL2006,49957,57463.74954,2.113754301,1.265135811,303782
Iceland,ISL,E,NE_E,2007,ISL2007,52827,60765.2036,1.945889968,1.284363879,311566
Iceland,ISL,E,NE_E,2008,ISL2008,52999,60963.54128,1.705491463,1.084364374,317414
Iceland,ISL,E,NE_E,2009,ISL2009,48771,56099.64905,1.993144574,1.265823396,318499
Iceland,ISL,E,NE_E,2010,ISL2010,47458,54588.97093,2.108775441,0.979889799,318041
Iceland,ISL,E,NE_E,2011,ISL2011,48186,55426.99198,1.834327662,1.347026491,319014
Iceland,ISL,E,NE_E,2012,ISL2012,48440,55719.26096,1.896135694,1.137045843,320716
Iceland,ISL,E,NE_E,2013,ISL2013,50169,57707.42212,1.57724754,1.210926699,323764
Iceland,ISL,E,NE_E,2014,ISL2014,50451,58031.85868,2.695363311,1.300864515,327386
Iceland,ISL,E,NE_E,2015,ISL2015,52143,59978.33157,1.344189246,1.23348173,330815
Iceland,ISL,E,NE_E,2016,ISL2016,54666,62880.26272,2.493535328,1.299492384,335439
Iceland,ISL,E,NE_E,2017,ISL2017,55638,63999.16047,2.262212868,1.235252243,343400
Iceland,ISL,E,NE_E,2018,ISL2018,56817,65354.26157,1.947176466,1.420702758,352721
Iceland,ISL,E,NE_E,2019,ISL2019,56615,65122.75495,2.097851307,1.126542666,360563
Iceland,ISL,E,NE_E,2020,ISL2020,51684,59627.24234,1.766514044,1.21541796,366463
Iceland,ISL,E,NE_E,2021,ISL2021,53136,61610.21327,2.087038277,1.180051899,372520
Iceland,ISL,E,NE_E,2022,ISL2022,55567,65475.41129,1.890152197,1.283437052,382003
India,IND,SA,SA_SA,1990,IND1990,1801.400933,2203.147039,24.3786735,1.246746185,864972221
India,IND,SA,SA_SA,1991,IND1991,1786.521317,2178.685915,24.51514755,1.03499253,883927600
India,IND,SA,SA_SA,1992,IND1992,1849.531456,2249.697904,24.38018139,0.970717257,902957070
India,IND,SA,SA_SA,1993,IND1993,1902.073135,2307.607142,24.59920779,1.076608822,922118387
India,IND,SA,SA_SA,1994,IND1994,1992.272601,2411.462737,24.44483167,1.158868873,941163767
India,IND,SA,SA_SA,1995,IND1995,2104.868105,2542.422111,24.6033161,1.151481636,960301044
India,IND,SA,SA_SA,1996,IND1996,2224.313339,2680.278884,24.66952899,1.114233235,979678458
India,IND,SA,SA_SA,1997,IND1997,2274.374569,2734.520891,24.11199472,1.125161425,999133762
India,IND,SA,SA_SA,1998,IND1998,2374.138861,2847.96235,24.87203128,1.192380407,1018665080
India,IND,SA,SA_SA,1999,IND1999,2540.1058,3041.482586,24.76593354,1.06748882,1038225823
India,IND,SA,SA_SA,2000,IND2000,2592.002564,3099.502822,24.70257159,1.048645303,1057922733
India,IND,SA,SA_SA,2001,IND2001,2672.991713,3188.81024,24.81667372,1.029242148,1077898575
India,IND,SA,SA_SA,2002,IND2002,2727.946207,3250.695655,25.0787841,0.91276074,1097600380
India,IND,SA,SA_SA,2003,IND2003,2897.108559,3445.925924,24.82163102,1.06014472,1116803006
India,IND,SA,SA_SA,2004,IND2004,3075.5617,3656.126207,24.9173158,1.033383967,1135991513
India,IND,SA,SA_SA,2005,IND2005,3267.242647,3881.96618,24.64941512,1.118254019,1154676322
India,IND,SA,SA_SA,2006,IND2006,3487.524688,4129.77837,24.9212444,1.19252068,1172878890
India,IND,SA,SA_SA,2007,IND2007,3699.284094,4379.696044,24.95023193,1.13954538,1190676021
India,IND,SA,SA_SA,2008,IND2008,3760.716495,4450.390229,24.71102384,1.160250311,1207930964
India,IND,SA,SA_SA,2009,IND2009,4000.09965,4731.361605,25.45567116,1.002594493,1225524753
India,IND,SA,SA_SA,2010,IND2010,4286.053463,5059.282711,25.39260678,1.255879747,1243481564
India,IND,SA,SA_SA,2011,IND2011,4446.535937,5249.549257,24.76365783,1.148949212,1261224954
India,IND,SA,SA_SA,2012,IND2012,4628.668706,5460.437686,24.73074886,1.068200482,1278674502
India,IND,SA,SA_SA,2013,IND2013,4861.366804,5732.241891,24.59501791,1.256219365,1295829511
India,IND,SA,SA_SA,2014,IND2014,5160.08819,6079.843935,24.742429,1.068958262,1312277191
India,IND,SA,SA_SA,2015,IND2015,5506.081365,6488.146029,24.86990293,1.13010717,1328024498
India,IND,SA,SA_SA,2016,IND2016,5892.75951,6940.625889,25.25940761,1.122047051,1343944296
India,IND,SA,SA_SA,2017,IND2017,6218.661194,7326.606937,25.11643267,1.16390007,1359657400
India,IND,SA,SA_SA,2018,IND2018,6548.48805,7714.339747,24.99572895,1.019308311,1374659064
India,IND,SA,SA_SA,2019,IND2019,6735.552887,7930.09113,24.91671116,1.32415404,1389030312
India,IND,SA,SA_SA,2020,IND2020,6281.147068,7399.530681,24.76400635,1.247536515,1402617695
India,IND,SA,SA_SA,2021,IND2021,6798.325793,8050.018575,24.96028385,1.217081653,1414203896
India,IND,SA,SA_SA,2022,IND2022,7243.506782,8594.391905,25.0665574,1.300854714,1425423212
Indonesia,IDN,SEA,SEA_SEA,1990,IDN1990,5098.510384,4873.053801,25.79083407,2.59734339,183501098
Indonesia,IDN,SEA,SEA_SEA,1991,IDN1991,5369.894673,5118.467896,25.72604918,2.466453907,186778238
Indonesia,IDN,SEA,SEA_SEA,1992,IDN1992,5641.836689,5357.375898,25.73276474,2.668025764,190043744
Indonesia,IDN,SEA,SEA_SEA,1993,IDN1993,5929.188358,5609.151788,25.67935284,2.573292058,193305168
Indonesia,IDN,SEA,SEA_SEA,1994,IDN1994,6292.423276,5931.234734,25.71393584,2.53973881,196591828
Indonesia,IDN,SEA,SEA_SEA,1995,IDN1995,6720.495729,6312.934536,25.76151593,2.926394826,199888057
Indonesia,IDN,SEA,SEA_SEA,1996,IDN1996,7146.737558,6695.409758,25.76597995,2.830495175,203204348
Indonesia,IDN,SEA,SEA_SEA,1997,IDN1997,7380.742551,6897.002366,25.86563143,2.278085175,206536095
Indonesia,IDN,SEA,SEA_SEA,1998,IDN1998,6326.515098,5897.685309,26.1041644,2.87401278,209826788
Indonesia,IDN,SEA,SEA_SEA,1999,IDN1999,6295.426417,5855.658007,25.7108382,2.908728372,213004668
Indonesia,IDN,SEA,SEA_SEA,2000,IDN2000,6523.96622,6056.381978,25.78438733,2.925503723,216077790
Indonesia,IDN,SEA,SEA_SEA,2001,IDN2001,6651.365005,6190.51954,25.84531499,2.863156933,219097902
Indonesia,IDN,SEA,SEA_SEA,2002,IDN2002,6840.61917,6381.949552,25.98028203,2.590777994,222088495
Indonesia,IDN,SEA,SEA_SEA,2003,IDN2003,7056.938245,6599.091936,25.84235599,2.88645743,225048008
Indonesia,IDN,SEA,SEA_SEA,2004,IDN2004,7302.574515,6843.54655,25.84760947,2.633981245,227926649
Indonesia,IDN,SEA,SEA_SEA,2005,IDN2005,7606.196554,7140.854564,25.86790248,2.732186098,230871650
Indonesia,IDN,SEA,SEA_SEA,2006,IDN2006,7885.022308,7434.487854,25.75559617,2.65903666,233951652
Indonesia,IDN,SEA,SEA_SEA,2007,IDN2007,8269.841817,7802.464069,25.76956435,2.856354256,237062337
Indonesia,IDN,SEA,SEA_SEA,2008,IDN2008,8676.494099,8165.061551,25.63591537,3.002966374,240157903
Indonesia,IDN,SEA,SEA_SEA,2009,IDN2009,8982.332852,8435.455747,25.90179515,2.765067622,243220028
Indonesia,IDN,SEA,SEA_SEA,2010,IDN2010,9316.436307,8848.224737,26.01214241,3.277126553,246305322
Indonesia,IDN,SEA,SEA_SEA,2011,IDN2011,9775.300864,9274.969552,25.80118047,2.901984445,249470032
Indonesia,IDN,SEA,SEA_SEA,2012,IDN2012,10231.34536,9708.611825,25.90846722,2.850291081,252698525
Indonesia,IDN,SEA,SEA_SEA,2013,IDN2013,10684.09261,10121.81415,25.97709199,2.896736077,255852467
Indonesia,IDN,SEA,SEA_SEA,2014,IDN2014,11118.51477,10504.38694,25.95794311,2.605056088,258877399
Indonesia,IDN,SEA,SEA_SEA,2015,IDN2015,11526.15347,10893.66211,26.04109592,2.48139081,261799249
Indonesia,IDN,SEA,SEA_SEA,2016,IDN2016,11956.34268,11319.66343,26.15539239,2.937369504,264627418
Indonesia,IDN,SEA,SEA_SEA,2017,IDN2017,12426.47465,11772.57433,25.96297464,3.015817647,267346658
Indonesia,IDN,SEA,SEA_SEA,2018,IDN2018,12929.2891,12262.23103,25.97063194,2.816696102,269951846
Indonesia,IDN,SEA,SEA_SEA,2019,IDN2019,13457.68486,12757.78509,26.12608377,2.506173497,272489381
Indonesia,IDN,SEA,SEA_SEA,2020,IDN2020,13073.80065,12388.54493,26.12065627,2.98582355,274814866
Indonesia,IDN,SEA,SEA_SEA,2021,IDN2021,13434.91517,12757.07464,25.92902643,3.067437146,276758053
Indonesia,IDN,SEA,SEA_SEA,2022,IDN2022,14028.62402,13334.26539,25.87371018,3.152876856,278830529
"Iran, Islamic Rep.",IRN,SA,SA_SA,1990,IRN1990,9254.786908,9046.584845,17.90234041,0.176868208,58380092
"Iran, Islamic Rep.",IRN,SA,SA_SA,1991,IRN1991,10079.95907,9923.821238,17.57403423,0.264198135,59986931
"Iran, Islamic Rep.",IRN,SA,SA_SA,1992,IRN1992,10212.90229,10050.38201,16.58733561,0.278824623,61184983
"Iran, Islamic Rep.",IRN,SA,SA_SA,1993,IRN1993,10039.24629,9867.292598,17.27240755,0.265995143,61403543
"Iran, Islamic Rep.",IRN,SA,SA_SA,1994,IRN1994,9869.805997,9681.262123,17.82289954,0.228710199,61520598
"Iran, Islamic Rep.",IRN,SA,SA_SA,1995,IRN1995,10010.5967,9804.549895,17.86730151,0.213530646,62205567
"Iran, Islamic Rep.",IRN,SA,SA_SA,1996,IRN1996,10549.3482,10315.13805,17.67889355,0.266975742,62881300
"Iran, Islamic Rep.",IRN,SA,SA_SA,1997,IRN1997,10581.8039,10329.85724,17.90050907,0.23285129,63639638
"Iran, Islamic Rep.",IRN,SA,SA_SA,1998,IRN1998,10675.10394,10400.86171,18.58440519,0.221603917,64519859
"Iran, Islamic Rep.",IRN,SA,SA_SA,1999,IRN1999,10757.09875,10459.12411,18.7147426,0.206927671,65445391
"Iran, Islamic Rep.",IRN,SA,SA_SA,2000,IRN2000,11240.07452,10908.29293,18.38720693,0.193234319,66418659
"Iran, Islamic Rep.",IRN,SA,SA_SA,2001,IRN2001,11364.92839,10998.12851,18.97121498,0.162384339,67452005
"Iran, Islamic Rep.",IRN,SA,SA_SA,2002,IRN2002,12164.07026,11788.89502,18.63790715,0.204394475,68011317
"Iran, Islamic Rep.",IRN,SA,SA_SA,2003,IRN2003,12998.00031,12666.20116,18.33499991,0.232147861,68769340
"Iran, Islamic Rep.",IRN,SA,SA_SA,2004,IRN2004,13348.44354,12935.78591,18.64436313,0.255837497,70256316
"Iran, Islamic Rep.",IRN,SA,SA_SA,2005,IRN2005,13545.3458,13056.24994,18.33316505,0.20799098,71828455
"Iran, Islamic Rep.",IRN,SA,SA_SA,2006,IRN2006,14017.55924,13416.84151,18.66267327,0.231734304,73392747
"Iran, Islamic Rep.",IRN,SA,SA_SA,2007,IRN2007,15029.57463,14275.7488,18.29021253,0.204011728,74602648
"Iran, Islamic Rep.",IRN,SA,SA_SA,2008,IRN2008,14940.6915,14138.80105,18.40525965,0.142039672,75514204
"Iran, Islamic Rep.",IRN,SA,SA_SA,2009,IRN2009,14866.26072,14104.9783,18.56977139,0.236626171,76457825
"Iran, Islamic Rep.",IRN,SA,SA_SA,2010,IRN2010,15473.56029,14737.15585,19.4817872,0.145906562,77420842
"Iran, Islamic Rep.",IRN,SA,SA_SA,2011,IRN2011,15687.42579,14941.25949,18.25631032,0.220011274,78383598
"Iran, Islamic Rep.",IRN,SA,SA_SA,2012,IRN2012,14899.18184,14202.55076,18.22237067,0.218108886,79370580
"Iran, Islamic Rep.",IRN,SA,SA_SA,2013,IRN2013,14378.86652,13804.7913,18.81749252,0.199051703,80414686
"Iran, Islamic Rep.",IRN,SA,SA_SA,2014,IRN2014,14741.33631,14299.57177,18.40757806,0.201573515,81502045
"Iran, Islamic Rep.",IRN,SA,SA_SA,2015,IRN2015,14248.10827,13905.19212,18.8857991,0.202604773,82619362
"Iran, Islamic Rep.",IRN,SA,SA_SA,2016,IRN2016,15278.44928,14915.59412,19.04545667,0.185700245,83812228
"Iran, Islamic Rep.",IRN,SA,SA_SA,2017,IRN2017,15483.19256,15108.10941,18.79105557,0.192816196,85026754
"Iran, Islamic Rep.",IRN,SA,SA_SA,2018,IRN2018,14992.55259,14642.49757,19.31439484,0.221406758,86117998
"Iran, Islamic Rep.",IRN,SA,SA_SA,2019,IRN2019,14365.16721,14040.66465,18.77329853,0.277146475,87051648
"Iran, Islamic Rep.",IRN,SA,SA_SA,2020,IRN2020,14712.36169,14397.15357,18.40735705,0.263202284,87723443
"Iran, Islamic Rep.",IRN,SA,SA_SA,2021,IRN2021,15286.21019,14951.89487,19.56330951,0.127915251,88455488
"Iran, Islamic Rep.",IRN,SA,SA_SA,2022,IRN2022,15741.5074,15331.33294,19.28650965,0.172759979,89524246
Iraq,IRQ,MENA,WA_ME,1990,IRQ1990,2449,10735.09411,22.2681807,0.156262352,17581206
Iraq,IRQ,MENA,WA_ME,1991,IRQ1991,2650,3819.161948,22.2358125,0.214119918,17767253
Iraq,IRQ,MENA,WA_ME,1992,IRQ1992,3411,4916.264403,20.93263153,0.221895719,18300845
Iraq,IRQ,MENA,WA_ME,1993,IRQ1993,4234,6105.041663,21.85248905,0.240339928,19201195
Iraq,IRQ,MENA,WA_ME,1994,IRQ1994,4191,6044.871048,22.792845,0.234653329,20139807
Iraq,IRQ,MENA,WA_ME,1995,IRQ1995,4136,5969.669641,22.44615236,0.154887792,20825860
Iraq,IRQ,MENA,WA_ME,1996,IRQ1996,4446,6419.369819,22.87218822,0.236349375,21501321
Iraq,IRQ,MENA,WA_ME,1997,IRQ1997,5223,7545.729761,22.09512169,0.199500651,22176593
Iraq,IRQ,MENA,WA_ME,1998,IRQ1998,6823,9871.73398,23.31384361,0.169272601,22884399
Iraq,IRQ,MENA,WA_ME,1999,IRQ1999,7764,11237.85374,23.32869315,0.167117873,23636527
Iraq,IRQ,MENA,WA_ME,2000,IRQ2000,8780,12702.1642,22.84072422,0.176399547,24424056
Iraq,IRQ,MENA,WA_ME,2001,IRQ2001,8654,12529.60841,23.44005906,0.185907747,25197840
Iraq,IRQ,MENA,WA_ME,2002,IRQ2002,7694,11144.05053,22.80537039,0.209759366,26006559
Iraq,IRQ,MENA,WA_ME,2003,IRQ2003,4727,6849.332008,22.97694954,0.21325415,26802659
Iraq,IRQ,MENA,WA_ME,2004,IRQ2004,7045,10210.5631,22.86909848,0.199362889,27577878
Iraq,IRQ,MENA,WA_ME,2005,IRQ2005,6953,10078.44376,22.82622299,0.179097924,28407448
Iraq,IRQ,MENA,WA_ME,2006,IRQ2006,7293,10568.91377,22.94862415,0.22106369,28616515
Iraq,IRQ,MENA,WA_ME,2007,IRQ2007,7494,10853.8161,22.89614527,0.171002252,28391607
Iraq,IRQ,MENA,WA_ME,2008,IRQ2008,7956,11511.93876,23.08612124,0.133146323,28971036
Iraq,IRQ,MENA,WA_ME,2009,IRQ2009,7934,11470.51781,23.04651072,0.17644242,30058206
Iraq,IRQ,MENA,WA_ME,2010,IRQ2010,8178,11816.84102,24.43169397,0.155359362,31045366
Iraq,IRQ,MENA,WA_ME,2011,IRQ2011,8493,12267.58489,22.58641433,0.176148794,32161424
Iraq,IRQ,MENA,WA_ME,2012,IRQ2012,9252,13357.01439,23.20167075,0.174560225,33654842
Iraq,IRQ,MENA,WA_ME,2013,IRQ2013,9504,13712.93171,22.89050851,0.198870329,35281989
Iraq,IRQ,MENA,WA_ME,2014,IRQ2014,9195,13536.82277,23.30729227,0.174934655,36550059
Iraq,IRQ,MENA,WA_ME,2015,IRQ2015,9371,13516.0272,23.52482687,0.16732177,37560535
Iraq,IRQ,MENA,WA_ME,2016,IRQ2016,10404,15016.09206,23.36446165,0.213706369,38469627
Iraq,IRQ,MENA,WA_ME,2017,IRQ2017,9977,14417.63069,23.35802684,0.168290407,39337353
Iraq,IRQ,MENA,WA_ME,2018,IRQ2018,9995,14456.23571,24.17137361,0.239729294,40265624
Iraq,IRQ,MENA,WA_ME,2019,IRQ2019,10299,14910.22503,23.48149045,0.215749176,41192171
Iraq,IRQ,MENA,WA_ME,2020,IRQ2020,8848,12827.63454,23.44236137,0.212583038,42116605
Iraq,IRQ,MENA,WA_ME,2021,IRQ2021,8787,12731.75358,24.24007959,0.148080903,43071211
Iraq,IRQ,MENA,WA_ME,2022,IRQ2022,9199,13433.39772,23.83892295,0.160560635,44070551
Ireland,IRL,E,NE_E,1990,IRL1990,26880.09252,29593.92265,10.04454276,1.202389536,3513974
Ireland,IRL,E,NE_E,1991,IRL1991,27245.45703,29992.04928,9.381852785,1.080753151,3534235
Ireland,IRL,E,NE_E,1992,IRL1992,27853.72212,30784.02191,9.435973492,1.143089032,3558430
Ireland,IRL,E,NE_E,1993,IRL1993,28455.80131,31455.29541,9.169412344,1.238317348,3576261
Ireland,IRL,E,NE_E,1994,IRL1994,30035.31775,33134.93585,9.550936718,1.316106541,3590386
Ireland,IRL,E,NE_E,1995,IRL1995,32757.46117,36141.52415,10.09026711,1.163661474,3608841
Ireland,IRL,E,NE_E,1996,IRL1996,34952.93547,38502.7625,9.118654291,1.147862703,3637510
Ireland,IRL,E,NE_E,1997,IRL1997,38364.93347,42319.91979,10.24095773,1.15276439,3674171
Ireland,IRL,E,NE_E,1998,IRL1998,41192.13505,45552.1072,10.02188128,1.322567874,3712696
Ireland,IRL,E,NE_E,1999,IRL1999,45156.17621,49784.29814,10.07080654,1.270971498,3754786
Ireland,IRL,E,NE_E,2000,IRL2000,49160.97524,53744.5427,9.720027928,1.29425892,3805174
Ireland,IRL,E,NE_E,2001,IRL2001,50791.45254,55702.17167,9.579014038,0.976049259,3866243
Ireland,IRL,E,NE_E,2002,IRL2002,52503.01854,58002.53581,9.992565344,1.457074049,3931947
Ireland,IRL,E,NE_E,2003,IRL2003,53439.8755,58785.21412,10.06627163,1.003887247,3996521
Ireland,IRL,E,NE_E,2004,IRL2004,56442.5262,61638.32896,9.985231224,1.124842969,4070262
Ireland,IRL,E,NE_E,2005,IRL2005,58577.22555,63771.59551,10.02394832,1.102743614,4159914
Ireland,IRL,E,NE_E,2006,IRL2006,59785.87744,65171.50361,10.17381239,1.216958534,4273591
Ireland,IRL,E,NE_E,2007,IRL2007,61214.08759,66676.46326,10.29166095,1.10763874,4398942
Ireland,IRL,E,NE_E,2008,IRL2008,57494.32339,62401.4052,9.669955361,1.363483291,4489544
Ireland,IRL,E,NE_E,2009,IRL2009,54086.37126,58623.11831,9.699007137,1.381797359,4535375
Ireland,IRL,E,NE_E,2010,IRL2010,54801.25437,59285.80833,8.715877179,1.058377621,4560155
Ireland,IRL,E,NE_E,2011,IRL2011,54889.08249,60001.07784,9.834076358,1.180637012,4580084
Ireland,IRL,E,NE_E,2012,IRL2012,54678.67833,59508.99655,9.500279401,1.223787511,4599533
Ireland,IRL,E,NE_E,2013,IRL2013,55359.65041,60494.16275,9.508120313,1.132811995,4623816
Ireland,IRL,E,NE_E,2014,IRL2014,59887.28688,65660.18276,10.19155545,1.365020329,4657740
Ireland,IRL,E,NE_E,2015,IRL2015,73317.6278,81053.35278,9.494544368,1.380210604,4701957
Ireland,IRL,E,NE_E,2016,IRL2016,73625.79634,80997.58278,9.802023931,1.134231539,4762722
Ireland,IRL,E,NE_E,2017,IRL2017,79200.84831,87942.44526,10.05270862,1.184571151,4827445
Ireland,IRL,E,NE_E,2018,IRL2018,84472.30304,93214.33538,9.765159976,1.214745679,4898022
Ireland,IRL,E,NE_E,2019,IRL2019,87822.26245,96369.64458,9.942937867,1.297311133,4976456
Ireland,IRL,E,NE_E,2020,IRL2020,92831.70888,101970.8126,9.894776459,1.362212728,5039747
Ireland,IRL,E,NE_E,2021,IRL2021,105878.4991,116903.6124,9.963906726,1.154607591,5110585
Ireland,IRL,E,NE_E,2022,IRL2022,113763.1032,124489.3785,10.44308355,1.158843543,5212836
Israel,ISR,MENA,WA_ME,1990,ISR1990,23494,25335.27222,19.24041471,0.19940093,4660000
Israel,ISR,MENA,WA_ME,1991,ISR1991,23144,25698.9297,19.18684294,0.378765696,4949000
Israel,ISR,MENA,WA_ME,1992,ISR1992,23942,26752.40063,18.1907953,0.369072146,5123000
Israel,ISR,MENA,WA_ME,1993,ISR1993,24205,27123.10739,19.09452508,0.199148574,5261000
Israel,ISR,MENA,WA_ME,1994,ISR1994,25251,28393.00002,19.6843536,0.383513046,5399000
Israel,ISR,MENA,WA_ME,1995,ISR1995,26891,29470.81726,19.31937217,0.153485271,5545000
Israel,ISR,MENA,WA_ME,1996,ISR1996,27750,30386.19816,19.80464307,0.214137933,5692000
Israel,ISR,MENA,WA_ME,1997,ISR1997,28091,30707.00654,19.04568552,0.286248795,5836000
Israel,ISR,MENA,WA_ME,1998,ISR1998,28586,31246.85647,20.17755802,0.179463005,5971000
Israel,ISR,MENA,WA_ME,1999,ISR1999,28795,31465.61292,20.03362716,0.128777454,6125000
Israel,ISR,MENA,WA_ME,2000,ISR2000,30476,33275.06317,19.46098042,0.254580825,6289000
Israel,ISR,MENA,WA_ME,2001,ISR2001,29866,32590.22862,20.12735715,0.205761711,6439000
Israel,ISR,MENA,WA_ME,2002,ISR2002,29237,31897.58488,20.05440854,0.286780211,6570000
Israel,ISR,MENA,WA_ME,2003,ISR2003,29114,31780.77961,19.98868793,0.286990126,6689700
Israel,ISR,MENA,WA_ME,2004,ISR2004,29972,32675.20806,19.81973945,0.217838139,6809000
Israel,ISR,MENA,WA_ME,2005,ISR2005,30666,33512.89092,19.66598328,0.187062827,6930100
Israel,ISR,MENA,WA_ME,2006,ISR2006,31811,34770.02628,19.5942376,0.199756044,7053700
Israel,ISR,MENA,WA_ME,2007,ISR2007,33136,36317.85251,19.84030325,0.184273885,7180100
Israel,ISR,MENA,WA_ME,2008,ISR2008,33611,36827.92492,20.10273347,0.167012241,7308800
Israel,ISR,MENA,WA_ME,2009,ISR2009,33107,36403.16264,19.99044951,0.177332955,7485600
Israel,ISR,MENA,WA_ME,2010,ISR2010,34350,37722.40999,21.50967722,0.220136919,7623600
Israel,ISR,MENA,WA_ME,2011,ISR2011,35597,39075.37538,19.55244323,0.21328168,7765800
Israel,ISR,MENA,WA_ME,2012,ISR2012,35850,39299.35155,20.2986434,0.25127495,7910500
Israel,ISR,MENA,WA_ME,2013,ISR2013,36741,40148.77745,20.06742782,0.268489167,8059500
Israel,ISR,MENA,WA_ME,2014,ISR2014,37455,40872.58084,20.29739801,0.227947445,8215700
Israel,ISR,MENA,WA_ME,2015,ISR2015,37633,40967.37076,20.17044489,0.243027042,8380100
Israel,ISR,MENA,WA_ME,2016,ISR2016,38571,41963.6758,20.54645372,0.214692908,8546000
Israel,ISR,MENA,WA_ME,2017,ISR2017,39448,42947.05867,20.12991267,0.110501381,8713300
Israel,ISR,MENA,WA_ME,2018,ISR2018,40270,43814.295,20.87357721,0.283066927,8882800
Israel,ISR,MENA,WA_ME,2019,ISR2019,41151,44580.80788,20.2221985,0.248409838,9054000
Israel,ISR,MENA,WA_ME,2020,ISR2020,39681,42915.94169,20.31736739,0.325018024,9215100
Israel,ISR,MENA,WA_ME,2021,ISR2021,42379,46162.08227,20.61152735,0.220509373,9371400
Israel,ISR,MENA,WA_ME,2022,ISR2022,44393,48098.18724,20.01392194,0.308238888,9557500
Italy,ITA,E,SE_E,1990,ITA1990,36838.35707,42656.74451,12.84052657,0.803326189,56719240
Italy,ITA,E,SE_E,1991,ITA1991,37375.77214,43283.02044,12.00404189,0.803974223,56758521
Italy,ITA,E,SE_E,1992,ITA1992,37658.30111,43614.48509,12.69496552,0.837401713,56797087
Italy,ITA,E,SE_E,1993,ITA1993,37310.7724,43216.10964,12.40011557,0.790837995,56831821
Italy,ITA,E,SE_E,1994,ITA1994,38101.77786,44136.70591,13.44253248,0.791932871,56843400
Italy,ITA,E,SE_E,1995,ITA1995,39197.43896,45410.13917,12.42900846,0.85125092,56844303
Italy,ITA,E,SE_E,1996,ITA1996,39677.82096,46008.23893,11.96848318,1.048149767,56860281
Italy,ITA,E,SE_E,1997,ITA1997,40377.62664,46869.42561,12.92282632,0.76234447,56890372
Italy,ITA,E,SE_E,1998,ITA1998,41091.64005,47701.39742,12.70886416,0.782020791,56906744
Italy,ITA,E,SE_E,1999,ITA1999,41747.32278,48493.66512,12.89663271,0.846701258,56916317
Italy,ITA,E,SE_E,2000,ITA2000,43303.1973,50353.42004,13.26494788,0.815904379,56942108
Italy,ITA,E,SE_E,2001,ITA2001,44101.34791,51332.29044,12.91384493,0.778227033,56976981
Italy,ITA,E,SE_E,2002,ITA2002,44093.22212,51369.11491,13.23504085,0.963606429,57089824
Italy,ITA,E,SE_E,2003,ITA2003,43934.91971,51126.25855,13.21990574,0.723203024,57399184
Italy,ITA,E,SE_E,2004,ITA2004,44239.46242,51495.00288,12.68375514,0.856863824,57828179
Italy,ITA,E,SE_E,2005,ITA2005,44389.52322,51585.64458,12.32188627,0.834832016,58166682
Italy,ITA,E,SE_E,2006,ITA2006,44906.55809,52304.24029,13.05840605,0.715102718,58399861
Italy,ITA,E,SE_E,2007,ITA2007,45344.85289,52747.19055,13.2284943,0.74742646,58756247
Italy,ITA,E,SE_E,2008,ITA2008,44864.87181,51806.39062,13.07576012,0.919992079,59211181
Italy,ITA,E,SE_E,2009,ITA2009,42279.412,48774.39168,13.1247819,0.879402983,59555454
Italy,ITA,E,SE_E,2010,ITA2010,42937.32457,49301.69591,12.44042365,0.961122007,59819407
Italy,ITA,E,SE_E,2011,ITA2011,43048.72834,49473.01492,13.42383867,0.727468628,60026841
Italy,ITA,E,SE_E,2012,ITA2012,41627.3433,47795.95794,13.21539359,0.761338337,60191247
Italy,ITA,E,SE_E,2013,ITA2013,40363.0314,46833.36153,12.86293704,0.860820436,60311613
Italy,ITA,E,SE_E,2014,ITA2014,39979.40011,46825.65112,13.75512449,0.931555303,60320707
Italy,ITA,E,SE_E,2015,ITA2015,40328.6356,47311.82553,13.63964567,0.724098535,60229605
Italy,ITA,E,SE_E,2016,ITA2016,40903.52543,47987.83796,13.39659887,0.787442864,60115223
Italy,ITA,E,SE_E,2017,ITA2017,41571.01803,48849.21835,13.28509618,0.696137261,60002252
Italy,ITA,E,SE_E,2018,ITA2018,41959.31851,49133.14353,13.93231066,0.74706734,60148658
Italy,ITA,E,SE_E,2019,ITA2019,42646.54847,49690.62985,13.74436382,0.900436619,59729081
Italy,ITA,E,SE_E,2020,ITA2020,38910.76746,45505.06887,13.79008095,0.780750856,59438851
Italy,ITA,E,SE_E,2021,ITA2021,42332.33052,49825.39341,13.2241872,0.7465378,59133173
Italy,ITA,E,SE_E,2022,ITA2022,44019.95535,52333.32743,14.21862441,0.610282502,59013667
Jamaica,JAM,LA,C_LA,1990,JAM1990,8693,8742.165149,25.92381443,1.712580364,2379877
Jamaica,JAM,LA,C_LA,1991,JAM1991,9038,9084.996633,25.9421055,1.633395825,2400869
Jamaica,JAM,LA,C_LA,1992,JAM1992,9129,9171.616417,25.99387291,1.367652841,2424701
Jamaica,JAM,LA,C_LA,1993,JAM1993,9889,9932.031557,26.03384601,2.376015399,2449916
Jamaica,JAM,LA,C_LA,1994,JAM1994,9925,9966.491191,26.29384971,1.553904945,2475220
Jamaica,JAM,LA,C_LA,1995,JAM1995,10056,10098.98014,26.18051912,2.097357092,2500151
Jamaica,JAM,LA,C_LA,1996,JAM1996,9951,9990.346199,25.67050623,2.132676701,2524463
Jamaica,JAM,LA,C_LA,1997,JAM1997,9753,9785.761316,26.35553303,1.449241774,2547848
Jamaica,JAM,LA,C_LA,1998,JAM1998,9445,9475.902095,26.61391261,1.975126973,2569736
Jamaica,JAM,LA,C_LA,1999,JAM1999,9472,9501.01505,26.05220147,2.0402817,2589795
Jamaica,JAM,LA,C_LA,2000,JAM2000,9497,9518.231763,26.00218301,1.595164303,2607826
Jamaica,JAM,LA,C_LA,2001,JAM2001,9576,9585.31492,26.1772291,1.827715503,2624403
Jamaica,JAM,LA,C_LA,2002,JAM2002,9720,9716.895557,26.41386637,1.653500302,2640572
Jamaica,JAM,LA,C_LA,2003,JAM2003,10027,10012.28705,26.40723103,2.224550446,2656623
Jamaica,JAM,LA,C_LA,2004,JAM2004,10111,10085.59085,26.20552835,1.561339891,2672225
Jamaica,JAM,LA,C_LA,2005,JAM2005,10152,10119.53379,26.18717748,2.810120106,2687066
Jamaica,JAM,LA,C_LA,2006,JAM2006,10397,10359.31605,26.3705986,1.466281473,2700968
Jamaica,JAM,LA,C_LA,2007,JAM2007,10500,10457.97203,26.09385426,2.898372648,2713800
Jamaica,JAM,LA,C_LA,2008,JAM2008,10376,10328.0398,25.70378876,2.014300729,2725635
Jamaica,JAM,LA,C_LA,2009,JAM2009,9885,9838.251078,25.91879891,1.323905114,2736995
Jamaica,JAM,LA,C_LA,2010,JAM2010,9700,9654.072384,25.71047016,3.28320121,2748568
Jamaica,JAM,LA,C_LA,2011,JAM2011,9824,9778.694536,25.66877118,2.434121163,2760494
Jamaica,JAM,LA,C_LA,2012,JAM2012,9715,9676.847571,25.9388664,2.056692759,2772430
Jamaica,JAM,LA,C_LA,2013,JAM2013,9719,9687.608304,26.33892633,1.751333069,2783687
Jamaica,JAM,LA,C_LA,2014,JAM2014,9746,9719.303899,26.47719682,1.618596924,2793749
Jamaica,JAM,LA,C_LA,2015,JAM2015,9801,9778.118542,26.75050354,1.164877331,2802534
Jamaica,JAM,LA,C_LA,2016,JAM2016,9906,9886.551393,26.59220239,1.563382631,2809915
Jamaica,JAM,LA,C_LA,2017,JAM2017,9985,9964.391023,26.43716825,2.825415566,2815764
Jamaica,JAM,LA,C_LA,2018,JAM2018,10161,10137.11105,26.42052469,1.523392044,2820097
Jamaica,JAM,LA,C_LA,2019,JAM2019,10244,10216.06554,26.56882663,1.590979581,2823271
Jamaica,JAM,LA,C_LA,2020,JAM2020,9206,9178.320778,26.6455061,2.400099698,2830739
Jamaica,JAM,LA,C_LA,2021,JAM2021,9605,9577.164211,26.38385973,1.977291929,2837682
Jamaica,JAM,LA,C_LA,2022,JAM2022,10108,10072.04853,26.36381547,1.546015486,2839144
Japan,JPN,CEA,EA_CEA,1990,JPN1990,31877.99389,35272.41898,12.39691338,1.767504285,123478000
Japan,JPN,CEA,EA_CEA,1991,JPN1991,32915.05799,36372.03475,11.75650207,1.785076329,123964000
Japan,JPN,CEA,EA_CEA,1992,JPN1992,33136.31712,36563.62264,11.49708069,1.534296393,124425000
Japan,JPN,CEA,EA_CEA,1993,JPN1993,32878.93306,36277.92318,10.99916022,1.933565698,124829000
Japan,JPN,CEA,EA_CEA,1994,JPN1994,33194.9609,36568.71239,12.21233365,1.214994817,125178000
Japan,JPN,CEA,EA_CEA,1995,JPN1995,33916.88999,37442.89461,11.44508514,1.504261556,125472000
Japan,JPN,CEA,EA_CEA,1996,JPN1996,34936.85539,38528.79144,11.10653126,1.39346191,125757000
Japan,JPN,CEA,EA_CEA,1997,JPN1997,35200.18728,38814.25355,11.73338009,1.622025855,126057000
Japan,JPN,CEA,EA_CEA,1998,JPN1998,34693.82541,38217.19559,12.3476413,1.933470625,126400000
Japan,JPN,CEA,EA_CEA,1999,JPN1999,34516.09488,38020.094,12.0753343,1.736936916,126631000
Japan,JPN,CEA,EA_CEA,2000,JPN2000,35547.85308,39005.91363,11.91554376,1.546587121,126843000
Japan,JPN,CEA,EA_CEA,2001,JPN2001,35554.94648,39062.28174,11.59620889,1.565622248,127149000
Japan,JPN,CEA,EA_CEA,2002,JPN2002,35490.23863,38987.91027,11.88521158,1.576800377,127445000
Japan,JPN,CEA,EA_CEA,2003,JPN2003,35941.33042,39501.80678,11.58338569,1.730895221,127718000
Japan,JPN,CEA,EA_CEA,2004,JPN2004,36531.20027,40351.77637,12.50639373,1.691866297,127761000
Japan,JPN,CEA,EA_CEA,2005,JPN2005,37179.88077,41075.82436,11.58968709,1.398449847,127773000
Japan,JPN,CEA,EA_CEA,2006,JPN2006,37631.63349,41613.14838,11.7970239,1.807949147,127854000
Japan,JPN,CEA,EA_CEA,2007,JPN2007,38161.07679,42182.17586,12.25201314,1.482143674,128001000
Japan,JPN,CEA,EA_CEA,2008,JPN2008,37693.93271,41645.57221,11.93820896,1.494795105,128063000
Japan,JPN,CEA,EA_CEA,2009,JPN2009,35599.66534,39279.49887,11.99618434,1.658480015,128047000
Japan,JPN,CEA,EA_CEA,2010,JPN2010,36913.76174,40881.79724,12.2474488,1.79340116,128070000
Japan,JPN,CEA,EA_CEA,2011,JPN2011,36941.9292,40967.34314,11.80257297,1.742397755,127833000
Japan,JPN,CEA,EA_CEA,2012,JPN2012,37387.25742,41596.9238,11.61742218,1.751248511,127629000
Japan,JPN,CEA,EA_CEA,2013,JPN2013,38181.07284,42492.24396,12.00887942,1.707299556,127445000
Japan,JPN,CEA,EA_CEA,2014,JPN2014,38301.72454,42674.69763,11.76699108,1.738681924,127276000
Japan,JPN,CEA,EA_CEA,2015,JPN2015,39032.64766,43386.71007,12.28658204,1.776324873,127141000
Japan,JPN,CEA,EA_CEA,2016,JPN2016,39346.35805,43736.13051,12.44369536,1.843911176,127076000
Japan,JPN,CEA,EA_CEA,2017,JPN2017,39963.62994,44505.27926,11.78398451,1.516583101,126972000
Japan,JPN,CEA,EA_CEA,2018,JPN2018,40329.87187,44848.48994,12.33187559,1.831025761,126811000
Japan,JPN,CEA,EA_CEA,2019,JPN2019,40233.71231,44730.91028,12.53062189,1.574881661,126633000
Japan,JPN,CEA,EA_CEA,2020,JPN2020,38660.6811,42992.47964,12.55687127,1.797225806,126261000
Japan,JPN,CEA,EA_CEA,2021,JPN2021,39825.70711,44355.34872,12.57149862,1.80382174,125681593
Japan,JPN,CEA,EA_CEA,2022,JPN2022,40377.34392,44972.34384,12.52799686,1.613876338,125124989
Jordan,JOR,MENA,WA_ME,1990,JOR1990,6904.847319,7589.820079,18.61397526,0.104743414,3621908
Jordan,JOR,MENA,WA_ME,1991,JOR1991,6669.979814,7134.290241,18.54359222,0.159759742,3915149
Jordan,JOR,MENA,WA_ME,1992,JOR1992,7241.245092,7737.969221,17.49019177,0.147699657,4127693
Jordan,JOR,MENA,WA_ME,1993,JOR1993,7186.500018,7675.471638,18.42968269,0.106160276,4348020
Jordan,JOR,MENA,WA_ME,1994,JOR1994,7194.573743,7680.140792,19.0589991,0.164712327,4561406
Jordan,JOR,MENA,WA_ME,1995,JOR1995,7338.905123,7829.081215,18.6979692,0.076653432,4752096
Jordan,JOR,MENA,WA_ME,1996,JOR1996,7244.373711,7731.478558,19.18032505,0.107240116,4912516
Jordan,JOR,MENA,WA_ME,1997,JOR1997,7283.233632,7775.542712,18.37038317,0.135547572,5046285
Jordan,JOR,MENA,WA_ME,1998,JOR1998,7358.942205,7826.740157,19.61141376,0.093408518,5164284
Jordan,JOR,MENA,WA_ME,1999,JOR1999,7472.999704,7920.019746,19.48255405,0.067124273,5276444
Jordan,JOR,MENA,WA_ME,2000,JOR2000,7656.621646,8086.922027,18.87166959,0.097097194,5386945
Jordan,JOR,MENA,WA_ME,2001,JOR2001,7924.093347,8339.785814,19.58893349,0.106097815,5498894
Jordan,JOR,MENA,WA_ME,2002,JOR2002,8236.326554,8638.080331,19.46342964,0.127553421,5616066
Jordan,JOR,MENA,WA_ME,2003,JOR2003,8499.521867,8800.496746,19.39614543,0.135488763,5741828
Jordan,JOR,MENA,WA_ME,2004,JOR2004,9118.971993,9326.668391,19.2523655,0.097088034,5882061
Jordan,JOR,MENA,WA_ME,2005,JOR2005,9733.413178,9839.68835,19.11345625,0.090746986,6029587
Jordan,JOR,MENA,WA_ME,2006,JOR2006,9957.68,9977.759033,18.99141518,0.096684347,6427371
Jordan,JOR,MENA,WA_ME,2007,JOR2007,10236.42081,10161.40212,19.23776171,0.096863365,6827227
Jordan,JOR,MENA,WA_ME,2008,JOR2008,10844.28635,10641.58943,19.50756525,0.070776076,6989866
Jordan,JOR,MENA,WA_ME,2009,JOR2009,11278.32643,10938.50272,19.36926334,0.078954443,7141753
Jordan,JOR,MENA,WA_ME,2010,JOR2010,11421.75351,10953.53763,21.03416409,0.106682406,7297043
Jordan,JOR,MENA,WA_ME,2011,JOR2011,11450.9373,10977.48205,18.87972368,0.108738702,7480424
Jordan,JOR,MENA,WA_ME,2012,JOR2012,11573.92874,11086.02994,19.6693778,0.101684836,7587127
Jordan,JOR,MENA,WA_ME,2013,JOR2013,11139.14685,10799.35381,19.4353046,0.119436912,7991809
Jordan,JOR,MENA,WA_ME,2014,JOR2014,10242.45404,10148.9981,19.65441398,0.120432698,8791710
Jordan,JOR,MENA,WA_ME,2015,JOR2015,9580.281369,9581.689226,19.60394551,0.106490731,9544729
Jordan,JOR,MENA,WA_ME,2016,JOR2016,9271.975024,9321.904511,19.91906341,0.10769028,10006367
Jordan,JOR,MENA,WA_ME,2017,JOR2017,9233.244087,9339.810397,19.5646676,0.053273804,10234226
Jordan,JOR,MENA,WA_ME,2018,JOR2018,9157.630756,9311.531163,20.24217892,0.123945106,10462306
Jordan,JOR,MENA,WA_ME,2019,JOR2019,9079.431783,9288.527091,19.63946306,0.116703199,10671891
Jordan,JOR,MENA,WA_ME,2020,JOR2020,8762.655219,9022.639304,19.71549946,0.142403516,10865228
Jordan,JOR,MENA,WA_ME,2021,JOR2021,8903.663235,9182.496161,20.00698569,0.089904102,11066356
Jordan,JOR,MENA,WA_ME,2022,JOR2022,9008.287038,9266.575383,19.46045507,0.133467689,11256263
Kazakhstan,KAZ,CEA,CA_CEA,1990,KAZ1990,13894.67158,16837.69075,7.092521897,0.288206153,17154054
Kazakhstan,KAZ,CEA,CA_CEA,1991,KAZ1991,12298.97278,14877.52735,6.940816975,0.206207963,17278600
Kazakhstan,KAZ,CEA,CA_CEA,1992,KAZ1992,11666.22226,14045.10358,6.103791571,0.266105415,17332625
Kazakhstan,KAZ,CEA,CA_CEA,1993,KAZ1993,10640.4337,12795.87464,5.21275753,0.306294889,17274487
Kazakhstan,KAZ,CEA,CA_CEA,1994,KAZ1994,9443.605691,11334.98313,5.83758152,0.259574165,17043771
Kazakhstan,KAZ,CEA,CA_CEA,1995,KAZ1995,8858.321078,10600.33023,7.668612711,0.209154823,16730536
Kazakhstan,KAZ,CEA,CA_CEA,1996,KAZ1996,9044.645702,10857.43539,5.347846081,0.216232123,16416027
Kazakhstan,KAZ,CEA,CA_CEA,1997,KAZ1997,9351.332561,11298.58055,7.216142322,0.227407677,16043251
Kazakhstan,KAZ,CEA,CA_CEA,1998,KAZ1998,9340.652485,11364.03078,6.577509778,0.24199129,15647785
Kazakhstan,KAZ,CEA,CA_CEA,1999,KAZ1999,9718.789547,11815.77321,7.305290688,0.25768574,15455874
Kazakhstan,KAZ,CEA,CA_CEA,2000,KAZ2000,10748.77011,12935.86437,7.116564809,0.26703309,15501103
Kazakhstan,KAZ,CEA,CA_CEA,2001,KAZ2001,12100.1276,14612.02901,7.171380385,0.268608376,15575550
Kazakhstan,KAZ,CEA,CA_CEA,2002,KAZ2002,13170.93348,15960.87385,7.590513432,0.297489883,15656677
Kazakhstan,KAZ,CEA,CA_CEA,2003,KAZ2003,14400.10524,17344.75267,6.505998727,0.290850945,15747380
Kazakhstan,KAZ,CEA,CA_CEA,2004,KAZ2004,15452.19798,18886.58119,7.739140658,0.273597432,15850159
Kazakhstan,KAZ,CEA,CA_CEA,2005,KAZ2005,16767.71801,20565.52945,7.387627099,0.23343932,15968117
Kazakhstan,KAZ,CEA,CA_CEA,2006,KAZ2006,18255.32399,22574.34296,7.221485814,0.260426548,16103716
Kazakhstan,KAZ,CEA,CA_CEA,2007,KAZ2007,19819.56222,24351.34641,7.525578823,0.249376258,16257214
Kazakhstan,KAZ,CEA,CA_CEA,2008,KAZ2008,20154.42133,24895.66457,7.454875972,0.222968476,16426525
Kazakhstan,KAZ,CEA,CA_CEA,2009,KAZ2009,19980.20199,24901.35273,6.81063962,0.271378519,16619846
Kazakhstan,KAZ,CEA,CA_CEA,2010,KAZ2010,20948.94895,26374.84077,7.27758222,0.23839951,16836810
Kazakhstan,KAZ,CEA,CA_CEA,2011,KAZ2011,22298.26601,27946.16034,6.192987137,0.261335443,17066002
Kazakhstan,KAZ,CEA,CA_CEA,2012,KAZ2012,22890.1652,28881.24176,6.684541214,0.232746639,17306106
Kazakhstan,KAZ,CEA,CA_CEA,2013,KAZ2013,23697.45375,30177.48872,7.996510113,0.299859116,17556502
Kazakhstan,KAZ,CEA,CA_CEA,2014,KAZ2014,24149.43858,30986.43792,6.387726912,0.25091214,17816285
Kazakhstan,KAZ,CEA,CA_CEA,2015,KAZ2015,25300.98757,30893.75949,7.75567342,0.299221001,18084169
Kazakhstan,KAZ,CEA,CA_CEA,2016,KAZ2016,25209.45078,30758.32273,7.731560404,0.335144672,18363600
Kazakhstan,KAZ,CEA,CA_CEA,2017,KAZ2017,26245.44199,31524.44163,7.479469995,0.239640949,18651931
Kazakhstan,KAZ,CEA,CA_CEA,2018,KAZ2018,26898.79801,32330.22745,6.383605529,0.253121652,18932727
Kazakhstan,KAZ,CEA,CA_CEA,2019,KAZ2019,28419.44917,33298.21237,7.68611583,0.235717329,19209555
Kazakhstan,KAZ,CEA,CA_CEA,2020,KAZ2020,28646.75603,32011.54915,8.073503524,0.228029321,19482117
Kazakhstan,KAZ,CEA,CA_CEA,2021,KAZ2021,29517.26383,32945.85157,7.7757598,0.216739194,19743603
Kazakhstan,KAZ,CEA,CA_CEA,2022,KAZ2022,29522.34528,33506.26149,7.965689313,0.255359529,20034609
Kenya,KEN,SSA,EA_SSA,1990,KEN1990,3841.019358,4177.486033,24.77840355,0.770902129,22892651
Kenya,KEN,SSA,EA_SSA,1991,KEN1991,3767.017831,4102.476775,24.83223066,0.602405054,23646514
Kenya,KEN,SSA,EA_SSA,1992,KEN1992,3619.937352,3946.840934,24.68447341,0.640582067,24382460
Kenya,KEN,SSA,EA_SSA,1993,KEN1993,3522.677715,3844.920298,24.60715499,0.638674829,25117188
Kenya,KEN,SSA,EA_SSA,1994,KEN1994,3508.437993,3833.223578,24.76603259,0.735641397,25857130
Kenya,KEN,SSA,EA_SSA,1995,KEN1995,3557.496693,3890.098551,24.96343616,0.659884582,26601751
Kenya,KEN,SSA,EA_SSA,1996,KEN1996,3598.959701,3941.409195,24.80006233,0.531812969,27344211
Kenya,KEN,SSA,EA_SSA,1997,KEN1997,3514.349472,3853.371393,24.76212976,0.996910523,28101768
Kenya,KEN,SSA,EA_SSA,1998,KEN1998,3527.770638,3871.821763,25.04984493,0.73151241,28888057
Kenya,KEN,SSA,EA_SSA,1999,KEN1999,3503.856759,3848.464706,24.69100675,0.608377323,29733408
Kenya,KEN,SSA,EA_SSA,2000,KEN2000,3418.62748,3756.636223,24.81601271,0.493019994,30642890
Kenya,KEN,SSA,EA_SSA,2001,KEN2001,3443.220399,3778.258548,25.10707913,0.634610855,31619170
Kenya,KEN,SSA,EA_SSA,2002,KEN2002,3359.671739,3681.256943,25.26544276,0.813658377,32629808
Kenya,KEN,SSA,EA_SSA,2003,KEN2003,3358.327688,3674.085928,25.25744537,0.644597207,33652223
Kenya,KEN,SSA,EA_SSA,2004,KEN2004,3427.134853,3743.567857,25.06915808,0.653676168,34713455
Kenya,KEN,SSA,EA_SSA,2005,KEN2005,3524.362139,3844.735571,24.99009543,0.539669371,35796484
Kenya,KEN,SSA,EA_SSA,2006,KEN2006,3644.882182,3970.733499,25.10784386,0.7942734,36904008
Kenya,KEN,SSA,EA_SSA,2007,KEN2007,3783.13285,4116.450947,24.98937278,0.702063327,38036349
Kenya,KEN,SSA,EA_SSA,2008,KEN2008,3682.912529,4002.883641,24.93810391,0.697518421,39206351
Kenya,KEN,SSA,EA_SSA,2009,KEN2009,3695.979162,4012.194284,25.51400197,0.679924076,40408891
Kenya,KEN,SSA,EA_SSA,2010,KEN2010,3885.27391,4211.52463,25.31942095,0.6682506,41598567
Kenya,KEN,SSA,EA_SSA,2011,KEN2011,3973.503239,4307.106116,25.16046218,0.714534718,42758461
Kenya,KEN,SSA,EA_SSA,2012,KEN2012,4048.063256,4387.937901,24.89171131,0.818149346,43888303
Kenya,KEN,SSA,EA_SSA,2013,KEN2013,4097.934965,4443.371216,25.14241517,0.757601704,44986791
Kenya,KEN,SSA,EA_SSA,2014,KEN2014,4197.876997,4558.551553,25.12472175,0.623011303,46051440
Kenya,KEN,SSA,EA_SSA,2015,KEN2015,4293.881039,4679.621828,25.18929074,0.804441425,47088526
Kenya,KEN,SSA,EA_SSA,2016,KEN2016,4399.533387,4770.310464,25.51602864,0.709797022,48139687
Kenya,KEN,SSA,EA_SSA,2017,KEN2017,4467.446711,4846.862109,25.23544695,1.055102662,49197766
Kenya,KEN,SSA,EA_SSA,2018,KEN2018,4618.564176,5017.667847,24.8816963,0.829618926,50207107
Kenya,KEN,SSA,EA_SSA,2019,KEN2019,4753.533807,5171.712643,25.30344123,1.139145866,51202827
Kenya,KEN,SSA,EA_SSA,2020,KEN2020,4640.584238,5057.401155,25.30654247,0.799071115,52217334
Kenya,KEN,SSA,EA_SSA,2021,KEN2021,4888.787898,5338.852434,25.20283561,1.027850382,53219166
Kenya,KEN,SSA,EA_SSA,2022,KEN2022,5020.826225,5491.693783,25.23886095,0.928189094,54252461
Kiribati,KIR,O,Mi_O,1990,KIR1990,2045,2213.54022,27.52500041,1.187900018,74855
Kiribati,KIR,O,Mi_O,1991,KIR1991,2006,2047.153764,27.49166727,1.279100021,76367
Kiribati,KIR,O,Mi_O,1992,KIR1992,1990,2495.996402,27.49166727,1.171200003,77641
Kiribati,KIR,O,Mi_O,1993,KIR1993,1977,2455.449876,27.49166727,1.034500013,78841
Kiribati,KIR,O,Mi_O,1994,KIR1994,1981,2468.72119,27.49166727,0.959400021,80021
Kiribati,KIR,O,Mi_O,1995,KIR1995,1952,2498.787615,27.49166727,0.73490001,81234
Kiribati,KIR,O,Mi_O,1996,KIR1996,1953,2455.501074,27.49166727,0.55160002,82623
Kiribati,KIR,O,Mi_O,1997,KIR1997,1950,2439.410116,27.49166727,0.883900001,84147
Kiribati,KIR,O,Mi_O,1998,KIR1998,2042,2502.86207,27.49166727,1.192600029,85657
Kiribati,KIR,O,Mi_O,1999,KIR1999,1976,2364.346192,27.49166727,1.046,87126
Kiribati,KIR,O,Mi_O,2000,KIR2000,2064,2481.415243,27.49166727,1.043800021,88613
Kiribati,KIR,O,Mi_O,2001,KIR2001,1995,2357.58189,27.49166727,1.046,90335
Kiribati,KIR,O,Mi_O,2002,KIR2002,2029,2341.695539,27.49166727,1.046,92264
Kiribati,KIR,O,Mi_O,2003,KIR2003,2028,2258.033818,27.49166727,1.046,94175
Kiribati,KIR,O,Mi_O,2004,KIR2004,1955,2199.670742,27.49166727,1.046,96085
Kiribati,KIR,O,Mi_O,2005,KIR2005,2011,2183.781139,27.49166727,1.046,98035
Kiribati,KIR,O,Mi_O,2006,KIR2006,1971,2264.16158,27.49166727,1.046,100017
Kiribati,KIR,O,Mi_O,2007,KIR2007,1974,2286.446477,27.49166727,1.046,102068
Kiribati,KIR,O,Mi_O,2008,KIR2008,1896,2172.357676,27.49166727,1.046,104222
Kiribati,KIR,O,Mi_O,2009,KIR2009,1875,2137.965939,27.49166727,1.046,106467
Kiribati,KIR,O,Mi_O,2010,KIR2010,1819,2119.64018,27.49166727,1.046,108704
Kiribati,KIR,O,Mi_O,2011,KIR2011,1820,2150.383018,27.49166727,1.046,110647
Kiribati,KIR,O,Mi_O,2012,KIR2012,1883,2242.013791,27.49166727,1.046,112284
Kiribati,KIR,O,Mi_O,2013,KIR2013,1932,2382.370345,27.49166727,1.046,113838
Kiribati,KIR,O,Mi_O,2014,KIR2014,1883,2381.348373,27.49166727,1.046,115326
Kiribati,KIR,O,Mi_O,2015,KIR2015,2039,2615.841195,27.49166727,1.046,116815
Kiribati,KIR,O,Mi_O,2016,KIR2016,1998,2761.933527,27.49166727,1.046,118478
Kiribati,KIR,O,Mi_O,2017,KIR2017,1971,2822.669193,27.49166727,1.046,120275
Kiribati,KIR,O,Mi_O,2018,KIR2018,2039,2877.601607,27.49166727,1.046,122084
Kiribati,KIR,O,Mi_O,2019,KIR2019,1964,2927.484884,27.49166727,1.046,123921
Kiribati,KIR,O,Mi_O,2020,KIR2020,1897,2834.685814,27.49166727,1.046,126099
Kiribati,KIR,O,Mi_O,2021,KIR2021,2008,3020.493999,27.49166727,1.046,128377
Kiribati,KIR,O,Mi_O,2022,KIR2022,2003,3107.776046,27.49166727,1.046,130469
"Korea, Rep.",KOR,CEA,EA_CEA,1990,KOR1990,12809.22371,13839.98898,12.39521297,1.652143259,42869283
"Korea, Rep.",KOR,CEA,EA_CEA,1991,KOR1991,14046.39716,15180.66857,11.59985078,1.368844498,43295704
"Korea, Rep.",KOR,CEA,EA_CEA,1992,KOR1992,14759.29352,15955.00133,11.81670181,1.171338367,43747962
"Korea, Rep.",KOR,CEA,EA_CEA,1993,KOR1993,15610.96434,16879.95831,11.19818175,1.457066894,44194628
"Korea, Rep.",KOR,CEA,EA_CEA,1994,KOR1994,16883.15217,18259.8551,12.55395323,0.926910696,44641540
"Korea, Rep.",KOR,CEA,EA_CEA,1995,KOR1995,18316.5403,19815.0749,11.54123064,1.066647151,45092991
"Korea, Rep.",KOR,CEA,EA_CEA,1996,KOR1996,19550.66516,21175.89984,11.44331182,1.171406996,45524681
"Korea, Rep.",KOR,CEA,EA_CEA,1997,KOR1997,20463.66408,22272.73305,12.05588895,1.338254625,45953580
"Korea, Rep.",KOR,CEA,EA_CEA,1998,KOR1998,19508.90051,20978.28198,12.85069594,1.761031004,46286503
"Korea, Rep.",KOR,CEA,EA_CEA,1999,KOR1999,21784.31358,23218.22767,12.1118076,1.7257365,46616677
"Korea, Rep.",KOR,CEA,EA_CEA,2000,KOR2000,23686.76081,25111.13771,11.93267855,1.292935612,47008111
"Korea, Rep.",KOR,CEA,EA_CEA,2001,KOR2001,24634.72999,26128.39151,12.10466759,1.145642811,47370164
"Korea, Rep.",KOR,CEA,EA_CEA,2002,KOR2002,26407.76025,27984.63948,12.09583621,1.427542271,47644736
"Korea, Rep.",KOR,CEA,EA_CEA,2003,KOR2003,27138.14581,28716.1691,11.86491943,2.008262916,47892330
"Korea, Rep.",KOR,CEA,EA_CEA,2004,KOR2004,28239.63794,30089.17132,12.48971508,1.520728632,48082519
"Korea, Rep.",KOR,CEA,EA_CEA,2005,KOR2005,29495.99955,31319.10987,11.60740496,1.315580705,48184561
"Korea, Rep.",KOR,CEA,EA_CEA,2006,KOR2006,30926.99185,32795.15686,12.00290164,1.540957407,48438292
"Korea, Rep.",KOR,CEA,EA_CEA,2007,KOR2007,32516.249,34522.26826,12.49106313,1.38487639,48683638
"Korea, Rep.",KOR,CEA,EA_CEA,2008,KOR2008,33285.5684,35293.4102,12.11507073,1.198714242,49054708
"Korea, Rep.",KOR,CEA,EA_CEA,2009,KOR2009,33572.477,35390.56202,12.06897169,1.308203432,49307835
"Korea, Rep.",KOR,CEA,EA_CEA,2010,KOR2010,35665.12749,37610.97291,11.91526174,1.502148554,49554112
"Korea, Rep.",KOR,CEA,EA_CEA,2011,KOR2011,36753.19852,38698.4611,11.54539015,1.510802944,49936638
"Korea, Rep.",KOR,CEA,EA_CEA,2012,KOR2012,37509.11543,39420.41939,11.51810342,1.592482365,50199853
"Korea, Rep.",KOR,CEA,EA_CEA,2013,KOR2013,38456.62863,40483.25341,12.04566988,1.197805681,50428893
"Korea, Rep.",KOR,CEA,EA_CEA,2014,KOR2014,39723.20292,41518.09423,12.07218131,1.235924875,50746659
"Korea, Rep.",KOR,CEA,EA_CEA,2015,KOR2015,39931.40742,42459.90289,12.39721703,1.071590786,51014947
"Korea, Rep.",KOR,CEA,EA_CEA,2016,KOR2016,40619.33666,43538.02127,12.77351161,1.303694378,51217803
"Korea, Rep.",KOR,CEA,EA_CEA,2017,KOR2017,41671.49921,44787.64824,12.25282482,0.994374046,51361911
"Korea, Rep.",KOR,CEA,EA_CEA,2018,KOR2018,42737.89765,45890.43041,12.36002399,1.437623542,51585058
"Korea, Rep.",KOR,CEA,EA_CEA,2019,KOR2019,43578.37119,46757.26145,12.75601617,1.256937201,51764822
"Korea, Rep.",KOR,CEA,EA_CEA,2020,KOR2020,43366.36663,46361.59578,12.48538366,1.664292693,51836239
"Korea, Rep.",KOR,CEA,EA_CEA,2021,KOR2021,45307.85396,48419.64325,12.95463507,1.381529256,51769539
"Korea, Rep.",KOR,CEA,EA_CEA,2022,KOR2022,46591.25436,49777.9293,12.5583209,1.228192806,51672569
Kosovo,XKX,#N/A,#N/A,2008,XKX2008,,7098.403019,,,1800858
Kosovo,XKX,#N/A,#N/A,2009,XKX2009,,7481.458898,,,1794681
Kosovo,XKX,#N/A,#N/A,2010,XKX2010,,7877.101999,,,1788743
Kosovo,XKX,#N/A,#N/A,2011,XKX2011,,8359.936215,,,1791949
Kosovo,XKX,#N/A,#N/A,2012,XKX2012,,8431.662327,,,1807126
Kosovo,XKX,#N/A,#N/A,2013,XKX2013,,8828.276833,,,1818119
Kosovo,XKX,#N/A,#N/A,2014,XKX2014,,9150.749973,,,1812788
Kosovo,XKX,#N/A,#N/A,2015,XKX2015,,9824.99106,,,1788274
Kosovo,XKX,#N/A,#N/A,2016,XKX2016,,10434.88883,,,1777568
Kosovo,XKX,#N/A,#N/A,2017,XKX2017,,10856.29021,,,1791019
Kosovo,XKX,#N/A,#N/A,2018,XKX2018,,11188.22446,,,1797086
Kosovo,XKX,#N/A,#N/A,2019,XKX2019,,11774.11785,,,1788891
Kosovo,XKX,#N/A,#N/A,2020,XKX2020,,11137.50286,,,1790151
Kosovo,XKX,#N/A,#N/A,2021,XKX2021,,12362.42102,,,1786079
Kosovo,XKX,#N/A,#N/A,2022,XKX2022,,13022.46274,,,1768096
Kuwait,KWT,MENA,WA_ME,1990,KWT1990,29856,38932.94355,25.82219543,0.081527779,1684819
Kuwait,KWT,MENA,WA_ME,1991,KWT1991,27585,28633.96961,25.28577019,0.160989597,1351399
Kuwait,KWT,MENA,WA_ME,1992,KWT1992,41447,43266.93289,24.31713882,0.126898928,1634961
Kuwait,KWT,MENA,WA_ME,1993,KWT1993,54426,56684.18636,25.25459656,0.156894088,1672151
Kuwait,KWT,MENA,WA_ME,1994,KWT1994,59469,61753.84903,25.90041243,0.142347465,1664361
Kuwait,KWT,MENA,WA_ME,1995,KWT1995,61826,64093.51791,25.37643966,0.13084153,1681513
Kuwait,KWT,MENA,WA_ME,1996,KWT1996,60444,62665.22439,25.8337656,0.159862928,1730246
Kuwait,KWT,MENA,WA_ME,1997,KWT1997,59894,62151.95186,25.48055408,0.179700923,1787683
Kuwait,KWT,MENA,WA_ME,1998,KWT1998,60106,62450.08847,26.4931164,0.104530242,1844302
Kuwait,KWT,MENA,WA_ME,1999,KWT1999,57211,59533.95431,26.69105672,0.158565672,1900030
Kuwait,KWT,MENA,WA_ME,2000,KWT2000,58117,60585.30271,26.19101668,0.102571846,1954709
Kuwait,KWT,MENA,WA_ME,2001,KWT2001,56581,59099.66534,26.76803158,0.126344613,2008121
Kuwait,KWT,MENA,WA_ME,2002,KWT2002,56701,59348.61731,26.52637462,0.143809443,2059974
Kuwait,KWT,MENA,WA_ME,2003,KWT2003,64811,67984.31454,26.56701909,0.130140185,2109881
Kuwait,KWT,MENA,WA_ME,2004,KWT2004,69724,73298.06222,26.41075533,0.153408463,2157320
Kuwait,KWT,MENA,WA_ME,2005,KWT2005,74294,78193.90125,26.15969794,0.156850402,2236788
Kuwait,KWT,MENA,WA_ME,2006,KWT2006,75551,79521.34848,26.45658627,0.134186997,2364733
Kuwait,KWT,MENA,WA_ME,2007,KWT2007,75498,79474.76118,26.42531766,0.108317345,2507887
Kuwait,KWT,MENA,WA_ME,2008,KWT2008,73163,77036.50842,26.45450161,0.055937071,2651421
Kuwait,KWT,MENA,WA_ME,2009,KWT2009,64469,67896.26808,26.65243214,0.097965136,2795484
Kuwait,KWT,MENA,WA_ME,2010,KWT2010,59780,62956.21532,27.63153661,0.04597744,2943372
Kuwait,KWT,MENA,WA_ME,2011,KWT2011,61357,64844.50189,26.28682755,0.089428504,3132814
Kuwait,KWT,MENA,WA_ME,2012,KWT2012,60588,64908.26275,26.58892749,0.106036081,3337109
Kuwait,KWT,MENA,WA_ME,2013,KWT2013,57052,62458.80891,26.17117815,0.085417785,3507844
Kuwait,KWT,MENA,WA_ME,2014,KWT2014,55584,60065.65444,26.5003575,0.066527764,3665876
Kuwait,KWT,MENA,WA_ME,2015,KWT2015,53808,57763.51744,26.88683285,0.097088959,3834574
Kuwait,KWT,MENA,WA_ME,2016,KWT2016,53476,56936.62084,26.96911373,0.132707649,4004096
Kuwait,KWT,MENA,WA_ME,2017,KWT2017,50007,52285.58712,26.92333278,0.095826675,4154812
Kuwait,KWT,MENA,WA_ME,2018,KWT2018,48943,51623.80791,27.37533241,0.15493055,4323515
Kuwait,KWT,MENA,WA_ME,2019,KWT2019,47315,51380.6455,26.85974296,0.087997169,4442316
Kuwait,KWT,MENA,WA_ME,2020,KWT2020,43923,49372.57295,26.75978306,0.125293038,4400267
Kuwait,KWT,MENA,WA_ME,2021,KWT2021,45580,50651.95758,27.78467813,0.037351035,4360865
Kuwait,KWT,MENA,WA_ME,2022,KWT2022,49400,51379.88333,27.4576038,0.087130378,4589643
Kyrgyz Republic,KGZ,CEA,CA_CEA,1990,KGZ1990,5696.717677,6095.681086,2.339353468,0.459875234,4391236
Kyrgyz Republic,KGZ,CEA,CA_CEA,1991,KGZ1991,5150.450809,5520.429799,1.930656065,0.4672672,4463634
Kyrgyz Republic,KGZ,CEA,CA_CEA,1992,KGZ1992,4379.965811,4701.991381,1.810442184,0.475017086,4515400
Kyrgyz Republic,KGZ,CEA,CA_CEA,1993,KGZ1993,3695.860089,3973.883239,0.910056068,0.631629206,4516777
Kyrgyz Republic,KGZ,CEA,CA_CEA,1994,KGZ1994,2949.917978,3176.923819,1.560927288,0.43728227,4515069
Kyrgyz Republic,KGZ,CEA,CA_CEA,1995,KGZ1995,2758.216518,2974.711639,2.338131627,0.319327772,4560454
Kyrgyz Republic,KGZ,CEA,CA_CEA,1996,KGZ1996,2910.214811,3138.666157,1.225283979,0.439545385,4628438
Kyrgyz Republic,KGZ,CEA,CA_CEA,1997,KGZ1997,3152.378341,3399.934271,2.666460228,0.369712553,4696421
Kyrgyz Republic,KGZ,CEA,CA_CEA,1998,KGZ1998,3170.170788,3419.223307,2.077331363,0.643279321,4769015
Kyrgyz Republic,KGZ,CEA,CA_CEA,1999,KGZ1999,3237.863425,3491.937733,2.728682684,0.551481128,4840422
Kyrgyz Republic,KGZ,CEA,CA_CEA,2000,KGZ2000,3373.508724,3638.463143,2.557972369,0.435875017,4898362
Kyrgyz Republic,KGZ,CEA,CA_CEA,2001,KGZ2001,3520.665856,3795.890593,2.754528572,0.422354058,4945073
Kyrgyz Republic,KGZ,CEA,CA_CEA,2002,KGZ2002,3488.764945,3760.5324,2.835233386,0.612054018,4990704
Kyrgyz Republic,KGZ,CEA,CA_CEA,2003,KGZ2003,3696.165451,3982.92722,1.958986782,0.661691394,5043308
Kyrgyz Republic,KGZ,CEA,CA_CEA,2004,KGZ2004,3909.379754,4211.522483,3.198767623,0.533068653,5104713
Kyrgyz Republic,KGZ,CEA,CA_CEA,2005,KGZ2005,3860.04296,4156.958492,2.693991642,0.505445754,5162640
Kyrgyz Republic,KGZ,CEA,CA_CEA,2006,KGZ2006,3938.684245,4240.170178,2.897836184,0.427899096,5218373
Kyrgyz Republic,KGZ,CEA,CA_CEA,2007,KGZ2007,4236.120887,4558.712679,2.942251981,0.443514832,5268385
Kyrgyz Republic,KGZ,CEA,CA_CEA,2008,KGZ2008,4550.312188,4894.94278,2.60617901,0.389014304,5318729
Kyrgyz Republic,KGZ,CEA,CA_CEA,2009,KGZ2009,4627.159997,4969.961327,2.566558889,0.502161461,5389643
Kyrgyz Republic,KGZ,CEA,CA_CEA,2010,KGZ2010,4552.562559,4876.479649,3.022982778,0.558189217,5467059
Kyrgyz Republic,KGZ,CEA,CA_CEA,2011,KGZ2011,4764.713936,5092.851658,2.226715495,0.514263122,5546587
Kyrgyz Republic,KGZ,CEA,CA_CEA,2012,KGZ2012,4685.414238,4993.394317,1.871331509,0.394340262,5652076
Kyrgyz Republic,KGZ,CEA,CA_CEA,2013,KGZ2013,5092.49015,5418.54062,3.234247402,0.481406613,5777150
Kyrgyz Republic,KGZ,CEA,CA_CEA,2014,KGZ2014,5213.203673,5513.75447,1.785902681,0.416553281,5905848
Kyrgyz Republic,KGZ,CEA,CA_CEA,2015,KGZ2015,5312.787135,5600.214334,3.279523305,0.512254525,6040036
Kyrgyz Republic,KGZ,CEA,CA_CEA,2016,KGZ2016,5434.734665,5715.010412,3.456237911,0.652109732,6175338
Kyrgyz Republic,KGZ,CEA,CA_CEA,2017,KGZ2017,5598.170093,5861.222,2.750384048,0.49089541,6306696
Kyrgyz Republic,KGZ,CEA,CA_CEA,2018,KGZ2018,5688.888774,5951.828768,2.517963319,0.45928924,6444079
Kyrgyz Republic,KGZ,CEA,CA_CEA,2019,KGZ2019,5762.509167,6087.601938,3.396435135,0.450651218,6590211
Kyrgyz Republic,KGZ,CEA,CA_CEA,2020,KGZ2020,5234.297087,5537.795473,2.573195718,0.491351613,6726596
Kyrgyz Republic,KGZ,CEA,CA_CEA,2021,KGZ2021,5371.643704,5736.478834,3.413066438,0.354007385,6851224
Kyrgyz Republic,KGZ,CEA,CA_CEA,2022,KGZ2022,5537.666625,6139.777888,3.811893636,0.516044832,6975220
Lao PDR,LAO,SEA,SEA_SEA,1990,LAO1990,1939,2005.500494,24.18064309,2.019380718,4311955
Lao PDR,LAO,SEA,SEA_SEA,1991,LAO1991,1966,2033.582583,24.33920705,1.66345024,4435118
Lao PDR,LAO,SEA,SEA_SEA,1992,LAO1992,2019,2088.020041,23.86617256,1.686206295,4559646
Lao PDR,LAO,SEA,SEA_SEA,1993,LAO1993,2082,2152.276597,23.96419857,1.371112028,4685060
Lao PDR,LAO,SEA,SEA_SEA,1994,LAO1994,2195,2267.782155,24.16017571,1.954996746,4809220
Lao PDR,LAO,SEA,SEA_SEA,1995,LAO1995,2292,2368.054752,23.94249873,1.793735205,4929409
Lao PDR,LAO,SEA,SEA_SEA,1996,LAO1996,2394,2473.772858,23.60555106,1.97910966,5045678
Lao PDR,LAO,SEA,SEA_SEA,1997,LAO1997,2506,2589.207629,24.05936385,1.742724372,5152011
Lao PDR,LAO,SEA,SEA_SEA,1998,LAO1998,2557,2642.566187,24.83059047,1.644548231,5248266
Lao PDR,LAO,SEA,SEA_SEA,1999,LAO1999,2696,2786.520397,23.81768341,2.030202881,5340784
Lao PDR,LAO,SEA,SEA_SEA,2000,LAO2000,2805,2899.019619,23.85002332,1.841331217,5431212
Lao PDR,LAO,SEA,SEA_SEA,2001,LAO2001,2918,3015.632585,24.11766981,2.077177114,5521482
Lao PDR,LAO,SEA,SEA_SEA,2002,LAO2002,3043,3143.223276,24.18007982,2.128131459,5610889
Lao PDR,LAO,SEA,SEA_SEA,2003,LAO2003,3181,3282.985397,24.18745914,1.614035273,5697945
Lao PDR,LAO,SEA,SEA_SEA,2004,LAO2004,3337,3441.169997,23.92307217,1.747609665,5781626
Lao PDR,LAO,SEA,SEA_SEA,2005,LAO2005,3522,3630.558788,24.32164099,1.894847791,5869523
Lao PDR,LAO,SEA,SEA_SEA,2006,LAO2006,3766,3881.537366,24.30017889,1.908429487,5963200
Lao PDR,LAO,SEA,SEA_SEA,2007,LAO2007,3988,4112.253017,23.99589102,1.84661003,6056236
Lao PDR,LAO,SEA,SEA_SEA,2008,LAO2008,4234,4367.16288,23.56022796,2.110810553,6148969
Lao PDR,LAO,SEA,SEA_SEA,2009,LAO2009,4483,4625.071733,24.20817001,1.658327472,6241642
Lao PDR,LAO,SEA,SEA_SEA,2010,LAO2010,4793,4946.105637,24.68349448,1.754376031,6334194
Lao PDR,LAO,SEA,SEA_SEA,2011,LAO2011,5104,5266.878669,23.52610373,2.196633078,6426590
Lao PDR,LAO,SEA,SEA_SEA,2012,LAO2012,5435,5608.969563,24.57397913,1.877050823,6518978
Lao PDR,LAO,SEA,SEA_SEA,2013,LAO2013,5789,5974.473689,24.14162246,2.051757267,6611385
Lao PDR,LAO,SEA,SEA_SEA,2014,LAO2014,6145,6341.212297,24.33292691,1.545044312,6703172
Lao PDR,LAO,SEA,SEA_SEA,2015,LAO2015,6499,6703.741243,24.70713794,1.546166943,6801645
Lao PDR,LAO,SEA,SEA_SEA,2016,LAO2016,6851,7063.255453,24.62288783,1.904852378,6908802
Lao PDR,LAO,SEA,SEA_SEA,2017,LAO2017,7211,7432.459633,24.15530222,2.062549366,7018147
Lao PDR,LAO,SEA,SEA_SEA,2018,LAO2018,7546,7775.085745,24.16041317,1.873527009,7128045
Lao PDR,LAO,SEA,SEA_SEA,2019,LAO2019,7840,8075.275024,24.92299913,1.423896212,7237636
Lao PDR,LAO,SEA,SEA_SEA,2020,LAO2020,7764,7995.595025,24.7073847,1.529617062,7346533
Lao PDR,LAO,SEA,SEA_SEA,2021,LAO2021,7847,8080.435532,24.31542514,1.730458853,7453194
Lao PDR,LAO,SEA,SEA_SEA,2022,LAO2022,7948,8183.032865,24.05056303,2.031853995,7559007
Latvia,LVA,E,NE_E,1990,LVA1990,11194.26295,17508.78632,7.307000312,0.850465792,2663151
Latvia,LVA,E,NE_E,1991,LVA1991,8602.681918,15376.09058,6.526397212,0.675649142,2650581
Latvia,LVA,E,NE_E,1992,LVA1992,8048.818999,10582.20702,6.894813513,0.634498838,2614338
Latvia,LVA,E,NE_E,1993,LVA1993,7176.821569,10255.14138,5.752142108,0.675658632,2563290
Latvia,LVA,E,NE_E,1994,LVA1994,7475.29206,10656.60877,6.134780473,0.663026478,2520742
Latvia,LVA,E,NE_E,1995,LVA1995,7761.839529,10707.515,6.462877061,0.686085309,2485056
Latvia,LVA,E,NE_E,1996,LVA1996,8060.118252,11077.86184,5.041080709,0.581236494,2457222
Latvia,LVA,E,NE_E,1997,LVA1997,8868.44804,12215.01519,6.262203124,0.731609043,2432851
Latvia,LVA,E,NE_E,1998,LVA1998,9528.406183,13138.40125,6.028901942,0.758952279,2410019
Latvia,LVA,E,NE_E,1999,LVA1999,9880.360674,13619.0988,7.072950222,0.62568348,2390482
Latvia,LVA,E,NE_E,2000,LVA2000,10552.3863,14554.21317,7.524880155,0.651685524,2367550
Latvia,LVA,E,NE_E,2001,LVA2001,11284.36445,15695.90672,6.515002428,0.791023598,2337170
Latvia,LVA,E,NE_E,2002,LVA2002,12253.12612,17096.55944,7.019016421,0.581389512,2310173
Latvia,LVA,E,NE_E,2003,LVA2003,13381.56009,18717.66755,6.187819919,0.643463864,2287955
Latvia,LVA,E,NE_E,2004,LVA2004,14643.83771,20574.1182,6.323929203,0.6951211,2263122
Latvia,LVA,E,NE_E,2005,LVA2005,16286.72225,23213.35394,6.411890622,0.632227134,2238799
Latvia,LVA,E,NE_E,2006,LVA2006,18191.72087,26431.81402,6.851330039,0.598116748,2218357
Latvia,LVA,E,NE_E,2007,LVA2007,20652.66662,29423.73712,7.217573093,0.718355134,2200325
Latvia,LVA,E,NE_E,2008,LVA2008,20179.19615,28726.97229,7.647099059,0.712096538,2177322
Latvia,LVA,E,NE_E,2009,LVA2009,17867.19542,24520.67915,6.536843887,0.744554072,2141669
Latvia,LVA,E,NE_E,2010,LVA2010,17459.75288,24119.73078,5.596125064,0.824824571,2097555
Latvia,LVA,E,NE_E,2011,LVA2011,18537.77678,25308.73221,7.119350059,0.642275297,2059709
Latvia,LVA,E,NE_E,2012,LVA2012,19806.364,27496.54546,6.174961879,0.813170041,2034319
Latvia,LVA,E,NE_E,2013,LVA2013,20070.81589,28375.18429,6.995271264,0.648399061,2012647
Latvia,LVA,E,NE_E,2014,LVA2014,20779.4082,29243.74125,7.348142393,0.675118647,1993782
Latvia,LVA,E,NE_E,2015,LVA2015,21658.46649,30599.61331,7.860295083,0.578610978,1977527
Latvia,LVA,E,NE_E,2016,LVA2016,22456.01782,31668.51484,7.069316962,0.71997812,1959537
Latvia,LVA,E,NE_E,2017,LVA2017,23515.22165,33036.39159,6.881000625,0.827263089,1942248
Latvia,LVA,E,NE_E,2018,LVA2018,24369.34208,34729.70628,7.489456675,0.569664449,1927174
Latvia,LVA,E,NE_E,2019,LVA2019,25172.79541,35208.19346,7.97793682,0.657585316,1913822
Latvia,LVA,E,NE_E,2020,LVA2020,24531.10416,34225.8976,8.537879662,0.636846919,1900449
Latvia,LVA,E,NE_E,2021,LVA2021,26396.71412,36912.01306,6.729481435,0.658922972,1884490
Latvia,LVA,E,NE_E,2022,LVA2022,27349.92823,37681.04524,7.396204533,0.638680133,1879383
Lebanon,LBN,MENA,WA_ME,1990,LBN1990,5856,5345.512097,14.96671361,0.451484819,3595175
Lebanon,LBN,MENA,WA_ME,1991,LBN1991,8577,7828.172011,14.90629363,0.942503915,3668912
Lebanon,LBN,MENA,WA_ME,1992,LBN1992,9777,8924.152646,13.63592048,0.917166474,3747371
Lebanon,LBN,MENA,WA_ME,1993,LBN1993,10622,9695.315492,14.62731271,0.505949214,3820647
Lebanon,LBN,MENA,WA_ME,1994,LBN1994,11278,10294.81277,15.49363206,0.98344681,3889799
Lebanon,LBN,MENA,WA_ME,1995,LBN1995,11788,10762.4427,14.99809232,0.480341477,3960735
Lebanon,LBN,MENA,WA_ME,1996,LBN1996,12876,11757.28249,15.50254039,0.683577459,4034781
Lebanon,LBN,MENA,WA_ME,1997,LBN1997,12780,11668.40069,14.49637681,0.663145458,4108405
Lebanon,LBN,MENA,WA_ME,1998,LBN1998,13022,11885.30723,15.93347653,0.606980986,4181281
Lebanon,LBN,MENA,WA_ME,1999,LBN1999,12737,11617.24977,15.82898152,0.37536746,4255277
Lebanon,LBN,MENA,WA_ME,2000,LBN2000,12697,11571.7326,15.20821412,0.698421959,4329340
Lebanon,LBN,MENA,WA_ME,2001,LBN2001,12978,11817.9305,15.88772192,0.689940751,4401918
Lebanon,LBN,MENA,WA_ME,2002,LBN2002,13249,12053.83416,15.49630662,0.783902022,4463504
Lebanon,LBN,MENA,WA_ME,2003,LBN2003,13500,12272.34407,15.49612646,0.97795806,4525508
Lebanon,LBN,MENA,WA_ME,2004,LBN2004,14182,12882.0758,15.35440014,0.701431146,4599279
Lebanon,LBN,MENA,WA_ME,2005,LBN2005,14348,13024.66489,15.33738625,0.643505514,4671102
Lebanon,LBN,MENA,WA_ME,2006,LBN2006,14334,13003.6808,15.2375662,0.607869164,4751136
Lebanon,LBN,MENA,WA_ME,2007,LBN2007,15376,13941.56142,15.4690041,0.586722629,4844118
Lebanon,LBN,MENA,WA_ME,2008,LBN2008,16503,14955.14136,15.69808159,0.438661914,4925354
Lebanon,LBN,MENA,WA_ME,2009,LBN2009,17958,16264.35062,15.57939991,0.683383814,4992287
Lebanon,LBN,MENA,WA_ME,2010,LBN2010,19216,17390.7584,17.16678658,0.506931794,5041288
Lebanon,LBN,MENA,WA_ME,2011,LBN2011,19194,17353.19608,15.08972311,0.775160627,5096020
Lebanon,LBN,MENA,WA_ME,2012,LBN2012,19180,17323.30138,15.97093531,0.870993757,5235742
Lebanon,LBN,MENA,WA_ME,2013,LBN2013,18159,16396.49693,15.74810611,0.681880521,5743436
Lebanon,LBN,MENA,WA_ME,2014,LBN2014,16843,15205.87327,16.11206311,0.577000976,6346990
Lebanon,LBN,MENA,WA_ME,2015,LBN2015,16592,14980.02052,15.83299942,0.707028413,6472469
Lebanon,LBN,MENA,WA_ME,2016,LBN2016,17228,15572.36117,16.16262527,0.668230666,6323060
Lebanon,LBN,MENA,WA_ME,2017,LBN2017,17808,16128.58382,15.8746419,0.383509158,6160128
Lebanon,LBN,MENA,WA_ME,2018,LBN2018,17938,16290.05165,16.63080457,0.795237501,5984119
Lebanon,LBN,MENA,WA_ME,2019,LBN2019,17185,15659.5661,15.99772214,0.855236728,5794594
Lebanon,LBN,MENA,WA_ME,2020,LBN2020,13791,12507.43664,16.18733885,0.842397971,5702398
Lebanon,LBN,MENA,WA_ME,2021,LBN2021,12987,11599.77551,16.42688428,0.667686926,5718122
Lebanon,LBN,MENA,WA_ME,2022,LBN2022,13191,11474.75058,15.86020593,0.67307367,5744489
Lesotho,LSO,SSA,SA_SSA,1990,LSO1990,1288.11281,1422.150569,12.04251187,0.700690473,1809696
Lesotho,LSO,SSA,SA_SSA,1991,LSO1991,1353.512621,1494.240324,11.9548776,0.956196687,1842379
Lesotho,LSO,SSA,SA_SSA,1992,LSO1992,1424.542862,1571.827042,12.7596352,0.531656867,1873274
Lesotho,LSO,SSA,SA_SSA,1993,LSO1993,1452.312549,1602.596332,12.44302176,0.784389941,1901793
Lesotho,LSO,SSA,SA_SSA,1994,LSO1994,1518.178165,1675.597723,11.64459874,0.632027842,1927707
Lesotho,LSO,SSA,SA_SSA,1995,LSO1995,1547.96035,1709.694335,12.10345013,0.763861859,1951437
Lesotho,LSO,SSA,SA_SSA,1996,LSO1996,1616.416863,1786.18229,11.47648308,0.988253,1972418
Lesotho,LSO,SSA,SA_SSA,1997,LSO1997,1660.369243,1837.69657,11.82785545,0.893952852,1988130
Lesotho,LSO,SSA,SA_SSA,1998,LSO1998,1674.004706,1856.690785,12.43005768,0.982649342,1998049
Lesotho,LSO,SSA,SA_SSA,1999,LSO1999,1674.025781,1860.700522,12.67995436,0.788813808,2003234
Lesotho,LSO,SSA,SA_SSA,2000,LSO2000,1733.96086,1932.157932,11.50556845,0.930451419,2003913
Lesotho,LSO,SSA,SA_SSA,2001,LSO2001,1793.730903,2004.033502,11.95558811,0.991357807,2000853
Lesotho,LSO,SSA,SA_SSA,2002,LSO2002,1807.198076,2024.787273,12.02302479,0.794106792,1994679
Lesotho,LSO,SSA,SA_SSA,2003,LSO2003,1892.722572,2127.373022,12.39035774,0.655320623,1985059
Lesotho,LSO,SSA,SA_SSA,2004,LSO2004,1930.938951,2178.664747,12.56116205,0.763710724,1971129
Lesotho,LSO,SSA,SA_SSA,2005,LSO2005,2004.823659,2275.016144,12.65705563,0.670148236,1953076
Lesotho,LSO,SSA,SA_SSA,2006,LSO2006,2088.739703,2381.020246,11.98139335,1.039026595,1945063
Lesotho,LSO,SSA,SA_SSA,2007,LSO2007,2167.925238,2470.314621,12.44329419,0.791271232,1953268
Lesotho,LSO,SSA,SA_SSA,2008,LSO2008,2272.921559,2589.166359,12.49522567,0.800335676,1966541
Lesotho,LSO,SSA,SA_SSA,2009,LSO2009,2226.94746,2538.193418,12.30708289,0.868493724,1980883
Lesotho,LSO,SSA,SA_SSA,2010,LSO2010,2327.652609,2651.378049,12.68259353,0.971975655,1996251
Lesotho,LSO,SSA,SA_SSA,2011,LSO2011,2415.860619,2749.319582,12.00778239,0.959007585,2014009
Lesotho,LSO,SSA,SA_SSA,2012,LSO2012,2546.188858,2894.22705,12.29034194,0.754681865,2034354
Lesotho,LSO,SSA,SA_SSA,2013,LSO2013,2566.662673,2914.37516,12.26719919,0.632087316,2056504
Lesotho,LSO,SSA,SA_SSA,2014,LSO2014,2582.686329,2930.61724,12.47768122,0.728038306,2080089
Lesotho,LSO,SSA,SA_SSA,2015,LSO2015,2632.659949,2986.958667,12.93600373,0.520140034,2104611
Lesotho,LSO,SSA,SA_SSA,2016,LSO2016,2694.058805,3057.260916,13.06161299,0.671233226,2130422
Lesotho,LSO,SSA,SA_SSA,2017,LSO2017,2576.393048,2924.680962,12.64997637,0.705916114,2157110
Lesotho,LSO,SSA,SA_SSA,2018,LSO2018,2505.151574,2846.418281,12.85986013,0.611876736,2183603
Lesotho,LSO,SSA,SA_SSA,2019,LSO2019,2438.371508,2773.286399,13.47013091,0.721975731,2209405
Lesotho,LSO,SSA,SA_SSA,2020,LSO2020,2226.749475,2517.110419,12.56809635,0.922260903,2235727
Lesotho,LSO,SSA,SA_SSA,2021,LSO2021,2239.869632,2544.782496,12.23129939,1.056380231,2261542
Lesotho,LSO,SSA,SA_SSA,2022,LSO2022,2239.868417,2577.545441,12.57012833,0.886326026,2286110
Liberia,LBR,SSA,WA_SSA,1990,LBR1990,1708,1866.405481,25.23787286,2.14656656,2223667
Liberia,LBR,SSA,WA_SSA,1991,LBR1991,1736,1819.497853,25.20857089,2.303086867,1956518
Liberia,LBR,SSA,WA_SSA,1992,LBR1992,1622,1115.037708,25.0443909,2.316692643,2072461
Liberia,LBR,SSA,WA_SSA,1993,LBR1993,1619,718.6832388,25.11881603,2.237864141,2155126
Liberia,LBR,SSA,WA_SSA,1994,LBR1994,1696,563.6403612,25.04824527,2.389552328,2149928
Liberia,LBR,SSA,WA_SSA,1995,LBR1995,1685,534.8097152,25.30686234,2.439139725,2169162
Liberia,LBR,SSA,WA_SSA,1996,LBR1996,1767,582.6779825,25.35729641,2.648861302,2232289
Liberia,LBR,SSA,WA_SSA,1997,LBR1997,1778,1111.937603,25.36297089,2.162950223,2412989
Liberia,LBR,SSA,WA_SSA,1998,LBR1998,1791,1308.405683,25.86571726,2.40197947,2670124
Liberia,LBR,SSA,WA_SSA,1999,LBR1999,1767,1507.314703,25.24394125,2.596082257,2821684
Liberia,LBR,SSA,WA_SSA,2000,LBR2000,1725,1868.179756,25.27241782,2.419770713,2928117
Liberia,LBR,SSA,WA_SSA,2001,LBR2001,1724,1867.119109,25.25189354,2.554952164,3015338
Liberia,LBR,SSA,WA_SSA,2002,LBR2002,1743,1887.646016,25.45656787,2.493942727,3094782
Liberia,LBR,SSA,WA_SSA,2003,LBR2003,1208,1308.150901,25.44251709,2.568899817,3119532
Liberia,LBR,SSA,WA_SSA,2004,LBR2004,1225,1326.535655,25.45860527,2.510820465,3156892
Liberia,LBR,SSA,WA_SSA,2005,LBR2005,1232,1335.617289,25.61321678,2.457523898,3301015
Liberia,LBR,SSA,WA_SSA,2006,LBR2006,1259,1364.603473,25.49307848,2.619788932,3490787
Liberia,LBR,SSA,WA_SSA,2007,LBR2007,1311,1422.100197,25.56754661,2.391606506,3669050
Liberia,LBR,SSA,WA_SSA,2008,LBR2008,1349,1463.124082,25.15642157,2.438353739,3821003
Liberia,LBR,SSA,WA_SSA,2009,LBR2009,1376,1492.998174,25.30964208,2.45175485,3943028
Liberia,LBR,SSA,WA_SSA,2010,LBR2010,1419,1538.850835,25.80262514,2.719541015,4058890
Liberia,LBR,SSA,WA_SSA,2011,LBR2011,1476,1601.03374,25.45780316,2.632187028,4221178
Liberia,LBR,SSA,WA_SSA,2012,LBR2012,1538,1668.972896,25.2067386,2.222405517,4373043
Liberia,LBR,SSA,WA_SSA,2013,LBR2013,1636,1774.520578,25.39496978,2.428432463,4470239
Liberia,LBR,SSA,WA_SSA,2014,LBR2014,1614,1750.143849,25.44417139,2.670850514,4564293
Liberia,LBR,SSA,WA_SSA,2015,LBR2015,1581,1714.09048,25.61490437,2.326365834,4659431
Liberia,LBR,SSA,WA_SSA,2016,LBR2016,1525,1653.310502,25.94881893,2.617327069,4755608
Liberia,LBR,SSA,WA_SSA,2017,LBR2017,1533,1661.302908,25.81303271,2.306527301,4848925
Liberia,LBR,SSA,WA_SSA,2018,LBR2018,1522,1647.974438,25.58655828,2.456717055,4944726
Liberia,LBR,SSA,WA_SSA,2019,LBR2019,1456,1575.76665,25.47075084,2.43520298,5043721
Liberia,LBR,SSA,WA_SSA,2020,LBR2020,1384,1497.376924,25.70187944,2.434414131,5149463
Liberia,LBR,SSA,WA_SSA,2021,LBR2021,1423,1539.208923,25.88860203,2.425045837,5259323
Liberia,LBR,SSA,WA_SSA,2022,LBR2022,1461,1578.998371,25.4717526,2.42692525,5373294
Libya,LBY,MENA,_ME,1990,LBY1990,35012,18121.81565,22.52278032,0.039550871,4445239
Libya,LBY,MENA,_ME,1991,LBY1991,40476,20501.47842,22.27150176,0.045481806,4544400
Libya,LBY,MENA,_ME,1992,LBY1992,37770,19532.99585,21.75648007,0.037710296,4640352
Libya,LBY,MENA,_ME,1993,LBY1993,34922,18429.78874,22.38372127,0.034718948,4733045
Libya,LBY,MENA,_ME,1994,LBY1994,35349,18439.65837,22.57100647,0.049622209,4822037
Libya,LBY,MENA,_ME,1995,LBY1995,29264,17718.60278,22.52887441,0.049763258,4906843
Libya,LBY,MENA,_ME,1996,LBY1996,29226,17804.46417,22.58962321,0.0413869,4987393
Libya,LBY,MENA,_ME,1997,LBY1997,27993,18446.84296,22.54064962,0.043423888,5064639
Libya,LBY,MENA,_ME,1998,LBY1998,27304,17528.31106,22.88504289,0.040171454,5140704
Libya,LBY,MENA,_ME,1999,LBY1999,26668,17397.98765,23.17184874,0.034553447,5218038
Libya,LBY,MENA,_ME,2000,LBY2000,27130,17742.34749,22.45182793,0.036265519,5305021
Libya,LBY,MENA,_ME,2001,LBY2001,26040,17111.48356,23.12548144,0.036674362,5403639
Libya,LBY,MENA,_ME,2002,LBY2002,25173,16625.05921,22.98622804,0.034182954,5508410
Libya,LBY,MENA,_ME,2003,LBY2003,27745,18417.88434,22.9976395,0.040700088,5619398
Libya,LBY,MENA,_ME,2004,LBY2004,28244,18846.24187,22.89317944,0.032450449,5736693
Libya,LBY,MENA,_ME,2005,LBY2005,30783,20644.02708,22.78642195,0.038435009,5858798
Libya,LBY,MENA,_ME,2006,LBY2006,32041,21539.62745,22.81770497,0.049767041,5980211
Libya,LBY,MENA,_ME,2007,LBY2007,33346,22416.10981,22.97412757,0.034866272,6104380
Libya,LBY,MENA,_ME,2008,LBY2008,32591,21909.42907,23.12437978,0.039938986,6235430
Libya,LBY,MENA,_ME,2009,LBY2009,30511,20513.56321,23.04974583,0.02806915,6366686
Libya,LBY,MENA,_ME,2010,LBY2010,31394,21109.96793,23.98348969,0.027951324,6497839
Libya,LBY,MENA,_ME,2011,LBY2011,16356,10739.09317,22.51781824,0.040765037,6343203
Libya,LBY,MENA,_ME,2012,LBY2012,32215,20595.58004,22.89874096,0.040091995,6179328
Libya,LBY,MENA,_ME,2013,LBY2013,25908,16553.14265,22.93124232,0.036058093,6304628
Libya,LBY,MENA,_ME,2014,LBY2014,19570,12495.79297,22.87163288,0.03900143,6427252
Libya,LBY,MENA,_ME,2015,LBY2015,19109,12192.13862,22.59075923,0.036515022,6531819
Libya,LBY,MENA,_ME,2016,LBY2016,18554,11828.71138,22.97736024,0.026630786,6632126
Libya,LBY,MENA,_ME,2017,LBY2017,24213,15424.05543,22.53773493,0.038290079,6738770
Libya,LBY,MENA,_ME,2018,LBY2018,25734,16380.85155,23.02164301,0.043683371,6849055
Libya,LBY,MENA,_ME,2019,LBY2019,22535,14333.42244,22.62770841,0.043949694,6951033
Libya,LBY,MENA,_ME,2020,LBY2020,15621,9976.037403,22.60671063,0.032709389,7045399
Libya,LBY,MENA,_ME,2021,LBY2021,20274,12641.50977,22.99676114,0.030270281,7135175
Libya,LBY,MENA,_ME,2022,LBY2022,19797,11456.07681,22.7551783,0.039080516,7223805
Lithuania,LTU,E,NE_E,1990,LTU1990,15625.74674,20586.22775,7.859224367,0.800711921,3697838
Lithuania,LTU,E,NE_E,1991,LTU1991,14114.36492,19384.81793,7.068957892,0.616874902,3704134
Lithuania,LTU,E,NE_E,1992,LTU1992,10039.05974,15280.3886,7.397541948,0.64466338,3700114
Lithuania,LTU,E,NE_E,1993,LTU1993,9702.287197,12861.69491,6.276637746,0.69509393,3682613
Lithuania,LTU,E,NE_E,1994,LTU1994,10138.64054,11686.43866,6.777776719,0.675445624,3657144
Lithuania,LTU,E,NE_E,1995,LTU1995,10641.15994,12164.20372,6.961772154,0.699409798,3629102
Lithuania,LTU,E,NE_E,1996,LTU1996,11264.84378,12873.20076,5.485996475,0.55006639,3601613
Lithuania,LTU,E,NE_E,1997,LTU1997,12279.38687,14045.00451,6.634744048,0.691986883,3575137
Lithuania,LTU,E,NE_E,1998,LTU1998,13280.31028,15202.9118,6.598919072,0.786706737,3549331
Lithuania,LTU,E,NE_E,1999,LTU1999,13208.92306,15143.19371,7.661836914,0.648536861,3524238
Lithuania,LTU,E,NE_E,2000,LTU2000,13779.35739,15771.42696,8.05318872,0.627153268,3499536
Lithuania,LTU,E,NE_E,2001,LTU2001,14792.30195,16933.02255,7.064661629,0.760984262,3470818
Lithuania,LTU,E,NE_E,2002,LTU2002,15880.87673,18216.54526,7.688518711,0.616614748,3443067
Lithuania,LTU,E,NE_E,2003,LTU2003,17644.0949,20302.98488,6.73947689,0.63142058,3415213
Lithuania,LTU,E,NE_E,2004,LTU2004,18972.91419,21867.28615,6.833562859,0.697154014,3377075
Lithuania,LTU,E,NE_E,2005,LTU2005,20727.42022,23944.70199,6.867826431,0.64725399,3322528
Lithuania,LTU,E,NE_E,2006,LTU2006,22552.57309,26129.33926,7.236350363,0.611450815,3269909
Lithuania,LTU,E,NE_E,2007,LTU2007,25281.00705,29370.77397,7.765104087,0.755710748,3231294
Lithuania,LTU,E,NE_E,2008,LTU2008,26212.50753,30445.78095,8.145389005,0.686851142,3198231
Lithuania,LTU,E,NE_E,2009,LTU2009,22559.17255,26217.54493,7.128161259,0.73429348,3162916
Lithuania,LTU,E,NE_E,2010,LTU2010,23396.19571,26887.49131,6.357946676,0.85413615,3097282
Lithuania,LTU,E,NE_E,2011,LTU2011,25361.2885,29240.74879,7.583632251,0.663561311,3028115
Lithuania,LTU,E,NE_E,2012,LTU2012,26613.46962,30920.3304,6.790526065,0.792607967,2989139
Lithuania,LTU,E,NE_E,2013,LTU2013,27744.2288,32474.64135,7.531161845,0.687410408,2961250
Lithuania,LTU,E,NE_E,2014,LTU2014,28895.47774,33975.08438,7.847560844,0.650762504,2937253
Lithuania,LTU,E,NE_E,2015,LTU2015,29672.49071,35251.29869,8.431671455,0.578197338,2911109
Lithuania,LTU,E,NE_E,2016,LTU2016,30728.57128,36618.14684,7.704380573,0.765217536,2877325
Lithuania,LTU,E,NE_E,2017,LTU2017,32456.04767,38774.4892,7.487568247,0.841856813,2842639
Lithuania,LTU,E,NE_E,2018,LTU2018,33945.51502,41019.79016,8.074812056,0.58252954,2819200
Lithuania,LTU,E,NE_E,2019,LTU2019,35485.18338,43062.32284,8.656691762,0.596704683,2811089
Lithuania,LTU,E,NE_E,2020,LTU2020,35388.92125,43091.79737,9.045207303,0.622368832,2810369
Lithuania,LTU,E,NE_E,2021,LTU2021,37474.98732,45873.52732,7.212512748,0.679188999,2808380
Lithuania,LTU,E,NE_E,2022,LTU2022,37911.97706,46651.21458,7.929747886,0.661953654,2831639
Luxembourg,LUX,E,WE_E,1990,LUX1990,70861,81450.57241,10.2083335,0.870900015,381850
Luxembourg,LUX,E,WE_E,1991,LUX1991,75962,87313.71762,9.200000256,0.69600001,387000
Luxembourg,LUX,E,WE_E,1992,LUX1992,76323,87729.3986,9.975000123,0.840100014,392175
Luxembourg,LUX,E,WE_E,1993,LUX1993,78469,90195.6629,9.399999984,0.918800021,397475
Luxembourg,LUX,E,WE_E,1994,LUX1994,80365,92375.35881,10.5833335,0.869800014,402925
Luxembourg,LUX,E,WE_E,1995,LUX1995,80379,92391.33986,9.97500026,0.940000011,408625
Luxembourg,LUX,E,WE_E,1996,LUX1996,80401,92416.51866,8.32499999,0.658400014,414225
Luxembourg,LUX,E,WE_E,1997,LUX1997,83703,96211.7308,9.866666814,0.827700014,419450
Luxembourg,LUX,E,WE_E,1998,LUX1998,88186,101364.6753,9.775000274,0.91500001,424700
Luxembourg,LUX,E,WE_E,1999,LUX1999,94115,108180.4027,10.30000006,0.967400021,430475
Luxembourg,LUX,E,WE_E,2000,LUX2000,99302,114141.5853,10.60833349,1.004500008,436300
Luxembourg,LUX,E,WE_E,2001,LUX2001,101143,116258.4268,9.975000227,1.085800007,441525
Luxembourg,LUX,E,WE_E,2002,LUX2002,103317,118757.5305,10.47500021,1.031500031,446175
Luxembourg,LUX,E,WE_E,2003,LUX2003,104743,120396.2578,10.25833355,0.697600006,451630
Luxembourg,LUX,E,WE_E,2004,LUX2004,107635,123720.2615,9.775000269,0.837200016,458095
Luxembourg,LUX,E,WE_E,2005,LUX2005,108632,124866.8588,10.0083335,0.725300014,465158
Luxembourg,LUX,E,WE_E,2006,LUX2006,113346,130284.9675,10.31666696,0.849200012,472637
Luxembourg,LUX,E,WE_E,2007,LUX2007,120648,138677.9655,10.55000026,0.971700021,479993
Luxembourg,LUX,E,WE_E,2008,LUX2008,118155,135812.2223,10.03333355,0.908600006,488650
Luxembourg,LUX,E,WE_E,2009,LUX2009,112230,129002.2402,10.1666668,0.87960001,497783
Luxembourg,LUX,E,WE_E,2010,LUX2010,114344,131432.0596,8.933333496,0.922300032,506953
Luxembourg,LUX,E,WE_E,2011,LUX2011,112998,129885.3698,10.71666662,0.744000005,518347
Luxembourg,LUX,E,WE_E,2012,LUX2012,112137,128895.4051,10.00833357,0.905600016,530946
Luxembourg,LUX,E,WE_E,2013,LUX2013,113051,129945.4538,9.458333487,0.87610001,543360
Luxembourg,LUX,E,WE_E,2014,LUX2014,113314,130247.6617,11.22500024,0.844900018,556319
Luxembourg,LUX,E,WE_E,2015,LUX2015,113183,130097.2562,10.7250002,0.743500011,569604
Luxembourg,LUX,E,WE_E,2016,LUX2016,116284,133661.6497,10.25833364,0.894800022,582014
Luxembourg,LUX,E,WE_E,2017,LUX2017,114986,132169.834,10.56666673,0.829100024,596336
Luxembourg,LUX,E,WE_E,2018,LUX2018,114164,131733.8846,11.30833363,0.747800016,607950
Luxembourg,LUX,E,WE_E,2019,LUX2019,115210,132724.7527,10.96666676,0.826800018,620001
Luxembourg,LUX,E,WE_E,2020,LUX2020,112275,129865.63,11.46666682,0.755200012,630419
Luxembourg,LUX,E,WE_E,2021,LUX2021,118510,136772.4438,9.933333546,0.945500015,640064
Luxembourg,LUX,E,WE_E,2022,LUX2022,117747,132573.9944,11.63333354,0.731300014,653103
"Macao SAR, China",MAC,#N/A,EA_CEA,1990,MAC1990,,55242.96392,22.9666671,1.449100021,334950
"Macao SAR, China",MAC,#N/A,EA_CEA,1991,MAC1991,,54545.0169,22.85000022,1.275300001,351650
"Macao SAR, China",MAC,#N/A,EA_CEA,1992,MAC1992,,58591.65015,22.07500037,2.359000057,370900
"Macao SAR, China",MAC,#N/A,EA_CEA,1993,MAC1993,,59527.70952,22.45000037,2.137100014,384000
"Macao SAR, China",MAC,#N/A,EA_CEA,1994,MAC1994,,60057.76635,22.86666711,1.969099991,396800
"Macao SAR, China",MAC,#N/A,EA_CEA,1995,MAC1995,,60142.3657,22.14166705,1.872100023,409300
"Macao SAR, China",MAC,#N/A,EA_CEA,1996,MAC1996,,59053.85393,22.25833352,1.790200066,415100
"Macao SAR, China",MAC,#N/A,EA_CEA,1997,MAC1997,,58578.41043,22.51666673,2.42390005,417300
"Macao SAR, China",MAC,#N/A,EA_CEA,1998,MAC1998,,55238.97444,23.26666705,2.072100006,422300
"Macao SAR, China",MAC,#N/A,EA_CEA,1999,MAC1999,,53292.53906,22.94166708,1.739100023,427400
"Macao SAR, China",MAC,#N/A,EA_CEA,2000,MAC2000,,55936.24132,22.7750001,2.107700022,430600
"Macao SAR, China",MAC,#N/A,EA_CEA,2001,MAC2001,,57114.05758,22.89166673,2.32680005,433900
"Macao SAR, China",MAC,#N/A,EA_CEA,2002,MAC2002,,61564.92711,23.19166692,2.02680004,438400
"Macao SAR, China",MAC,#N/A,EA_CEA,2003,MAC2003,,67925.70838,23.14166689,1.55590005,443600
"Macao SAR, China",MAC,#N/A,EA_CEA,2004,MAC2004,,83915.22106,22.70833341,1.447700029,454700
"Macao SAR, China",MAC,#N/A,EA_CEA,2005,MAC2005,,87090.72132,22.59166718,2.177500043,473500
"Macao SAR, China",MAC,#N/A,EA_CEA,2006,MAC2006,,93724.98823,23.02500057,2.090300038,498900
"Macao SAR, China",MAC,#N/A,EA_CEA,2007,MAC2007,,102761.6028,23.05000019,1.452400009,520900
"Macao SAR, China",MAC,#N/A,EA_CEA,2008,MAC2008,,102355.8899,22.37500064,1.953900034,540700
"Macao SAR, China",MAC,#N/A,EA_CEA,2009,MAC2009,,104764.7092,22.83333357,1.711300053,535000
"Macao SAR, China",MAC,#N/A,EA_CEA,2010,MAC2010,,130596.3146,22.56666684,1.952700024,537000
"Macao SAR, China",MAC,#N/A,EA_CEA,2011,MAC2011,,155185.4053,22.13333376,1.39930002,549600
"Macao SAR, China",MAC,#N/A,EA_CEA,2012,MAC2012,,164065.0018,22.50000032,1.695800009,567900
"Macao SAR, China",MAC,#N/A,EA_CEA,2013,MAC2013,,174339.002,22.50833352,2.270200054,591900
"Macao SAR, China",MAC,#N/A,EA_CEA,2014,MAC2014,,162582.4484,22.90833354,1.914500019,621700
"Macao SAR, China",MAC,#N/A,EA_CEA,2015,MAC2015,,123396.1684,23.45833341,1.86180006,642900
"Macao SAR, China",MAC,#N/A,EA_CEA,2016,MAC2016,,120754.9285,23.30000043,2.421700067,652500
"Macao SAR, China",MAC,#N/A,EA_CEA,2017,MAC2017,,133500.279,23.36666679,2.102300051,648400
"Macao SAR, China",MAC,#N/A,EA_CEA,2018,MAC2018,,139787.6639,23.25833384,1.952900045,658900
"Macao SAR, China",MAC,#N/A,EA_CEA,2019,MAC2019,,133549.1522,23.79166714,2.22890002,672000
"Macao SAR, China",MAC,#N/A,EA_CEA,2020,MAC2020,,59791.47249,23.76666721,1.871000044,685400
"Macao SAR, China",MAC,#N/A,EA_CEA,2021,MAC2021,,74177.78252,23.89166713,1.915400002,682500
"Macao SAR, China",MAC,#N/A,EA_CEA,2022,MAC2022,,60089.83258,23.28333386,2.015600004,677300
Madagascar,MDG,SSA,EA_SSA,1990,MDG1990,1809,1968.272398,22.20174351,1.133201974,12055639
Madagascar,MDG,SSA,EA_SSA,1991,MDG1991,1645,1789.841694,22.21029375,1.3385046,12421412
Madagascar,MDG,SSA,EA_SSA,1992,MDG1992,1614,1757.294598,22.21990708,1.492040659,12800870
Madagascar,MDG,SSA,EA_SSA,1993,MDG1993,1598,1740.295136,22.14085078,1.530212229,13197345
Madagascar,MDG,SSA,EA_SSA,1994,MDG1994,1548,1686.341908,22.41519818,1.336934806,13613850
Madagascar,MDG,SSA,EA_SSA,1995,MDG1995,1524,1661.270625,22.37983131,1.486082003,14051275
Madagascar,MDG,SSA,EA_SSA,1996,MDG1996,1509,1643.325796,22.23061226,1.530378911,14510711
Madagascar,MDG,SSA,EA_SSA,1997,MDG1997,1515,1649.44809,22.45845655,1.565648927,14990814
Madagascar,MDG,SSA,EA_SSA,1998,MDG1998,1526,1658.888493,22.76608617,1.662862094,15489364
Madagascar,MDG,SSA,EA_SSA,1999,MDG1999,1549,1681.359332,22.34504527,1.409457281,16000506
Madagascar,MDG,SSA,EA_SSA,2000,MDG2000,1570,1701.443203,22.41067948,1.388902677,16516338
Madagascar,MDG,SSA,EA_SSA,2001,MDG2001,1614,1748.503509,22.43329492,1.524856489,17032939
Madagascar,MDG,SSA,EA_SSA,2002,MDG2002,1373,1486.434297,22.48582186,1.581764958,17549913
Madagascar,MDG,SSA,EA_SSA,2003,MDG2003,1464,1584.749252,22.67397184,1.465078628,18071854
Madagascar,MDG,SSA,EA_SSA,2004,MDG2004,1496,1620.119538,22.47019157,1.524075557,18606608
Madagascar,MDG,SSA,EA_SSA,2005,MDG2005,1522,1648.176316,22.61356882,1.450056025,19159707
Madagascar,MDG,SSA,EA_SSA,2006,MDG2006,1558,1686.863355,22.49068878,1.489255056,19730909
Madagascar,MDG,SSA,EA_SSA,2007,MDG2007,1599,1731.617518,22.58839358,1.481795492,20318583
Madagascar,MDG,SSA,EA_SSA,2008,MDG2008,1658,1794.402359,22.32543332,1.512951273,20923840
Madagascar,MDG,SSA,EA_SSA,2009,MDG2009,1546,1673.155515,22.58505688,1.518600557,21547280
Madagascar,MDG,SSA,EA_SSA,2010,MDG2010,1512,1635.245115,22.91892045,1.390932529,22183340
Madagascar,MDG,SSA,EA_SSA,2011,MDG2011,1493,1614.551378,22.77194822,1.369170558,22822300
Madagascar,MDG,SSA,EA_SSA,2012,MDG2012,1497,1617.790829,22.7065062,1.386218829,23462438
Madagascar,MDG,SSA,EA_SSA,2013,MDG2013,1491,1610.602308,22.65899611,1.497946479,24109290
Madagascar,MDG,SSA,EA_SSA,2014,MDG2014,1501,1620.357889,22.85755031,1.524429198,24764348
Madagascar,MDG,SSA,EA_SSA,2015,MDG2015,1508,1627.580613,22.91530869,1.380913583,25426702
Madagascar,MDG,SSA,EA_SSA,2016,MDG2016,1529,1648.91227,22.76209575,1.236471548,26099952
Madagascar,MDG,SSA,EA_SSA,2017,MDG2017,1548,1669.727643,23.02267028,1.333749755,26788375
Madagascar,MDG,SSA,EA_SSA,2018,MDG2018,1557,1678.786233,22.87288762,1.496965924,27494926
Madagascar,MDG,SSA,EA_SSA,2019,MDG2019,1585,1707.831538,23.07313322,1.544903962,28219554
Madagascar,MDG,SSA,EA_SSA,2020,MDG2020,1436,1545.727144,22.81438433,1.358408223,28953556
Madagascar,MDG,SSA,EA_SSA,2021,MDG2021,1482,1577.432461,22.79075973,1.323269499,29691083
Madagascar,MDG,SSA,EA_SSA,2022,MDG2022,1502,1602.713684,22.64188837,1.38741484,30437261
Malawi,MWI,SSA,EA_SSA,1990,MWI1990,937,1047.464364,22.5537574,0.841375486,9545852
Malawi,MWI,SSA,EA_SSA,1991,MWI1991,989,1104.390462,22.43828472,1.076128835,9844227
Malawi,MWI,SSA,EA_SSA,1992,MWI1992,890,994.0365048,23.00531031,0.728320135,10135079
Malawi,MWI,SSA,EA_SSA,1993,MWI1993,963,1074.584852,22.52986634,0.979959803,10284024
Malawi,MWI,SSA,EA_SSA,1994,MWI1994,875,975.8496401,22.57727223,0.816336133,10164894
Malawi,MWI,SSA,EA_SSA,1995,MWI1995,1024,1140.756094,23.01676808,0.930408798,10150117
Malawi,MWI,SSA,EA_SSA,1996,MWI1996,1077,1200.320582,22.51895865,1.134825553,10352228
Malawi,MWI,SSA,EA_SSA,1997,MWI1997,1097,1221.094046,22.56074317,1.205939718,10562035
Malawi,MWI,SSA,EA_SSA,1998,MWI1998,1116,1241.524332,22.92608404,0.875595003,10792876
Malawi,MWI,SSA,EA_SSA,1999,MWI1999,1125,1249.775233,22.28004742,1.220791025,11047804
Malawi,MWI,SSA,EA_SSA,2000,MWI2000,1116,1239.391748,22.32161913,1.144902889,11315942
Malawi,MWI,SSA,EA_SSA,2001,MWI2001,1036,1149.580396,22.5653512,1.170212226,11593058
Malawi,MWI,SSA,EA_SSA,2002,MWI2002,1028,1140.842746,22.77480654,0.981800891,11880440
Malawi,MWI,SSA,EA_SSA,2003,MWI2003,1060,1176.12386,22.80046118,1.00474838,12181574
Malawi,MWI,SSA,EA_SSA,2004,MWI2004,1088,1208.219698,22.69696793,1.16532759,12500737
Malawi,MWI,SSA,EA_SSA,2005,MWI2005,1093,1214.742642,23.49233942,0.868967306,12840031
Malawi,MWI,SSA,EA_SSA,2006,MWI2006,1113,1237.273865,22.73701755,0.961314799,13198701
Malawi,MWI,SSA,EA_SSA,2007,MWI2007,1186,1318.331964,22.78156998,1.099753837,13576343
Malawi,MWI,SSA,EA_SSA,2008,MWI2008,1240,1378.428867,22.59682151,1.084384933,13976417
Malawi,MWI,SSA,EA_SSA,2009,MWI2009,1305,1449.726015,22.65568442,1.101497416,14395788
Malawi,MWI,SSA,EA_SSA,2010,MWI2010,1355,1504.375141,23.13979239,0.891901212,14826463
Malawi,MWI,SSA,EA_SSA,2011,MWI2011,1381,1533.228896,22.53552457,1.158700621,15265022
Malawi,MWI,SSA,EA_SSA,2012,MWI2012,1368,1518.148038,22.59421074,1.035944475,15709577
Malawi,MWI,SSA,EA_SSA,2013,MWI2013,1402,1555.506074,22.53665826,1.026528557,16161816
Malawi,MWI,SSA,EA_SSA,2014,MWI2014,1441,1597.564843,22.61877598,0.995081066,16621538
Malawi,MWI,SSA,EA_SSA,2015,MWI2015,1441,1597.691453,22.93919375,0.926667212,17085587
Malawi,MWI,SSA,EA_SSA,2016,MWI2016,1437,1593.595493,22.90907509,0.971477993,17557739
Malawi,MWI,SSA,EA_SSA,2017,MWI2017,1455,1613.059357,22.71096345,1.164990777,18039715
Malawi,MWI,SSA,EA_SSA,2018,MWI2018,1478,1638.916658,22.68645459,1.170108653,18528081
Malawi,MWI,SSA,EA_SSA,2019,MWI2019,1518,1687.289449,22.91245463,1.402210738,19025752
Malawi,MWI,SSA,EA_SSA,2020,MWI2020,1490,1656.439852,22.91608596,1.055931641,19533888
Malawi,MWI,SSA,EA_SSA,2021,MWI2021,1491,1687.593582,22.85480821,0.801794026,20047258
Malawi,MWI,SSA,EA_SSA,2022,MWI2022,1467,1659.959338,22.59608825,1.238695374,20568728
Malaysia,MYS,SEA,SEA_SEA,1990,MYS1990,12297.21837,12013.69695,25.99269665,2.385270366,17833171
Malaysia,MYS,SEA,SEA_SEA,1991,MYS1991,13100.43917,12795.0499,25.99331927,2.6251742,18342464
Malaysia,MYS,SEA,SEA_SEA,1992,MYS1992,13875.75543,13567.89361,25.90634261,2.415925239,18834572
Malaysia,MYS,SEA,SEA_SEA,1993,MYS1993,14833.49285,14533.7904,25.83072838,2.777589707,19322664
Malaysia,MYS,SEA,SEA_SEA,1994,MYS1994,15758.43963,15474.01446,25.91274288,2.936856161,19820446
Malaysia,MYS,SEA,SEA_SEA,1995,MYS1995,16840.43271,16568.51606,25.95591234,3.1622329,20330599
Malaysia,MYS,SEA,SEA_SEA,1996,MYS1996,17996.36608,17771.71188,25.86996273,3.14344834,20850087
Malaysia,MYS,SEA,SEA_SEA,1997,MYS1997,18772.21916,18604.51453,26.18467688,2.475625489,21375218
Malaysia,MYS,SEA,SEA_SEA,1998,MYS1998,16915.73552,16817.17192,26.55063536,2.615574971,21906713
Malaysia,MYS,SEA,SEA_SEA,1999,MYS1999,17479.71689,17428.62566,25.93240305,3.372089631,22435531
Malaysia,MYS,SEA,SEA_SEA,2000,MYS2000,18524.44191,18532.90967,26.0697338,3.230540177,22967816
Malaysia,MYS,SEA,SEA_SEA,2001,MYS2001,18142.90156,18186.44113,26.16148425,2.93671689,23526538
Malaysia,MYS,SEA,SEA_SEA,2002,MYS2002,18641.22991,18708.86949,26.33759183,2.593232208,24102477
Malaysia,MYS,SEA,SEA_SEA,2003,MYS2003,19240.29544,19329.00628,26.15436457,3.079391707,24679602
Malaysia,MYS,SEA,SEA_SEA,2004,MYS2004,20059.69834,20168.50621,26.09319109,2.760126748,25256772
Malaysia,MYS,SEA,SEA_SEA,2005,MYS2005,20644.52952,20767.58572,26.1393688,2.750075381,25836071
Malaysia,MYS,SEA,SEA_SEA,2006,MYS2006,21309.97448,21444.48577,26.04243232,3.082660546,26417909
Malaysia,MYS,SEA,SEA_SEA,2007,MYS2007,22100.90927,22305.11826,25.9770875,3.216115618,26998389
Malaysia,MYS,SEA,SEA_SEA,2008,MYS2008,22732.00667,22898.00276,25.79572198,3.538625202,27570059
Malaysia,MYS,SEA,SEA_SEA,2009,MYS2009,22338.02978,22106.64173,26.08265439,3.377514593,28124778
Malaysia,MYS,SEA,SEA_SEA,2010,MYS2010,23458.85854,23307.96985,26.23004439,3.062007985,28655776
Malaysia,MYS,SEA,SEA_SEA,2011,MYS2011,24230.80129,24115.81812,25.99756887,3.402327826,29162039
Malaysia,MYS,SEA,SEA_SEA,2012,MYS2012,25370.03375,25006.35878,26.18362598,3.181626689,29662831
Malaysia,MYS,SEA,SEA_SEA,2013,MYS2013,26338.80054,25736.35256,26.27914501,3.053236746,30174265
Malaysia,MYS,SEA,SEA_SEA,2014,MYS2014,27575.94901,26818.43173,26.19143084,2.775733705,30696137
Malaysia,MYS,SEA,SEA_SEA,2015,MYS2015,28637.26414,27699.62789,26.42234091,2.635541142,31232798
Malaysia,MYS,SEA,SEA_SEA,2016,MYS2016,29440.77815,28425.37076,26.6958324,2.804255614,31789685
Malaysia,MYS,SEA,SEA_SEA,2017,MYS2017,30669.51741,29551.54576,26.2647932,3.226014809,32355644
Malaysia,MYS,SEA,SEA_SEA,2018,MYS2018,31856.98666,30459.96553,26.30556965,3.203825428,32910967
Malaysia,MYS,SEA,SEA_SEA,2019,MYS2019,32945.39488,31300.50866,26.58839472,2.563812891,33440596
Malaysia,MYS,SEA,SEA_SEA,2020,MYS2020,30604.0142,29200.45263,26.47208966,3.008732682,33889558
Malaysia,MYS,SEA,SEA_SEA,2021,MYS2021,31228.80712,29822.84918,26.24375865,3.256176385,34282399
Malaysia,MYS,SEA,SEA_SEA,2022,MYS2022,33532.31799,32079.15152,26.1172232,3.448502957,34695493
Maldives,MDV,SA,SA_SA,1990,MDV1990,,8945.804791,2.350245471,0.154204561,224762
Maldives,MDV,SA,SA_SA,1991,MDV1991,,8799.255114,2.356509513,0.167788508,231802
Maldives,MDV,SA,SA_SA,1992,MDV1992,,9120.991825,2.337753496,0.156937459,238543
Maldives,MDV,SA,SA_SA,1993,MDV1993,,9378.522419,2.340988892,0.196703342,244884
Maldives,MDV,SA,SA_SA,1994,MDV1994,,9866.075011,2.343306351,0.18353322,250822
Maldives,MDV,SA,SA_SA,1995,MDV1995,,10894.17303,2.356506517,0.144292253,256649
Maldives,MDV,SA,SA_SA,1996,MDV1996,,11495.09889,2.338200727,0.1759872,262347
Maldives,MDV,SA,SA_SA,1997,MDV1997,,12210.96871,2.359517697,0.175726129,267707
Maldives,MDV,SA,SA_SA,1998,MDV1998,,12884.72234,2.377344352,0.18424977,272723
Maldives,MDV,SA,SA_SA,1999,MDV1999,,13449.20268,2.344006095,0.180733664,277412
Maldives,MDV,SA,SA_SA,2000,MDV2000,,13738.28093,2.340283741,0.166022122,282019
Maldives,MDV,SA,SA_SA,2001,MDV2001,,12977.99909,2.352330295,0.17333762,286767
Maldives,MDV,SA,SA_SA,2002,MDV2002,,13689.80656,2.364139978,0.17333762,291616
Maldives,MDV,SA,SA_SA,2003,MDV2003,,15316.11928,2.358109785,0.183461006,296491
Maldives,MDV,SA,SA_SA,2004,MDV2004,,15958.65579,2.34769296,0.18373041,301413
Maldives,MDV,SA,SA_SA,2005,MDV2005,,13942.87539,2.355101003,0.159900876,306429
Maldives,MDV,SA,SA_SA,2006,MDV2006,,16829.97684,2.34491323,0.212970191,313851
Maldives,MDV,SA,SA_SA,2007,MDV2007,,17439.9505,2.350008008,0.167271922,324479
Maldives,MDV,SA,SA_SA,2008,MDV2008,,18344.48666,2.335424585,0.177012035,336170
Maldives,MDV,SA,SA_SA,2009,MDV2009,,16230.00893,2.357414236,0.188729612,348275
Maldives,MDV,SA,SA_SA,2010,MDV2010,,16730.01442,2.361811071,0.176262157,360792
Maldives,MDV,SA,SA_SA,2011,MDV2011,,17581.76767,2.351858961,0.14685851,373674
Maldives,MDV,SA,SA_SA,2012,MDV2012,,17390.14752,2.360885896,0.163294779,386818
Maldives,MDV,SA,SA_SA,2013,MDV2013,,17986.89076,2.355329435,0.181772388,400070
Maldives,MDV,SA,SA_SA,2014,MDV2014,,18765.35922,2.360654464,0.173579248,413617
Maldives,MDV,SA,SA_SA,2015,MDV2015,,18829.44816,2.359728084,0.186882683,428154
Maldives,MDV,SA,SA_SA,2016,MDV2016,,19345.17923,2.386349631,0.192792852,443308
Maldives,MDV,SA,SA_SA,2017,MDV2017,,20036.71655,2.364358777,0.172454429,458287
Maldives,MDV,SA,SA_SA,2018,MDV2018,,21072.58054,2.356024961,0.17333762,473099
Maldives,MDV,SA,SA_SA,2019,MDV2019,,21855.50123,2.372692597,0.192767857,487731
Maldives,MDV,SA,SA_SA,2020,MDV2020,,14242.97508,2.379173623,0.156854138,502118
Maldives,MDV,SA,SA_SA,2021,MDV2021,,19052.62249,2.361580838,0.17333762,516154
Maldives,MDV,SA,SA_SA,2022,MDV2022,,21357.81125,2.355099193,0.186274446,524106
Mali,MLI,SSA,WA_SSA,1990,MLI1990,1337,1615.919155,29.19982114,0.268377467,9178830
Mali,MLI,SSA,WA_SSA,1991,MLI1991,1464,1770.215011,28.84674234,0.316000661,9362888
Mali,MLI,SSA,WA_SSA,1992,MLI1992,1389,1679.048113,28.60707911,0.29469313,9553540
Mali,MLI,SSA,WA_SSA,1993,MLI1993,1403,1696.571934,29.09877064,0.290443065,9754786
Mali,MLI,SSA,WA_SSA,1994,MLI1994,1426,1723.207618,28.44759829,0.388013408,9967031
Mali,MLI,SSA,WA_SSA,1995,MLI1995,1408,1701.799766,28.9061741,0.310376718,10185365
Mali,MLI,SSA,WA_SSA,1996,MLI1996,1476,1783.027506,29.25135214,0.300036716,10407278
Mali,MLI,SSA,WA_SSA,1997,MLI1997,1514,1827.13269,29.15860168,0.301534427,10646495
Mali,MLI,SSA,WA_SSA,1998,MLI1998,1588,1916.324216,29.44798744,0.33418906,10919573
Mali,MLI,SSA,WA_SSA,1999,MLI1999,1633,1970.034049,28.78467622,0.395707197,11227415
Mali,MLI,SSA,WA_SSA,2000,MLI2000,1585,1912.308984,29.05206106,0.302494345,11559290
Mali,MLI,SSA,WA_SSA,2001,MLI2001,1775,2140.992566,29.2038948,0.306622585,11912158
Mali,MLI,SSA,WA_SSA,2002,MLI2002,1773,2139.97092,29.45281677,0.267049806,12288050
Mali,MLI,SSA,WA_SSA,2003,MLI2003,1874,2262.051327,29.37792232,0.381322615,12684955
Mali,MLI,SSA,WA_SSA,2004,MLI2004,1842,2224.144095,29.46901784,0.322882152,13102409
Mali,MLI,SSA,WA_SSA,2005,MLI2005,1899,2314.015146,29.50341247,0.329723682,13538647
Mali,MLI,SSA,WA_SSA,2006,MLI2006,1923,2388.348203,29.12733157,0.329068345,13990139
Mali,MLI,SSA,WA_SSA,2007,MLI2007,1925,2400.652869,29.28485987,0.316444027,14457775
Mali,MLI,SSA,WA_SSA,2008,MLI2008,1952,2474.909969,28.90728456,0.346073129,14940782
Mali,MLI,SSA,WA_SSA,2009,MLI2009,1980,2506.580912,29.50304961,0.340492237,15435539
Mali,MLI,SSA,WA_SSA,2010,MLI2010,2019,2594.415649,29.72807189,0.402564935,15945198
Mali,MLI,SSA,WA_SSA,2011,MLI2011,2017,2612.84826,29.46466354,0.299152524,16469049
Mali,MLI,SSA,WA_SSA,2012,MLI2012,1943,2523.176981,28.99645851,0.371172457,16957033
Mali,MLI,SSA,WA_SSA,2013,MLI2013,1930,2508.921422,29.24423291,0.341988719,17459615
Mali,MLI,SSA,WA_SSA,2014,MLI2014,2002,2615.67031,29.20939059,0.332693978,18020267
Mali,MLI,SSA,WA_SSA,2015,MLI2015,2060,2686.559744,29.29600785,0.345202463,18593022
Mali,MLI,SSA,WA_SSA,2016,MLI2016,2112,2759.109582,29.50526029,0.341803438,19191289
Mali,MLI,SSA,WA_SSA,2017,MLI2017,2154,2816.193289,29.40414508,0.310948827,19813011
Mali,MLI,SSA,WA_SSA,2018,MLI2018,2186,2862.406324,29.35428204,0.358576447,20442030
Mali,MLI,SSA,WA_SSA,2019,MLI2019,2219,2916.170694,29.14409548,0.353097624,21068405
Mali,MLI,SSA,WA_SSA,2020,MLI2020,2124,2796.410384,29.43065077,0.374902879,21713836
Mali,MLI,SSA,WA_SSA,2021,MLI2021,2121,2796.227938,29.79625328,0.326972933,22388630
Mali,MLI,SSA,WA_SSA,2022,MLI2022,2133,2808.522474,29.1912947,0.392636642,23072640
Malta,MLT,E,SE_E,1990,MLT1990,16130,18191.59678,19.41144564,0.487279269,354170
Malta,MLT,E,SE_E,1991,MLT1991,16684,18815.75544,18.58091301,0.521807063,363845
Malta,MLT,E,SE_E,1992,MLT1992,17287,19496.21788,18.87811231,0.433012451,367618
Malta,MLT,E,SE_E,1993,MLT1993,17882,20167.36271,19.08649753,0.423251675,371308
Malta,MLT,E,SE_E,1994,MLT1994,18717,21108.69328,20.00038059,0.431429054,374797
Malta,MLT,E,SE_E,1995,MLT1995,19766,22291.56356,19.18369668,0.535279049,377419
Malta,MLT,E,SE_E,1996,MLT1996,20378,22982.21051,18.9309477,0.580759345,379905
Malta,MLT,E,SE_E,1997,MLT1997,21288,24008.00089,19.47816399,0.514486315,382791
Malta,MLT,E,SE_E,1998,MLT1998,22234,25075.05259,19.27538058,0.378390884,385287
Malta,MLT,E,SE_E,1999,MLT1999,23146,26103.37273,19.85038044,0.415412876,387578
Malta,MLT,E,SE_E,2000,MLT2000,27523,31039.90984,19.68371393,0.384482792,390087
Malta,MLT,E,SE_E,2001,MLT2001,26996,30574.52747,19.94486545,0.339732371,393028
Malta,MLT,E,SE_E,2002,MLT2002,27483,31179.29956,19.52261432,0.414946063,395969
Malta,MLT,E,SE_E,2003,MLT2003,28415,32119.18978,19.78651473,0.571419515,398582
Malta,MLT,E,SE_E,2004,MLT2004,28264,32034.09199,19.26149743,0.444799392,401268
Malta,MLT,E,SE_E,2005,MLT2005,29035,32747.47764,19.08096484,0.470400212,403834
Malta,MLT,E,SE_E,2006,MLT2006,29656,33390.62265,19.66983091,0.446569927,405308
Malta,MLT,E,SE_E,2007,MLT2007,30963,34950.29239,19.66983081,0.489128018,406724
Malta,MLT,E,SE_E,2008,MLT2008,31940,36254.98029,19.67818143,0.397390252,409379
Malta,MLT,E,SE_E,2009,MLT2009,31340,35480.59758,19.53096491,0.606518696,412477
Malta,MLT,E,SE_E,2010,MLT2010,32916,37494.83147,19.68098219,0.469441724,414508
Malta,MLT,E,SE_E,2011,MLT2011,32930,37706.66418,19.37263164,0.477638185,416268
Malta,MLT,E,SE_E,2012,MLT2012,33979,38902.22424,19.86984806,0.43443383,420028
Malta,MLT,E,SE_E,2013,MLT2013,35339,40884.37483,19.6087312,0.44066412,424810
Malta,MLT,E,SE_E,2014,MLT2014,37284,43124.08799,19.94483082,0.462416391,433481
Malta,MLT,E,SE_E,2015,MLT2015,39903,46130.27338,19.82538053,0.53283424,444220
Malta,MLT,E,SE_E,2016,MLT2016,40319,46924.88723,20.04763175,0.370999594,454505
Malta,MLT,E,SE_E,2017,MLT2017,43494,51581.94727,19.6448481,0.604951033,467106
Malta,MLT,E,SE_E,2018,MLT2018,45116,53371.01656,19.8614801,0.50030852,483903
Malta,MLT,E,SE_E,2019,MLT2019,46439,53345.2812,19.78094765,0.455519922,503912
Malta,MLT,E,SE_E,2020,MLT2020,41754,50395.85693,19.92539788,0.37214191,515490
Malta,MLT,E,SE_E,2021,MLT2021,46599,56805.27661,20.16711632,0.504009559,518150
Malta,MLT,E,SE_E,2022,MLT2022,48642,57784.82267,20.36708201,0.368773656,531113
Marshall Islands,MHL,O,Mi_O,1990,MHL1990,3418,3905.585849,7.599971934,0.741918135,44629
Marshall Islands,MHL,O,Mi_O,1991,MHL1991,3348,3828.463552,7.5308091,0.939892344,45568
Marshall Islands,MHL,O,Mi_O,1992,MHL1992,3515,4029.341251,7.596551254,0.565584535,46388
Marshall Islands,MHL,O,Mi_O,1993,MHL1993,3655,4207.409775,7.552848605,0.800900179,47093
Marshall Islands,MHL,O,Mi_O,1994,MHL1994,3800,4396.914649,7.61631676,0.741126293,47712
Marshall Islands,MHL,O,Mi_O,1995,MHL1995,4043,4703.433054,7.587431764,0.775614762,48266
Marshall Islands,MHL,O,Mi_O,1996,MHL1996,3567,4174.813922,7.614422077,0.793509506,48775
Marshall Islands,MHL,O,Mi_O,1997,MHL1997,3285,3867.342868,7.625053743,0.786032116,49259
Marshall Islands,MHL,O,Mi_O,1998,MHL1998,3209,3805.886915,7.634550848,0.565602907,49717
Marshall Islands,MHL,O,Mi_O,1999,MHL1999,3129,3718.811121,7.554346916,0.672565894,50202
Marshall Islands,MHL,O,Mi_O,2000,MHL2000,3149,3772.215802,7.599576135,0.719177587,50706
Marshall Islands,MHL,O,Mi_O,2001,MHL2001,3352,4000.730512,7.713234966,0.651468906,51123
Marshall Islands,MHL,O,Mi_O,2002,MHL2002,3472,4121.839646,7.743265605,0.775803415,51425
Marshall Islands,MHL,O,Mi_O,2003,MHL2003,3416,4040.655119,7.748205945,0.736360506,51639
Marshall Islands,MHL,O,Mi_O,2004,MHL2004,3467,4012.3445,7.788120461,0.728128217,51791
Marshall Islands,MHL,O,Mi_O,2005,MHL2005,3536,4075.158648,7.756953327,0.684653356,51906
Marshall Islands,MHL,O,Mi_O,2006,MHL2006,3552,4075.576432,7.718935925,0.65405531,51992
Marshall Islands,MHL,O,Mi_O,2007,MHL2007,3685,4222.412923,7.672574537,0.659952895,52035
Marshall Islands,MHL,O,Mi_O,2008,MHL2008,3417,3903.305587,7.596541168,0.674855671,52030
Marshall Islands,MHL,O,Mi_O,2009,MHL2009,3558,4047.226806,7.64749095,0.622332047,52019
Marshall Islands,MHL,O,Mi_O,2010,MHL2010,3764,4269.358433,7.527000121,0.751526612,52044
Marshall Islands,MHL,O,Mi_O,2011,MHL2011,3788,4259.116016,7.61556445,0.854382608,51907
Marshall Islands,MHL,O,Mi_O,2012,MHL2012,3793,4244.044344,7.769491816,0.648705079,51419
Marshall Islands,MHL,O,Mi_O,2013,MHL2013,3995,4469.853584,7.764175496,0.565526513,50681
Marshall Islands,MHL,O,Mi_O,2014,MHL2014,4022,4491.991939,7.75619827,0.824752708,49796
Marshall Islands,MHL,O,Mi_O,2015,MHL2015,4190,4670.109182,7.78088617,0.819217668,48800
Marshall Islands,MHL,O,Mi_O,2016,MHL2016,4376,4896.521955,7.816626639,0.624760473,47709
Marshall Islands,MHL,O,Mi_O,2017,MHL2017,4649,5199.34448,7.791921786,0.839332815,46529
Marshall Islands,MHL,O,Mi_O,2018,MHL2018,5040,5635.307504,7.749341892,1.003182893,45285
Marshall Islands,MHL,O,Mi_O,2019,MHL2019,5719,6405.075649,7.791537131,0.690337438,44007
Marshall Islands,MHL,O,Mi_O,2020,MHL2020,5725,6417.184412,7.814346973,0.803386728,42706
Marshall Islands,MHL,O,Mi_O,2021,MHL2021,5976,6705.875292,7.722746655,0.817022381,41367
Marshall Islands,MHL,O,Mi_O,2022,MHL2022,6004,6844.334678,7.648238237,0.835962035,40077
Mauritania,MRT,SSA,WA_SSA,1990,MRT1990,4612,5519.610341,28.67870648,0.076573695,1951878
Mauritania,MRT,SSA,WA_SSA,1991,MRT1991,4557,5456.555765,28.36958597,0.079499506,2009738
Mauritania,MRT,SSA,WA_SSA,1992,MRT1992,4467,5350.118042,28.26936758,0.085404039,2088135
Mauritania,MRT,SSA,WA_SSA,1993,MRT1993,4540,5439.822293,28.39884142,0.104483016,2174328
Mauritania,MRT,SSA,WA_SSA,1994,MRT1994,4253,5097.208395,28.06574158,0.108802949,2249454
Mauritania,MRT,SSA,WA_SSA,1995,MRT1995,4543,5446.269566,28.55113481,0.115474794,2312017
Mauritania,MRT,SSA,WA_SSA,1996,MRT1996,4711,5650.341186,28.72046441,0.087978006,2358188
Mauritania,MRT,SSA,WA_SSA,1997,MRT1997,4420,5302.366638,28.82931114,0.099475502,2411306
Mauritania,MRT,SSA,WA_SSA,1998,MRT1998,4424,5310.158196,29.12950959,0.107909463,2474651
Mauritania,MRT,SSA,WA_SSA,1999,MRT1999,4464,5359.988825,28.34455839,0.127524317,2541698
Mauritania,MRT,SSA,WA_SSA,2000,MRT2000,4171,5008.608071,28.55800218,0.107349697,2613441
Mauritania,MRT,SSA,WA_SSA,2001,MRT2001,4037,4847.410865,29.08463609,0.099945908,2678760
Mauritania,MRT,SSA,WA_SSA,2002,MRT2002,4006,4806.898539,28.95874152,0.092280308,2738655
Mauritania,MRT,SSA,WA_SSA,2003,MRT2003,4192,5023.652139,28.85152947,0.135727884,2802046
Mauritania,MRT,SSA,WA_SSA,2004,MRT2004,4297,5139.225525,28.91050321,0.100192737,2868664
Mauritania,MRT,SSA,WA_SSA,2005,MRT2005,4563,5445.829517,29.07844476,0.129901952,2939059
Mauritania,MRT,SSA,WA_SSA,2006,MRT2006,5279,6284.702096,28.8068881,0.102594167,3013660
Mauritania,MRT,SSA,WA_SSA,2007,MRT2007,5056,6002.778327,28.85178397,0.100509241,3093059
Mauritania,MRT,SSA,WA_SSA,2008,MRT2008,4915,5813.356089,28.79975106,0.127662084,3183269
Mauritania,MRT,SSA,WA_SSA,2009,MRT2009,4787,5639.787455,28.88629329,0.118649429,3284448
Mauritania,MRT,SSA,WA_SSA,2010,MRT2010,4774,5605.763893,29.43590937,0.149339471,3390965
Mauritania,MRT,SSA,WA_SSA,2011,MRT2011,4825,5653.217205,28.89561652,0.097600495,3502811
Mauritania,MRT,SSA,WA_SSA,2012,MRT2012,4886,5716.251958,28.65427036,0.125351037,3619034
Mauritania,MRT,SSA,WA_SSA,2013,MRT2013,4943,5769.728714,29.02425635,0.122807171,3734318
Mauritania,MRT,SSA,WA_SSA,2014,MRT2014,5020,5837.852037,28.76289113,0.104001556,3848514
Mauritania,MRT,SSA,WA_SSA,2015,MRT2015,5152,5969.542399,29.01144265,0.125161261,3965959
Mauritania,MRT,SSA,WA_SSA,2016,MRT2016,5081,5866.281453,29.07374592,0.108459066,4086657
Mauritania,MRT,SSA,WA_SSA,2017,MRT2017,5259,6050.621808,29.06188305,0.096289897,4210600
Mauritania,MRT,SSA,WA_SSA,2018,MRT2018,5367,6153.637909,28.5374055,0.110786144,4337685
Mauritania,MRT,SSA,WA_SSA,2019,MRT2019,5393,6162.210451,28.45653372,0.106037765,4467708
Mauritania,MRT,SSA,WA_SSA,2020,MRT2020,5236,5963.235503,29.11552002,0.126298813,4600131
Mauritania,MRT,SSA,WA_SSA,2021,MRT2021,5142,5836.565808,29.1643781,0.11300767,4734874
Mauritania,MRT,SSA,WA_SSA,2022,MRT2022,5330,6053.261787,28.88381546,0.136688109,4875637
Mauritius,MUS,SSA,EA_SSA,1990,MUS1990,8234,8951.338014,22.73333375,1.678200029,1058775
Mauritius,MUS,SSA,EA_SSA,1991,MUS1991,8507,9248.00025,23.10833375,2.19790004,1070266
Mauritius,MUS,SSA,EA_SSA,1992,MUS1992,8942,9721.538963,22.67500019,1.601400021,1084441
Mauritius,MUS,SSA,EA_SSA,1993,MUS1993,9286,10095.19876,22.80000051,3.307900059,1097374
Mauritius,MUS,SSA,EA_SSA,1994,MUS1994,9536,10366.59086,22.98333391,2.239200012,1112846
Mauritius,MUS,SSA,EA_SSA,1995,MUS1995,9859,10718.51344,22.83333381,2.413200001,1122457
Mauritius,MUS,SSA,EA_SSA,1996,MUS1996,10304,11202.28632,22.60833343,1.58280002,1133996
Mauritius,MUS,SSA,EA_SSA,1997,MUS1997,10755,11692.09701,22.93333387,2.177200035,1148284
Mauritius,MUS,SSA,EA_SSA,1998,MUS1998,11289,12272.31959,23.22500038,2.741500038,1160421
Mauritius,MUS,SSA,EA_SSA,1999,MUS1999,11437,12433.66975,22.85833359,1.402400017,1175267
Mauritius,MUS,SSA,EA_SSA,2000,MUS2000,12254,13322.02014,22.81666708,1.971100042,1186873
Mauritius,MUS,SSA,EA_SSA,2001,MUS2001,12565,13659.63514,23.29166698,1.98000004,1196287
Mauritius,MUS,SSA,EA_SSA,2002,MUS2002,12679,13784.19875,23.24166679,2.414400024,1204621
Mauritius,MUS,SSA,EA_SSA,2003,MUS2003,13334,14495.69367,23.41666714,2.491800049,1213370
Mauritius,MUS,SSA,EA_SSA,2004,MUS2004,13824,15028.81764,23.30000051,2.380600037,1221003
Mauritius,MUS,SSA,EA_SSA,2005,MUS2005,13987,15205.6616,23.10833359,2.917600052,1228254
Mauritius,MUS,SSA,EA_SSA,2006,MUS2006,14599,15871.30263,23.25833384,2.634000015,1233996
Mauritius,MUS,SSA,EA_SSA,2007,MUS2007,15365,16703.99005,23.25833368,2.356000031,1239630
Mauritius,MUS,SSA,EA_SSA,2008,MUS2008,16134,17540.28183,23.18333356,2.511400017,1244121
Mauritius,MUS,SSA,EA_SSA,2009,MUS2009,16625,18073.69942,23.69166692,2.538500053,1247429
Mauritius,MUS,SSA,EA_SSA,2010,MUS2010,17312,18819.99841,23.74166695,2.560000044,1250400
Mauritius,MUS,SSA,EA_SSA,2011,MUS2011,17989,19556.04878,23.70000029,2.472600056,1252404
Mauritius,MUS,SSA,EA_SSA,2012,MUS2012,18566,20183.70007,23.55000051,1.870700045,1255882
Mauritius,MUS,SSA,EA_SSA,2013,MUS2013,19144,20811.49499,23.57500029,2.327800045,1258927
Mauritius,MUS,SSA,EA_SSA,2014,MUS2014,19840,21568.86485,23.95833365,2.039200054,1261208
Mauritius,MUS,SSA,EA_SSA,2015,MUS2015,20545,22335.28362,23.90833378,2.765500031,1262879
Mauritius,MUS,SSA,EA_SSA,2016,MUS2016,21324,23182.04341,23.68333371,1.914800064,1263747
Mauritius,MUS,SSA,EA_SSA,2017,MUS2017,22144,24073.23256,24.10000038,2.210900009,1264887
Mauritius,MUS,SSA,EA_SSA,2018,MUS2018,23019,25024.13379,23.82500029,3.240100006,1265577
Mauritius,MUS,SSA,EA_SSA,2019,MUS2019,23676,25739.3549,24.17500051,2.405900063,1265985
Mauritius,MUS,SSA,EA_SSA,2020,MUS2020,20232,21994.66598,23.62500016,1.773400017,1266014
Mauritius,MUS,SSA,EA_SSA,2021,MUS2021,20915,22737.57294,23.72500038,2.245700055,1266334
Mauritius,MUS,SSA,EA_SSA,2022,MUS2022,22841,24788.7665,23.31666676,2.336400023,1262523
Mexico,MEX,LA,CA_LA,1990,MEX1990,17575.4647,17169.59258,21.0119077,0.817141138,82820170
Mexico,MEX,LA,CA_LA,1991,MEX1991,17926.55275,17511.73131,20.92451843,0.750161401,84430572
Mexico,MEX,LA,CA_LA,1992,MEX1992,18218.06261,17796.40596,20.6844252,0.774617501,86044809
Mexico,MEX,LA,CA_LA,1993,MEX1993,18392.62172,17970.58718,20.86937039,0.769965349,87653807
Mexico,MEX,LA,CA_LA,1994,MEX1994,18842.80886,18422.81993,21.33756957,0.654039656,89259205
Mexico,MEX,LA,CA_LA,1995,MEX1995,17353.93788,17028.1215,21.32296751,0.754191967,90862455
Mexico,MEX,LA,CA_LA,1996,MEX1996,18115.0995,17775.87279,21.22692435,0.717989556,92452702
Mexico,MEX,LA,CA_LA,1997,MEX1997,19106.95461,18737.64264,20.80715563,0.732242072,94021207
Mexico,MEX,LA,CA_LA,1998,MEX1998,19911.1307,19573.06545,21.4398506,0.779291188,95575245
Mexico,MEX,LA,CA_LA,1999,MEX1999,20139.66018,19793.28528,21.16789279,0.78420338,97115707
Mexico,MEX,LA,CA_LA,2000,MEX2000,20878.13005,20470.49376,21.31104966,0.722623575,98625552
Mexico,MEX,LA,CA_LA,2001,MEX2001,20448.34165,20078.21839,21.10820884,0.687258152,100099099
Mexico,MEX,LA,CA_LA,2002,MEX2002,20268.70932,19744.79337,21.1883574,0.729208709,101548624
Mexico,MEX,LA,CA_LA,2003,MEX2003,19243.132,19701.46339,21.30657185,0.77323933,102978515
Mexico,MEX,LA,CA_LA,2004,MEX2004,19485.87533,20127.22429,21.07787172,0.840610692,104394131
Mexico,MEX,LA,CA_LA,2005,MEX2005,19581.3822,20277.25528,21.41030046,0.723169617,105811504
Mexico,MEX,LA,CA_LA,2006,MEX2006,20179.12319,20965.82561,21.59303635,0.813238053,107253666
Mexico,MEX,LA,CA_LA,2007,MEX2007,20352.19129,21102.26883,21.17796514,0.779445948,108774360
Mexico,MEX,LA,CA_LA,2008,MEX2008,20247.04068,20992.56026,21.20608615,0.793866244,110374288
Mexico,MEX,LA,CA_LA,2009,MEX2009,19212.32833,19385.54372,21.57550614,0.682585577,111999721
Mexico,MEX,LA,CA_LA,2010,MEX2010,19830.19605,20058.38548,20.94257965,0.825043013,113623895
Mexico,MEX,LA,CA_LA,2011,MEX2011,20070.57037,20457.60017,21.70345344,0.69132672,115243504
Mexico,MEX,LA,CA_LA,2012,MEX2012,20549.2083,20898.93572,21.91871482,0.706044514,116818208
Mexico,MEX,LA,CA_LA,2013,MEX2013,20692.38191,20805.34804,21.3201149,0.926876233,118343573
Mexico,MEX,LA,CA_LA,2014,MEX2014,21002.3787,21069.76616,21.46179825,0.861557044,119784261
Mexico,MEX,LA,CA_LA,2015,MEX2015,21631.19898,21408.92832,21.67071814,0.761630776,121072306
Mexico,MEX,LA,CA_LA,2016,MEX2016,21870.83362,21578.26336,21.95221979,0.798328677,122251351
Mexico,MEX,LA,CA_LA,2017,MEX2017,22029.3111,21777.52251,22.17198248,0.792306567,123400057
Mexico,MEX,LA,CA_LA,2018,MEX2018,22339.97009,21997.77301,21.77015426,0.778166643,124573711
Mexico,MEX,LA,CA_LA,2019,MEX2019,22098.09578,21704.18595,21.89117724,0.718253202,125762982
Mexico,MEX,LA,CA_LA,2020,MEX2020,20027.93535,19728.48178,22.2177727,0.688426717,126799054
Mexico,MEX,LA,CA_LA,2021,MEX2021,21095.01831,20782.58774,21.90323519,0.835345225,127648148
Mexico,MEX,LA,CA_LA,2022,MEX2022,21796.47626,21392.11146,21.79020473,0.745220769,128613117
"Micronesia, Fed. Sts.",FSM,O,Mi_O,1990,FSM1990,2925,3136.951433,15.50179986,2.075670337,100888
"Micronesia, Fed. Sts.",FSM,O,Mi_O,1991,FSM1991,3086,3308.745761,15.41789705,2.156786186,102754
"Micronesia, Fed. Sts.",FSM,O,Mi_O,1992,FSM1992,3132,3373.982308,15.45543864,1.79081593,104806
"Micronesia, Fed. Sts.",FSM,O,Mi_O,1993,FSM1993,3287,3571.629206,15.35527865,2.210954037,107066
"Micronesia, Fed. Sts.",FSM,O,Mi_O,1994,FSM1994,3185,3487.105601,15.43248146,2.022291426,109075
"Micronesia, Fed. Sts.",FSM,O,Mi_O,1995,FSM1995,3363,3692.606226,15.48728998,2.002994109,110230
"Micronesia, Fed. Sts.",FSM,O,Mi_O,1996,FSM1996,3242,3559.593416,15.45737977,2.175994472,110710
"Micronesia, Fed. Sts.",FSM,O,Mi_O,1997,FSM1997,3036,3332.980598,15.33376847,1.962240269,111071
"Micronesia, Fed. Sts.",FSM,O,Mi_O,1998,FSM1998,3115,3418.569598,15.41392239,1.722968082,111377
"Micronesia, Fed. Sts.",FSM,O,Mi_O,1999,FSM1999,3154,3456.153301,15.31326764,2.158600503,111680
"Micronesia, Fed. Sts.",FSM,O,Mi_O,2000,FSM2000,3301,3611.449584,15.56652876,2.224291853,112044
"Micronesia, Fed. Sts.",FSM,O,Mi_O,2001,FSM2001,3366,3679.190771,15.64730917,2.078332403,112365
"Micronesia, Fed. Sts.",FSM,O,Mi_O,2002,FSM2002,3383,3696.585324,15.65884701,2.177911701,112448
"Micronesia, Fed. Sts.",FSM,O,Mi_O,2003,FSM2003,3442,3760.150458,15.57242208,2.26629594,112285
"Micronesia, Fed. Sts.",FSM,O,Mi_O,2004,FSM2004,3347,3656.053843,15.66462176,2.202730572,111925
"Micronesia, Fed. Sts.",FSM,O,Mi_O,2005,FSM2005,3430,3747.883756,15.67830988,2.125081324,111412
"Micronesia, Fed. Sts.",FSM,O,Mi_O,2006,FSM2006,3448,3767.944903,15.65308516,2.054276599,110729
"Micronesia, Fed. Sts.",FSM,O,Mi_O,2007,FSM2007,3408,3727.33732,15.62090266,2.104097267,109880
"Micronesia, Fed. Sts.",FSM,O,Mi_O,2008,FSM2008,3351,3669.086497,15.5113706,1.925951418,108936
"Micronesia, Fed. Sts.",FSM,O,Mi_O,2009,FSM2009,3414,3742.829796,15.54955036,1.998422733,107957
"Micronesia, Fed. Sts.",FSM,O,Mi_O,2010,FSM2010,3500,3842.236126,15.45158281,2.021355414,107540
"Micronesia, Fed. Sts.",FSM,O,Mi_O,2011,FSM2011,3602,3958.932152,15.51045795,2.276288996,107698
"Micronesia, Fed. Sts.",FSM,O,Mi_O,2012,FSM2012,3523,3878.11227,15.65370393,2.177493358,107890
"Micronesia, Fed. Sts.",FSM,O,Mi_O,2013,FSM2013,3382,3727.426065,15.77672646,1.990752974,108121
"Micronesia, Fed. Sts.",FSM,O,Mi_O,2014,FSM2014,3291,3632.241566,15.64221017,2.150275735,108396
"Micronesia, Fed. Sts.",FSM,O,Mi_O,2015,FSM2015,3430,3788.9341,15.66932394,2.163638724,108716
"Micronesia, Fed. Sts.",FSM,O,Mi_O,2016,FSM2016,3446,3794.745459,15.8470099,1.935692873,109075
"Micronesia, Fed. Sts.",FSM,O,Mi_O,2017,FSM2017,3522,3811.789652,15.83675681,2.191892923,109481
"Micronesia, Fed. Sts.",FSM,O,Mi_O,2018,FSM2018,3514,3796.946045,15.81347116,2.192380304,109909
"Micronesia, Fed. Sts.",FSM,O,Mi_O,2019,FSM2019,3541,3938.557088,15.79858186,2.109086946,110282
"Micronesia, Fed. Sts.",FSM,O,Mi_O,2020,FSM2020,3421,3850.530525,15.7714503,2.068447455,110916
"Micronesia, Fed. Sts.",FSM,O,Mi_O,2021,FSM2021,3321,3944.705715,15.63014286,2.281186535,111624
"Micronesia, Fed. Sts.",FSM,O,Mi_O,2022,FSM2022,3264,3813.338308,15.62037022,2.242847224,112114
Moldova,MDA,E,EE_E,1990,MDA1990,9585,15902.89432,11.0977816,0.391888804,2977912
Moldova,MDA,E,EE_E,1991,MDA1991,9171,13342.06002,9.985847799,0.531884142,2981566
Moldova,MDA,E,EE_E,1992,MDA1992,8303,9461.427726,10.3109599,0.439397887,2980965
Moldova,MDA,E,EE_E,1993,MDA1993,8225,9363.593099,9.526757498,0.500297102,2975966
Moldova,MDA,E,EE_E,1994,MDA1994,5677,6490.353103,10.98254528,0.385071495,2966745
Moldova,MDA,E,EE_E,1995,MDA1995,5618,6428.839794,10.25197628,0.573355304,2953200
Moldova,MDA,E,EE_E,1996,MDA1996,5298,6063.140517,9.446772436,0.553619276,2947293
Moldova,MDA,E,EE_E,1997,MDA1997,5406,6185.839525,9.379072542,0.620578612,2936413
Moldova,MDA,E,EE_E,1998,MDA1998,5054,5783.485938,10.2685559,0.524550296,2935227
Moldova,MDA,E,EE_E,1999,MDA1999,4891,5597.465129,11.20564009,0.483306763,2930622
Moldova,MDA,E,EE_E,2000,MDA2000,5005,5727.079225,11.20891967,0.424434358,2924668
Moldova,MDA,E,EE_E,2001,MDA2001,5322,6090.034744,10.66197217,0.53981719,2918135
Moldova,MDA,E,EE_E,2002,MDA2002,5750,6580.278414,11.06838224,0.512641548,2911385
Moldova,MDA,E,EE_E,2003,MDA2003,6147,7034.357849,9.919059762,0.41225415,2903198
Moldova,MDA,E,EE_E,2004,MDA2004,6618,7573.617845,10.51380156,0.558164239,2896023
Moldova,MDA,E,EE_E,2005,MDA2005,7132,8161.473447,10.52909275,0.559434959,2888985
Moldova,MDA,E,EE_E,2006,MDA2006,7495,8577.02858,10.30183112,0.483439771,2880967
Moldova,MDA,E,EE_E,2007,MDA2007,7738,8854.833976,11.74898436,0.451567126,2874299
Moldova,MDA,E,EE_E,2008,MDA2008,8357,9563.698143,11.34848727,0.477319054,2868833
Moldova,MDA,E,EE_E,2009,MDA2009,7866,9001.234321,11.33559962,0.438987786,2865213
Moldova,MDA,E,EE_E,2010,MDA2010,8433,9649.950993,11.03200378,0.639633661,2862354
Moldova,MDA,E,EE_E,2011,MDA2011,8929,10217.30878,10.49674935,0.388613572,2860699
Moldova,MDA,E,EE_E,2012,MDA2012,8877,10158.38547,11.19572375,0.515868492,2860324
Moldova,MDA,E,EE_E,2013,MDA2013,9682,11080.06346,11.3103621,0.520782961,2859558
Moldova,MDA,E,EE_E,2014,MDA2014,10173,11641.12084,11.2394047,0.558127966,2857815
Moldova,MDA,E,EE_E,2015,MDA2015,10216,11691.07975,11.82466714,0.438367685,2835978
Moldova,MDA,E,EE_E,2016,MDA2016,10816,12377.36668,11.46339189,0.537093635,2803186
Moldova,MDA,E,EE_E,2017,MDA2017,11464,13118.82194,11.33980335,0.519820707,2755189
Moldova,MDA,E,EE_E,2018,MDA2018,12143,13895.50437,11.50644288,0.500808177,2707203
Moldova,MDA,E,EE_E,2019,MDA2019,12777,14621.24014,12.31257488,0.373238848,2664224
Moldova,MDA,E,EE_E,2020,MDA2020,11849,13559.26002,12.45896987,0.438717067,2635130
Moldova,MDA,E,EE_E,2021,MDA2021,13704,15682.07033,10.94245045,0.587193755,2595809
Moldova,MDA,E,EE_E,2022,MDA2022,13308,15358.01536,11.76320874,0.364963955,2528654
Mongolia,MNG,CEA,EA_CEA,1990,MNG1990,4024.737814,6637.819267,0.880882114,0.286314215,2098710
Mongolia,MNG,CEA,EA_CEA,1991,MNG1991,3596.023992,5874.255582,0.143295997,0.24825287,2165342
Mongolia,MNG,CEA,EA_CEA,1992,MNG1992,3197.998906,5324.487597,0.416520935,0.224503002,2167790
Mongolia,MNG,CEA,EA_CEA,1993,MNG1993,3039.451838,5162.09987,-0.029348664,0.282336545,2165130
Mongolia,MNG,CEA,EA_CEA,1994,MNG1994,3051.607303,5213.846326,0.940438104,0.286077101,2189395
Mongolia,MNG,CEA,EA_CEA,1995,MNG1995,3195.100475,5457.685016,1.181838652,0.215148307,2224945
Mongolia,MNG,CEA,EA_CEA,1996,MNG1996,3210.236578,5494.32134,0.149091049,0.218146486,2259507
Mongolia,MNG,CEA,EA_CEA,1997,MNG1997,3281.523225,5628.106635,1.221971794,0.221159366,2291750
Mongolia,MNG,CEA,EA_CEA,1998,MNG1998,3339.61713,5735.843836,1.911703312,0.273345647,2323809
Mongolia,MNG,CEA,EA_CEA,1999,MNG1999,3389.987787,5829.166415,1.378317232,0.217521857,2356813
Mongolia,MNG,CEA,EA_CEA,2000,MNG2000,3379.408245,5818.243078,0.473102624,0.215077231,2388299
Mongolia,MNG,CEA,EA_CEA,2001,MNG2001,3660.353104,5917.070884,1.060118566,0.203062042,2417751
Mongolia,MNG,CEA,EA_CEA,2002,MNG2002,3309.910265,6117.982422,1.555964298,0.189594074,2449027
Mongolia,MNG,CEA,EA_CEA,2003,MNG2003,3339.912763,6463.789667,0.539647249,0.258124459,2480374
Mongolia,MNG,CEA,EA_CEA,2004,MNG2004,4087.825515,7070.667158,1.49969311,0.175252313,2508412
Mongolia,MNG,CEA,EA_CEA,2005,MNG2005,4062.246297,7499.848039,0.144513799,0.193176488,2536407
Mongolia,MNG,CEA,EA_CEA,2006,MNG2006,4547.636897,8043.996781,1.293157785,0.189509255,2567168
Mongolia,MNG,CEA,EA_CEA,2007,MNG2007,5243.36173,8750.134074,2.633470109,0.191029247,2601850
Mongolia,MNG,CEA,EA_CEA,2008,MNG2008,5753.100599,9379.854897,1.509811244,0.218799693,2643201
Mongolia,MNG,CEA,EA_CEA,2009,MNG2009,5403.809358,9095.976989,0.859037139,0.201998362,2691115
Mongolia,MNG,CEA,EA_CEA,2010,MNG2010,5160.379681,9507.118824,-0.254044383,0.221056723,2738622
Mongolia,MNG,CEA,EA_CEA,2011,MNG2011,5555.827311,10960.09593,0.234621635,0.213232887,2786317
Mongolia,MNG,CEA,EA_CEA,2012,MNG2012,6030.928622,12078.91853,-0.407081243,0.26450231,2839705
Mongolia,MNG,CEA,EA_CEA,2013,MNG2013,7399.275235,13210.09457,1.164844629,0.27069065,2899011
Mongolia,MNG,CEA,EA_CEA,2014,MNG2014,7892.00026,13943.42771,1.485078409,0.217997044,2963113
Mongolia,MNG,CEA,EA_CEA,2015,MNG2015,7888.417703,13974.59673,1.931999696,0.193172886,3026864
Mongolia,MNG,CEA,EA_CEA,2016,MNG2016,7443.420006,13898.1457,0.984126633,0.265294927,3088856
Mongolia,MNG,CEA,EA_CEA,2017,MNG2017,7159.400682,14401.53751,2.131495331,0.183070961,3148917
Mongolia,MNG,CEA,EA_CEA,2018,MNG2018,7279.718436,15230.24088,1.405251164,0.267279303,3208189
Mongolia,MNG,CEA,EA_CEA,2019,MNG2019,7668.197207,15790.69611,1.588530943,0.224012802,3267673
Mongolia,MNG,CEA,EA_CEA,2020,MNG2020,7835.154087,14801.34208,1.58940118,0.264543724,3327204
Mongolia,MNG,CEA,EA_CEA,2021,MNG2021,7810.286577,14792.25091,2.062631025,0.278382817,3383741
Mongolia,MNG,CEA,EA_CEA,2022,MNG2022,8055.571837,15310.43495,1.22071915,0.193692211,3433748
Montenegro,MNE,E,SE_E,1997,MNE1997,12579,14618.88185,9.0039931,1.125017589,609520
Montenegro,MNE,E,SE_E,1998,MNE1998,13236,15382.09716,9.285460136,1.301691476,607662
Montenegro,MNE,E,SE_E,1999,MNE1999,12025,13974.37827,9.556122158,1.522167073,606001
Montenegro,MNE,E,SE_E,2000,MNE2000,12419,14432.61478,10.27889119,1.094137212,604950
Montenegro,MNE,E,SE_E,2001,MNE2001,12505,14532.75799,9.404852862,1.255562406,607389
Montenegro,MNE,E,SE_E,2002,MNE2002,12692,14750.22228,10.11658446,1.333755327,609828
Montenegro,MNE,E,SE_E,2003,MNE2003,12956,15056.20292,9.445737032,1.086407917,612267
Montenegro,MNE,E,SE_E,2004,MNE2004,13505,15694.75974,9.129742569,1.54651337,613353
Montenegro,MNE,E,SE_E,2005,MNE2005,14049,16326.7257,8.700470685,1.519181175,614261
Montenegro,MNE,E,SE_E,2006,MNE2006,15233,17703.32239,9.433627266,1.199537398,615025
Montenegro,MNE,E,SE_E,2007,MNE2007,16248,18882.84804,10.30886782,1.311425537,615875
Montenegro,MNE,E,SE_E,2008,MNE2008,17391,20210.80828,10.18008246,1.317961686,616969
Montenegro,MNE,E,SE_E,2009,MNE2009,16348,18998.77066,10.10639579,1.523294609,618294
Montenegro,MNE,E,SE_E,2010,MNE2010,16764,19482.52746,9.249101936,1.846256124,619428
Montenegro,MNE,E,SE_E,2011,MNE2011,17288,20081.78228,9.796983975,0.908948695,620345
Montenegro,MNE,E,SE_E,2012,MNE2012,16803,19501.06589,10.13903504,1.228953874,621418
Montenegro,MNE,E,SE_E,2013,MNE2013,17382,20155.23914,10.01820722,1.526648944,622587
Montenegro,MNE,E,SE_E,2014,MNE2014,17675,20476.69448,10.67330582,1.717780744,623744
Montenegro,MNE,E,SE_E,2015,MNE2015,18264,21140.1921,10.49159541,1.226598424,624651
Montenegro,MNE,E,SE_E,2016,MNE2016,18798,21739.24446,10.05053671,1.461344708,625353
Montenegro,MNE,E,SE_E,2017,MNE2017,19682,22741.69406,10.12513873,1.171152735,625982
Montenegro,MNE,E,SE_E,2018,MNE2018,20687,23879.09714,10.84146248,1.234722672,626438
Montenegro,MNE,E,SE_E,2019,MNE2019,21534,24836.80271,11.00095434,1.516421317,626753
Montenegro,MNE,E,SE_E,2020,MNE2020,18259,21040.53173,10.49213737,1.212553874,626590
Montenegro,MNE,E,SE_E,2021,MNE2021,20711,23843.43294,9.864576978,1.401966809,625053
Montenegro,MNE,E,SE_E,2022,MNE2022,22109,25430.48742,10.79209324,1.100023292,623591
Morocco,MAR,MENA,_ME,1990,MAR1990,4301.266962,4418.660156,18.09366431,0.279029173,24375551
Morocco,MAR,MENA,_ME,1991,MAR1991,4522.657508,4656.125977,17.33636593,0.33760456,24799014
Morocco,MAR,MENA,_ME,1992,MAR1992,4344.563637,4483.249512,17.45401354,0.260864138,25212468
Morocco,MAR,MENA,_ME,1993,MAR1993,4233.153903,4379.76416,17.10680856,0.281124316,25614586
Morocco,MAR,MENA,_ME,1994,MAR1994,4598.393778,4771.092773,17.96351619,0.219162439,26000822
Morocco,MAR,MENA,_ME,1995,MAR1995,4272.949692,4444.228516,18.5047675,0.271781709,26399429
Morocco,MAR,MENA,_ME,1996,MAR1996,4717.873227,4916.47998,17.74194071,0.543127968,26808107
Morocco,MAR,MENA,_ME,1997,MAR1997,4564.065058,4766.110352,18.40180616,0.352806037,27213337
Morocco,MAR,MENA,_ME,1998,MAR1998,4811.337222,5033.92334,18.09974902,0.231324226,27621648
Morocco,MAR,MENA,_ME,1999,MAR1999,4812.496925,5043.665039,17.82196,0.30188564,28027179
Morocco,MAR,MENA,_ME,2000,MAR2000,4857.592315,5100.115723,18.04331753,0.25157,28423435
Morocco,MAR,MENA,_ME,2001,MAR2001,5146.787463,5417.578613,18.42515088,0.246601268,28814643
Morocco,MAR,MENA,_ME,2002,MAR2002,5263.546371,5544.071777,18.17142621,0.339514685,29198142
Morocco,MAR,MENA,_ME,2003,MAR2003,5515.341673,5810.053223,18.35132582,0.36319609,29571415
Morocco,MAR,MENA,_ME,2004,MAR2004,5703.880483,5996.390137,18.06279631,0.29003891,29953018
Morocco,MAR,MENA,_ME,2005,MAR2005,5805.976639,6103.422363,18.02277742,0.236401224,30358144
Morocco,MAR,MENA,_ME,2006,MAR2006,6151.053026,6488.673828,18.38324251,0.336573568,30771178
Morocco,MAR,MENA,_ME,2007,MAR2007,6278.037624,6620.590332,18.02239904,0.259244636,31186468
Morocco,MAR,MENA,_ME,2008,MAR2008,6573.373693,6901.950684,18.0317428,0.367796371,31606767
Morocco,MAR,MENA,_ME,2009,MAR2009,6755.380359,7063.727051,18.52650081,0.350620635,32030778
Morocco,MAR,MENA,_ME,2010,MAR2010,6900.860949,7210.636719,18.64350755,0.477595858,32467016
Morocco,MAR,MENA,_ME,2011,MAR2011,7179.090053,7503.792969,18.43176162,0.364265424,32912588
Morocco,MAR,MENA,_ME,2012,MAR2012,7293.66722,7628.644043,18.29588507,0.324046474,33355241
Morocco,MAR,MENA,_ME,2013,MAR2013,7487.067883,7839.032227,18.06705365,0.269385243,33787571
Morocco,MAR,MENA,_ME,2014,MAR2014,7584.98364,7951.79834,18.50119635,0.307494864,34204780
Morocco,MAR,MENA,_ME,2015,MAR2015,7811.123769,8198.808594,18.60815342,0.227992648,34607588
Morocco,MAR,MENA,_ME,2016,MAR2016,7753.223372,8141.94043,18.72422308,0.286389506,35023457
Morocco,MAR,MENA,_ME,2017,MAR2017,8045.685962,8450.008789,18.91782036,0.217428373,35446392
Morocco,MAR,MENA,_ME,2018,MAR2018,8196.930614,8611.75,17.74410382,0.418007995,35839760
Morocco,MAR,MENA,_ME,2019,MAR2019,8343.152078,8768.175781,18.30768584,0.222235126,36210898
Morocco,MAR,MENA,_ME,2020,MAR2020,7660.860461,8054.562988,18.77873471,0.224430237,36584208
Morocco,MAR,MENA,_ME,2021,MAR2021,8186.085015,8623.265625,18.54710068,0.26097609,36954442
Morocco,MAR,MENA,_ME,2022,MAR2022,8201.947855,8666.079102,19.18879315,0.255521172,37329064
Mozambique,MOZ,SSA,EA_SSA,1990,MOZ1990,475.4184721,547.6227814,24.12977765,0.814747138,13094537
Mozambique,MOZ,SSA,EA_SSA,1991,MOZ1991,488.5392196,563.5121034,24.12384518,0.97928886,13352090
Mozambique,MOZ,SSA,EA_SSA,1992,MOZ1992,442.927417,510.8228229,24.70508089,0.680371514,13613316
Mozambique,MOZ,SSA,EA_SSA,1993,MOZ1993,477.6341765,549.0487598,24.33706361,0.978502761,14051192
Mozambique,MOZ,SSA,EA_SSA,1994,MOZ1994,484.1411981,546.2096882,24.01699699,0.815964625,15033853
Mozambique,MOZ,SSA,EA_SSA,1995,MOZ1995,472.5316653,525.4186718,24.56158713,0.837784352,15960530
Mozambique,MOZ,SSA,EA_SSA,1996,MOZ1996,507.1685816,562.8574563,24.10510678,1.037940569,16492480
Mozambique,MOZ,SSA,EA_SSA,1997,MOZ1997,550.1592039,612.3715513,24.11558694,1.140433899,16949982
Mozambique,MOZ,SSA,EA_SSA,1998,MOZ1998,592.9199885,660.6501778,24.62398688,0.952133536,17340464
Mozambique,MOZ,SSA,EA_SSA,1999,MOZ1999,647.6557941,722.3055614,24.11277667,1.138924887,17734506
Mozambique,MOZ,SSA,EA_SSA,2000,MOZ2000,633.4996728,711.9763935,23.9284019,1.190852554,18129653
Mozambique,MOZ,SSA,EA_SSA,2001,MOZ2001,698.1106526,785.7901736,24.21822326,1.130300017,18537729
Mozambique,MOZ,SSA,EA_SSA,2002,MOZ2002,748.993272,842.6452662,24.37000212,0.853930017,18958338
Mozambique,MOZ,SSA,EA_SSA,2003,MOZ2003,783.3480985,883.2391215,24.42597646,0.927000014,19392475
Mozambique,MOZ,SSA,EA_SSA,2004,MOZ2004,827.0770869,934.1339648,24.35774865,1.074762654,19840313
Mozambique,MOZ,SSA,EA_SSA,2005,MOZ2005,857.2811001,970.3899561,24.99008899,0.819454276,20304569
Mozambique,MOZ,SSA,EA_SSA,2006,MOZ2006,917.851455,1041.804717,24.40744044,0.911443419,20787087
Mozambique,MOZ,SSA,EA_SSA,2007,MOZ2007,961.8603653,1095.125687,24.50332687,0.982573089,21287635
Mozambique,MOZ,SSA,EA_SSA,2008,MOZ2008,999.64139,1141.942562,24.32660512,0.966631477,21819036
Mozambique,MOZ,SSA,EA_SSA,2009,MOZ2009,1030.575646,1178.709099,24.43675703,0.911258073,22391745
Mozambique,MOZ,SSA,EA_SSA,2010,MOZ2010,1070.435657,1224.230205,24.75468199,0.902702438,22999235
Mozambique,MOZ,SSA,EA_SSA,2011,MOZ2011,1111.303039,1275.529598,24.28162229,0.996206163,23649039
Mozambique,MOZ,SSA,EA_SSA,2012,MOZ2012,1162.57453,1338.515949,24.42909045,0.950788574,24337846
Mozambique,MOZ,SSA,EA_SSA,2013,MOZ2013,927.5364197,1385.832549,24.29166852,0.998545096,25051611
Mozambique,MOZ,SSA,EA_SSA,2014,MOZ2014,1252.463635,1449.929266,24.39216492,0.95556149,25788475
Mozambique,MOZ,SSA,EA_SSA,2015,MOZ2015,1304.25558,1512.599746,24.78253504,0.872715445,26547572
Mozambique,MOZ,SSA,EA_SSA,2016,MOZ2016,1327.14787,1537.908533,24.67570634,0.843091271,27337105
Mozambique,MOZ,SSA,EA_SSA,2017,MOZ2017,1326.493085,1532.007358,24.44769044,1.143228801,28166393
Mozambique,MOZ,SSA,EA_SSA,2018,MOZ2018,1342.956561,1538.835121,24.59037156,1.019010962,29018644
Mozambique,MOZ,SSA,EA_SSA,2019,MOZ2019,1352.014487,1528.889884,24.81336219,1.128338499,29884380
Mozambique,MOZ,SSA,EA_SSA,2020,MOZ2020,1299.272707,1466.124765,24.6751459,0.853360144,30783688
Mozambique,MOZ,SSA,EA_SSA,2021,MOZ2021,1294.894549,1457.235409,24.57713368,0.853998194,31707800
Mozambique,MOZ,SSA,EA_SSA,2022,MOZ2022,1316.924099,1476.665603,24.43567069,1.13847611,32656246
Myanmar,MMR,SEA,SEA_SEA,1990,MMR1990,616,775.3282544,23.8351635,1.970306728,39817251
Myanmar,MMR,SEA,SEA_SEA,1991,MMR1991,604,759.2827642,23.8279092,2.049592544,40394154
Myanmar,MMR,SEA,SEA_SEA,1992,MMR1992,653,821.327755,23.46178545,2.036856102,40950342
Myanmar,MMR,SEA,SEA_SEA,1993,MMR1993,683,859.3455267,23.58653098,1.837724083,41502429
Myanmar,MMR,SEA,SEA_SEA,1994,MMR1994,725,911.468428,23.90310512,2.114078079,42055143
Myanmar,MMR,SEA,SEA_SEA,1995,MMR1995,765,962.2094218,23.92084741,2.077876736,42605338
Myanmar,MMR,SEA,SEA_SEA,1996,MMR1996,804,1011.159934,23.69494454,2.193416751,43154860
Myanmar,MMR,SEA,SEA_SEA,1997,MMR1997,839,1054.767428,23.63896057,2.037794193,43708798
Myanmar,MMR,SEA,SEA_SEA,1998,MMR1998,878,1102.790964,24.34525392,1.98610794,44257793
Myanmar,MMR,SEA,SEA_SEA,1999,MMR1999,962,1209.016428,23.9693996,2.196787574,44787724
Myanmar,MMR,SEA,SEA_SEA,2000,MMR2000,1083,1359.930388,23.62527972,2.103964577,45290841
Myanmar,MMR,SEA,SEA_SEA,2001,MMR2001,1193,1498.311632,24.00105169,2.100203659,45771139
Myanmar,MMR,SEA,SEA_SEA,2002,MMR2002,1323,1661.735885,23.95848491,2.23135545,46232653
Myanmar,MMR,SEA,SEA_SEA,2003,MMR2003,1492,1874.171283,23.94948326,1.944142125,46667192
Myanmar,MMR,SEA,SEA_SEA,2004,MMR2004,1680,2110.237285,23.77855319,2.075960763,47068772
Myanmar,MMR,SEA,SEA_SEA,2005,MMR2005,1892,2377.902582,24.18984718,1.957858393,47438365
Myanmar,MMR,SEA,SEA_SEA,2006,MMR2006,2123,2669.327004,24.1756498,2.275054141,47785135
Myanmar,MMR,SEA,SEA_SEA,2007,MMR2007,2361,2968.303315,23.92392579,2.25404501,48125043
Myanmar,MMR,SEA,SEA_SEA,2008,MMR2008,2587,3254.738979,23.76927672,2.079097644,48390793
Myanmar,MMR,SEA,SEA_SEA,2009,MMR2009,2844,3578.174247,24.28072656,1.954390888,48660459
Myanmar,MMR,SEA,SEA_SEA,2010,MMR2010,3094,3893.790307,24.58582444,2.141247886,49024382
Myanmar,MMR,SEA,SEA_SEA,2011,MMR2011,3241,4078.612209,23.76468905,2.393832528,49419820
Myanmar,MMR,SEA,SEA_SEA,2012,MMR2012,3449,4340.999451,24.09160659,1.859740653,49837446
Myanmar,MMR,SEA,SEA_SEA,2013,MMR2013,3708,4666.953761,23.88222422,2.129083749,50262658
Myanmar,MMR,SEA,SEA_SEA,2014,MMR2014,3971,5006.506671,24.08082434,1.656602227,50681634
Myanmar,MMR,SEA,SEA_SEA,2015,MMR2015,4214,5313.886159,24.0762923,1.985905371,51089056
Myanmar,MMR,SEA,SEA_SEA,2016,MMR2016,4434,5580.989773,24.26514888,2.258076473,51495696
Myanmar,MMR,SEA,SEA_SEA,2017,MMR2017,4670,5877.874656,23.99504756,2.408033909,51894938
Myanmar,MMR,SEA,SEA_SEA,2018,MMR2018,4927,6201.263414,23.82271399,2.055134449,52272247
Myanmar,MMR,SEA,SEA_SEA,2019,MMR2019,5214,6562.988985,24.35429503,1.882960715,52640713
Myanmar,MMR,SEA,SEA_SEA,2020,MMR2020,4709,5926.834502,24.20834622,2.027994574,53016522
Myanmar,MMR,SEA,SEA_SEA,2021,MMR2021,4114,5178.447182,24.19259579,2.064944515,53387102
Myanmar,MMR,SEA,SEA_SEA,2022,MMR2022,4250,5350.476669,23.99868627,2.050576115,53756787
Namibia,NAM,SSA,SA_SSA,1990,NAM1990,6223,7281.778926,20.16121052,0.267659166,1369303
Namibia,NAM,SSA,SA_SSA,1991,NAM1991,6510,7618.332782,20.00453935,0.315188846,1415684
Namibia,NAM,SSA,SA_SSA,1992,NAM1992,6758,7911.010258,20.35090771,0.132974259,1461322
Namibia,NAM,SSA,SA_SSA,1993,NAM1993,6439,7541.560818,20.34653536,0.290712265,1508697
Namibia,NAM,SSA,SA_SSA,1994,NAM1994,6346,7437.33529,20.13946896,0.228190914,1556304
Namibia,NAM,SSA,SA_SSA,1995,NAM1995,6401,7506.10484,20.31598719,0.162547804,1602170
Namibia,NAM,SSA,SA_SSA,1996,NAM1996,6426,7538.924623,19.96609608,0.201229263,1646103
Namibia,NAM,SSA,SA_SSA,1997,NAM1997,6527,7656.325125,20.20127717,0.32278158,1689264
Namibia,NAM,SSA,SA_SSA,1998,NAM1998,6576,7709.890044,20.43791049,0.1750644,1732745
Namibia,NAM,SSA,SA_SSA,1999,NAM1999,6636,7773.943541,20.49144861,0.26888752,1776368
Namibia,NAM,SSA,SA_SSA,2000,NAM2000,6713,7858.387895,20.14812882,0.316959384,1818647
Namibia,NAM,SSA,SA_SSA,2001,NAM2001,6656,7786.541695,20.22121135,0.288057303,1857048
Namibia,NAM,SSA,SA_SSA,2002,NAM2002,6856,8017.281341,20.22466123,0.290180371,1889970
Namibia,NAM,SSA,SA_SSA,2003,NAM2003,7046,8237.365972,20.42237009,0.281984277,1917464
Namibia,NAM,SSA,SA_SSA,2004,NAM2004,7813,9130.824423,20.56626655,0.285960659,1942082
Namibia,NAM,SSA,SA_SSA,2005,NAM2005,7915,9245.136533,20.61407562,0.262741189,1966582
Namibia,NAM,SSA,SA_SSA,2006,NAM2006,8373,9773.298332,20.30825104,0.424528184,1991888
Namibia,NAM,SSA,SA_SSA,2007,NAM2007,8714,10162.24007,20.35125995,0.274086626,2018600
Namibia,NAM,SSA,SA_SSA,2008,NAM2008,8826,10286.51241,20.46232466,0.281683922,2047056
Namibia,NAM,SSA,SA_SSA,2009,NAM2009,8727,10166.28995,20.75514154,0.346683345,2077394
Namibia,NAM,SSA,SA_SSA,2010,NAM2010,9116,10614.62016,20.64766773,0.276653197,2109811
Namibia,NAM,SSA,SA_SSA,2011,NAM2011,9431,10965.27298,20.40040766,0.496778531,2146325
Namibia,NAM,SSA,SA_SSA,2012,NAM2012,9748,11266.60895,20.30796212,0.323310416,2194654
Namibia,NAM,SSA,SA_SSA,2013,NAM2013,10122,11593.57538,20.63776975,0.229834798,2252508
Namibia,NAM,SSA,SA_SSA,2014,NAM2014,10555,11982.69636,20.75225939,0.319139016,2312139
Namibia,NAM,SSA,SA_SSA,2015,NAM2015,10813,12166.56584,21.03531251,0.22152135,2374300
Namibia,NAM,SSA,SA_SSA,2016,NAM2016,10628,11846.78808,20.9044375,0.231257349,2439213
Namibia,NAM,SSA,SA_SSA,2017,NAM2017,10335,11408.72531,20.43541954,0.289908095,2506853
Namibia,NAM,SSA,SA_SSA,2018,NAM2018,10266,11214.38604,20.29202896,0.286339187,2577327
Namibia,NAM,SSA,SA_SSA,2019,NAM2019,10010,10813.30447,20.68803884,0.280094398,2650494
Namibia,NAM,SSA,SA_SSA,2020,NAM2020,9042,9652.248272,20.27495711,0.28837325,2728762
Namibia,NAM,SSA,SA_SSA,2021,NAM2021,9209,9709.099306,20.11472104,0.276947066,2810548
Namibia,NAM,SSA,SA_SSA,2022,NAM2022,9763,9953.097522,20.22062627,0.279624996,2889662
Nauru,NRU,O,Me_O,1990,NRU1990,17124,30546.29233,13.88698553,1.417047496,9622
Nauru,NRU,O,Me_O,1991,NRU1991,13550,24171.63485,13.89531859,1.269302964,9850
Nauru,NRU,O,Me_O,1992,NRU1992,11153,19895.85505,13.89115206,1.546592705,10021
Nauru,NRU,O,Me_O,1993,NRU1993,9280,16555.34857,13.8328209,1.642589147,10102
Nauru,NRU,O,Me_O,1994,NRU1994,8891,15860.34662,13.90365164,1.598740766,10137
Nauru,NRU,O,Me_O,1995,NRU1995,8163,14563.42694,13.9703157,1.023862086,10165
Nauru,NRU,O,Me_O,1996,NRU1996,7182,12813.58711,13.92448405,0.865017952,10183
Nauru,NRU,O,Me_O,1997,NRU1997,6530,11650.29089,13.91615115,1.397698222,10197
Nauru,NRU,O,Me_O,1998,NRU1998,5759,10275.94972,13.9703157,0.981013656,10198
Nauru,NRU,O,Me_O,1999,NRU1999,5387,9611.370997,13.82032124,1.190955861,10187
Nauru,NRU,O,Me_O,2000,NRU2000,5027,8969.125321,13.87865248,1.190955861,10168
Nauru,NRU,O,Me_O,2001,NRU2001,5165,8394.085287,13.9203176,1.190955861,10130
Nauru,NRU,O,Me_O,2002,NRU2002,5290,7593.057799,13.92031768,1.190955861,10082
Nauru,NRU,O,Me_O,2003,NRU2003,5349,7632.082979,13.92448421,1.190955861,10059
Nauru,NRU,O,Me_O,2004,NRU2004,5342,7302.045918,13.93698363,1.190955861,10060
Nauru,NRU,O,Me_O,2005,NRU2005,4931,7284.040931,13.92031768,1.190955861,10049
Nauru,NRU,O,Me_O,2006,NRU2006,4522,7902.507238,13.92031768,1.190955861,10034
Nauru,NRU,O,Me_O,2007,NRU2007,4218,6157.903759,13.90781801,1.190955861,10020
Nauru,NRU,O,Me_O,2008,NRU2008,6976,7421.087336,13.89948512,1.190955861,10009
Nauru,NRU,O,Me_O,2009,NRU2009,6559,6996.75914,13.89948512,1.190955861,10016
Nauru,NRU,O,Me_O,2010,NRU2010,6448,6966.785668,13.86615305,1.190955861,10043
Nauru,NRU,O,Me_O,2011,NRU2011,7054,7926.22136,13.89115206,1.190955861,10098
Nauru,NRU,O,Me_O,2012,NRU2012,9122,9766.46483,13.92865065,1.190955861,10267
Nauru,NRU,O,Me_O,2013,NRU2013,9314,9882.092557,13.92448413,1.190955861,10517
Nauru,NRU,O,Me_O,2014,NRU2014,10490,11264.07883,13.9203176,1.190955861,10742
Nauru,NRU,O,Me_O,2015,NRU2015,9679,11344.10275,13.93698371,1.190955861,10954
Nauru,NRU,O,Me_O,2016,NRU2016,10223,11630.96039,13.94531653,1.190955861,11150
Nauru,NRU,O,Me_O,2017,NRU2017,9360,10763.82305,13.92448413,1.190955861,11324
Nauru,NRU,O,Me_O,2018,NRU2018,9896,10490.85563,13.92448421,1.190955861,11477
Nauru,NRU,O,Me_O,2019,NRU2019,10530,11273.14078,14.04531289,1.190955861,11587
Nauru,NRU,O,Me_O,2020,NRU2020,10813,11441.25845,14.07864495,1.190955861,11643
Nauru,NRU,O,Me_O,2021,NRU2021,10990,12196.64515,14.05781255,1.190955861,11709
Nauru,NRU,O,Me_O,2022,NRU2022,11024,12458.74051,13.95364966,1.190955861,11801
Nepal,NPL,SA,SA_SA,1990,NPL1990,1609.822575,1808.2649,14.42322144,1.443877402,19524573
Nepal,NPL,SA,SA_SA,1991,NPL1991,1662.725008,1874.275136,14.50996358,1.17700842,20036500
Nepal,NPL,SA,SA_SA,1992,NPL1992,1677.63378,1896.971663,14.29320639,1.063336784,20609707
Nepal,NPL,SA,SA_SA,1993,NPL1993,1690.399567,1916.943527,14.55756244,1.14293731,21180159
Nepal,NPL,SA,SA_SA,1994,NPL1994,1779.338161,2023.115197,14.64724671,1.18652624,21717479
Nepal,NPL,SA,SA_SA,1995,NPL1995,1793.808325,2043.605172,14.79144283,1.227732539,22245439
Nepal,NPL,SA,SA_SA,1996,NPL1996,1844.937172,2105.508327,14.80662038,1.267870169,22741862
Nepal,NPL,SA,SA_SA,1997,NPL1997,1894.658101,2166.312633,13.81495783,1.473176943,23219463
Nepal,NPL,SA,SA_SA,1998,NPL1998,1910.203086,2188.222016,14.85525913,1.481439864,23680357
Nepal,NPL,SA,SA_SA,1999,NPL1999,1953.656384,2242.650118,15.13072531,1.540503248,24125199
Nepal,NPL,SA,SA_SA,2000,NPL2000,2037.204365,2340.815631,14.85884041,1.442126547,24546509
Nepal,NPL,SA,SA_SA,2001,NPL2001,2100.538968,2413.814213,14.99447708,1.391104948,24946748
Nepal,NPL,SA,SA_SA,2002,NPL2002,2072.021507,2380.244246,15.20259639,1.401733168,25328981
Nepal,NPL,SA,SA_SA,2003,NPL2003,2124.709663,2439.494796,14.96337447,1.398412377,25688758
Nepal,NPL,SA,SA_SA,2004,NPL2004,2197.643408,2521.541052,15.19871668,1.365733262,26016656
Nepal,NPL,SA,SA_SA,2005,NPL2005,2251.472047,2580.231063,15.00946519,1.10926976,26309458
Nepal,NPL,SA,SA_SA,2006,NPL2006,2308.290488,2641.347995,15.32861505,1.230247536,26565425
Nepal,NPL,SA,SA_SA,2007,NPL2007,2367.994988,2708.714392,15.24088724,1.254848423,26788492
Nepal,NPL,SA,SA_SA,2008,NPL2008,2494.580447,2852.609832,14.9554514,1.370301722,26990037
Nepal,NPL,SA,SA_SA,2009,NPL2009,2591.919435,2961.839004,15.70111868,1.117732226,27173035
Nepal,NPL,SA,SA_SA,2010,NPL2010,2701.223711,3085.31407,15.7316773,1.32725999,27341952
Nepal,NPL,SA,SA_SA,2011,NPL2011,2780.030185,3176.650406,14.95070622,1.711336835,27464494
Nepal,NPL,SA,SA_SA,2012,NPL2012,2899.556409,3316.500735,14.9814245,1.359505878,27534915
Nepal,NPL,SA,SA_SA,2013,NPL2013,2993.371573,3426.557959,14.76711377,1.385149317,27589996
Nepal,NPL,SA,SA_SA,2014,NPL2014,3160.420524,3621.731689,14.92517779,0.744632026,27672370
Nepal,NPL,SA,SA_SA,2015,NPL2015,3265.158283,3745.261822,15.01771753,1.334184623,27823629
Nepal,NPL,SA,SA_SA,2016,NPL2016,3247.438392,3743.744578,15.623183,1.365781618,27955462
Nepal,NPL,SA,SA_SA,2017,NPL2017,3495.969509,4071.704318,15.38358229,1.325892898,28011258
Nepal,NPL,SA,SA_SA,2018,NPL2018,3717.427016,4371.385718,15.20396627,1.334257469,28079689
Nepal,NPL,SA,SA_SA,2019,NPL2019,3918.187666,4607.524547,14.96554844,1.213778281,28414064
Nepal,NPL,SA,SA_SA,2020,NPL2020,3755.425414,4412.542044,14.71984226,1.339917527,28966574
Nepal,NPL,SA,SA_SA,2021,NPL2021,3845.811192,4546.2297,15.05888969,1.413883685,29475010
Nepal,NPL,SA,SA_SA,2022,NPL2022,3991.734644,4763.387511,15.15581213,1.252884086,29715436
Netherlands,NLD,E,WE_E,1990,NLD1990,34983.97593,43128.31264,10.09182334,0.690049832,14951510
Netherlands,NLD,E,WE_E,1991,NLD1991,35556.80398,43833.48417,8.923343856,0.618210104,15069798
Netherlands,NLD,E,WE_E,1992,NLD1992,35892.23182,44245.52549,9.811002055,0.76804939,15184166
Netherlands,NLD,E,WE_E,1993,NLD1993,36092.22068,44490.75619,8.933520391,0.821861121,15290368
Netherlands,NLD,E,WE_E,1994,NLD1994,36938.82852,45532.80453,9.9321995,0.843057469,15382838
Netherlands,NLD,E,WE_E,1995,NLD1995,37903.59649,46720.28792,9.613903629,0.760131252,15459006
Netherlands,NLD,E,WE_E,1996,NLD1996,39058.69214,48095.96602,7.845563114,0.553944841,15530498
Netherlands,NLD,E,WE_E,1997,NLD1997,40550.14557,49881.87583,9.436095696,0.632423839,15610650
Netherlands,NLD,E,WE_E,1998,NLD1998,42190.73139,51879.38033,9.540790108,0.968092927,15707209
Netherlands,NLD,E,WE_E,1999,NLD1999,44031.59562,54134.36229,10.13771571,0.845991123,15812088
Netherlands,NLD,E,WE_E,2000,NLD2000,45563.38653,56016.87272,10.17210653,0.829054324,15925513
Netherlands,NLD,E,WE_E,2001,NLD2001,46158.02553,56887.43327,9.549117897,0.875731847,16046180
Netherlands,NLD,E,WE_E,2002,NLD2002,45787.13768,56664.41344,10.00250353,0.862988953,16148929
Netherlands,NLD,E,WE_E,2003,NLD2003,45673.17232,56452.86748,9.813297516,0.59564375,16225302
Netherlands,NLD,E,WE_E,2004,NLD2004,46055.61608,57391.36452,9.609160259,0.801705687,16281779
Netherlands,NLD,E,WE_E,2005,NLD2005,46810.57696,58422.01352,9.773371063,0.766106012,16319868
Netherlands,NLD,E,WE_E,2006,NLD2006,48171.01512,60391.54427,10.10248961,0.709390921,16346101
Netherlands,NLD,E,WE_E,2007,NLD2007,50244.85511,62601.62057,10.34969194,0.86016142,16381696
Netherlands,NLD,E,WE_E,2008,NLD2008,50955.28923,63678.40328,9.934510476,0.796959888,16445593
Netherlands,NLD,E,WE_E,2009,NLD2009,48308.40626,61029.72989,9.763232211,0.710349727,16530388
Netherlands,NLD,E,WE_E,2010,NLD2010,48261.37015,61518.55401,8.425737741,0.748357398,16615394
Netherlands,NLD,E,WE_E,2011,NLD2011,48799.21253,62318.14162,10.15817591,0.718344187,16693074
Netherlands,NLD,E,WE_E,2012,NLD2012,47810.8517,61480.8126,9.543282386,0.791845336,16754962
Netherlands,NLD,E,WE_E,2013,NLD2013,47595.78406,61281.28881,9.129788005,0.678149612,16804432
Netherlands,NLD,E,WE_E,2014,NLD2014,48051.19158,62045.85638,10.8454097,0.715472782,16865008
Netherlands,NLD,E,WE_E,2015,NLD2015,48459.5756,63081.39414,10.19273147,0.776617213,16939923
Netherlands,NLD,E,WE_E,2016,NLD2016,49176.41191,64267.73636,9.991708771,0.733676288,17030314
Netherlands,NLD,E,WE_E,2017,NLD2017,50115.56855,65666.00366,10.13988892,0.81544297,17131296
Netherlands,NLD,E,WE_E,2018,NLD2018,51000.89667,66758.26401,10.65014222,0.595603388,17231624
Netherlands,NLD,E,WE_E,2019,NLD2019,50977.67434,67847.85429,10.56207586,0.765228258,17344874
Netherlands,NLD,E,WE_E,2020,NLD2020,49556.24982,64862.19225,10.92184008,0.734771741,17441500
Netherlands,NLD,E,WE_E,2021,NLD2021,52328.28101,68573.56488,9.707662769,0.814223431,17533044
Netherlands,NLD,E,WE_E,2022,NLD2022,54053.58675,71324.03603,10.91324946,0.65658842,17700982
New Zealand,NZL,O,ANZ_O,1990,NZL1990,28993.57282,30695.46735,10.929069,1.561670875,3329800
New Zealand,NZL,O,ANZ_O,1991,NZL1991,27255.41109,28924.7432,10.116116,1.619855219,3495100
New Zealand,NZL,O,ANZ_O,1992,NZL1992,27203.57615,28938.09802,9.487265425,1.599259524,3531700
New Zealand,NZL,O,ANZ_O,1993,NZL1993,28548.36604,30438.62786,9.788518899,1.420619277,3572200
New Zealand,NZL,O,ANZ_O,1994,NZL1994,29546.37603,31574.3569,10.17574701,1.638482365,3620000
New Zealand,NZL,O,ANZ_O,1995,NZL1995,30424.22307,32584.65499,10.5342184,1.8608313,3673400
New Zealand,NZL,O,ANZ_O,1996,NZL1996,30963.82686,33231.4478,10.43052015,1.635873321,3732000
New Zealand,NZL,O,ANZ_O,1997,NZL1997,31130.83022,33480.14505,10.23101615,1.452565244,3781300
New Zealand,NZL,O,ANZ_O,1998,NZL1998,31057.20973,33469.25343,11.34111745,1.678686096,3815000
New Zealand,NZL,O,ANZ_O,1999,NZL1999,32489.69041,35084.29137,11.21169569,1.570858074,3835100
New Zealand,NZL,O,ANZ_O,2000,NZL2000,33160.57076,35879.79113,10.69198594,1.523941236,3857700
New Zealand,NZL,O,ANZ_O,2001,NZL2001,34029.37072,36885.64468,10.79802707,1.579781658,3880500
New Zealand,NZL,O,ANZ_O,2002,NZL2002,35003.72107,37959.06506,10.57523328,1.626224355,3948500
New Zealand,NZL,O,ANZ_O,2003,NZL2003,35949.14957,38976.91263,10.5505804,1.448299954,4027200
New Zealand,NZL,O,ANZ_O,2004,NZL2004,36835.48424,39971.7705,10.0166587,1.648033363,4087500
New Zealand,NZL,O,ANZ_O,2005,NZL2005,37601.12838,40848.29814,10.98558204,1.384386377,4133900
New Zealand,NZL,O,ANZ_O,2006,NZL2006,38157.79645,41475.12174,10.32961576,1.538063025,4184600
New Zealand,NZL,O,ANZ_O,2007,NZL2007,38933.04087,42346.08948,10.65401794,1.373995873,4223800
New Zealand,NZL,O,ANZ_O,2008,NZL2008,38157.6159,41561.18207,10.72314648,1.652113321,4259800
New Zealand,NZL,O,ANZ_O,2009,NZL2009,37757.61459,41132.33685,10.28475928,1.505104374,4302600
New Zealand,NZL,O,ANZ_O,2010,NZL2010,37879.13889,41270.92851,10.97570083,1.581748173,4350700
New Zealand,NZL,O,ANZ_O,2011,NZL2011,38386.82318,41814.88518,10.82897896,1.712705627,4384000
New Zealand,NZL,O,ANZ_O,2012,NZL2012,39012.09653,42570.33328,10.49810181,1.525510618,4408100
New Zealand,NZL,O,ANZ_O,2013,NZL2013,39763.74031,43338.43738,11.07767405,1.55238027,4442100
New Zealand,NZL,O,ANZ_O,2014,NZL2014,40589.62735,44255.50466,10.67905365,1.46132852,4516500
New Zealand,NZL,O,ANZ_O,2015,NZL2015,41243.33093,44963.83392,10.56586075,1.607326679,4609400
New Zealand,NZL,O,ANZ_O,2016,NZL2016,41771.05749,45626.68184,11.26541326,1.512625973,4714100
New Zealand,NZL,O,ANZ_O,2017,NZL2017,42273.32378,46193.28848,11.01626298,1.525241696,4813600
New Zealand,NZL,O,ANZ_O,2018,NZL2018,42957.47455,46947.93725,11.19295399,1.562234345,4900600
New Zealand,NZL,O,ANZ_O,2019,NZL2019,43253.29235,47277.66283,11.04946104,1.771598941,4979200
New Zealand,NZL,O,ANZ_O,2020,NZL2020,41995.33628,46104.60579,11.00125507,1.573972619,5090200
New Zealand,NZL,O,ANZ_O,2021,NZL2021,43968.46441,47996.67988,11.28494137,1.741343675,5111300
New Zealand,NZL,O,ANZ_O,2022,NZL2022,45095.67389,49618.52533,11.71475495,1.727790911,5117100
Nicaragua,NIC,LA,CA_LA,1990,NIC1990,3501.437318,4217.608885,25.65166839,2.112563089,4162559
Nicaragua,NIC,LA,CA_LA,1991,NIC1991,3404.244756,4113.687499,25.84971692,2.069596002,4259637
Nicaragua,NIC,LA,CA_LA,1992,NIC1992,3330.673542,4037.275489,25.88869144,2.027719833,4357026
Nicaragua,NIC,LA,CA_LA,1993,NIC1993,3235.9634,3934.092757,25.8466195,2.213632122,4453732
Nicaragua,NIC,LA,CA_LA,1994,NIC1994,3264.648206,3979.985337,25.85637339,1.868544949,4549316
Nicaragua,NIC,LA,CA_LA,1995,NIC1995,3378.276396,4130.286127,25.95019289,2.391464815,4642931
Nicaragua,NIC,LA,CA_LA,1996,NIC1996,3524.637834,4311.493169,25.46522248,2.537482393,4729974
Nicaragua,NIC,LA,CA_LA,1997,NIC1997,3601.515759,4408.3289,26.02699106,2.070743851,4809573
Nicaragua,NIC,LA,CA_LA,1998,NIC1998,3675.580472,4502.598366,26.16494709,2.373931936,4883655
Nicaragua,NIC,LA,CA_LA,1999,NIC1999,3875.095341,4750.948868,25.34627399,2.345124898,4954018
Nicaragua,NIC,LA,CA_LA,2000,NIC2000,3976.164392,4878.24777,25.5544151,2.062287868,5022633
Nicaragua,NIC,LA,CA_LA,2001,NIC2001,4040.732527,4958.327711,25.9133822,2.043764352,5087825
Nicaragua,NIC,LA,CA_LA,2002,NIC2002,4021.362619,4935.48539,26.03996822,2.088927482,5149909
Nicaragua,NIC,LA,CA_LA,2003,NIC2003,4074.164163,5000.611766,26.15450704,2.284524948,5210963
Nicaragua,NIC,LA,CA_LA,2004,NIC2004,4241.425199,5204.382028,25.95522378,2.419614222,5272912
Nicaragua,NIC,LA,CA_LA,2005,NIC2005,4368.300153,5356.95851,25.90723352,2.320041794,5342105
Nicaragua,NIC,LA,CA_LA,2006,NIC2006,4488.70529,5500.405776,26.0150935,2.375659018,5418855
Nicaragua,NIC,LA,CA_LA,2007,NIC2007,4651.716436,5697.211095,25.92248213,2.178612518,5497243
Nicaragua,NIC,LA,CA_LA,2008,NIC2008,4744.148866,5809.099645,25.75364035,2.631865646,5576593
Nicaragua,NIC,LA,CA_LA,2009,NIC2009,4522.410324,5538.365893,26.10063568,2.100870302,5656601
Nicaragua,NIC,LA,CA_LA,2010,NIC2010,4653.609731,5701.127902,25.83789435,2.515755147,5737450
Nicaragua,NIC,LA,CA_LA,2011,NIC2011,4882.070051,5976.252845,25.80454587,2.27621942,5819051
Nicaragua,NIC,LA,CA_LA,2012,NIC2012,5130.209607,6275.787691,25.87333326,2.081248032,5901287
Nicaragua,NIC,LA,CA_LA,2013,NIC2013,5312.33042,6494.149611,25.96183004,2.0672829,5983845
Nicaragua,NIC,LA,CA_LA,2014,NIC2014,5493.358337,6712.217498,26.04974802,2.024569849,6066492
Nicaragua,NIC,LA,CA_LA,2015,NIC2015,5681.295805,6939.032862,26.27331409,2.004261767,6149417
Nicaragua,NIC,LA,CA_LA,2016,NIC2016,5857.408695,7158.757998,26.26782293,2.089448763,6232666
Nicaragua,NIC,LA,CA_LA,2017,NIC2017,6043.758338,7391.196839,26.1364502,2.347289078,6316231
Nicaragua,NIC,LA,CA_LA,2018,NIC2018,5759.789313,7049.027534,25.75326103,2.16501725,6400080
Nicaragua,NIC,LA,CA_LA,2019,NIC2019,5517.269681,6756.593758,26.10576654,1.914115871,6483657
Nicaragua,NIC,LA,CA_LA,2020,NIC2020,5346.645547,6523.36985,26.28401975,2.474803415,6565267
Nicaragua,NIC,LA,CA_LA,2021,NIC2021,5822.41523,7119.169234,26.09785311,2.145457532,6644741
Nicaragua,NIC,LA,CA_LA,2022,NIC2022,5959.117513,7277.822648,25.89067015,2.366547532,6730654
Niger,NER,SSA,WA_SSA,1990,NER1990,1078,1411.848922,27.88856405,0.130440139,8286059
Niger,NER,SSA,WA_SSA,1991,NER1991,1040,1362.745453,27.77358,0.182852082,8546900
Niger,NER,SSA,WA_SSA,1992,NER1992,1029,1347.332297,27.06317718,0.177564486,8817633
Niger,NER,SSA,WA_SSA,1993,NER1993,1000,1309.611211,27.65003356,0.150881621,9100789
Niger,NER,SSA,WA_SSA,1994,NER1994,986,1291.68161,27.36901986,0.231511633,9398258
Niger,NER,SSA,WA_SSA,1995,NER1995,977,1280.335421,27.81900646,0.152585613,9714529
Niger,NER,SSA,WA_SSA,1996,NER1996,946,1239.476641,27.9165226,0.140381807,10044852
Niger,NER,SSA,WA_SSA,1997,NER1997,929,1217.312536,28.06254303,0.15053767,10383969
Niger,NER,SSA,WA_SSA,1998,NER1998,988,1294.161912,28.21271511,0.19365509,10741413
Niger,NER,SSA,WA_SSA,1999,NER1999,952,1247.647129,28.03486155,0.220818217,11117411
Niger,NER,SSA,WA_SSA,2000,NER2000,909,1190.566745,27.52295117,0.159631574,11509630
Niger,NER,SSA,WA_SSA,2001,NER2001,942,1233.065118,27.74111469,0.165144244,11920647
Niger,NER,SSA,WA_SSA,2002,NER2002,955,1248.823137,27.9688399,0.149871162,12349144
Niger,NER,SSA,WA_SSA,2003,NER2003,942,1231.278092,28.02634089,0.205454107,12796984
Niger,NER,SSA,WA_SSA,2004,NER2004,912,1192.082351,28.17640691,0.168372151,13265836
Niger,NER,SSA,WA_SSA,2005,NER2005,945,1233.875511,28.23913812,0.206744858,13756192
Niger,NER,SSA,WA_SSA,2006,NER2006,965,1260.120467,28.17688261,0.174374571,14268581
Niger,NER,SSA,WA_SSA,2007,NER2007,960,1252.748273,28.18977029,0.184953134,14803610
Niger,NER,SSA,WA_SSA,2008,NER2008,997,1300.554185,27.71131201,0.185429078,15361915
Niger,NER,SSA,WA_SSA,2009,NER2009,980,1277.69231,28.76507787,0.163746141,15943675
Niger,NER,SSA,WA_SSA,2010,NER2010,1025,1336.564102,28.89645005,0.18723249,16548835
Niger,NER,SSA,WA_SSA,2011,NER2011,1010,1318.10131,28.36720182,0.159995427,17176283
Niger,NER,SSA,WA_SSA,2012,NER2012,1075,1403.189711,28.19746662,0.216629807,17836769
Niger,NER,SSA,WA_SSA,2013,NER2013,1090,1423.26169,28.2950366,0.185492176,18519898
Niger,NER,SSA,WA_SSA,2014,NER2014,1119,1462.82123,28.41375592,0.169648365,19215909
Niger,NER,SSA,WA_SSA,2015,NER2015,1124,1471.661353,27.91945544,0.183837338,19939498
Niger,NER,SSA,WA_SSA,2016,NER2016,1144,1500.008587,28.52490509,0.200915069,20685753
Niger,NER,SSA,WA_SSA,2017,NER2017,1156,1520.001537,27.98596787,0.177017061,21435446
Niger,NER,SSA,WA_SSA,2018,NER2018,1193,1574.338383,28.18520108,0.224563254,22188069
Niger,NER,SSA,WA_SSA,2019,NER2019,1217,1612.637347,27.88101508,0.198564579,22947757
Niger,NER,SSA,WA_SSA,2020,NER2020,1215,1615.692724,27.84998552,0.25031908,23717613
Niger,NER,SSA,WA_SSA,2021,NER2021,1187,1585.59922,28.08381691,0.158947116,24502140
Niger,NER,SSA,WA_SSA,2022,NER2022,1275,1717.518915,27.60472022,0.20228476,25311973
Nigeria,NGA,SSA,WA_SSA,1990,NGA1990,3259.467127,3650.673002,27.17969845,1.097585891,97120925
Nigeria,NGA,SSA,WA_SSA,1991,NGA1991,3189.320999,3568.258364,26.94963339,1.254223768,99720162
Nigeria,NGA,SSA,WA_SSA,1992,NGA1992,3254.090318,3636.771292,26.56696892,1.119387348,102372770
Nigeria,NGA,SSA,WA_SSA,1993,NGA1993,3109.573996,3469.580441,26.96810339,1.085388509,105122069
Nigeria,NGA,SSA,WA_SSA,1994,NGA1994,2977.665557,3317.807394,26.7355587,1.23646724,107935714
Nigeria,NGA,SSA,WA_SSA,1995,NGA1995,2902.402165,3229.124141,27.07041562,1.199564243,110819428
Nigeria,NGA,SSA,WA_SSA,1996,NGA1996,2951.162406,3277.794522,27.14903442,1.244292011,113754779
Nigeria,NGA,SSA,WA_SSA,1997,NGA1997,2964.127202,3287.370005,27.1829592,1.230239496,116754792
Nigeria,NGA,SSA,WA_SSA,1998,NGA1998,2967.14565,3285.23804,27.51872714,1.168807863,119846254
Nigeria,NGA,SSA,WA_SSA,1999,NGA1999,2911.705392,3218.463574,27.2014892,1.242499866,123047320
Nigeria,NGA,SSA,WA_SSA,2000,NGA2000,2981.394842,3290.705661,26.95339167,1.140338632,126382494
Nigeria,NGA,SSA,WA_SSA,2001,NGA2001,3077.174344,3392.035285,27.14812511,1.152880928,129862595
Nigeria,NGA,SSA,WA_SSA,2002,NGA2002,3457.487576,3806.215896,27.32644971,1.166728288,133471989
Nigeria,NGA,SSA,WA_SSA,2003,NGA2003,3615.542725,3974.767875,27.36879298,1.278439503,137202644
Nigeria,NGA,SSA,WA_SSA,2004,NGA2004,3847.878449,4223.797948,27.42125365,1.148047053,141057045
Nigeria,NGA,SSA,WA_SSA,2005,NGA2005,3989.423087,4372.975611,27.5516159,1.187975656,145017253
Nigeria,NGA,SSA,WA_SSA,2006,NGA2006,4121.499424,4511.639524,27.48665882,1.183378591,149077334
Nigeria,NGA,SSA,WA_SSA,2007,NGA2007,4278.386053,4677.541847,27.47198729,1.185448466,153267261
Nigeria,NGA,SSA,WA_SSA,2008,NGA2008,4448.937963,4856.812801,27.10539024,1.204828121,157595014
Nigeria,NGA,SSA,WA_SSA,2009,NGA2009,4677.591332,5102.916404,27.80290753,1.152221452,162049464
Nigeria,NGA,SSA,WA_SSA,2010,NGA2010,4916.366526,5359.518484,27.92565727,1.236592064,166642886
Nigeria,NGA,SSA,WA_SSA,2011,NGA2011,5036.306259,5488.004815,27.54194399,1.052318019,171379598
Nigeria,NGA,SSA,WA_SSA,2012,NGA2012,5107.534477,5563.641676,27.37930211,1.239583642,176200625
Nigeria,NGA,SSA,WA_SSA,2013,NGA2013,5303.63569,5775.866347,27.52545327,1.069711807,181049443
Nigeria,NGA,SSA,WA_SSA,2014,NGA2014,5492.344485,5980.191816,27.64132231,1.143784082,185896915
Nigeria,NGA,SSA,WA_SSA,2015,NGA2015,5497.137966,5985.094352,27.37605203,1.032079724,190671878
Nigeria,NGA,SSA,WA_SSA,2016,NGA2016,5273.658533,5744.557879,27.78259222,1.200802735,195443700
Nigeria,NGA,SSA,WA_SSA,2017,NGA2017,5182.714855,5651.734132,27.45608809,1.155987629,200254579
Nigeria,NGA,SSA,WA_SSA,2018,NGA2018,5151.649809,5628.740794,27.47653285,1.260017752,204938755
Nigeria,NGA,SSA,WA_SSA,2019,NGA2019,5137.56593,5628.177652,27.34425315,1.295813504,209485641
Nigeria,NGA,SSA,WA_SSA,2020,NGA2020,4923.276459,5410.693555,27.4164971,1.256653192,213996181
Nigeria,NGA,SSA,WA_SSA,2021,NGA2021,4980.783779,5491.700341,27.61354383,1.118437984,218529286
Nigeria,NGA,SSA,WA_SSA,2022,NGA2022,5021.008585,5552.83765,27.07851041,1.225487058,223150896
North Macedonia,MKD,E,SE_E,1990,MKD1990,10973.96011,12904.51815,10.40939166,0.52972503,2063689
North Macedonia,MKD,E,SE_E,1991,MKD1991,10338.89475,12153.5279,9.318044826,0.66395815,2055994
North Macedonia,MKD,E,SE_E,1992,MKD1992,9754.09501,11486.75619,9.994290184,0.58715572,2032523
North Macedonia,MKD,E,SE_E,1993,MKD1993,9125.993168,10764.72837,9.75080686,0.498124746,2006854
North Macedonia,MKD,E,SE_E,1994,MKD1994,9036.482225,10650.76504,10.92381718,0.628037187,1992666
North Macedonia,MKD,E,SE_E,1995,MKD1995,8936.003747,10501.11434,9.852681164,0.74365684,1998534
North Macedonia,MKD,E,SE_E,1996,MKD1996,9014.303637,10551.54813,9.432958602,0.682255672,2012553
North Macedonia,MKD,E,SE_E,1997,MKD1997,9153.290125,10787.55682,9.574922271,0.557597158,1996869
North Macedonia,MKD,E,SE_E,1998,MKD1998,9434.779234,11092.85555,10.25038785,0.673491562,2007523
North Macedonia,MKD,E,SE_E,1999,MKD1999,9821.773848,11518.9847,10.70067361,0.694452018,2017142
North Macedonia,MKD,E,SE_E,2000,MKD2000,10248.41203,11988.27399,10.97814029,0.454796314,2026350
North Macedonia,MKD,E,SE_E,2001,MKD2001,9922.059597,11571.83933,10.58005561,0.522141162,2034882
North Macedonia,MKD,E,SE_E,2002,MKD2002,10150.06803,11830.29134,10.81840472,0.757480644,2020157
North Macedonia,MKD,E,SE_E,2003,MKD2003,10358.49914,12077.87833,10.28959855,0.681263041,2022725
North Macedonia,MKD,E,SE_E,2004,MKD2004,10854.38962,12683.4117,10.26781171,0.681889482,2016186
North Macedonia,MKD,E,SE_E,2005,MKD2005,11384.28027,13354.49357,9.856417613,0.708993827,2005330
North Macedonia,MKD,E,SE_E,2006,MKD2006,11960.85055,14118.26406,10.26338293,0.715293354,1994287
North Macedonia,MKD,E,SE_E,2007,MKD2007,12713.60373,15118.28038,11.12892075,0.735951204,1982933
North Macedonia,MKD,E,SE_E,2008,MKD2008,13340.25438,16038.08029,11.05035341,0.601568383,1971493
North Macedonia,MKD,E,SE_E,2009,MKD2009,13291.3413,16084.26702,10.92975299,0.80636272,1958782
North Macedonia,MKD,E,SE_E,2010,MKD2010,13715.88219,16731.1308,10.76402813,0.811381047,1946298
North Macedonia,MKD,E,SE_E,2011,MKD2011,14007.45121,17201.27792,10.37924608,0.46958914,1937398
North Macedonia,MKD,E,SE_E,2012,MKD2012,13952.01399,17190.03737,11.05607898,0.652966437,1929821
North Macedonia,MKD,E,SE_E,2013,MKD2013,14340.21056,17758.27067,11.03420413,0.606452806,1922716
North Macedonia,MKD,E,SE_E,2014,MKD2014,14856.03684,18452.25103,11.24298067,0.895454395,1917557
North Macedonia,MKD,E,SE_E,2015,MKD2015,15405.31623,19215.12069,11.06434915,0.737118669,1912430
North Macedonia,MKD,E,SE_E,2016,MKD2016,15818.26434,19825.8206,11.08728964,0.789409017,1906313
North Macedonia,MKD,E,SE_E,2017,MKD2017,15955.26551,20121.09987,10.91481467,0.696726524,1898657
North Macedonia,MKD,E,SE_E,2018,MKD2018,16383.96346,20805.97263,11.55694703,0.655261609,1889051
North Macedonia,MKD,E,SE_E,2019,MKD2019,17003.18543,21766.93705,11.6521638,0.707819426,1876262
North Macedonia,MKD,E,SE_E,2020,MKD2020,15980.89749,20971.49302,11.41366254,0.682854001,1856124
North Macedonia,MKD,E,SE_E,2021,MKD2021,16920.19182,22144.24619,11.01190436,0.763598768,1837114
North Macedonia,MKD,E,SE_E,2022,MKD2022,17353.10721,22822.28881,11.51038509,0.620653672,1831712
Norway,NOR,E,NE_E,1990,NOR1990,44712.55838,57106.88395,1.383902884,1.071939358,4241473
Norway,NOR,E,NE_E,1991,NOR1991,45860.59939,58588.46838,0.403984496,0.926520679,4261732
Norway,NOR,E,NE_E,1992,NOR1992,47214.38856,60333.44947,0.800791263,1.082996057,4286401
Norway,NOR,E,NE_E,1993,NOR1993,48257.33355,61681.80328,-0.219032793,0.917216721,4311991
Norway,NOR,E,NE_E,1994,NOR1994,50396.47555,64432.07237,-0.085374027,0.90816459,4336613
Norway,NOR,E,NE_E,1995,NOR1995,52206.3176,66762.15873,-0.011669328,0.984523648,4359184
Norway,NOR,E,NE_E,1996,NOR1996,54768.53136,69764.38142,-0.476909064,0.829263416,4381336
Norway,NOR,E,NE_E,1997,NOR1997,57574.99873,73053.96553,0.471291819,0.92337978,4405157
Norway,NOR,E,NE_E,1998,NOR1998,58912.77643,74558.2949,-0.258615203,1.026613625,4431464
Norway,NOR,E,NE_E,1999,NOR1999,59781.34568,75583.8344,0.615337011,1.072766617,4461913
Norway,NOR,E,NE_E,2000,NOR2000,61414.11315,77587.20732,1.343355184,1.112400328,4490967
Norway,NOR,E,NE_E,2001,NOR2001,62036.13757,78791.30457,0.082548941,0.992164985,4513751
Norway,NOR,E,NE_E,2002,NOR2002,62559.3405,79447.09148,0.682509262,0.887218816,4538159
Norway,NOR,E,NE_E,2003,NOR2003,62286.88958,79728.785,0.575639206,0.939230502,4564855
Norway,NOR,E,NE_E,2004,NOR2004,64517.67467,82440.95588,0.839113213,0.976495397,4591910
Norway,NOR,E,NE_E,2005,NOR2005,65816.42404,84079.99624,1.185064599,1.007157102,4623291
Norway,NOR,E,NE_E,2006,NOR2006,66825.17883,85458.54669,1.413387964,1.027604363,4660677
Norway,NOR,E,NE_E,2007,NOR2007,67987.31478,87043.49794,1.230375314,1.047550457,4709153
Norway,NOR,E,NE_E,2008,NOR2008,66862.83923,86379.66248,1.245356027,1.014343038,4768212
Norway,NOR,E,NE_E,2009,NOR2009,64676.98459,83642.06957,0.771748275,0.958634094,4828726
Norway,NOR,E,NE_E,2010,NOR2010,64251.60409,83256.78807,-0.857649121,0.85909516,4889252
Norway,NOR,E,NE_E,2011,NOR2011,64158.36396,83092.43422,1.573548189,1.068147522,4953088
Norway,NOR,E,NE_E,2012,NOR2012,65046.02359,84237.14957,0.538586205,1.029101506,5018573
Norway,NOR,E,NE_E,2013,NOR2013,64877.10243,84070.45839,0.970003958,0.940988158,5079623
Norway,NOR,E,NE_E,2014,NOR2014,65413.39308,84830.2558,1.751342164,0.936225141,5137232
Norway,NOR,E,NE_E,2015,NOR2015,65692.98961,85550.29426,1.62289929,1.102550316,5188607
Norway,NOR,E,NE_E,2016,NOR2016,66119.27736,85787.61744,1.554994637,0.93474941,5234519
Norway,NOR,E,NE_E,2017,NOR2017,67212.70841,87194.11154,0.973128826,1.108640908,5276968
Norway,NOR,E,NE_E,2018,NOR2018,67211.82236,87338.4708,1.307992699,0.896447747,5311916
Norway,NOR,E,NE_E,2019,NOR2019,67473.2706,87725.72833,0.898855282,1.038827381,5347896
Norway,NOR,E,NE_E,2020,NOR2020,66184.24954,86096.05089,1.921492266,1.133204365,5379475
Norway,NOR,E,NE_E,2021,NOR2021,68349.35171,88984.13867,0.765843452,0.923759641,5408320
Norway,NOR,E,NE_E,2022,NOR2022,69725.58933,91051.0832,1.494032139,0.965356632,5457127
Oman,OMN,MENA,WA_ME,1990,OMN1990,30462,35201.55249,27.43750198,0.065502693,1763954
Oman,OMN,MENA,WA_ME,1991,OMN1991,30767,35574.67614,26.97238013,0.042867319,1851473
Oman,OMN,MENA,WA_ME,1992,OMN1992,31843,36841.40116,26.69088527,0.081944741,1938238
Oman,OMN,MENA,WA_ME,1993,OMN1993,32355,37455.34026,27.35186019,0.040614402,2021675
Oman,OMN,MENA,WA_ME,1994,OMN1994,32635,37782.72383,27.37162131,0.036572643,2081834
Oman,OMN,MENA,WA_ME,1995,OMN1995,33651,38946.77427,27.22217588,0.093696438,2120528
Oman,OMN,MENA,WA_ME,1996,OMN1996,34091,39455.82641,27.0902881,0.05946632,2156926
Oman,OMN,MENA,WA_ME,1997,OMN1997,35574,41191.03124,27.13678461,0.106497775,2190720
Oman,OMN,MENA,WA_ME,1998,OMN1998,35967,40574.67449,28.01178663,0.072899531,2222489
Oman,OMN,MENA,WA_ME,1999,OMN1999,35574,40145.93128,27.68403031,0.044476892,2252909
Oman,OMN,MENA,WA_ME,2000,OMN2000,37392,42086.04315,27.61631678,0.03289924,2282131
Oman,OMN,MENA,WA_ME,2001,OMN2001,38568,43492.28638,27.84461705,0.031234549,2310217
Oman,OMN,MENA,WA_ME,2002,OMN2002,37683,42654.14827,27.84737304,0.054393333,2337140
Oman,OMN,MENA,WA_ME,2003,OMN2003,36256,41247.58737,27.84684779,0.036714008,2363796
Oman,OMN,MENA,WA_ME,2004,OMN2004,36171,41351.76874,28.0191025,0.052727819,2404821
Oman,OMN,MENA,WA_ME,2005,OMN2005,36388,41551.14138,27.66538385,0.045198496,2459802
Oman,OMN,MENA,WA_ME,2006,OMN2006,37663,42540.43985,27.84091018,0.064983506,2514795
Oman,OMN,MENA,WA_ME,2007,OMN2007,38659,43696.96914,27.95612106,0.110066753,2570174
Oman,OMN,MENA,WA_ME,2008,OMN2008,41114,46586.39559,27.47256102,0.029262611,2626529
Oman,OMN,MENA,WA_ME,2009,OMN2009,42875,48304.11789,27.95011888,0.056466152,2684659
Oman,OMN,MENA,WA_ME,2010,OMN2010,40820,48191.61451,28.28619329,0.042599099,2757446
Oman,OMN,MENA,WA_ME,2011,OMN2011,37745,44440.30926,27.79639808,0.038082786,3076763
Oman,OMN,MENA,WA_ME,2012,OMN2012,37271,41964.08286,27.6664328,0.044437114,3547106
Oman,OMN,MENA,WA_ME,2013,OMN2013,36330,40854.48535,27.60286583,0.077280076,3833913
Oman,OMN,MENA,WA_ME,2014,OMN2014,35032,39639.98705,27.59691583,0.08552689,4002439
Oman,OMN,MENA,WA_ME,2015,OMN2015,35188,39813.78871,28.05847253,0.02819653,4184895
Oman,OMN,MENA,WA_ME,2016,OMN2016,35230,39860.98939,28.01116023,0.042400533,4390877
Oman,OMN,MENA,WA_ME,2017,OMN2017,34218,38691.10771,28.05034751,0.047892047,4537396
Oman,OMN,MENA,WA_ME,2018,OMN2018,34212,38673.60454,28.00082981,0.038855346,4597877
Oman,OMN,MENA,WA_ME,2019,OMN2019,33814,38292.38597,28.00150436,0.050654737,4591241
Oman,OMN,MENA,WA_ME,2020,OMN2020,33098,37560.59987,27.70006296,0.068095949,4522497
Oman,OMN,MENA,WA_ME,2021,OMN2021,34295,38719.45877,28.07238479,0.032821101,4500424
Oman,OMN,MENA,WA_ME,2022,OMN2022,35337,39780.21228,27.85648088,0.055670944,4730226
Pakistan,PAK,SA,SA_SA,1990,PAK1990,3027.042416,3199.729626,20.72464431,0.347600723,116155576
Pakistan,PAK,SA,SA_SA,1991,PAK1991,3079.914224,3252.35104,20.36209198,0.252993276,120060406
Pakistan,PAK,SA,SA_SA,1992,PAK1992,3231.534185,3404.121384,20.1834662,0.346946091,123546848
Pakistan,PAK,SA,SA_SA,1993,PAK1993,3205.890599,3369.237959,20.86545496,0.232963168,127020117
Pakistan,PAK,SA,SA_SA,1994,PAK1994,3231.442742,3395.504321,20.59409556,0.384247486,130748083
Pakistan,PAK,SA,SA_SA,1995,PAK1995,3293.185412,3462.473362,20.42061897,0.345371505,134582253
Pakistan,PAK,SA,SA_SA,1996,PAK1996,3351.004107,3526.141609,20.33234036,0.333427463,138557092
Pakistan,PAK,SA,SA_SA,1997,PAK1997,3287.820916,3462.581456,19.88955776,0.343232289,142531804
Pakistan,PAK,SA,SA_SA,1998,PAK1998,3276.885761,3454.176653,20.929376,0.280601836,146522356
Pakistan,PAK,SA,SA_SA,1999,PAK1999,3301.175219,3484.456783,21.28341969,0.228767884,150565377
Pakistan,PAK,SA,SA_SA,2000,PAK2000,3337.974042,3531.712915,21.10853116,0.210397761,154879127
Pakistan,PAK,SA,SA_SA,2001,PAK2001,3354.257393,3559.727847,21.25732603,0.237947333,159270907
Pakistan,PAK,SA,SA_SA,2002,PAK2002,3355.527077,3563.678469,21.32772236,0.211578153,163222549
Pakistan,PAK,SA,SA_SA,2003,PAK2003,3459.793294,3668.779389,20.79313641,0.368145063,167110248
Pakistan,PAK,SA,SA_SA,2004,PAK2004,3647.422347,3859.646018,21.49045075,0.247629527,171286000
Pakistan,PAK,SA,SA_SA,2005,PAK2005,3828.058831,4042.154575,20.57714773,0.317546222,175453212
Pakistan,PAK,SA,SA_SA,2006,PAK2006,3973.451472,4185.866557,21.25739894,0.360959439,179682690
Pakistan,PAK,SA,SA_SA,2007,PAK2007,4059.659857,4257.925569,21.23086396,0.306348562,184493231
Pakistan,PAK,SA,SA_SA,2008,PAK2008,4055.772274,4233.348307,21.08123233,0.328328477,189499113
Pakistan,PAK,SA,SA_SA,2009,PAK2009,4102.481264,4270.438823,21.5910446,0.278142886,194376534
Pakistan,PAK,SA,SA_SA,2010,PAK2010,4070.15647,4228.781772,21.66595815,0.394734306,199239047
Pakistan,PAK,SA,SA_SA,2011,PAK2011,4090.275009,4246.067109,21.27105519,0.315198278,203746065
Pakistan,PAK,SA,SA_SA,2012,PAK2012,4137.625006,4292.021103,20.7300126,0.261003709,207667125
Pakistan,PAK,SA,SA_SA,2013,PAK2013,4251.210617,4407.147058,21.30364804,0.339281942,211073978
Pakistan,PAK,SA,SA_SA,2014,PAK2014,4362.940224,4520.234634,20.89632341,0.249904719,214264647
Pakistan,PAK,SA,SA_SA,2015,PAK2015,4489.626883,4645.286311,21.19010422,0.393521802,217290883
Pakistan,PAK,SA,SA_SA,2016,PAK2016,4728.575046,4886.612121,21.80971331,0.284053455,220138869
Pakistan,PAK,SA,SA_SA,2017,PAK2017,4871.996005,5031.560607,21.52404453,0.273726908,223273967
Pakistan,PAK,SA,SA_SA,2018,PAK2018,5091.398056,5255.063507,21.81975027,0.190679864,226928892
Pakistan,PAK,SA,SA_SA,2019,PAK2019,5133.639972,5295.952951,21.00657412,0.36532563,230800899
Pakistan,PAK,SA,SA_SA,2020,PAK2020,4980.035618,5135.014593,20.89096736,0.397262441,235001746
Pakistan,PAK,SA,SA_SA,2021,PAK2021,5207.51087,5367.273647,21.59441202,0.240681227,239477801
Pakistan,PAK,SA,SA_SA,2022,PAK2022,5349.863542,5526.279283,21.81094375,0.452136339,243700667
Palau,PLW,O,Mi_O,1990,PLW1990,,17842.0829,13.87906997,1.6981523,15259
Palau,PLW,O,Mi_O,1991,PLW1991,,18291.72107,13.72934135,2.033172514,15614
Palau,PLW,O,Mi_O,1992,PLW1992,,16719.49315,13.70230844,1.434706107,15989
Palau,PLW,O,Mi_O,1993,PLW1993,,14319.96887,13.72310384,1.503947091,16372
Palau,PLW,O,Mi_O,1994,PLW1994,,15000.66781,13.77821148,1.360836089,16770
Palau,PLW,O,Mi_O,1995,PLW1995,,16224.56186,13.81148447,1.617266454,17195
Palau,PLW,O,Mi_O,1996,PLW1996,,17446.21738,13.8998662,1.518527957,17654
Palau,PLW,O,Mi_O,1997,PLW1997,,17400.01058,13.87595113,1.30100995,18108
Palau,PLW,O,Mi_O,1998,PLW1998,,17349.43496,13.99344896,1.335425229,18524
Palau,PLW,O,Mi_O,1999,PLW1999,,16085.19844,13.85619664,1.986166037,18901
Palau,PLW,O,Mi_O,2000,PLW2000,,15440.07646,13.95081725,1.811596573,19178
Palau,PLW,O,Mi_O,2001,PLW2001,,16295.89764,14.0080054,1.992716188,19352
Palau,PLW,O,Mi_O,2002,PLW2002,,16980.8258,14.02672047,1.53677339,19503
Palau,PLW,O,Mi_O,2003,PLW2003,,16303.08214,13.88115083,2.065434048,19659
Palau,PLW,O,Mi_O,2004,PLW2004,,16807.61624,13.99136771,1.366512195,19820
Palau,PLW,O,Mi_O,2005,PLW2005,,17382.29945,13.90402704,1.923472452,19819
Palau,PLW,O,Mi_O,2006,PLW2006,,17561.04619,13.92482191,1.853346292,19593
Palau,PLW,O,Mi_O,2007,PLW2007,,18138.46934,13.8655542,1.556785585,19302
Palau,PLW,O,Mi_O,2008,PLW2008,,17406.16777,13.88219118,1.818382838,19009
Palau,PLW,O,Mi_O,2009,PLW2009,,16401.22381,13.90403136,1.846634205,18709
Palau,PLW,O,Mi_O,2010,PLW2010,,16530.84558,13.81253351,1.331248711,18396
Palau,PLW,O,Mi_O,2011,PLW2011,,17682.60864,13.76885649,2.191224115,18078
Palau,PLW,O,Mi_O,2012,PLW2012,,18219.69799,13.89571169,1.559611675,17765
Palau,PLW,O,Mi_O,2013,PLW2013,,17783.62931,13.99240812,1.339320915,17648
Palau,PLW,O,Mi_O,2014,PLW2014,,18561.44049,13.97577124,1.738676103,17715
Palau,PLW,O,Mi_O,2015,PLW2015,,20021.31442,14.09222785,1.127406207,17770
Palau,PLW,O,Mi_O,2016,PLW2016,,19902.9819,14.13070111,1.385870342,17797
Palau,PLW,O,Mi_O,2017,PLW2017,,19237.92655,14.03711808,2.071906308,17812
Palau,PLW,O,Mi_O,2018,PLW2018,,19256.92763,14.03296088,1.530529782,17814
Palau,PLW,O,Mi_O,2019,PLW2019,,19312.79055,13.81252646,1.653232854,17798
Palau,PLW,O,Mi_O,2020,PLW2020,,18160.25457,13.71478579,1.7584947,17792
Palau,PLW,O,Mi_O,2021,PLW2021,,15663.17159,13.58897437,2.172720004,17783
Palau,PLW,O,Mi_O,2022,PLW2022,,15477.55264,13.55154107,2.103146065,17759
Panama,PAN,LA,CA_LA,1990,PAN1990,10661.61944,11335.93537,25.33728723,2.507371282,2455583
Panama,PAN,LA,CA_LA,1991,PAN1991,11418.04463,12143.14904,25.38168383,2.423262276,2508265
Panama,PAN,LA,CA_LA,1992,PAN1992,12097.09591,12866.84871,25.384089,2.284942583,2561336
Panama,PAN,LA,CA_LA,1993,PAN1993,12493.62956,13289.87374,25.44831998,2.380964817,2615099
Panama,PAN,LA,CA_LA,1994,PAN1994,12586.35393,13389.87424,25.24103484,2.372002158,2669546
Panama,PAN,LA,CA_LA,1995,PAN1995,12545.86895,13349.33377,25.40002952,2.442588246,2724557
Panama,PAN,LA,CA_LA,1996,PAN1996,12774.65516,12327.85152,25.08053096,2.508189168,2780227
Panama,PAN,LA,CA_LA,1997,PAN1997,13197.69553,13013.89096,25.49096186,2.464396851,2836695
Panama,PAN,LA,CA_LA,1998,PAN1998,13860.74181,13826.53233,25.74302896,2.420596248,2893914
Panama,PAN,LA,CA_LA,1999,PAN1999,14180.86,14261.74094,24.95656348,2.538695609,2951822
Panama,PAN,LA,CA_LA,2000,PAN2000,14242.0711,14572.97523,24.9503492,2.424473458,3010369
Panama,PAN,LA,CA_LA,2001,PAN2001,13990.23077,14427.82996,25.30376325,2.454628406,3069537
Panama,PAN,LA,CA_LA,2002,PAN2002,14086.60674,14507.14381,25.4604064,2.520236497,3129344
Panama,PAN,LA,CA_LA,2003,PAN2003,14422.01069,14957.55326,25.55234111,2.587936533,3189807
Panama,PAN,LA,CA_LA,2004,PAN2004,15206.3891,15875.11268,25.30411703,2.599331504,3251155
Panama,PAN,LA,CA_LA,2005,PAN2005,15844.86842,16867.96093,25.33323892,2.428587394,3313026
Panama,PAN,LA,CA_LA,2006,PAN2006,16846.40795,18190.27412,25.39506585,2.365953784,3375024
Panama,PAN,LA,CA_LA,2007,PAN2007,18558.1486,20208.82157,25.24854564,2.586965625,3437490
Panama,PAN,LA,CA_LA,2008,PAN2008,20033.08263,21867.81876,25.0439922,2.577883404,3500648
Panama,PAN,LA,CA_LA,2009,PAN2009,19995.96086,21822.98769,25.50661139,2.453722133,3564381
Panama,PAN,LA,CA_LA,2010,PAN2010,20803.88366,22739.11062,25.54888508,2.630740544,3628535
Panama,PAN,LA,CA_LA,2011,PAN2011,22635.6103,24999.46059,25.31002607,2.601188966,3693505
Panama,PAN,LA,CA_LA,2012,PAN2012,24431.62452,26926.88528,25.50686421,2.23840146,3759256
Panama,PAN,LA,CA_LA,2013,PAN2013,26054.20782,28135.3279,25.68567099,2.23670041,3825329
Panama,PAN,LA,CA_LA,2014,PAN2014,27012.33584,28931.80445,25.7849995,2.459965169,3892101
Panama,PAN,LA,CA_LA,2015,PAN2015,27668.7579,29933.15557,25.89781486,2.26297194,3960035
Panama,PAN,LA,CA_LA,2016,PAN2016,27887.67332,30765.23716,25.89429412,2.28112293,4029086
Panama,PAN,LA,CA_LA,2017,PAN2017,28275.73448,31979.81227,25.44469243,2.333794763,4098707
Panama,PAN,LA,CA_LA,2018,PAN2018,28509.09182,32681.44636,25.32596421,2.570575522,4167860
Panama,PAN,LA,CA_LA,2019,PAN2019,28879.47165,33163.72691,25.62249021,2.555737997,4234700
Panama,PAN,LA,CA_LA,2020,PAN2020,23358.76762,26881.79871,25.6103136,2.539837184,4293261
Panama,PAN,LA,CA_LA,2021,PAN2021,26615.51698,30932.76278,25.32386365,2.531101435,4345405
Panama,PAN,LA,CA_LA,2022,PAN2022,29015.56545,33833.02651,25.08082355,2.329637107,4400773
Papua New Guinea,PNG,O,Me_O,1990,PNG1990,2907,3164.148873,25.01478936,3.213080299,3896481
Papua New Guinea,PNG,O,Me_O,1991,PNG1991,3084,3358.188652,24.72755223,2.951185361,4021837
Papua New Guinea,PNG,O,Me_O,1992,PNG1992,3388,3690.345026,24.99303088,2.782989526,4166699
Papua New Guinea,PNG,O,Me_O,1993,PNG1993,3860,4206.429117,24.82970177,2.590745199,4320872
Papua New Guinea,PNG,O,Me_O,1994,PNG1994,3942,4297.891162,24.76496963,2.578659107,4480208
Papua New Guinea,PNG,O,Me_O,1995,PNG1995,3676,4008.722038,24.67205796,3.114858104,4644278
Papua New Guinea,PNG,O,Me_O,1996,PNG1996,3820,4167.036221,24.64627738,3.336841357,4813361
Papua New Guinea,PNG,O,Me_O,1997,PNG1997,3541,3864.230304,24.59947141,3.111802124,4987883
Papua New Guinea,PNG,O,Me_O,1998,PNG1998,3290,3590.100123,24.77421361,3.155122015,5166390
Papua New Guinea,PNG,O,Me_O,1999,PNG1999,3236,3531.659532,24.64383613,3.187847023,5349333
Papua New Guinea,PNG,O,Me_O,2000,PNG2000,3048,3326.7986,24.63756316,3.104988882,5537064
Papua New Guinea,PNG,O,Me_O,2001,PNG2001,2943,3211.75933,24.67442492,3.132163309,5728435
Papua New Guinea,PNG,O,Me_O,2002,PNG2002,2841,3100.7951,24.70325506,3.14193064,5924003
Papua New Guinea,PNG,O,Me_O,2003,PNG2003,2808,3064.44403,24.81274382,3.09846593,6123997
Papua New Guinea,PNG,O,Me_O,2004,PNG2004,2792,3046.332896,24.75529132,3.11947416,6328041
Papua New Guinea,PNG,O,Me_O,2005,PNG2005,2875,3136.585683,24.69186755,3.1238721,6535905
Papua New Guinea,PNG,O,Me_O,2006,PNG2006,2936,3202.487304,24.65736798,3.106190412,6747720
Papua New Guinea,PNG,O,Me_O,2007,PNG2007,3068,3345.850304,24.63509423,3.165908446,6963345
Papua New Guinea,PNG,O,Me_O,2008,PNG2008,2966,3233.918119,24.61364651,3.16501005,7183002
Papua New Guinea,PNG,O,Me_O,2009,PNG2009,3073,3349.643454,24.69619467,3.201282799,7406438
Papua New Guinea,PNG,O,Me_O,2010,PNG2010,3284,3579.171412,24.76659234,3.288607829,7633523
Papua New Guinea,PNG,O,Me_O,2011,PNG2011,3225,3514.832774,24.66458696,3.158107255,7859346
Papua New Guinea,PNG,O,Me_O,2012,PNG2012,3283,3577.451773,24.69928419,3.195648702,8081390
Papua New Guinea,PNG,O,Me_O,2013,PNG2013,3318,3615.283238,24.71476521,3.149079344,8302698
Papua New Guinea,PNG,O,Me_O,2014,PNG2014,3670,3998.61805,24.7168617,3.175802407,8523441
Papua New Guinea,PNG,O,Me_O,2015,PNG2015,3813,4154.523326,24.72820581,3.076707665,8743246
Papua New Guinea,PNG,O,Me_O,2016,PNG2016,3924,4275.748586,24.77333608,3.126536065,8961718
Papua New Guinea,PNG,O,Me_O,2017,PNG2017,3967,4322.222821,24.74471962,3.108008467,9178714
Papua New Guinea,PNG,O,Me_O,2018,PNG2018,3865,4211.145474,24.73776835,3.084458162,9394513
Papua New Guinea,PNG,O,Me_O,2019,PNG2019,3948,4301.611392,24.72918836,3.172254058,9609010
Papua New Guinea,PNG,O,Me_O,2020,PNG2020,3742,4077.631322,24.77885608,3.115123835,9815746
Papua New Guinea,PNG,O,Me_O,2021,PNG2021,3638,3976.903801,24.76988525,3.222796439,10012896
Papua New Guinea,PNG,O,Me_O,2022,PNG2022,3753,4125.493034,24.76297168,3.147237406,10203169
Paraguay,PRY,LA,SA_LA,1990,PRY1990,10004.89212,9962.480278,23.45900084,1.323538808,4035747
Paraguay,PRY,LA,SA_LA,1991,PRY1991,10090.47066,10040.31225,24.00389157,1.125988701,4144364
Paraguay,PRY,LA,SA_LA,1992,PRY1992,10006.0989,9948.421181,23.22041987,1.461924327,4253600
Paraguay,PRY,LA,SA_LA,1993,PRY1993,10178.44323,10178.45479,23.6312426,0.994132162,4362696
Paraguay,PRY,LA,SA_LA,1994,PRY1994,10396.00979,10459.08985,24.41927219,1.125763627,4471417
Paraguay,PRY,LA,SA_LA,1995,PRY1995,10776.48848,10908.27266,23.77224303,1.036664897,4579806
Paraguay,PRY,LA,SA_LA,1996,PRY1996,10621.2083,10825.28749,23.29703426,1.319234904,4687543
Paraguay,PRY,LA,SA_LA,1997,PRY1997,10751.69518,11033.01572,24.37045455,1.33005856,4794412
Paraguay,PRY,LA,SA_LA,1998,PRY1998,10456.53646,10802.55974,23.33286066,1.415665587,4900025
Paraguay,PRY,LA,SA_LA,1999,PRY1999,10033.65294,10435.39868,23.55162582,0.969939423,5003135
Paraguay,PRY,LA,SA_LA,2000,PRY2000,9547.950742,9998.592854,23.45993517,1.195291325,5100868
Paraguay,PRY,LA,SA_LA,2001,PRY2001,9238.747798,9749.258658,24.29766743,1.064164919,5187689
Paraguay,PRY,LA,SA_LA,2002,PRY2002,9037.581011,9610.747778,24.09479492,1.217794179,5261328
Paraguay,PRY,LA,SA_LA,2003,PRY2003,9335.067551,9903.45029,23.93960392,1.190187146,5326436
Paraguay,PRY,LA,SA_LA,2004,PRY2004,9628.086503,10187.19439,23.57597159,1.16012843,5388175
Paraguay,PRY,LA,SA_LA,2005,PRY2005,9754.052802,10290.10082,23.70226414,1.018047699,5448097
Paraguay,PRY,LA,SA_LA,2006,PRY2006,10155.43528,10672.99333,24.28516465,1.158518903,5505148
Paraguay,PRY,LA,SA_LA,2007,PRY2007,10642.51317,11141.87047,23.56099522,1.096194839,5559386
Paraguay,PRY,LA,SA_LA,2008,PRY2008,11270.06674,11751.13917,23.69656129,1.066721672,5613574
Paraguay,PRY,LA,SA_LA,2009,PRY2009,11134.18672,11601.28546,23.89797928,1.170242312,5671236
Paraguay,PRY,LA,SA_LA,2010,PRY2010,12235.47383,12738.57656,23.40615377,1.147633383,5737971
Paraguay,PRY,LA,SA_LA,2011,PRY2011,12616.67089,13109.46657,23.70339946,1.151764854,5814626
Paraguay,PRY,LA,SA_LA,2012,PRY2012,12380.09581,12834.80159,24.47268545,1.130603139,5897008
Paraguay,PRY,LA,SA_LA,2013,PRY2013,13244.15361,13700.70305,23.65375317,1.105673555,5982445
Paraguay,PRY,LA,SA_LA,2014,PRY2014,13772.03534,14219.35442,24.48175069,1.373916224,6069811
Paraguay,PRY,LA,SA_LA,2015,PRY2015,13999.43787,14427.60023,24.5419773,1.424434991,6159103
Paraguay,PRY,LA,SA_LA,2016,PRY2016,14423.51103,14826.66369,23.50383442,1.264248123,6249126
Paraguay,PRY,LA,SA_LA,2017,PRY2017,14939.53823,15320.33665,24.41912961,1.214838345,6338660
Paraguay,PRY,LA,SA_LA,2018,PRY2018,15241.14823,15592.98414,23.82675325,1.257023614,6427382
Paraguay,PRY,LA,SA_LA,2019,PRY2019,15010.30837,15321.32455,24.31852794,1.131451211,6515058
Paraguay,PRY,LA,SA_LA,2020,PRY2020,14718.60199,14991.66062,24.48411407,0.910363034,6603739
Paraguay,PRY,LA,SA_LA,2021,PRY2021,15134.81221,15406.16706,23.96654362,0.972849855,6684182
Paraguay,PRY,LA,SA_LA,2022,PRY2022,14992.53648,15259.14563,23.83614133,0.966497585,6760464
Peru,PER,LA,SA_LA,1990,PER1990,4934.045793,6317.079067,19.44878939,1.549803443,22014771
Peru,PER,LA,SA_LA,1991,PER1991,4928.998752,6322.574905,19.57689873,1.349091088,22483775
Peru,PER,LA,SA_LA,1992,PER1992,4790.889575,6161.635753,19.91270767,1.399795735,22946340
Peru,PER,LA,SA_LA,1993,PER1993,4957.133727,6355.261966,19.70837857,1.670472263,23413783
Peru,PER,LA,SA_LA,1994,PER1994,5427.135377,6997.705824,19.71604284,1.64934764,23881493
Peru,PER,LA,SA_LA,1995,PER1995,5692.200476,7372.042455,19.74654635,1.424888458,24348919
Peru,PER,LA,SA_LA,1996,PER1996,5711.369318,7437.192572,19.12620574,1.548965288,24811171
Peru,PER,LA,SA_LA,1997,PER1997,5937.008171,7773.827006,20.17687085,1.586742431,25274147
Peru,PER,LA,SA_LA,1998,PER1998,5775.581727,7603.80929,20.41776665,1.52993618,25738095
Peru,PER,LA,SA_LA,1999,PER1999,5730.368612,7585.327888,19.2922135,1.767519389,26186504
Peru,PER,LA,SA_LA,2000,PER2000,5760.171176,7669.095318,19.43876976,1.683914628,26598331
Peru,PER,LA,SA_LA,2001,PER2001,5669.156942,7611.666282,19.37611642,1.749535645,26964601
Peru,PER,LA,SA_LA,2002,PER2002,5927.837064,7931.57975,19.71972434,1.696967818,27288217
Peru,PER,LA,SA_LA,2003,PER2003,6102.220971,8174.379427,19.68772127,1.768401329,27580490
Peru,PER,LA,SA_LA,2004,PER2004,6335.692165,8495.986393,19.77595596,1.756967383,27852190
Peru,PER,LA,SA_LA,2005,PER2005,6650.539879,8949.954427,19.64537636,1.542248506,28101180
Peru,PER,LA,SA_LA,2006,PER2006,7029.791692,9547.913278,19.77423118,1.815049875,28324491
Peru,PER,LA,SA_LA,2007,PER2007,7505.567216,10286.35482,19.25650502,1.702734833,28530699
Peru,PER,LA,SA_LA,2008,PER2008,8076.696793,11151.53052,19.41455169,1.687492298,28719041
Peru,PER,LA,SA_LA,2009,PER2009,8114.495491,11204.37688,19.7861613,1.713856829,28896811
Peru,PER,LA,SA_LA,2010,PER2010,8646.692643,12059.01802,19.72171476,1.406049584,29086019
Peru,PER,LA,SA_LA,2011,PER2011,9247.881337,12726.59998,19.50721243,1.630380481,29304086
Peru,PER,LA,SA_LA,2012,PER2012,9713.956795,13395.39938,19.68111599,1.502714821,29550366
Peru,PER,LA,SA_LA,2013,PER2013,10245.38419,14052.13762,19.3412191,1.605869728,29817919
Peru,PER,LA,SA_LA,2014,PER2014,10336.09178,14244.56602,19.72700878,1.573907211,30115826
Peru,PER,LA,SA_LA,2015,PER2015,10553.28688,14542.79309,20.25341317,1.575761794,30457600
Peru,PER,LA,SA_LA,2016,PER2016,10651.11151,14917.44895,20.1693286,1.5111273,30866494
Peru,PER,LA,SA_LA,2017,PER2017,10759.69338,15069.52211,19.9364917,1.725174479,31324637
Peru,PER,LA,SA_LA,2018,PER2018,10979.94515,15386.26016,19.62612978,1.59863647,31897584
Peru,PER,LA,SA_LA,2019,PER2019,11014.90899,15463.54324,19.66282812,1.747407725,32449303
Peru,PER,LA,SA_LA,2020,PER2020,9677.034225,13609.59996,19.8654166,1.303232764,32838579
Peru,PER,LA,SA_LA,2021,PER2021,10835.90625,15280.55121,19.7062109,1.518161342,33155882
Peru,PER,LA,SA_LA,2022,PER2022,11011.72768,15559.82164,19.58798242,1.235837246,33475438
Philippines,PHL,SEA,SEA_SEA,1990,PHL1990,4768.115787,4504.462304,25.20551565,2.370475099,62854666
Philippines,PHL,SEA,SEA_SEA,1991,PHL1991,4633.478347,4378.395321,25.19978817,1.971197022,64382249
Philippines,PHL,SEA,SEA_SEA,1992,PHL1992,4542.370554,4293.718101,25.07681646,1.874114038,65926125
Philippines,PHL,SEA,SEA_SEA,1993,PHL1993,4537.217022,4283.159678,25.18054958,2.254326589,67530621
Philippines,PHL,SEA,SEA_SEA,1994,PHL1994,4629.848987,4374.067217,25.28906912,2.16268697,69019291
Philippines,PHL,SEA,SEA_SEA,1995,PHL1995,4735.802393,4477.323177,25.16258341,2.616587931,70546246
Philippines,PHL,SEA,SEA_SEA,1996,PHL1996,4919.588424,4631.771977,25.03244638,2.475550764,72190242
Philippines,PHL,SEA,SEA_SEA,1997,PHL1997,5074.083532,4758.708458,25.1416588,2.002004277,73908810
Philippines,PHL,SEA,SEA_SEA,1998,PHL1998,4954.263255,4616.672929,25.77050457,2.138574562,75791024
Philippines,PHL,SEA,SEA_SEA,1999,PHL1999,5029.156973,4650.759269,25.18930523,3.214313805,77753257
Philippines,PHL,SEA,SEA_SEA,2000,PHL2000,5162.681166,4740.438917,25.33303838,3.008878798,79625397
Philippines,PHL,SEA,SEA_SEA,2001,PHL2001,5231.863737,4778.400844,25.34921286,2.723982515,81401488
Philippines,PHL,SEA,SEA_SEA,2002,PHL2002,5339.144124,4856.499484,25.23469909,2.31389713,83068889
Philippines,PHL,SEA,SEA_SEA,2003,PHL2003,5523.665615,5003.383177,25.1063807,2.485436516,84731835
Philippines,PHL,SEA,SEA_SEA,2004,PHL2004,5797.314548,5229.450807,25.2420839,2.310007271,86394504
Philippines,PHL,SEA,SEA_SEA,2005,PHL2005,5994.524241,5386.816537,25.29773428,2.458078013,88015962
Philippines,PHL,SEA,SEA_SEA,2006,PHL2006,6219.257537,5578.572251,25.34204023,2.438919475,89508986
Philippines,PHL,SEA,SEA_SEA,2007,PHL2007,6530.680165,5840.068102,25.35128383,2.659935731,91075184
Philippines,PHL,SEA,SEA_SEA,2008,PHL2008,6921.293084,5987.037579,25.07130272,3.024481911,92699095
Philippines,PHL,SEA,SEA_SEA,2009,PHL2009,6884.719478,5965.307309,25.10448328,2.70046505,94384250
Philippines,PHL,SEA,SEA_SEA,2010,PHL2010,7142.556224,6273.039277,25.28056742,2.517003691,96337125
Philippines,PHL,SEA,SEA_SEA,2011,PHL2011,7281.470947,6388.31297,25.05659054,3.223950978,98248614
Philippines,PHL,SEA,SEA_SEA,2012,PHL2012,7668.54279,6697.55621,25.38306746,2.829378078,100175512
Philippines,PHL,SEA,SEA_SEA,2013,PHL2013,8137.772477,7016.538465,25.38541554,2.615459046,102076336
Philippines,PHL,SEA,SEA_SEA,2014,PHL2014,8529.331932,7340.361586,25.25194226,2.405316724,103767130
Philippines,PHL,SEA,SEA_SEA,2015,PHL2015,9005.67917,7691.763087,25.46614878,2.275189076,105312992
Philippines,PHL,SEA,SEA_SEA,2016,PHL2016,9523.271843,8131.825379,25.81109303,2.396849359,106735719
Philippines,PHL,SEA,SEA_SEA,2017,PHL2017,10020.51462,8584.136227,25.38245624,3.047040351,108119693
Philippines,PHL,SEA,SEA_SEA,2018,PHL2018,10456.96895,9016.286596,25.55045378,2.63722554,109465287
Philippines,PHL,SEA,SEA_SEA,2019,PHL2019,10929.49683,9452.293972,25.61127251,2.288995389,110804683
Philippines,PHL,SEA,SEA_SEA,2020,PHL2020,9742.528556,8455.184571,25.73059177,2.444753634,112081264
Philippines,PHL,SEA,SEA_SEA,2021,PHL2021,10161.87621,8857.789951,25.69565293,2.692977723,113100950
Philippines,PHL,SEA,SEA_SEA,2022,PHL2022,10788.0954,9457.103954,25.62519038,2.9173287,113964338
Poland,POL,E,EE_E,1990,POL1990,11371.57858,12821.46363,9.089062104,0.562442469,38110782
Poland,POL,E,EE_E,1991,POL1991,10541.07782,11879.75393,8.105323831,0.522146427,38246193
Poland,POL,E,EE_E,1992,POL1992,10778.05854,12141.23513,8.774664785,0.531090497,38363667
Poland,POL,E,EE_E,1993,POL1993,11157.7055,12563.10454,7.7916403,0.58453988,38461408
Poland,POL,E,EE_E,1994,POL1994,11728.83449,13200.16142,8.832163452,0.604022917,38542652
Poland,POL,E,EE_E,1995,POL1995,12550.72271,14227.56637,8.185947573,0.570001361,38594998
Poland,POL,E,EE_E,1996,POL1996,13317.70046,15083.09812,6.598521016,0.551286647,38624370
Poland,POL,E,EE_E,1997,POL1997,14177.47107,16031.72115,7.837660735,0.621244675,38649660
Poland,POL,E,EE_E,1998,POL1998,14840.65198,16766.64929,8.249097473,0.677753723,38663481
Poland,POL,E,EE_E,1999,POL1999,15543.83354,17556.00269,8.887829404,0.607209139,38660271
Poland,POL,E,EE_E,2000,POL2000,16435.07835,18566.35463,9.477927169,0.616472016,38258629
Poland,POL,E,EE_E,2001,POL2001,16729.91817,18800.60186,8.284404667,0.701068852,38248076
Poland,POL,E,EE_E,2002,POL2002,17169.20412,19166.91371,9.046997099,0.621747146,38230364
Poland,POL,E,EE_E,2003,POL2003,17811.9796,19855.6318,8.349728586,0.489190367,38204570
Poland,POL,E,EE_E,2004,POL2004,18663.44551,20878.6545,8.299635277,0.599435572,38182222
Poland,POL,E,EE_E,2005,POL2005,19264.63807,21568.94766,8.203002372,0.570641785,38165445
Poland,POL,E,EE_E,2006,POL2006,20371.15835,22921.19759,8.570210637,0.550569953,38141267
Poland,POL,E,EE_E,2007,POL2007,21875.09211,24484.06567,9.294923241,0.66874567,38120560
Poland,POL,E,EE_E,2008,POL2008,22959.0567,25553.90584,9.391892427,0.597819334,38125759
Poland,POL,E,EE_E,2009,POL2009,23697.97165,26204.41037,8.66412211,0.675704399,38151603
Poland,POL,E,EE_E,2010,POL2010,24334.83356,27112.13338,7.636244545,0.790131997,38042794
Poland,POL,E,EE_E,2011,POL2011,25598.9865,28521.66126,8.914195184,0.545871067,38063255
Poland,POL,E,EE_E,2012,POL2012,25912.45673,28952.91573,8.576899761,0.607019765,38063164
Poland,POL,E,EE_E,2013,POL2013,26116.67881,29168.62421,8.613696231,0.646276686,38040196
Poland,POL,E,EE_E,2014,POL2014,27068.41522,30334.87866,9.751419981,0.626155287,38011735
Poland,POL,E,EE_E,2015,POL2015,28277.51866,31700.36824,9.774955398,0.512503037,37986412
Poland,POL,E,EE_E,2016,POL2016,29086.45879,32675.30523,9.275187707,0.670086594,37970087
Poland,POL,E,EE_E,2017,POL2017,30594.71671,34354.59876,9.099157268,0.726682576,37974826
Poland,POL,E,EE_E,2018,POL2018,32403.19165,36500.41143,9.91331365,0.505135246,37974750
Poland,POL,E,EE_E,2019,POL2019,33767.65935,38181.62303,10.14436478,0.538608405,37965475
Poland,POL,E,EE_E,2020,POL2020,32970.14385,37852.80213,10.04629721,0.629007181,37515748
Poland,POL,E,EE_E,2021,POL2021,35377.3106,41059.58478,8.720080428,0.643493252,36981559
Poland,POL,E,EE_E,2022,POL2022,38151.67146,43405.02158,9.681442162,0.542515237,36821749
Portugal,PRT,E,SE_E,1990,PRT1990,23654.34442,27190.57177,15.95065206,0.720409988,9983218
Portugal,PRT,E,SE_E,1991,PRT1991,24729.0055,28443.79446,15.46244534,0.691408598,9960235
Portugal,PRT,E,SE_E,1992,PRT1992,25002.07312,28776.04731,15.47959626,0.622347149,9952494
Portugal,PRT,E,SE_E,1993,PRT1993,24445.78894,28153.61544,14.85309837,0.857009679,9964675
Portugal,PRT,E,SE_E,1994,PRT1994,24599.80098,28348.86576,15.80903475,0.735425928,9991525
Portugal,PRT,E,SE_E,1995,PRT1995,25548.68784,29460.8141,16.33658317,0.866604397,10026176
Portugal,PRT,E,SE_E,1996,PRT1996,26340.81263,30378.75568,15.4931373,1.217392028,10063945
Portugal,PRT,E,SE_E,1997,PRT1997,27373.29015,31574.40209,16.33701843,1.114586767,10108977
Portugal,PRT,E,SE_E,1998,PRT1998,28540.33692,32925.66375,15.94619641,0.667429578,10160196
Portugal,PRT,E,SE_E,1999,PRT1999,29483.74848,34018.96357,15.68695439,0.813109529,10217828
Portugal,PRT,E,SE_E,2000,PRT2000,30390.289,35069.82742,15.70583504,0.979820755,10289898
Portugal,PRT,E,SE_E,2001,PRT2001,30712.86254,35500.22653,15.81581566,0.93488907,10362722
Portugal,PRT,E,SE_E,2002,PRT2002,30814.70199,35578.51988,15.71439545,0.973742333,10419631
Portugal,PRT,E,SE_E,2003,PRT2003,30483.78958,35115.37936,16.14951191,1.000898488,10458821
Portugal,PRT,E,SE_E,2004,PRT2004,30954.66635,35658.12967,15.77472618,0.699308169,10483861
Portugal,PRT,E,SE_E,2005,PRT2005,31124.75836,35870.30912,15.75179684,0.620323308,10503330
Portugal,PRT,E,SE_E,2006,PRT2006,31576.45691,36387.53657,16.30741123,1.001227434,10522288
Portugal,PRT,E,SE_E,2007,PRT2007,32238.22839,37226.47009,15.63862688,0.691921867,10542964
Portugal,PRT,E,SE_E,2008,PRT2008,32213.04142,37291.50472,15.69685428,0.843998525,10558177
Portugal,PRT,E,SE_E,2009,PRT2009,31111.38505,36092.81077,16.32056975,0.918570172,10568247
Portugal,PRT,E,SE_E,2010,PRT2010,31673.63275,36703.11402,15.87429889,1.330307233,10573100
Portugal,PRT,E,SE_E,2011,PRT2011,31137.93222,36127.29481,16.34306065,0.831365568,10557560
Portugal,PRT,E,SE_E,2012,PRT2012,29951.2933,34804.63319,15.93956678,0.759365935,10514844
Portugal,PRT,E,SE_E,2013,PRT2013,29717.91912,34651.7718,15.73840469,0.969634093,10457295
Portugal,PRT,E,SE_E,2014,PRT2014,30100.41593,35097.40968,16.2813357,0.979920075,10401062
Portugal,PRT,E,SE_E,2015,PRT2015,30885.69709,35803.35741,16.32903211,0.608450744,10358076
Portugal,PRT,E,SE_E,2016,PRT2016,31564.25785,36636.29768,16.27031922,0.97639816,10325452
Portugal,PRT,E,SE_E,2017,PRT2017,32765.81068,37943.11506,16.6634161,0.610609427,10300300
Portugal,PRT,E,SE_E,2018,PRT2018,33644.23489,39123.61476,15.9293952,0.987436753,10283822
Portugal,PRT,E,SE_E,2019,PRT2019,34435.5773,40188.28668,16.25281484,0.704633386,10286263
Portugal,PRT,E,SE_E,2020,PRT2020,31517.37615,36852.22839,16.62643408,0.839645484,10297081
Portugal,PRT,E,SE_E,2021,PRT2021,33081.76842,38657.66772,16.17757605,0.821628107,10361831
Portugal,PRT,E,SE_E,2022,PRT2022,35139.85862,41070.86131,17.06461811,0.849208575,10434332
Puerto Rico (US),PRI,LA,C_LA,1990,PRI1990,21596,26738.81444,24.48888922,1.859333374,3537000
Puerto Rico (US),PRI,LA,C_LA,1991,PRI1991,21938,27162.15079,24.502778,1.604733369,3562110
Puerto Rico (US),PRI,LA,C_LA,1992,PRI1992,22792,28219.11605,24.71111144,2.20540003,3585176
Puerto Rico (US),PRI,LA,C_LA,1993,PRI1993,23650,29282.11218,24.76388931,1.777833345,3615497
Puerto Rico (US),PRI,LA,C_LA,1994,PRI1994,24412,30225.78076,24.74166701,1.611866698,3649237
Puerto Rico (US),PRI,LA,C_LA,1995,PRI1995,25288,31310.18016,24.95277818,1.890400027,3683103
Puerto Rico (US),PRI,LA,C_LA,1996,PRI1996,25585,31677.23025,24.75277816,1.672500012,3724655
Puerto Rico (US),PRI,LA,C_LA,1997,PRI1997,26585,32915.79057,25.14444473,1.561333368,3759430
Puerto Rico (US),PRI,LA,C_LA,1998,PRI1998,27894,34537.18519,25.5694446,2.724900055,3781101
Puerto Rico (US),PRI,LA,C_LA,1999,PRI1999,29251,36216.83809,24.95000029,2.270300024,3800081
Puerto Rico (US),PRI,LA,C_LA,2000,PRI2000,30125,37298.54504,24.83333397,1.525400023,3810605
Puerto Rico (US),PRI,LA,C_LA,2001,PRI2001,31958,39568.55284,25.15555588,1.879600018,3818774
Puerto Rico (US),PRI,LA,C_LA,2002,PRI2002,32209,39879.72956,25.21666707,1.750566708,3823701
Puerto Rico (US),PRI,LA,C_LA,2003,PRI2003,32206,39876.06702,25.26666721,2.36703337,3826095
Puerto Rico (US),PRI,LA,C_LA,2004,PRI2004,35017,43355.82264,24.8583338,2.479466705,3826878
Puerto Rico (US),PRI,LA,C_LA,2005,PRI2005,34371,42555.70812,24.99722258,2.657200043,3821362
Puerto Rico (US),PRI,LA,C_LA,2006,PRI2006,34030,42133.96827,24.86666701,2.647400045,3805214
Puerto Rico (US),PRI,LA,C_LA,2007,PRI2007,33832,41888.62327,24.85277812,2.103366709,3782995
Puerto Rico (US),PRI,LA,C_LA,2008,PRI2008,33403,41358.06891,24.4944449,2.335666705,3760866
Puerto Rico (US),PRI,LA,C_LA,2009,PRI2009,32930,40772.35142,24.8250005,2.363366704,3740410
Puerto Rico (US),PRI,LA,C_LA,2010,PRI2010,32961,40777.68928,25.0305561,3.039800046,3724465
Puerto Rico (US),PRI,LA,C_LA,2011,PRI2011,33225,40972.53641,24.73611143,2.875533381,3693464
Puerto Rico (US),PRI,LA,C_LA,2012,PRI2012,33639,41347.4542,24.9583337,1.863166693,3661045
Puerto Rico (US),PRI,LA,C_LA,2013,PRI2013,33922,41556.78524,25.11111143,2.724533398,3631427
Puerto Rico (US),PRI,LA,C_LA,2014,PRI2014,34070,41593.67983,25.141667,2.291566703,3585017
Puerto Rico (US),PRI,LA,C_LA,2015,PRI2015,34311,41737.60686,25.32500034,1.513000021,3535167
Puerto Rico (US),PRI,LA,C_LA,2016,PRI2016,34540,41858.26267,25.23888932,2.515866697,3480432
Puerto Rico (US),PRI,LA,C_LA,2017,PRI2017,34364,41479.99777,25.01388915,2.430600029,3410837
Puerto Rico (US),PRI,LA,C_LA,2018,PRI2018,34223,41119.30881,24.80277809,1.937633375,3290690
Puerto Rico (US),PRI,LA,C_LA,2019,PRI2019,34793,41656.32916,25.11388927,1.87290004,3302691
Puerto Rico (US),PRI,LA,C_LA,2020,PRI2020,32438,40171.38669,25.16111141,2.225133354,3281590
Puerto Rico (US),PRI,LA,C_LA,2021,PRI2021,32767,40559.47481,25.01111137,1.913700024,3262711
Puerto Rico (US),PRI,LA,C_LA,2022,PRI2022,34298,42310.95851,24.94444476,2.009100024,3220137
Qatar,QAT,MENA,WA_ME,1990,QAT1990,59959,71584.44663,27.37300683,0.061013736,440175
Qatar,QAT,MENA,WA_ME,1991,QAT1991,57998,68122.93111,27.07853761,0.085100311,454853
Qatar,QAT,MENA,WA_ME,1992,QAT1992,63458,73451.02445,26.22573793,0.064140231,469657
Qatar,QAT,MENA,WA_ME,1993,QAT1993,62587,70250.76804,27.17573732,0.103334069,484545
Qatar,QAT,MENA,WA_ME,1994,QAT1994,63394,69119.95158,27.65630499,0.044495455,499459
Qatar,QAT,MENA,WA_ME,1995,QAT1995,62854,68732.53329,27.19238223,0.100263924,514325
Qatar,QAT,MENA,WA_ME,1996,QAT1996,64065,69746.21932,27.70067055,0.106293472,529019
Qatar,QAT,MENA,WA_ME,1997,QAT1997,79210,87140.12734,27.20076101,0.109596438,550500
Qatar,QAT,MENA,WA_ME,1998,QAT1998,84019,91901.16011,28.29236072,0.077352739,580540
Qatar,QAT,MENA,WA_ME,1999,QAT1999,83864,90837.46344,28.54236045,0.080105951,612500
Qatar,QAT,MENA,WA_ME,2000,QAT2000,79400,93187.06286,27.98961643,0.071592395,644989
Qatar,QAT,MENA,WA_ME,2001,QAT2001,78498,92115.82576,28.14516468,0.014822725,677925
Qatar,QAT,MENA,WA_ME,2002,QAT2002,80083,94111.68939,27.98124153,0.06215919,711205
Qatar,QAT,MENA,WA_ME,2003,QAT2003,79141,93224.45417,28.03127512,0.065879739,744682
Qatar,QAT,MENA,WA_ME,2004,QAT2004,90783,107023.6826,28.00631828,0.071292932,773332
Qatar,QAT,MENA,WA_ME,2005,QAT2005,89448,107784.5235,27.64515192,0.064604345,825408
Qatar,QAT,MENA,WA_ME,2006,QAT2006,94362,115383.7441,28.09519473,0.066074914,972831
Qatar,QAT,MENA,WA_ME,2007,QAT2007,91737,109579.7865,28.11739436,0.040654318,1208595
Qatar,QAT,MENA,WA_ME,2008,QAT2008,92068,109206.4049,28.04519551,0.033343307,1426938
Qatar,QAT,MENA,WA_ME,2009,QAT2009,92450,108435.8536,28.25073994,0.09929376,1608903
Qatar,QAT,MENA,WA_ME,2010,QAT2010,103903,129045.0056,28.97846315,0.034028519,1616832
Qatar,QAT,MENA,WA_ME,2011,QAT2011,111880,145591.0194,28.03681666,0.060730283,1624761
Qatar,QAT,MENA,WA_ME,2012,QAT2012,110932,143830.7109,28.31457198,0.04484412,1722438
Qatar,QAT,MENA,WA_ME,2013,QAT2013,109626,136453.9974,28.07564929,0.033723673,1916426
Qatar,QAT,MENA,WA_ME,2014,QAT2014,106141,128013.9871,28.17293838,0.081915117,2151745
Qatar,QAT,MENA,WA_ME,2015,QAT2015,101972,123070.8879,28.43669474,0.049078119,2344557
Qatar,QAT,MENA,WA_ME,2016,QAT2016,97783,120054.4087,28.7282037,0.022534669,2477113
Qatar,QAT,MENA,WA_ME,2017,QAT2017,92178,115064.9437,28.49499385,0.14658787,2545820
Qatar,QAT,MENA,WA_ME,2018,QAT2018,91462,114909.9455,28.97549346,0.055695982,2580734
Qatar,QAT,MENA,WA_ME,2019,QAT2019,90762,113160.9738,28.40338375,0.170881308,2638657
Qatar,QAT,MENA,WA_ME,2020,QAT2020,89019,103061.9134,28.32278344,0.054648276,2794148
Qatar,QAT,MENA,WA_ME,2021,QAT2021,92895,116832.5703,29.3004488,0.019398377,2504910
Qatar,QAT,MENA,WA_ME,2022,QAT2022,96558,114740.1236,28.93373744,0.060329605,2657333
Romania,ROU,E,EE_E,1990,ROU1990,14180.80585,16316.03069,10.02883848,0.489052932,23201835
Romania,ROU,E,EE_E,1991,ROU1991,12437.86099,14332.25567,8.857389084,0.724802817,23001155
Romania,ROU,E,EE_E,1992,ROU1992,11432.90909,13194.38357,9.628295715,0.524899745,22794284
Romania,ROU,E,EE_E,1993,ROU1993,11605.37301,13414.34959,8.842527107,0.594879859,22763280
Romania,ROU,E,EE_E,1994,ROU1994,12060.49542,13962.07732,10.49427229,0.542534604,22730211
Romania,ROU,E,EE_E,1995,ROU1995,12817.83427,14862.44414,9.313411085,0.714307861,22684270
Romania,ROU,E,EE_E,1996,ROU1996,13337.33381,15487.78482,8.78536146,0.662073146,22619004
Romania,ROU,E,EE_E,1997,ROU1997,12708.18474,14779.26042,8.733822284,0.726769176,22553978
Romania,ROU,E,EE_E,1998,ROU1998,12457.08403,14509.26935,9.314118128,0.728310097,22507344
Romania,ROU,E,EE_E,1999,ROU1999,12410.52076,14477.32711,9.938261446,0.730469054,22472040
Romania,ROU,E,EE_E,2000,ROU2000,12712.43931,14852.85858,10.527525,0.450629641,22442971
Romania,ROU,E,EE_E,2001,ROU2001,13555.65717,15847.51331,9.724122181,0.704434374,22131970
Romania,ROU,E,EE_E,2002,ROU2002,14553.84155,17060.77824,10.37860261,0.615011889,21730496
Romania,ROU,E,EE_E,2003,ROU2003,15092.12461,17586.58526,9.376333824,0.535360402,21574326
Romania,ROU,E,EE_E,2004,ROU2004,16902.26666,19531.50563,9.579066651,0.731567355,21451748
Romania,ROU,E,EE_E,2005,ROU2005,17996.26273,20569.89932,9.223163394,0.801668117,21319685
Romania,ROU,E,EE_E,2006,ROU2006,19620.66192,22353.44862,9.56717022,0.673884929,21193760
Romania,ROU,E,EE_E,2007,ROU2007,21156.53167,24327.1795,10.90387724,0.70950957,20882982
Romania,ROU,E,EE_E,2008,ROU2008,23695.88046,27038.2512,10.61017963,0.635043499,20537875
Romania,ROU,E,EE_E,2009,ROU2009,22338.31858,25760.34542,10.58541539,0.649345302,20367487
Romania,ROU,E,EE_E,2010,ROU2010,21425.66532,24901.6622,9.94773217,0.836945011,20246871
Romania,ROU,E,EE_E,2011,ROU2011,22291.87538,26149.44308,9.811938385,0.482029772,20147528
Romania,ROU,E,EE_E,2012,ROU2012,22907.35919,26766.12034,10.39665324,0.60879716,20058035
Romania,ROU,E,EE_E,2013,ROU2013,22785.5005,26940.58787,10.52843351,0.667830455,19983693
Romania,ROU,E,EE_E,2014,ROU2014,23651.30606,28154.7262,10.94441667,0.773382775,19908979
Romania,ROU,E,EE_E,2015,ROU2015,24553.51063,29180.42242,10.99216916,0.61172994,19815616
Romania,ROU,E,EE_E,2016,ROU2016,25246.81156,30187.64172,10.54573785,0.736205418,19702267
Romania,ROU,E,EE_E,2017,ROU2017,27457.66774,32850.9967,10.51475904,0.654106646,19588715
Romania,ROU,E,EE_E,2018,ROU2018,29242.14866,35067.19666,11.13437832,0.649012081,19473970
Romania,ROU,E,EE_E,2019,ROU2019,30422.91048,36635.4689,11.55260737,0.561424478,19371648
Romania,ROU,E,EE_E,2020,ROU2020,29370.89161,35484.23669,11.13312296,0.635461581,19265250
Romania,ROU,E,EE_E,2021,ROU2021,31259.84705,37732.5405,10.16416945,0.697488076,19122059
Romania,ROU,E,EE_E,2022,ROU2022,32803.98177,39380.23614,11.05460362,0.517369411,19048502
Russian Federation,RUS,E,EE_E,1990,RUS1990,21616.46942,29643.5957,-3.86094663,0.496725195,147969406
Russian Federation,RUS,E,EE_E,1991,RUS1991,20632.80628,28066.92188,-4.221158607,0.453464176,148394216
Russian Federation,RUS,E,EE_E,1992,RUS1992,17749.6335,23965.24414,-4.754475454,0.451593783,148538197
Russian Federation,RUS,E,EE_E,1993,RUS1993,16332.39057,21899.51758,-4.523248236,0.451413676,148458777
Russian Federation,RUS,E,EE_E,1994,RUS1994,14376.10627,19153.36328,-4.86675589,0.47267572,148407912
Russian Federation,RUS,E,EE_E,1995,RUS1995,13865.81169,18363.71289,-3.125494215,0.472019879,148375787
Russian Federation,RUS,E,EE_E,1996,RUS1996,13419.44382,17699.86914,-4.73577257,0.447165379,148160129
Russian Federation,RUS,E,EE_E,1997,RUS1997,13680.47849,17977.35156,-4.194807652,0.4751296,147915361
Russian Federation,RUS,E,EE_E,1998,RUS1998,13020.38299,17052.75586,-5.091004149,0.473267496,147670784
Russian Federation,RUS,E,EE_E,1999,RUS1999,13938.63574,18200.32031,-4.682746905,0.451206638,147214776
Russian Federation,RUS,E,EE_E,2000,RUS2000,15439.25847,20104.75,-4.469994746,0.476829665,146596869
Russian Federation,RUS,E,EE_E,2001,RUS2001,16089.13157,21219.9043,-4.4163769,0.478058263,145976482
Russian Federation,RUS,E,EE_E,2002,RUS2002,16203.40908,22319.67773,-3.92570202,0.472522946,145306497
Russian Federation,RUS,E,EE_E,2003,RUS2003,17356.51121,24057.92773,-3.770208196,0.454682658,144648618
Russian Federation,RUS,E,EE_E,2004,RUS2004,18934.85079,25894.14648,-4.360799277,0.493410766,144067316
Russian Federation,RUS,E,EE_E,2005,RUS2005,19742.51703,27656.6582,-3.518825741,0.459855581,143518814
Russian Federation,RUS,E,EE_E,2006,RUS2006,21407.72095,30022.67188,-4.724246295,0.482894442,143049637
Russian Federation,RUS,E,EE_E,2007,RUS2007,23244.93541,32630.36914,-2.958091664,0.491485571,142805114
Russian Federation,RUS,E,EE_E,2008,RUS2008,23981.79741,34342.22656,-3.317732168,0.494944527,142742366
Russian Federation,RUS,E,EE_E,2009,RUS2009,21909.41421,31654.00391,-4.644437828,0.473288001,142785348
Russian Federation,RUS,E,EE_E,2010,RUS2010,23573.24385,33063.58594,-4.528819072,0.477577971,142849468
Russian Federation,RUS,E,EE_E,2011,RUS2011,24262.23383,34444.64453,-3.41732094,0.466827432,143018195
Russian Federation,RUS,E,EE_E,2012,RUS2012,24658.3498,35740.69922,-3.994903093,0.483622542,143378447
Russian Federation,RUS,E,EE_E,2013,RUS2013,24779.58392,36260.06641,-3.626875312,0.503733759,143805638
Russian Federation,RUS,E,EE_E,2014,RUS2014,24691.78476,35853.24609,-3.702373674,0.472962628,144237223
Russian Federation,RUS,E,EE_E,2015,RUS2015,24346.53945,35037.15234,-2.97640101,0.486020862,144640716
Russian Federation,RUS,E,EE_E,2016,RUS2016,24101.00492,35005.44922,-3.306792396,0.48108286,145015460
Russian Federation,RUS,E,EE_E,2017,RUS2017,24641.51992,35570.39063,-3.033317098,0.502386992,145293260
Russian Federation,RUS,E,EE_E,2018,RUS2018,25478.50418,36536.69531,-3.569962141,0.477425051,145398106
Russian Federation,RUS,E,EE_E,2019,RUS2019,25946.76138,37319.32031,-2.964658848,0.489400337,145453291
Russian Federation,RUS,E,EE_E,2020,RUS2020,25255.71971,36376.33594,-1.815448393,0.485668448,145245148
Russian Federation,RUS,E,EE_E,2021,RUS2021,26615.75221,38638.42969,-3.806288303,0.48824907,144746762
Russian Federation,RUS,E,EE_E,2022,RUS2022,26004.06753,38214.49609,-3.011899695,0.500429081,144236933
Rwanda,RWA,SSA,EA_SSA,1990,RWA1990,1225.110245,1122.991324,19.00239864,1.099188332,7375307
Rwanda,RWA,SSA,EA_SSA,1991,RWA1991,1149.820537,1072.697106,19.0199046,1.093829768,7526966
Rwanda,RWA,SSA,EA_SSA,1992,RWA1992,1169.081111,1112.590345,19.00823852,1.052885335,7683266
Rwanda,RWA,SSA,EA_SSA,1993,RWA1993,1020.919287,984.2175299,18.98408006,1.041136702,7981132
Rwanda,RWA,SSA,EA_SSA,1994,RWA1994,584.470295,575.3675485,19.07573851,1.19802646,6792352
Rwanda,RWA,SSA,EA_SSA,1995,RWA1995,916.3002712,931.3677901,19.33407383,1.152452284,5674118
Rwanda,RWA,SSA,EA_SSA,1996,RWA1996,869.4636154,888.1310099,19.06990341,1.103129718,6708764
Rwanda,RWA,SSA,EA_SSA,1997,RWA1997,863.3335686,874.6947283,19.27573434,1.183457971,7755238
Rwanda,RWA,SSA,EA_SSA,1998,RWA1998,907.2638169,913.7196346,19.21490315,1.201898834,8081681
Rwanda,RWA,SSA,EA_SSA,1999,RWA1999,932.9244626,945.7332189,19.25324171,1.011544783,8147912
Rwanda,RWA,SSA,EA_SSA,2000,RWA2000,995.5246565,1016.661991,19.45490825,1.042342056,8213931
Rwanda,RWA,SSA,EA_SSA,2001,RWA2001,1055.678264,1093.184098,19.50908023,1.32886888,8287094
Rwanda,RWA,SSA,EA_SSA,2002,RWA2002,1163.150273,1220.739492,19.78074832,1.13974668,8400180
Rwanda,RWA,SSA,EA_SSA,2003,RWA2003,1151.880379,1220.499167,19.77574326,1.174838017,8586875
Rwanda,RWA,SSA,EA_SSA,2004,RWA2004,1196.208933,1277.192804,19.51326133,0.829772045,8816844
Rwanda,RWA,SSA,EA_SSA,2005,RWA2005,1264.448793,1360.295876,19.52159124,0.946629908,9054528
Rwanda,RWA,SSA,EA_SSA,2006,RWA2006,1340.411422,1446.710947,19.39908448,1.281088116,9299246
Rwanda,RWA,SSA,EA_SSA,2007,RWA2007,1400.151144,1516.267506,19.43075039,1.254547213,9549933
Rwanda,RWA,SSA,EA_SSA,2008,RWA2008,1510.917556,1641.777674,19.32492108,1.060778548,9804269
Rwanda,RWA,SSA,EA_SSA,2009,RWA2009,1558.839072,1699.94453,19.76742067,1.184453341,10060432
Rwanda,RWA,SSA,EA_SSA,2010,RWA2010,1627.8526,1779.158511,19.75991076,1.302292481,10317553
Rwanda,RWA,SSA,EA_SSA,2011,RWA2011,1706.341769,1874.214982,19.32741277,1.33782235,10573733
Rwanda,RWA,SSA,EA_SSA,2012,RWA2012,1802.032301,1988.012195,19.17823979,1.056489797,10829901
Rwanda,RWA,SSA,EA_SSA,2013,RWA2013,1836.263106,2032.404802,19.35657267,1.179762366,11093340
Rwanda,RWA,SSA,EA_SSA,2014,RWA2014,1897.285545,2106.214544,19.16740652,1.157939724,11364757
Rwanda,RWA,SSA,EA_SSA,2015,RWA2015,2009.192847,2238.539415,19.22156971,1.208880351,11640022
Rwanda,RWA,SSA,EA_SSA,2016,RWA2016,2067.574475,2316.637316,19.47907357,1.204619132,11919183
Rwanda,RWA,SSA,EA_SSA,2017,RWA2017,2086.357772,2351.596869,19.60823387,1.091452836,12202060
Rwanda,RWA,SSA,EA_SSA,2018,RWA2018,2200.777574,2493.440017,19.22740794,1.097967368,12487996
Rwanda,RWA,SSA,EA_SSA,2019,RWA2019,2341.971081,2667.464584,19.45324151,1.304100194,12776103
Rwanda,RWA,SSA,EA_SSA,2020,RWA2020,2200.651368,2520.317394,19.29241075,1.315941903,13065837
Rwanda,RWA,SSA,EA_SSA,2021,RWA2021,2371.066061,2733.435668,19.36240894,1.181125024,13355260
Rwanda,RWA,SSA,EA_SSA,2022,RWA2022,2494.376937,2892.459649,19.31657753,1.332981044,13651030
Samoa,WSM,O,P_O,1990,WSM1990,3656,3990.926713,27.25,2.633100044,169042
Samoa,WSM,O,P_O,1991,WSM1991,3561,3891.629839,27.25833352,3.28440004,169368
Samoa,WSM,O,P_O,1992,WSM1992,3531,3861.888981,27.24166695,3.526300095,170331
Samoa,WSM,O,P_O,1993,WSM1993,3642,3986.45388,27.05833356,3.296100021,171774
Samoa,WSM,O,P_O,1994,WSM1994,3514,3854.039406,27.14166721,3.431600052,173159
Samoa,WSM,O,P_O,1995,WSM1995,3710,4077.990857,27.46666718,2.683600094,174571
Samoa,WSM,O,P_O,1996,WSM1996,3935,4333.512872,27.65000041,3.393900036,176071
Samoa,WSM,O,P_O,1997,WSM1997,3920,4325.138222,27.50000032,2.824700012,177547
Samoa,WSM,O,P_O,1998,WSM1998,3965,4386.51916,27.62500032,1.607000025,178905
Samoa,WSM,O,P_O,1999,WSM1999,4011,4448.319779,27.45833365,3.280700027,180275
Samoa,WSM,O,P_O,2000,WSM2000,4174,4638.594465,27.65833394,3.202900047,181685
Samoa,WSM,O,P_O,2001,WSM2001,4446,4941.115225,28.16666698,2.736400032,183166
Samoa,WSM,O,P_O,2002,WSM2002,4670,5183.454562,28.15833346,3.018500069,184471
Samoa,WSM,O,P_O,2003,WSM2003,4892,5425.443836,27.72500054,3.070600014,185430
Samoa,WSM,O,P_O,2004,WSM2004,5026,5568.347346,27.60833375,2.438000038,186249
Samoa,WSM,O,P_O,2005,WSM2005,5344,5914.889706,27.86666695,3.600400101,186978
Samoa,WSM,O,P_O,2006,WSM2006,5436,6017.477043,27.55833356,3.78530011,187709
Samoa,WSM,O,P_O,2007,WSM2007,5431,6013.276288,27.91666698,3.669300026,188753
Samoa,WSM,O,P_O,2008,WSM2008,5586,6182.763279,27.6500001,3.062500084,190107
Samoa,WSM,O,P_O,2009,WSM2009,5516,6104.127515,27.5916667,3.170000015,191513
Samoa,WSM,O,P_O,2010,WSM2010,5808,6427.311562,27.68333387,3.246100082,193023
Samoa,WSM,O,P_O,2011,WSM2011,5980,6616.771096,27.28333378,2.75860004,194713
Samoa,WSM,O,P_O,2012,WSM2012,5706,6311.960702,27.36666679,3.043100082,196498
Samoa,WSM,O,P_O,2013,WSM2013,5660,6262.32372,27.63333384,3.158700058,198268
Samoa,WSM,O,P_O,2014,WSM2014,5646,6247.904809,27.45833365,3.089200073,200037
Samoa,WSM,O,P_O,2015,WSM2015,5811,6432.359792,27.38333352,3.656000053,201782
Samoa,WSM,O,P_O,2016,WSM2016,6215,6887.305235,27.86666727,2.72570005,203499
Samoa,WSM,O,P_O,2017,WSM2017,6239,6919.015729,27.69166708,3.182600029,205415
Samoa,WSM,O,P_O,2018,WSM2018,6140,6805.045172,27.56666692,3.777500023,207582
Samoa,WSM,O,P_O,2019,WSM2019,6346,7033.521134,27.83333381,3.410200073,209780
Samoa,WSM,O,P_O,2020,WSM2020,6062,6745.306396,27.75000032,4.494100052,211944
Samoa,WSM,O,P_O,2021,WSM2021,5535,6214.016928,27.55833356,2.779300064,213779
Samoa,WSM,O,P_O,2022,WSM2022,5156,5843.771792,27.54166698,2.820100067,215261
San Marino,SMR,E,SE_E,1997,SMR1997,66408,66923.03034,12.62500012,0.791400019,25800
San Marino,SMR,E,SE_E,1998,SMR1998,70264,71024.5595,12.30833348,0.846000019,26125
San Marino,SMR,E,SE_E,1999,SMR1999,75442,76474.12972,12.21666662,0.908500013,26459
San Marino,SMR,E,SE_E,2000,SMR2000,75882,77149.416,12.9000002,0.731800021,26799
San Marino,SMR,E,SE_E,2001,SMR2001,78614,80420.76985,12.40000029,0.811400023,27143
San Marino,SMR,E,SE_E,2002,SMR2002,77071,79649.53238,12.916667,1.009200017,27491
San Marino,SMR,E,SE_E,2003,SMR2003,78287,81688.37868,12.88333366,0.705200025,27843
San Marino,SMR,E,SE_E,2004,SMR2004,80464,80724.80877,12.22500034,0.902000013,29457
San Marino,SMR,E,SE_E,2005,SMR2005,81256,81632.1749,11.77500019,0.968000017,29836
San Marino,SMR,E,SE_E,2006,SMR2006,83098,83781.54739,12.50833362,0.652900016,30184
San Marino,SMR,E,SE_E,2007,SMR2007,87796,86785.01811,12.80833344,0.675300011,31211
San Marino,SMR,E,SE_E,2008,SMR2008,86423,85120.28688,12.60000042,0.914700026,31662
San Marino,SMR,E,SE_E,2009,SMR2009,76607,73093.8317,12.62500024,0.787600018,33066
San Marino,SMR,E,SE_E,2010,SMR2010,71156,68669.25265,11.68333355,1.042200016,33270
San Marino,SMR,E,SE_E,2011,SMR2011,63459,64214.11876,13.13333358,0.655800009,32620
San Marino,SMR,E,SE_E,2012,SMR2012,57854,58176.3778,12.60000036,0.700400001,33469
San Marino,SMR,E,SE_E,2013,SMR2013,57137,58467.97696,12.28333356,0.865000011,33041
San Marino,SMR,E,SE_E,2014,SMR2014,56559,58743.58442,13.55000011,1.039500031,32655
San Marino,SMR,E,SE_E,2015,SMR2015,57543,59647.65946,13.33333337,0.613000016,32897
San Marino,SMR,E,SE_E,2016,SMR2016,58433,60669.81862,12.98333355,0.745800011,33101
San Marino,SMR,E,SE_E,2017,SMR2017,58202,59524.55979,12.85833367,0.562500011,33825
San Marino,SMR,E,SE_E,2018,SMR2018,58898,59194.04429,13.70000015,0.738500008,34522
San Marino,SMR,E,SE_E,2019,SMR2019,60076,60171.04713,13.46666684,0.976800011,34663
San Marino,SMR,E,SE_E,2020,SMR2020,56364,55998.0711,13.45833365,0.782500011,34770
San Marino,SMR,E,SE_E,2021,SMR2021,61609,64745.13168,12.71666698,0.686100008,34252
San Marino,SMR,E,SE_E,2022,SMR2022,59001,70887.5739,13.9000001,0.575100009,33755
Sao Tome and Principe,STP,SSA,MA_SSA,1990,STP1990,2729,3883.204298,23.93333371,2.338200073,122980
Sao Tome and Principe,STP,SSA,MA_SSA,1991,STP1991,2685,3844.896377,24.05000019,2.04020002,125697
Sao Tome and Principe,STP,SSA,MA_SSA,1992,STP1992,2626,3798.883529,23.78333362,1.844100025,128110
Sao Tome and Principe,STP,SSA,MA_SSA,1993,STP1993,2624,3771.286124,24.01666689,2.086100002,130467
Sao Tome and Principe,STP,SSA,MA_SSA,1994,STP1994,2632,3788.483704,23.96666718,2.063100031,132732
Sao Tome and Principe,STP,SSA,MA_SSA,1995,STP1995,2635,3802.291323,24.16666667,2.216400021,134895
Sao Tome and Principe,STP,SSA,MA_SSA,1996,STP1996,2625,3801.081649,23.98333375,2.320700027,136962
Sao Tome and Principe,STP,SSA,MA_SSA,1997,STP1997,2603,3784.790234,23.90833362,2.26640003,138922
Sao Tome and Principe,STP,SSA,MA_SSA,1998,STP1998,2620,3828.998238,24.52500057,2.31190004,140751
Sao Tome and Principe,STP,SSA,MA_SSA,1999,STP1999,2637,3878.131085,24.29166698,2.527300007,142442
Sao Tome and Principe,STP,SSA,MA_SSA,2000,STP2000,2603,3852.890427,24.28333362,2.509700073,144018
Sao Tome and Principe,STP,SSA,MA_SSA,2001,STP2001,2401,3907.019282,24.27500057,2.189500011,146375
Sao Tome and Principe,STP,SSA,MA_SSA,2002,STP2002,2423,3942.760407,24.50833384,2.523300064,149922
Sao Tome and Principe,STP,SSA,MA_SSA,2003,STP2003,2557,4161.638332,24.53333362,2.05630006,153814
Sao Tome and Principe,STP,SSA,MA_SSA,2004,STP2004,2581,4202.561869,24.33333365,2.073600027,157705
Sao Tome and Principe,STP,SSA,MA_SSA,2005,STP2005,2684,4371.497216,24.40833378,1.826700024,161639
Sao Tome and Principe,STP,SSA,MA_SSA,2006,STP2006,2851,4644.180447,24.45833349,1.931800038,165638
Sao Tome and Principe,STP,SSA,MA_SSA,2007,STP2007,2883,4698.08417,24.43333387,2.794600031,169700
Sao Tome and Principe,STP,SSA,MA_SSA,2008,STP2008,2989,4873.181311,24.28333378,2.386600036,173793
Sao Tome and Principe,STP,SSA,MA_SSA,2009,STP2009,3016,4919.195298,24.34166702,2.211800018,177853
Sao Tome and Principe,STP,SSA,MA_SSA,2010,STP2010,2993,4882.047965,24.55000051,1.812900024,181802
Sao Tome and Principe,STP,SSA,MA_SSA,2011,STP2011,2988,4876.473158,24.20833381,2.142700016,185649
Sao Tome and Principe,STP,SSA,MA_SSA,2012,STP2012,3013,4919.552944,24.32500045,2.520900017,189439
Sao Tome and Principe,STP,SSA,MA_SSA,2013,STP2013,3105,5072.112002,24.30000019,2.124800028,193148
Sao Tome and Principe,STP,SSA,MA_SSA,2014,STP2014,3196,5223.095729,24.38333384,2.008900028,196767
Sao Tome and Principe,STP,SSA,MA_SSA,2015,STP2015,3186,5210.203776,24.40000041,1.876500015,200291
Sao Tome and Principe,STP,SSA,MA_SSA,2016,STP2016,3294,5388.509133,24.34166718,1.995700024,203689
Sao Tome and Principe,STP,SSA,MA_SSA,2017,STP2017,3373,5521.202496,24.25000032,2.136300011,206970
Sao Tome and Principe,STP,SSA,MA_SSA,2018,STP2018,3466,5674.723791,24.53333378,2.298600014,210187
Sao Tome and Principe,STP,SSA,MA_SSA,2019,STP2019,3482,5702.083471,24.20833381,2.266000027,213392
Sao Tome and Principe,STP,SSA,MA_SSA,2020,STP2020,3507,5742.947249,24.40833362,2.134400009,217435
Sao Tome and Principe,STP,SSA,MA_SSA,2021,STP2021,3502,5732.694561,24.71666718,2.157000068,221961
Sao Tome and Principe,STP,SSA,MA_SSA,2022,STP2022,3439,5632.138907,24.45833365,2.422300039,226305
Saudi Arabia,SAU,MENA,WA_ME,1990,SAU1990,42164,65196.57339,25.36579192,0.105565695,10640691
Saudi Arabia,SAU,MENA,WA_ME,1991,SAU1991,46601,67268.55185,25.16874521,0.105163012,11160744
Saudi Arabia,SAU,MENA,WA_ME,1992,SAU1992,46700,67183.91003,24.46485657,0.1111286,11686676
Saudi Arabia,SAU,MENA,WA_ME,1993,SAU1993,44605,64517.66529,25.16381572,0.141100072,12215862
Saudi Arabia,SAU,MENA,WA_ME,1994,SAU1994,43582,62403.69373,25.54739002,0.096711939,12750040
Saudi Arabia,SAU,MENA,WA_ME,1995,SAU1995,42469,60058.31745,25.28022416,0.124829997,13289245
Saudi Arabia,SAU,MENA,WA_ME,1996,SAU1996,42418,59612.8126,25.65579203,0.119576583,13831009
Saudi Arabia,SAU,MENA,WA_ME,1997,SAU1997,41750,58875.54737,25.10817352,0.116624137,14374943
Saudi Arabia,SAU,MENA,WA_ME,1998,SAU1998,41837,58306.62281,26.00052934,0.10489482,14922185
Saudi Arabia,SAU,MENA,WA_ME,1999,SAU1999,39233,55878.17365,26.15765079,0.105692616,15472075
Saudi Arabia,SAU,MENA,WA_ME,2000,SAU2000,40406,55962.26613,25.68657138,0.094155419,16177722
Saudi Arabia,SAU,MENA,WA_ME,2001,SAU2001,38944,53309.11139,25.98702987,0.098939167,17041397
Saudi Arabia,SAU,MENA,WA_ME,2002,SAU2002,36947,50371.97831,25.87244466,0.108917578,17910910
Saudi Arabia,SAU,MENA,WA_ME,2003,SAU2003,40164,52234.64928,25.91356239,0.087830046,18786767
Saudi Arabia,SAU,MENA,WA_ME,2004,SAU2004,42424,54196.55142,25.83983169,0.09705569,19669480
Saudi Arabia,SAU,MENA,WA_ME,2005,SAU2005,43438,54931.79425,25.70513492,0.09006073,20559890
Saudi Arabia,SAU,MENA,WA_ME,2006,SAU2006,42916,54373.7377,25.86696595,0.093559231,21459144
Saudi Arabia,SAU,MENA,WA_ME,2007,SAU2007,42025,53318.41916,25.90698282,0.092949634,22368313
Saudi Arabia,SAU,MENA,WA_ME,2008,SAU2008,42963,54407.70817,25.93186718,0.087930754,23287877
Saudi Arabia,SAU,MENA,WA_ME,2009,SAU2009,40532,51760.7644,26.10787302,0.083729144,24217654
Saudi Arabia,SAU,MENA,WA_ME,2010,SAU2010,41232,54911.54752,26.87572077,0.089843284,23978487
Saudi Arabia,SAU,MENA,WA_ME,2011,SAU2011,44643,58645.46489,25.81226775,0.095545829,25091867
Saudi Arabia,SAU,MENA,WA_ME,2012,SAU2012,46042,59471.68202,26.12763061,0.098988881,26168861
Saudi Arabia,SAU,MENA,WA_ME,2013,SAU2013,46360,57998.48168,25.88865673,0.098939702,27624004
Saudi Arabia,SAU,MENA,WA_ME,2014,SAU2014,47262,58872.26714,26.07141056,0.096537355,28309273
Saudi Arabia,SAU,MENA,WA_ME,2015,SAU2015,48535,58498.5399,26.17543214,0.091172773,29816382
Saudi Arabia,SAU,MENA,WA_ME,2016,SAU2016,48691,57308.46378,26.22805511,0.094185751,30954198
Saudi Arabia,SAU,MENA,WA_ME,2017,SAU2017,47552,57942.5485,26.15915932,0.097884418,30977355
Saudi Arabia,SAU,MENA,WA_ME,2018,SAU2018,47714,61359.46537,26.43734711,0.105622253,30196281
Saudi Arabia,SAU,MENA,WA_ME,2019,SAU2019,47025,62647.71413,26.13853829,0.112691143,30063799
Saudi Arabia,SAU,MENA,WA_ME,2020,SAU2020,44771,57420.73357,26.0780172,0.101180828,31552510
Saudi Arabia,SAU,MENA,WA_ME,2021,SAU2021,46768,62690.49666,26.62187574,0.085208969,30784383
Saudi Arabia,SAU,MENA,WA_ME,2022,SAU2022,50188,67178.59023,26.27017954,0.098954317,32175224
Senegal,SEN,SSA,WA_SSA,1990,SEN1990,2470,2923.344125,28.68484737,0.591097776,7720523
Senegal,SEN,SSA,WA_SSA,1991,SEN1991,2464,2917.014278,28.51888844,0.610702799,7943085
Senegal,SEN,SSA,WA_SSA,1992,SEN1992,2428,2874.00298,28.38352401,0.637238598,8168395
Senegal,SEN,SSA,WA_SSA,1993,SEN1993,2394,2834.027973,28.57780853,0.64719728,8396288
Senegal,SEN,SSA,WA_SSA,1994,SEN1994,2330,2757.860875,28.06003964,0.798406998,8624078
Senegal,SEN,SSA,WA_SSA,1995,SEN1995,2396,2835.032729,28.44758009,0.714528904,8848101
Senegal,SEN,SSA,WA_SSA,1996,SEN1996,2386,2822.468373,28.83089852,0.637439751,9067014
Senegal,SEN,SSA,WA_SSA,1997,SEN1997,2402,2840.608089,28.85252014,0.659320051,9283495
Senegal,SEN,SSA,WA_SSA,1998,SEN1998,2486,2938.691626,29.3550324,0.702616912,9502952
Senegal,SEN,SSA,WA_SSA,1999,SEN1999,2582,3050.17801,28.24077934,0.89736356,9730887
Senegal,SEN,SSA,WA_SSA,2000,SEN2000,2620,3093.287916,28.4974059,0.738181045,9968260
Senegal,SEN,SSA,WA_SSA,2001,SEN2001,2669,3149.331137,28.89862163,0.648007423,10212942
Senegal,SEN,SSA,WA_SSA,2002,SEN2002,2607,3075.231575,28.96720535,0.502148996,10466214
Senegal,SEN,SSA,WA_SSA,2003,SEN2003,2686,3170.034947,28.82199541,0.855464554,10721176
Senegal,SEN,SSA,WA_SSA,2004,SEN2004,2741,3240.302017,29.02108933,0.642242629,10975704
Senegal,SEN,SSA,WA_SSA,2005,SEN2005,2788,3301.820762,29.0722705,0.909858451,11235472
Senegal,SEN,SSA,WA_SSA,2006,SEN2006,2779,3301.031524,28.76263049,0.730656345,11500094
Senegal,SEN,SSA,WA_SSA,2007,SEN2007,2784,3316.420378,28.92379113,0.672440642,11770344
Senegal,SEN,SSA,WA_SSA,2008,SEN2008,2811,3359.705671,28.88751391,0.850798971,12048959
Senegal,SEN,SSA,WA_SSA,2009,SEN2009,2813,3371.461667,28.62940911,0.828383749,12337389
Senegal,SEN,SSA,WA_SSA,2010,SEN2010,2830,3403.567072,29.39082725,0.937863847,12635413
Senegal,SEN,SSA,WA_SSA,2011,SEN2011,2791,3362.879405,28.82872406,0.665951648,12958897
Senegal,SEN,SSA,WA_SSA,2012,SEN2012,2825,3405.108645,28.7347652,0.89608512,13310495
Senegal,SEN,SSA,WA_SSA,2013,SEN2013,2815,3385.425907,28.98263568,0.771781854,13710849
Senegal,SEN,SSA,WA_SSA,2014,SEN2014,2910,3484.012197,28.84509054,0.676163041,14152102
Senegal,SEN,SSA,WA_SSA,2015,SEN2015,3012,3593.794771,29.097568,0.760649522,14593331
Senegal,SEN,SSA,WA_SSA,2016,SEN2016,3118,3710.055316,29.23017746,0.753402483,15034521
Senegal,SEN,SSA,WA_SSA,2017,SEN2017,3259,3871.451468,29.24682364,0.756814046,15475002
Senegal,SEN,SSA,WA_SSA,2018,SEN2018,3369,3998.286353,28.78308507,0.69883648,15914498
Senegal,SEN,SSA,WA_SSA,2019,SEN2019,3430,4070.612271,28.53623478,0.726059666,16352922
Senegal,SEN,SSA,WA_SSA,2020,SEN2020,3384,4018.041293,29.44085516,0.793788294,16789219
Senegal,SEN,SSA,WA_SSA,2021,SEN2021,3512,4173.677414,29.54315925,0.746857465,17220867
Senegal,SEN,SSA,WA_SSA,2022,SEN2022,3565,4228.733826,28.91248983,0.959689956,17651103
Serbia,SRB,E,SE_E,1995,SRB1995,8063.667143,9444.767282,10.73536888,0.845143949,7628264
Serbia,SRB,E,SE_E,1996,SRB1996,8563.029135,10035.03055,9.919989938,0.834274985,7622185
Serbia,SRB,E,SE_E,1997,SRB1997,9190.389564,10965.50044,10.33460631,0.700927667,7598538
Serbia,SRB,E,SE_E,1998,SRB1998,9516.83538,11598.35009,10.8020121,0.777586384,7567745
Serbia,SRB,E,SE_E,1999,SRB1999,8636.449829,10438.47823,11.00022302,0.890765079,7540401
Serbia,SRB,E,SE_E,2000,SRB2000,9179.607423,11105.9674,12.13195408,0.488281579,7516346
Serbia,SRB,E,SE_E,2001,SRB2001,9813.899073,11879.19585,10.99981503,0.769857626,7503433
Serbia,SRB,E,SE_E,2002,SRB2002,10435.11786,12661.96062,11.87788564,0.748221936,7500031
Serbia,SRB,E,SE_E,2003,SRB2003,10900.52557,13273.71203,10.93086025,0.659722839,7480591
Serbia,SRB,E,SE_E,2004,SRB2004,11895.77081,14194.38853,10.76026217,0.857731174,7463157
Serbia,SRB,E,SE_E,2005,SRB2005,12573.72346,15077.58375,10.3111631,0.904507889,7440769
Serbia,SRB,E,SE_E,2006,SRB2006,13248.93919,15727.42916,11.09000383,0.745319289,7411569
Serbia,SRB,E,SE_E,2007,SRB2007,14139.17924,17028.11485,12.19524089,0.79806403,7381579
Serbia,SRB,E,SE_E,2008,SRB2008,14981.07729,17983.31083,12.02668154,0.716501452,7350222
Serbia,SRB,E,SE_E,2009,SRB2009,14608.99491,17488.1516,11.92486723,0.815545939,7320807
Serbia,SRB,E,SE_E,2010,SRB2010,14752.63883,17841.4607,10.95599074,1.016376243,7291436
Serbia,SRB,E,SE_E,2011,SRB2011,15154.82888,17986.6137,11.32364048,0.506282789,7236519
Serbia,SRB,E,SE_E,2012,SRB2012,15106.95388,17993.84441,11.85018918,0.673974922,7201497
Serbia,SRB,E,SE_E,2013,SRB2013,15600.25025,18163.2347,11.74452476,0.77703553,7166553
Serbia,SRB,E,SE_E,2014,SRB2014,15396.81848,17922.46537,12.43143966,0.973605237,7131787
Serbia,SRB,E,SE_E,2015,SRB2015,15719.4396,18247.83922,12.23010176,0.716139354,7095383
Serbia,SRB,E,SE_E,2016,SRB2016,16271.72873,18889.41276,11.69726563,0.903574868,7058322
Serbia,SRB,E,SE_E,2017,SRB2017,16638.10445,19439.02197,11.80573253,0.697242233,7020858
Serbia,SRB,E,SE_E,2018,SRB2018,17394.37964,20454.25772,12.60834478,0.734408371,6982604
Serbia,SRB,E,SE_E,2019,SRB2019,18172.41114,21541.15993,12.82059974,0.766680516,6945235
Serbia,SRB,E,SE_E,2020,SRB2020,18053.16684,21479.11229,12.18342626,0.727053696,6899126
Serbia,SRB,E,SE_E,2021,SRB2021,19619.2213,23406.343,11.5293872,0.779144996,6834326
Serbia,SRB,E,SE_E,2022,SRB2022,20604.23984,24634.48629,12.50152961,0.643796837,6664449
Seychelles,SYC,SSA,EA_SSA,1990,SYC1990,,15478.84754,5.395145605,0.351147166,69507
Seychelles,SYC,SSA,EA_SSA,1991,SYC1991,,15695.67084,5.398649526,0.400188451,70439
Seychelles,SYC,SSA,EA_SSA,1992,SYC1992,,16744.50808,5.3484438,0.42403102,70763
Seychelles,SYC,SSA,EA_SSA,1993,SYC1993,,17596.89776,5.350112276,0.335994845,72253
Seychelles,SYC,SSA,EA_SSA,1994,SYC1994,,16716.52072,5.4074298,0.425773496,74205
Seychelles,SYC,SSA,EA_SSA,1995,SYC1995,,16552.45478,5.413587558,0.37114322,75304
Seychelles,SYC,SSA,EA_SSA,1996,SYC1996,,17942.1733,5.347364536,0.35364532,76417
Seychelles,SYC,SSA,EA_SSA,1997,SYC1997,,19895.14222,5.453141059,0.359745358,77319
Seychelles,SYC,SSA,EA_SSA,1998,SYC1998,,19991.22932,5.483079767,0.314868928,78846
Seychelles,SYC,SSA,EA_SSA,1999,SYC1999,,19969.35137,5.384034597,0.332508415,80410
Seychelles,SYC,SSA,EA_SSA,2000,SYC2000,,20633.6747,5.371260266,0.358641354,81131
Seychelles,SYC,SSA,EA_SSA,2001,SYC2001,,20147.41877,5.408566501,0.343961759,81202
Seychelles,SYC,SSA,EA_SSA,2002,SYC2002,,19777.75252,5.406418333,0.407399851,83723
Seychelles,SYC,SSA,EA_SSA,2003,SYC2003,,18825.22069,5.428082554,0.409729014,82781
Seychelles,SYC,SSA,EA_SSA,2004,SYC2004,,18356.47114,5.384655078,0.363075748,82475
Seychelles,SYC,SSA,EA_SSA,2005,SYC2005,,19917.11945,5.425183486,0.332640264,82858
Seychelles,SYC,SSA,EA_SSA,2006,SYC2006,,21341.85975,5.42862999,0.336345701,84600
Seychelles,SYC,SSA,EA_SSA,2007,SYC2007,,23117.85552,5.475274443,0.29994603,85033
Seychelles,SYC,SSA,EA_SSA,2008,SYC2008,,21990.36853,5.410240183,0.302488702,86956
Seychelles,SYC,SSA,EA_SSA,2009,SYC2009,,21361.13079,5.486416741,0.346840517,87298
Seychelles,SYC,SSA,EA_SSA,2010,SYC2010,,21708.75545,5.511527402,0.318200485,89770
Seychelles,SYC,SSA,EA_SSA,2011,SYC2011,,24406.41298,5.484795194,0.29829902,87441
Seychelles,SYC,SSA,EA_SSA,2012,SYC2012,,24919.95521,5.469252267,0.290820318,88303
Seychelles,SYC,SSA,EA_SSA,2013,SYC2013,,24770.65146,5.469252299,0.352218919,89949
Seychelles,SYC,SSA,EA_SSA,2014,SYC2014,,25379.41807,5.474784338,0.371434359,91359
Seychelles,SYC,SSA,EA_SSA,2015,SYC2015,,27032.20839,5.533275028,0.366376475,93419
Seychelles,SYC,SSA,EA_SSA,2016,SYC2016,,29905.13474,5.492120944,0.313633746,94677
Seychelles,SYC,SSA,EA_SSA,2017,SYC2017,,31595.66806,5.508117405,0.334275397,95843
Seychelles,SYC,SSA,EA_SSA,2018,SYC2018,,32841.42425,5.491448274,0.295194874,96762
Seychelles,SYC,SSA,EA_SSA,2019,SYC2019,,34346.07089,5.533113319,0.403016154,97625
Seychelles,SYC,SSA,EA_SSA,2020,SYC2020,,30056.19943,5.535897576,0.409963254,98462
Seychelles,SYC,SSA,EA_SSA,2021,SYC2021,,29979.82727,5.477490344,0.328462732,99258
Seychelles,SYC,SSA,EA_SSA,2022,SYC2022,,27978.17706,5.444725591,0.348040462,119878
Sierra Leone,SLE,SSA,WA_SSA,1990,SLE1990,1433,2706.031451,26.32428961,2.257275283,4196828
Sierra Leone,SLE,SSA,WA_SSA,1991,SLE1991,1449,2737.429112,26.23831738,2.292292408,4246267
Sierra Leone,SLE,SSA,WA_SSA,1992,SLE1992,1195,2259.480291,26.14963429,2.935764461,4166366
Sierra Leone,SLE,SSA,WA_SSA,1993,SLE1993,1213,2295.626921,26.24691954,2.516453666,4157130
Sierra Leone,SLE,SSA,WA_SSA,1994,SLE1994,1184,2242.3055,26.04834637,2.724689842,4173105
Sierra Leone,SLE,SSA,WA_SSA,1995,SLE1995,1087,2059.928363,26.25264796,2.663913422,4179179
Sierra Leone,SLE,SSA,WA_SSA,1996,SLE1996,1100,2086.057235,26.41530379,2.63619999,4199210
Sierra Leone,SLE,SSA,WA_SSA,1997,SLE1997,1022,1938.298732,26.49159917,2.453566186,4253716
Sierra Leone,SLE,SSA,WA_SSA,1998,SLE1998,1029,1953.57685,26.91635306,2.886114353,4295785
Sierra Leone,SLE,SSA,WA_SSA,1999,SLE1999,1003,1905.039273,26.1449908,2.683770148,4318043
Sierra Leone,SLE,SSA,WA_SSA,2000,SLE2000,1045,1983.288724,26.28531728,2.657698666,4423611
Sierra Leone,SLE,SSA,WA_SSA,2001,SLE2001,923,1750.924645,26.45456783,2.643369959,4692716
Sierra Leone,SLE,SSA,WA_SSA,2002,SLE2002,1104,2091.141105,26.72319052,2.641752918,4971435
Sierra Leone,SLE,SSA,WA_SSA,2003,SLE2003,1161,2198.257205,26.50822641,2.540110651,5177687
Sierra Leone,SLE,SSA,WA_SSA,2004,SLE2004,1195,2262.872129,26.60917841,2.667939362,5355717
Sierra Leone,SLE,SSA,WA_SSA,2005,SLE2005,1215,2298.723845,26.65686889,2.4703827,5501712
Sierra Leone,SLE,SSA,WA_SSA,2006,SLE2006,1239,2344.862245,26.73699203,2.957350482,5624466
Sierra Leone,SLE,SSA,WA_SSA,2007,SLE2007,1309,2379.944468,26.75963922,2.503920125,5749352
Sierra Leone,SLE,SSA,WA_SSA,2008,SLE2008,1346,2406.815307,26.47689904,2.630060083,5894722
Sierra Leone,SLE,SSA,WA_SSA,2009,SLE2009,1351,2378.720612,26.42825342,2.631707459,6055646
Sierra Leone,SLE,SSA,WA_SSA,2010,SLE2010,1401,2461.981048,26.78314501,2.707130132,6222714
Sierra Leone,SLE,SSA,WA_SSA,2011,SLE2011,1446,2592.858935,26.49654621,2.641882729,6387251
Sierra Leone,SLE,SSA,WA_SSA,2012,SLE2012,1623,2795.438891,26.29195974,2.640022158,6551080
Sierra Leone,SLE,SSA,WA_SSA,2013,SLE2013,1915,3127.539452,26.49418109,2.647963074,6714051
Sierra Leone,SLE,SSA,WA_SSA,2014,SLE2014,1953,2815.058582,26.40823315,2.618621416,6876385
Sierra Leone,SLE,SSA,WA_SSA,2015,SLE2015,1516,2630.534986,26.58622569,2.67414408,7037655
Sierra Leone,SLE,SSA,WA_SSA,2016,SLE2016,1574,2734.718989,26.84703103,2.659444687,7205328
Sierra Leone,SLE,SSA,WA_SSA,2017,SLE2017,1594,2755.904289,26.8226676,2.638734487,7379299
Sierra Leone,SLE,SSA,WA_SSA,2018,SLE2018,1610,2769.869677,26.57920702,2.6376948,7554563
Sierra Leone,SLE,SSA,WA_SSA,2019,SLE2019,1656,2855.229066,26.48530723,2.471857906,7731991
Sierra Leone,SLE,SSA,WA_SSA,2020,SLE2020,1586,2755.102525,26.82586363,2.595616398,7912558
Sierra Leone,SLE,SSA,WA_SSA,2021,SLE2021,1615,2851.952081,27.13373192,2.767649401,8094602
Sierra Leone,SLE,SSA,WA_SSA,2022,SLE2022,1635,2937.373465,26.48257882,2.665956075,8276807
Singapore,SGP,SEA,SEA_SEA,1990,SGP1990,37326,45567.79039,27.50416692,2.056050014,3047132
Singapore,SGP,SEA,SEA_SEA,1991,SGP1991,38706,47251.69444,27.44166708,2.456800064,3135083
Singapore,SGP,SEA,SEA_SEA,1992,SGP1992,40054,48897.81034,27.40833378,2.531300026,3230698
Singapore,SGP,SEA,SEA_SEA,1993,SGP1993,43529,53139.84447,27.34583378,2.697100052,3313471
Singapore,SGP,SEA,SEA_SEA,1994,SGP1994,46865,57213.09776,27.43750032,2.410700016,3419048
Singapore,SGP,SEA,SEA_SEA,1995,SGP1995,48725,59483.63831,27.52500017,3.06570005,3524506
Singapore,SGP,SEA,SEA_SEA,1996,SGP1996,50280,61381.75237,27.47916706,2.701350075,3670704
Singapore,SGP,SEA,SEA_SEA,1997,SGP1997,52663,64291.20247,27.86250035,1.702650032,3796038
Singapore,SGP,SEA,SEA_SEA,1998,SGP1998,49789,60782.19721,28.13750037,2.293600037,3927213
Singapore,SGP,SEA,SEA_SEA,1999,SGP1999,52217,63746.47922,27.42500035,2.496550041,3958723
Singapore,SGP,SEA,SEA_SEA,2000,SGP2000,55959,68314.5444,27.61250043,2.740350021,4027887
Singapore,SGP,SEA,SEA_SEA,2001,SGP2001,53886,65784.40188,27.72500054,2.728500019,4138012
Singapore,SGP,SEA,SEA_SEA,2002,SGP2002,55492,67744.27027,28.10000054,2.189550034,4175950
Singapore,SGP,SEA,SEA_SEA,2003,SGP2003,58878,71877.53486,27.82916705,2.873450024,4114826
Singapore,SGP,SEA,SEA_SEA,2004,SGP2004,63925,78039.02471,27.76666697,2.487500059,4166664
Singapore,SGP,SEA,SEA_SEA,2005,SGP2005,67039,81841.15878,27.80833364,2.354100031,4265762
Singapore,SGP,SEA,SEA_SEA,2006,SGP2006,70826,86463.82838,27.60833375,2.729150063,4401365
Singapore,SGP,SEA,SEA_SEA,2007,SGP2007,74065,90417.80738,27.58333405,2.883450066,4588599
Singapore,SGP,SEA,SEA_SEA,2008,SGP2008,71535,87329.59378,27.47916722,2.892050056,4839396
Singapore,SGP,SEA,SEA_SEA,2009,SGP2009,69499,84843.5194,27.73333375,2.520950027,4987573
Singapore,SGP,SEA,SEA_SEA,2010,SGP2010,78192,95456.18931,28.05833371,2.740800045,5076732
Singapore,SGP,SEA,SEA_SEA,2011,SGP2011,81338,99296.75611,27.72083354,2.836500031,5183688
Singapore,SGP,SEA,SEA_SEA,2012,SGP2012,82887,101187.8253,27.83750033,2.67190007,5312437
Singapore,SGP,SEA,SEA_SEA,2013,SGP2013,85484,104359.0307,27.92083375,2.840300041,5399162
Singapore,SGP,SEA,SEA_SEA,2014,SGP2014,87703,107066.8586,28.01250037,2.183750026,5469724
Singapore,SGP,SEA,SEA_SEA,2015,SGP2015,89248,108953.7243,28.07500052,1.986850025,5535002
Singapore,SGP,SEA,SEA_SEA,2016,SGP2016,91271,111579.7427,28.24166695,2.519950043,5607283
Singapore,SGP,SEA,SEA_SEA,2017,SGP2017,95334,116471.8208,27.87083364,2.615300049,5612253
Singapore,SGP,SEA,SEA_SEA,2018,SGP2018,98280,119927.7691,27.92083391,2.56940003,5638676
Singapore,SGP,SEA,SEA_SEA,2019,SGP2019,98455,120114.1339,28.33333381,1.866300041,5703569
Singapore,SGP,SEA,SEA_SEA,2020,SGP2020,94910,115893.0424,28.20416689,2.553750061,5685807
Singapore,SGP,SEA,SEA_SEA,2021,SGP2021,107741,132617.354,27.85833367,3.26145008,5453566
Singapore,SGP,SEA,SEA_SEA,2022,SGP2022,108036,133571.9624,27.85416691,2.951100037,5637022
Sint Maarten (Dutch part),SXM,LA,C_LA,2009,SXM2009,48472,50980.94008,27.79166667,0.956900009,33491
Sint Maarten (Dutch part),SXM,LA,C_LA,2010,SXM2010,50291,52140.59966,28.16666698,1.305000021,33794
Sint Maarten (Dutch part),SXM,LA,C_LA,2011,SXM2011,53581,53786.2462,27.758334,1.137200024,34267
Sint Maarten (Dutch part),SXM,LA,C_LA,2012,SXM2012,52436,53357.00346,27.83333381,0.848500027,35023
Sint Maarten (Dutch part),SXM,LA,C_LA,2013,SXM2013,50267,52801.40311,27.96666702,1.17200001,35854
Sint Maarten (Dutch part),SXM,LA,C_LA,2014,SXM2014,49601,52439.47368,27.98333375,1.163600027,36672
Sint Maarten (Dutch part),SXM,LA,C_LA,2015,SXM2015,48195,51375.60325,28.21666733,0.629300013,37471
Sint Maarten (Dutch part),SXM,LA,C_LA,2016,SXM2016,47269,50817.68149,28.15833378,1.088400009,38249
Sint Maarten (Dutch part),SXM,LA,C_LA,2017,SXM2017,43056,46088.35838,27.95833349,1.154200016,38996
Sint Maarten (Dutch part),SXM,LA,C_LA,2018,SXM2018,39788,42154.10203,27.68333371,0.949400003,39712
Sint Maarten (Dutch part),SXM,LA,C_LA,2019,SXM2019,43395,45996.79123,28.07500045,0.990000007,40385
Sint Maarten (Dutch part),SXM,LA,C_LA,2020,SXM2020,36992,39265.76168,28.10000054,1.040500027,41008
Sint Maarten (Dutch part),SXM,LA,C_LA,2021,SXM2021,38361,40507.06724,27.95833381,0.891500011,41571
Sint Maarten (Dutch part),SXM,LA,C_LA,2022,SXM2022,41943,43877.24914,27.81666708,0.920000013,42139
Slovak Republic,SVK,E,EE_E,1990,SVK1990,12442.88034,17520.99073,8.707831463,0.718325221,5299187
Slovak Republic,SVK,E,EE_E,1991,SVK1991,11904.30702,14955.92491,7.607751981,0.743698677,5303294
Slovak Republic,SVK,E,EE_E,1992,SVK1992,11743.28295,13946.13576,8.634848062,0.657807675,5305016
Slovak Republic,SVK,E,EE_E,1993,SVK1993,11927.57831,14157.1537,7.896671659,0.634578114,5325305
Slovak Republic,SVK,E,EE_E,1994,SVK1994,12624.72468,14976.54802,9.17524157,0.759046073,5346331
Slovak Republic,SVK,E,EE_E,1995,SVK1995,13330.78459,15805.38237,8.145908056,0.798121296,5361999
Slovak Republic,SVK,E,EE_E,1996,SVK1996,14210.31449,16737.13943,6.871379125,0.816795024,5373361
Slovak Republic,SVK,E,EE_E,1997,SVK1997,15020.00377,17622.74523,7.732068913,0.744428008,5383291
Slovak Republic,SVK,E,EE_E,1998,SVK1998,15627.42364,18272.48665,8.251799021,0.822739545,5390516
Slovak Republic,SVK,E,EE_E,1999,SVK1999,15629.49407,18167.46013,8.551405411,0.857442675,5396020
Slovak Republic,SVK,E,EE_E,2000,SVK2000,15829.30856,18335.64753,9.434741684,0.718755804,5388720
Slovak Republic,SVK,E,EE_E,2001,SVK2001,16334.55745,18906.56439,8.23270612,0.833523986,5378867
Slovak Republic,SVK,E,EE_E,2002,SVK2002,17050.61434,19748.89319,9.02576195,0.815807824,5376912
Slovak Republic,SVK,E,EE_E,2003,SVK2003,18042.48676,20721.67222,8.385773454,0.603997901,5373374
Slovak Republic,SVK,E,EE_E,2004,SVK2004,19030.28947,21842.91359,8.130004849,0.812332876,5372280
Slovak Republic,SVK,E,EE_E,2005,SVK2005,20285.47668,23257.13029,7.808130434,0.84808152,5372807
Slovak Republic,SVK,E,EE_E,2006,SVK2006,22176.39122,25331.8244,8.359457907,0.718236407,5373054
Slovak Republic,SVK,E,EE_E,2007,SVK2007,24552.64384,28064.19075,9.322626452,0.801553495,5374622
Slovak Republic,SVK,E,EE_E,2008,SVK2008,25830.14156,29544.03272,9.333357198,0.769453999,5379233
Slovak Republic,SVK,E,EE_E,2009,SVK2009,24348.29026,27880.35651,8.963696255,0.860205788,5386406
Slovak Republic,SVK,E,EE_E,2010,SVK2010,26014.95505,29745.86139,7.9377537,1.133674055,5391428
Slovak Republic,SVK,E,EE_E,2011,SVK2011,26665.51864,30468.76602,8.854257418,0.625194237,5398384
Slovak Republic,SVK,E,EE_E,2012,SVK2012,26966.41127,30894.25128,8.981351262,0.677380073,5407579
Slovak Republic,SVK,E,EE_E,2013,SVK2013,27085.86349,31078.12394,8.793761652,0.79766512,5413393
Slovak Republic,SVK,E,EE_E,2014,SVK2014,27796.51575,31888.74288,9.87979423,0.866601353,5418649
Slovak Republic,SVK,E,EE_E,2015,SVK2015,29150.72419,33507.72572,9.728055502,0.688717683,5423801
Slovak Republic,SVK,E,EE_E,2016,SVK2016,29652.4118,34116.38337,9.187447416,0.92132679,5430798
Slovak Republic,SVK,E,EE_E,2017,SVK2017,30497.96734,35042.71724,9.143343576,0.81662254,5439232
Slovak Republic,SVK,E,EE_E,2018,SVK2018,31574.48528,36415.72072,9.989742962,0.720433151,5446771
Slovak Republic,SVK,E,EE_E,2019,SVK2019,32423.15095,37194.13759,10.11549001,0.7859049,5454147
Slovak Republic,SVK,E,EE_E,2020,SVK2020,31303.14257,36201.41546,9.723082776,0.859023967,5458827
Slovak Republic,SVK,E,EE_E,2021,SVK2021,32860.4371,38346.09358,8.772844766,0.75398969,5447247
Slovak Republic,SVK,E,EE_E,2022,SVK2022,33519.45139,38623.67106,9.838194262,0.664677844,5431752
Slovenia,SVN,E,SE_E,1990,SVN1990,16837.91398,25351.41133,9.387847368,1.354390705,1998161
Slovenia,SVN,E,SE_E,1991,SVN1991,17421.51124,23080.46188,8.313589399,1.346278131,1999429
Slovenia,SVN,E,SE_E,1992,SVN1992,17876.42245,21851.44764,9.64976131,1.385518384,1996498
Slovenia,SVN,E,SE_E,1993,SVN1993,18463.05237,22526.39251,8.870132999,1.309215388,1991746
Slovenia,SVN,E,SE_E,1994,SVN1994,19435.43553,23753.94889,10.18131267,1.338150858,1989443
Slovenia,SVN,E,SE_E,1995,SVN1995,20206.28714,24724.22969,8.988680265,1.503064025,1989872
Slovenia,SVN,E,SE_E,1996,SVN1996,20845.95508,25460.51628,8.024469268,1.558196232,1988628
Slovenia,SVN,E,SE_E,1997,SVN1997,22060.27706,26813.19298,8.84318646,1.24934446,1985956
Slovenia,SVN,E,SE_E,1998,SVN1998,23100.16774,27695.0445,9.266361654,1.444318291,1981629
Slovenia,SVN,E,SE_E,1999,SVN1999,24057.10683,29133.20386,9.272771928,1.447317892,1983045
Slovenia,SVN,E,SE_E,2000,SVN2000,25276.61985,30063.11859,10.31283076,1.392480673,1988925
Slovenia,SVN,E,SE_E,2001,SVN2001,29562.71028,30864.85939,9.200776425,1.223614409,1992060
Slovenia,SVN,E,SE_E,2002,SVN2002,30625.51319,31838.5469,9.947105251,1.439886237,1994530
Slovenia,SVN,E,SE_E,2003,SVN2003,31775.8632,32835.99339,9.411583802,1.049450568,1995733
Slovenia,SVN,E,SE_E,2004,SVN2004,33137.51002,34306.73885,8.885000634,1.493677539,1997012
Slovenia,SVN,E,SE_E,2005,SVN2005,34511.39974,35567.30525,8.491294837,1.396143848,2000474
Slovenia,SVN,E,SE_E,2006,SVN2006,36268.80309,37548.8842,9.294175985,1.209346445,2006868
Slovenia,SVN,E,SE_E,2007,SVN2007,38479.88373,40005.24674,10.1537804,1.312691069,2018122
Slovenia,SVN,E,SE_E,2008,SVN2008,39932.448,41288.97276,10.03338407,1.418279956,2021316
Slovenia,SVN,E,SE_E,2009,SVN2009,36565.37989,37811.57885,9.852939133,1.493285605,2039669
Slovenia,SVN,E,SE_E,2010,SVN2010,37222.14625,38065.73615,8.876058318,1.588370147,2048583
Slovenia,SVN,E,SE_E,2011,SVN2011,37525.62439,38235.72284,9.919743476,1.043014281,2052843
Slovenia,SVN,E,SE_E,2012,SVN2012,36514.80943,37043.06469,10.03310251,1.365325796,2057159
Slovenia,SVN,E,SE_E,2013,SVN2013,35839.79609,36688.0835,9.715652806,1.578356208,2059953
Slovenia,SVN,E,SE_E,2014,SVN2014,36644.0538,37664.65194,10.54880317,1.778704988,2061980
Slovenia,SVN,E,SE_E,2015,SVN2015,37424.37402,38537.09519,10.43656649,1.434891771,2063531
Slovenia,SVN,E,SE_E,2016,SVN2016,38562.38775,39677.41715,9.951658599,1.69080015,2065042
Slovenia,SVN,E,SE_E,2017,SVN2017,40432.73896,41703.30395,10.00063497,1.537110459,2066388
Slovenia,SVN,E,SE_E,2018,SVN2018,42025.72086,43371.98096,10.78157721,1.411187667,2073894
Slovenia,SVN,E,SE_E,2019,SVN2019,43207.18536,44580.77777,10.80408629,1.612014927,2088385
Slovenia,SVN,E,SE_E,2020,SVN2020,40961.37911,42474.22471,10.40704561,1.584525129,2102419
Slovenia,SVN,E,SE_E,2021,SVN2021,44183.98806,45914.05724,9.67633186,1.291619336,2108079
Slovenia,SVN,E,SE_E,2022,SVN2022,45157.87764,47064.15179,10.8628972,1.13318696,2112076
Solomon Islands,SLB,O,Me_O,1990,SLB1990,2192,2352.419749,26.44864753,3.16864824,331435
Solomon Islands,SLB,O,Me_O,1991,SLB1991,2256,2418.38691,25.86512949,3.157750833,341738
Solomon Islands,SLB,O,Me_O,1992,SLB1992,2468,2644.523613,25.86623746,3.300230381,352205
Solomon Islands,SLB,O,Me_O,1993,SLB1993,2493,2669.699267,25.83740881,3.300230381,362839
Solomon Islands,SLB,O,Me_O,1994,SLB1994,2618,2802.256978,25.83279658,3.300230381,373675
Solomon Islands,SLB,O,Me_O,1995,SLB1995,2800,2996.297784,25.91045369,3.300230381,384733
Solomon Islands,SLB,O,Me_O,1996,SLB1996,2765,2957.845004,25.88327235,3.300230381,396009
Solomon Islands,SLB,O,Me_O,1997,SLB1997,2664,2848.344562,25.82285905,3.300230381,407474
Solomon Islands,SLB,O,Me_O,1998,SLB1998,2625,2805.290711,25.94443391,3.300230381,419071
Solomon Islands,SLB,O,Me_O,1999,SLB1999,2543,2717.550884,25.93008084,3.300230381,430500
Solomon Islands,SLB,O,Me_O,2000,SLB2000,2126,2276.841798,25.93996134,3.300230381,440469
Solomon Islands,SLB,O,Me_O,2001,SLB2001,1910,2055.292312,25.82285905,3.300230381,449125
Solomon Islands,SLB,O,Me_O,2002,SLB2002,1814,1960.440991,25.84777927,3.300230381,457671
Solomon Islands,SLB,O,Me_O,2003,SLB2003,1889,2050.326601,25.86137208,3.300230381,466154
Solomon Islands,SLB,O,Me_O,2004,SLB2004,1988,2168.517933,25.90819406,3.300230381,474611
Solomon Islands,SLB,O,Me_O,2005,SLB2005,2087,2287.259989,25.90970032,3.300230381,483080
Solomon Islands,SLB,O,Me_O,2006,SLB2006,2125,2340.660459,25.88251451,3.300230381,491594
Solomon Islands,SLB,O,Me_O,2007,SLB2007,2154,2384.325485,25.85683493,3.300230381,500156
Solomon Islands,SLB,O,Me_O,2008,SLB2008,2238,2489.792536,25.82285905,3.300230381,508790
Solomon Islands,SLB,O,Me_O,2009,SLB2009,2250,2514.886028,25.893085,3.300230381,518141
Solomon Islands,SLB,O,Me_O,2010,SLB2010,2411,2682.285286,25.96179941,3.300230381,532968
Solomon Islands,SLB,O,Me_O,2011,SLB2011,2528,2777.471033,25.82285905,3.300230381,552945
Solomon Islands,SLB,O,Me_O,2012,SLB2012,2526,2743.453331,25.82285905,3.300230381,573606
Solomon Islands,SLB,O,Me_O,2013,SLB2013,2592,2783.594418,25.82285905,3.300230381,594945
Solomon Islands,SLB,O,Me_O,2014,SLB2014,2557,2716.418072,25.82285905,3.300230381,616908
Solomon Islands,SLB,O,Me_O,2015,SLB2015,2535,2664.73036,25.82285905,3.300230381,639415
Solomon Islands,SLB,O,Me_O,2016,SLB2016,2610,2715.233858,25.82285905,3.300230381,662379
Solomon Islands,SLB,O,Me_O,2017,SLB2017,2625,2703.660714,25.82285905,3.300230381,685672
Solomon Islands,SLB,O,Me_O,2018,SLB2018,2633,2686.120007,25.82285905,3.300230381,709101
Solomon Islands,SLB,O,Me_O,2019,SLB2019,2617,2661.599734,25.82285905,3.300230381,728147
Solomon Islands,SLB,O,Me_O,2020,SLB2020,2469,2515.128328,25.82285905,3.300230381,744498
Solomon Islands,SLB,O,Me_O,2021,SLB2021,2397,2518.421624,25.82361261,3.300230381,762591
Solomon Islands,SLB,O,Me_O,2022,SLB2022,2248,2517.925421,25.82285905,3.300230381,781066
"Somalia, Fed. Rep.",SOM,SSA,EA_SSA,1991,SOM1991,981,836.9666068,26.78646234,0.227605222,6813760
"Somalia, Fed. Rep.",SOM,SSA,EA_SSA,1992,SOM1992,802,803.4986753,26.71097916,0.233053476,6495107
"Somalia, Fed. Rep.",SOM,SSA,EA_SSA,1993,SOM1993,499,812.2657411,26.57465239,0.25222833,6681399
"Somalia, Fed. Rep.",SOM,SSA,EA_SSA,1994,SOM1994,474,634.4999903,26.66784934,0.288589328,7026797
"Somalia, Fed. Rep.",SOM,SSA,EA_SSA,1995,SOM1995,476,636.4336335,26.88435412,0.260796845,7285007
"Somalia, Fed. Rep.",SOM,SSA,EA_SSA,1996,SOM1996,512,663.1131175,26.84046146,0.233816746,7554474
"Somalia, Fed. Rep.",SOM,SSA,EA_SSA,1997,SOM1997,557,647.7846514,26.7686196,0.338408747,7824525
"Somalia, Fed. Rep.",SOM,SSA,EA_SSA,1998,SOM1998,610,662.4370858,27.05380094,0.262090667,8155417
"Somalia, Fed. Rep.",SOM,SSA,EA_SSA,1999,SOM1999,657,682.7340667,26.68296244,0.257282037,8492059
"Somalia, Fed. Rep.",SOM,SSA,EA_SSA,2000,SOM2000,688,702.5978846,26.7758308,0.273836582,8838713
"Somalia, Fed. Rep.",SOM,SSA,EA_SSA,2001,SOM2001,732,723.1201803,26.8332477,0.248353572,9198493
"Somalia, Fed. Rep.",SOM,SSA,EA_SSA,2002,SOM2002,780,749.6444778,27.05546079,0.279079423,9550063
"Somalia, Fed. Rep.",SOM,SSA,EA_SSA,2003,SOM2003,854,777.6054435,27.02243863,0.276432732,9909157
"Somalia, Fed. Rep.",SOM,SSA,EA_SSA,2004,SOM2004,975,802.7716383,26.88057828,0.281304859,10280998
"Somalia, Fed. Rep.",SOM,SSA,EA_SSA,2005,SOM2005,959,830.5091477,26.87824576,0.272581116,10644228
"Somalia, Fed. Rep.",SOM,SSA,EA_SSA,2006,SOM2006,990,857.6858031,26.92381204,0.286020847,10975502
"Somalia, Fed. Rep.",SOM,SSA,EA_SSA,2007,SOM2007,1035,887.0509592,26.85077116,0.291992945,11322582
"Somalia, Fed. Rep.",SOM,SSA,EA_SSA,2008,SOM2008,1034,918.8022938,26.68392358,0.274409761,11663084
"Somalia, Fed. Rep.",SOM,SSA,EA_SSA,2009,SOM2009,1025,955.8772283,27.20452619,0.258103267,11961201
"Somalia, Fed. Rep.",SOM,SSA,EA_SSA,2010,SOM2010,1025,994.8684631,26.90906988,0.258513065,12261756
"Somalia, Fed. Rep.",SOM,SSA,EA_SSA,2011,SOM2011,1040,1053.983839,26.91712238,0.291772541,12348830
"Somalia, Fed. Rep.",SOM,SSA,EA_SSA,2012,SOM2012,1094,1114.404151,26.87691605,0.267724707,12461160
"Somalia, Fed. Rep.",SOM,SSA,EA_SSA,2013,SOM2013,1308,1197.291915,27.02301468,0.289716515,12869594
"Somalia, Fed. Rep.",SOM,SSA,EA_SSA,2014,SOM2014,1358,1258.822494,27.00321384,0.265761878,13339491
"Somalia, Fed. Rep.",SOM,SSA,EA_SSA,2015,SOM2015,1444,1343.442967,27.2017654,0.295907435,13806963
"Somalia, Fed. Rep.",SOM,SSA,EA_SSA,2016,SOM2016,1480,1383.658532,27.25356492,0.284135894,14348740
"Somalia, Fed. Rep.",SOM,SSA,EA_SSA,2017,SOM2017,1558,1527.112158,27.08488952,0.34565387,14916629
"Somalia, Fed. Rep.",SOM,SSA,EA_SSA,2018,SOM2018,1548,1504.439087,26.79732794,0.298359473,15452487
"Somalia, Fed. Rep.",SOM,SSA,EA_SSA,2019,SOM2019,1547,1491.107604,27.08707244,0.328950788,16030971
"Somalia, Fed. Rep.",SOM,SSA,EA_SSA,2020,SOM2020,1457,1396.053433,26.99127527,0.261534603,16651191
"Somalia, Fed. Rep.",SOM,SSA,EA_SSA,2021,SOM2021,1458,1392.46426,26.86254199,0.296637541,17271431
"Somalia, Fed. Rep.",SOM,SSA,EA_SSA,2022,SOM2022,1449,1387.813742,27.0929329,0.327118139,17801897
South Africa,ZAF,SSA,SA_SSA,1990,ZAF1990,10621.11748,10824.38476,17.82432563,0.395625572,40746268
South Africa,ZAF,SSA,SA_SSA,1991,ZAF1991,10204.42541,10472.1586,17.78185926,0.518281854,41687898
South Africa,ZAF,SSA,SA_SSA,1992,ZAF1992,9743.912558,10065.91609,18.39114651,0.319518586,42443509
South Africa,ZAF,SSA,SA_SSA,1993,ZAF1993,9649.510459,9989.177217,18.29598502,0.460146316,43297156
South Africa,ZAF,SSA,SA_SSA,1994,ZAF1994,9751.249392,10143.20628,17.61198694,0.391967527,44004139
South Africa,ZAF,SSA,SA_SSA,1995,ZAF1995,9854.563299,10331.46922,17.93214709,0.512192,44541554
South Africa,ZAF,SSA,SA_SSA,1996,ZAF1996,10067.71619,10636.86433,17.37573428,0.582104219,45123018
South Africa,ZAF,SSA,SA_SSA,1997,ZAF1997,10133.31021,10783.46116,17.71868996,0.498459839,45666838
South Africa,ZAF,SSA,SA_SSA,1998,ZAF1998,9998.73409,10706.77768,18.24351982,0.505014648,46223880
South Africa,ZAF,SSA,SA_SSA,1999,ZAF1999,10083.78371,10844.91729,18.53890099,0.447733444,46730335
South Africa,ZAF,SSA,SA_SSA,2000,ZAF2000,10341.52449,11197.5149,17.47100008,0.636798087,47159719
South Africa,ZAF,SSA,SA_SSA,2001,ZAF2001,10482.36627,11401.43105,17.83333919,0.550354543,47566800
South Africa,ZAF,SSA,SA_SSA,2002,ZAF2002,10721.23226,11711.88395,17.8778203,0.422736642,48019415
South Africa,ZAF,SSA,SA_SSA,2003,ZAF2003,10968.80254,11937.71542,18.24201849,0.377646649,48500348
South Africa,ZAF,SSA,SA_SSA,2004,ZAF2004,11240.54667,12356.31634,18.50654754,0.478904824,48991421
South Africa,ZAF,SSA,SA_SSA,2005,ZAF2005,11680.55976,12877.30631,18.49994569,0.40245796,49490033
South Africa,ZAF,SSA,SA_SSA,2006,ZAF2006,12230.1068,13460.68942,17.95055637,0.577820536,49998277
South Africa,ZAF,SSA,SA_SSA,2007,ZAF2007,12729.8553,14033.40084,18.27662153,0.430853992,50528584
South Africa,ZAF,SSA,SA_SSA,2008,ZAF2008,13007.49455,14315.18965,18.37895853,0.44719364,51114599
South Africa,ZAF,SSA,SA_SSA,2009,ZAF2009,12640.44554,13927.72889,18.31306988,0.483983912,51728516
South Africa,ZAF,SSA,SA_SSA,2010,ZAF2010,12867.12315,14182.33428,18.63150472,0.484351659,52344051
South Africa,ZAF,SSA,SA_SSA,2011,ZAF2011,13074.19492,14451.92918,17.96116431,0.554238333,52995205
South Africa,ZAF,SSA,SA_SSA,2012,ZAF2012,13243.82841,14581.58896,18.14963894,0.469387347,53782567
South Africa,ZAF,SSA,SA_SSA,2013,ZAF2013,13433.32696,14699.06681,18.2669334,0.424013345,54678791
South Africa,ZAF,SSA,SA_SSA,2014,ZAF2014,13403.05765,14661.26243,18.44884154,0.451446373,55594838
South Africa,ZAF,SSA,SA_SSA,2015,ZAF2015,13315.49478,14559.47438,18.89526676,0.361545767,56723537
South Africa,ZAF,SSA,SA_SSA,2016,ZAF2016,13227.13367,14519.03086,19.00119511,0.421467464,57259551
South Africa,ZAF,SSA,SA_SSA,2017,ZAF2017,13287.6711,14591.43668,18.52522132,0.441639295,57635162
South Africa,ZAF,SSA,SA_SSA,2018,ZAF2018,13289.80137,14571.37563,18.64236592,0.392836019,58613001
South Africa,ZAF,SSA,SA_SSA,2019,ZAF2019,13113.86483,14370.23804,19.26483592,0.390924707,59587885
South Africa,ZAF,SSA,SA_SSA,2020,ZAF2020,12147.38215,13266.78581,18.46642986,0.464473586,60562381
South Africa,ZAF,SSA,SA_SSA,2021,ZAF2021,12572.45346,13711.29357,18.09329927,0.528246957,61502603
South Africa,ZAF,SSA,SA_SSA,2022,ZAF2022,12685.81855,13777.19275,18.44331955,0.510554618,62378410
Spain,ESP,E,SE_E,1990,ESP1990,27405.37329,31773.22674,13.98378608,0.52643625,38867322
Spain,ESP,E,SE_E,1991,ESP1991,28025.06874,32499.34814,13.35085459,0.563922612,38966376
Spain,ESP,E,SE_E,1992,ESP1992,28140.86962,32641.08272,13.39670332,0.57784246,39157685
Spain,ESP,E,SE_E,1993,ESP1993,27699.99992,32137.31384,12.95086071,0.594002411,39361262
Spain,ESP,E,SE_E,1994,ESP1994,28219.26732,32746.92878,13.92255931,0.533283558,39549108
Spain,ESP,E,SE_E,1995,ESP1995,28863.46513,33501.73142,14.24097918,0.550671873,39724050
Spain,ESP,E,SE_E,1996,ESP1996,29495.31472,34232.37869,13.49779837,0.856074628,39889852
Spain,ESP,E,SE_E,1997,ESP1997,30445.98472,35312.08629,14.35043559,0.813663951,40057389
Spain,ESP,E,SE_E,1998,ESP1998,31638.53674,36679.09423,13.8733434,0.500045126,40223509
Spain,ESP,E,SE_E,1999,ESP1999,32911.62383,38141.31688,13.71174568,0.600841664,40386875
Spain,ESP,E,SE_E,2000,ESP2000,34468.98837,39945.89713,13.8213645,0.661872101,40567864
Spain,ESP,E,SE_E,2001,ESP2001,35536.84598,41224.29241,13.91895768,0.612994509,40850412
Spain,ESP,E,SE_E,2002,ESP2002,35981.41763,41766.03782,13.89289709,0.705935395,41431558
Spain,ESP,E,SE_E,2003,ESP2003,36380.33832,42223.13017,14.19688538,0.734229238,42187645
Spain,ESP,E,SE_E,2004,ESP2004,36856.96342,42793.39023,13.79977903,0.591099667,42921895
Spain,ESP,E,SE_E,2005,ESP2005,37541.0375,43570.76526,13.65751246,0.466973961,43653155
Spain,ESP,E,SE_E,2006,ESP2006,38380.79077,44572.68155,14.2671602,0.63518354,44397319
Spain,ESP,E,SE_E,2007,ESP2007,39001.72905,45301.28434,13.71752924,0.574677647,45226803
Spain,ESP,E,SE_E,2008,ESP2008,38707.39073,44926.34895,13.71014323,0.691946041,45954106
Spain,ESP,E,SE_E,2009,ESP2009,36896.5753,42852.22089,14.20309573,0.614189894,46362946
Spain,ESP,E,SE_E,2010,ESP2010,36776.46449,42695.52742,13.68396113,0.834177007,46576897
Spain,ESP,E,SE_E,2011,ESP2011,36272.28027,42271.83468,14.37496832,0.546304112,46742697
Spain,ESP,E,SE_E,2012,ESP2012,35103.2062,41034.04816,13.85424887,0.532948057,46773055
Spain,ESP,E,SE_E,2013,ESP2013,34697.96751,40594.91401,13.65269509,0.695367566,46604197
Spain,ESP,E,SE_E,2014,ESP2014,35234.74535,41339.41112,14.44377027,0.653766884,46460733
Spain,ESP,E,SE_E,2015,ESP2015,36577.34434,43053.76143,14.43368153,0.491471293,46422303
Spain,ESP,E,SE_E,2016,ESP2016,37619.93359,44274.66761,14.34861553,0.647499609,46458139
Spain,ESP,E,SE_E,2017,ESP2017,38591.16471,45446.25086,14.62573654,0.466719024,46571232
Spain,ESP,E,SE_E,2018,ESP2018,39263.36203,46325.20994,14.0340085,0.795566038,46782011
Spain,ESP,E,SE_E,2019,ESP2019,39685.91832,46896.41711,14.30008927,0.556140617,47118501
Spain,ESP,E,SE_E,2020,ESP2020,35077.0754,41553.44779,14.72353034,0.637289411,47359424
Spain,ESP,E,SE_E,2021,ESP2021,37263.19359,44251.66582,14.37683708,0.613019433,47443821
Spain,ESP,E,SE_E,2022,ESP2022,39092.70966,46649.56354,15.08447545,0.556215711,47786102
Sri Lanka,LKA,SA,SA_SA,1990,LKA1990,3933.812667,4561.579133,27.0648172,1.902763101,16352458
Sri Lanka,LKA,SA,SA_SA,1991,LKA1991,4029.846728,4735.8194,27.06782071,1.527403039,16475354
Sri Lanka,LKA,SA,SA_SA,1992,LKA1992,4144.528616,4866.239412,26.81479653,1.395684983,16739284
Sri Lanka,LKA,SA,SA_SA,1993,LKA1993,4366.532669,5114.436304,26.8530783,1.916462999,17025918
Sri Lanka,LKA,SA,SA_SA,1994,LKA1994,4549.759413,5322.729631,26.93374455,1.74780508,17275773
Sri Lanka,LKA,SA,SA_SA,1995,LKA1995,4741.792131,5523.312254,27.08115026,1.568263811,17564068
Sri Lanka,LKA,SA,SA_SA,1996,LKA1996,4892.953585,5624.023937,26.95535583,1.710160895,17905018
Sri Lanka,LKA,SA,SA_SA,1997,LKA1997,5181.415297,5871.722976,27.17315334,1.939815845,18248200
Sri Lanka,LKA,SA,SA_SA,1998,LKA1998,5294.802395,6032.622126,27.6042244,1.583053175,18596003
Sri Lanka,LKA,SA,SA_SA,1999,LKA1999,5388.816796,6176.235485,26.90116691,1.782208167,18944731
Sri Lanka,LKA,SA,SA_SA,2000,LKA2000,5673.261794,6428.613419,27.05951221,1.748880337,19293054
Sri Lanka,LKA,SA,SA_SA,2001,LKA2001,5532.665472,6230.030519,27.19475087,1.476306502,19600362
Sri Lanka,LKA,SA,SA_SA,2002,LKA2002,5649.637218,6409.862789,27.30420657,1.691908335,19805752
Sri Lanka,LKA,SA,SA_SA,2003,LKA2003,5878.807302,6741.012488,27.2765752,1.623991127,19951521
Sri Lanka,LKA,SA,SA_SA,2004,LKA2004,6115.777485,7059.910981,27.02507388,1.898771257,20087605
Sri Lanka,LKA,SA,SA_SA,2005,LKA2005,6412.976044,7452.742341,27.18223868,1.682936713,20216524
Sri Lanka,LKA,SA,SA_SA,2006,LKA2006,6870.02835,7970.66491,27.14435562,2.101407116,20352411
Sri Lanka,LKA,SA,SA_SA,2007,LKA2007,7297.347737,8454.206753,27.08186099,1.578774222,20492545
Sri Lanka,LKA,SA,SA_SA,2008,LKA2008,7691.360798,8897.82686,27.02119248,1.966829224,20629378
Sri Lanka,LKA,SA,SA_SA,2009,LKA2009,7927.206637,9156.319065,27.4056563,1.537081388,20756435
Sri Lanka,LKA,SA,SA_SA,2010,LKA2010,8502.089351,9832.186223,27.4272763,1.814693453,20879089
Sri Lanka,LKA,SA,SA_SA,2011,LKA2011,9191.844123,10618.4926,27.24624745,1.552658694,21009048
Sri Lanka,LKA,SA,SA_SA,2012,LKA2012,9951.002336,11447.69377,27.44167805,1.698723283,21169458
Sri Lanka,LKA,SA,SA_SA,2013,LKA2013,10327.36632,12249.72234,27.16863507,1.504074236,20585000
Sri Lanka,LKA,SA,SA_SA,2014,LKA2014,10954.93742,12909.96631,27.33451994,1.841330251,20778000
Sri Lanka,LKA,SA,SA_SA,2015,LKA2015,11459.81738,13329.77934,27.30045605,2.278406953,20970000
Sri Lanka,LKA,SA,SA_SA,2016,LKA2016,11995.86006,13845.61468,27.67623587,1.404565902,21209000
Sri Lanka,LKA,SA,SA_SA,2017,LKA2017,12758.20683,14572.48582,27.39437377,1.666448214,21453000
Sri Lanka,LKA,SA,SA_SA,2018,LKA2018,12877.68827,14759.82489,27.30606853,1.753183643,21670000
Sri Lanka,LKA,SA,SA_SA,2019,LKA2019,12823.6384,14637.44429,27.63752625,1.982717322,21803000
Sri Lanka,LKA,SA,SA_SA,2020,LKA2020,12245.63591,13886.65137,27.60767906,1.590823899,21919000
Sri Lanka,LKA,SA,SA_SA,2021,LKA2021,12537.62904,14316.13522,27.3674719,2.00418446,22156000
Sri Lanka,LKA,SA,SA_SA,2022,LKA2022,11541.24003,13249.06506,27.19023727,1.809903293,22181000
St. Kitts and Nevis,KNA,LA,C_LA,1990,KNA1990,14170,14326.04107,27.15000057,1.071300014,40432
St. Kitts and Nevis,KNA,LA,C_LA,1991,KNA1991,13938,14084.68319,27.15833362,0.94310001,40358
St. Kitts and Nevis,KNA,LA,C_LA,1992,KNA1992,14406,14557.18426,27.30000035,1.285800014,40715
St. Kitts and Nevis,KNA,LA,C_LA,1993,KNA1993,15183,15348.68878,27.41666698,0.949200012,41242
St. Kitts and Nevis,KNA,LA,C_LA,1994,KNA1994,15777,15955.8375,27.29166714,0.847600014,41776
St. Kitts and Nevis,KNA,LA,C_LA,1995,KNA1995,16412,16596.26563,27.60833343,0.985100021,42326
St. Kitts and Nevis,KNA,LA,C_LA,1996,KNA1996,17150,17340.22346,27.49166679,1.122300032,42877
St. Kitts and Nevis,KNA,LA,C_LA,1997,KNA1997,18086,18288.49437,27.92500051,0.997700029,43428
St. Kitts and Nevis,KNA,LA,C_LA,1998,KNA1998,17765,17963.69924,28.26666689,1.324700037,43998
St. Kitts and Nevis,KNA,LA,C_LA,1999,KNA1999,18093,18291.42292,27.70000045,1.152600006,44601
St. Kitts and Nevis,KNA,LA,C_LA,2000,KNA2000,19632,19840.58006,27.49166711,0.84200001,45248
St. Kitts and Nevis,KNA,LA,C_LA,2001,KNA2001,20427,20648.78897,27.84166686,1.095200012,45761
St. Kitts and Nevis,KNA,LA,C_LA,2002,KNA2002,20582,20813.405,27.83333381,1.079600021,46020
St. Kitts and Nevis,KNA,LA,C_LA,2003,KNA2003,19701,19927.18183,27.94166708,1.136100035,46176
St. Kitts and Nevis,KNA,LA,C_LA,2004,KNA2004,20423,20661.34586,27.53333362,1.297300049,46315
St. Kitts and Nevis,KNA,LA,C_LA,2005,KNA2005,22341,22612.71266,27.85000054,1.410000025,46437
St. Kitts and Nevis,KNA,LA,C_LA,2006,KNA2006,22972,23258.98423,27.61666679,1.406600025,46569
St. Kitts and Nevis,KNA,LA,C_LA,2007,KNA2007,23041,23330.04424,27.56666708,1.071900002,46706
St. Kitts and Nevis,KNA,LA,C_LA,2008,KNA2008,25540,25898.78236,27.19166676,1.408600048,46835
St. Kitts and Nevis,KNA,LA,C_LA,2009,KNA2009,24609,24973.80453,27.57500029,0.933800013,46916
St. Kitts and Nevis,KNA,LA,C_LA,2010,KNA2010,24559,24997.56725,27.95833365,1.29170002,46846
St. Kitts and Nevis,KNA,LA,C_LA,2011,KNA2011,24862,25380.00873,27.52500041,1.129900009,46886
St. Kitts and Nevis,KNA,LA,C_LA,2012,KNA2012,24656,25114.05726,27.57500029,0.912200014,47033
St. Kitts and Nevis,KNA,LA,C_LA,2013,KNA2013,26042,26532.10166,27.75000016,1.097500027,47069
St. Kitts and Nevis,KNA,LA,C_LA,2014,KNA2014,28004,28530.30722,27.74166711,1.114600012,47089
St. Kitts and Nevis,KNA,LA,C_LA,2015,KNA2015,28203,28729.56645,27.95833349,0.643100023,47087
St. Kitts and Nevis,KNA,LA,C_LA,2016,KNA2016,29310,29867.02656,27.95000029,1.090600025,47075
St. Kitts and Nevis,KNA,LA,C_LA,2017,KNA2017,29318,29948.92001,27.70833381,1.180200016,47050
St. Kitts and Nevis,KNA,LA,C_LA,2018,KNA2018,29934,30576.24867,27.42500035,1.014800005,47008
St. Kitts and Nevis,KNA,LA,C_LA,2019,KNA2019,31179,31512.19431,27.7916673,1.051700028,46952
St. Kitts and Nevis,KNA,LA,C_LA,2020,KNA2020,26678,26736.92836,27.83333381,1.041100027,46870
St. Kitts and Nevis,KNA,LA,C_LA,2021,KNA2021,26460,26896.61771,27.69166692,0.912400021,46763
St. Kitts and Nevis,KNA,LA,C_LA,2022,KNA2022,28770,29712.68558,27.5416673,0.950100014,46709
St. Lucia,LCA,LA,C_LA,1990,LCA1990,11419,17222.14867,13.15686576,1.069539554,137857
St. Lucia,LCA,LA,C_LA,1991,LCA1991,11306,17080.79897,13.13189226,1.108073649,139520
St. Lucia,LCA,LA,C_LA,1992,LCA1992,12025,18166.20781,13.16310908,1.220654147,141617
St. Lucia,LCA,LA,C_LA,1993,LCA1993,11919,18004.03201,13.22554284,1.094188389,143726
St. Lucia,LCA,LA,C_LA,1994,LCA1994,11951,18020.51276,13.07570198,1.020316805,145890
St. Lucia,LCA,LA,C_LA,1995,LCA1995,12017,18048.78067,13.27548984,1.161417012,148208
St. Lucia,LCA,LA,C_LA,1996,LCA1996,12238,18301.15227,13.22762393,1.254218486,150436
St. Lucia,LCA,LA,C_LA,1997,LCA1997,12037,17920.03411,13.30878772,0.913080656,152569
St. Lucia,LCA,LA,C_LA,1998,LCA1998,12680,18786.9976,13.50857578,1.328839279,154677
St. Lucia,LCA,LA,C_LA,1999,LCA1999,12903,19039.46302,13.2567597,1.024986872,156702
St. Lucia,LCA,LA,C_LA,2000,LCA2000,12809,18818.8856,13.19640707,1.089393477,158616
St. Lucia,LCA,LA,C_LA,2001,LCA2001,12288,17993.63727,13.39411389,0.98600324,160237
St. Lucia,LCA,LA,C_LA,2002,LCA2002,12247,17911.62978,13.37954604,0.912506271,161641
St. Lucia,LCA,LA,C_LA,2003,LCA2003,12672,18522.51296,13.40868173,1.141737911,162976
St. Lucia,LCA,LA,C_LA,2004,LCA2004,13494,19715.82977,13.28381429,1.545659101,164239
St. Lucia,LCA,LA,C_LA,2005,LCA2005,13345,19491.21823,13.46487205,1.397741121,165450
St. Lucia,LCA,LA,C_LA,2006,LCA2006,14080,20551.05995,13.329599,1.023937969,166639
St. Lucia,LCA,LA,C_LA,2007,LCA2007,14228,20759.30439,13.30670654,1.046439065,167758
St. Lucia,LCA,LA,C_LA,2008,LCA2008,14839,21651.23378,13.16310908,1.201299693,168808
St. Lucia,LCA,LA,C_LA,2009,LCA2009,14325,20907.33436,13.35041016,0.964026569,169869
St. Lucia,LCA,LA,C_LA,2010,LCA2010,14267,20849.05512,13.54811697,1.447113726,170906
St. Lucia,LCA,LA,C_LA,2011,LCA2011,14780,21637.86869,13.28173316,1.483949614,171801
St. Lucia,LCA,LA,C_LA,2012,LCA2012,14680,21515.89963,13.32959903,1.215584522,172587
St. Lucia,LCA,LA,C_LA,2013,LCA2013,14315,21029.28889,13.33584235,1.038222814,173369
St. Lucia,LCA,LA,C_LA,2014,LCA2014,14437,21214.47733,13.31711232,1.014098411,174138
St. Lucia,LCA,LA,C_LA,2015,LCA2015,14384,21142.97333,13.45446643,0.810339737,174905
St. Lucia,LCA,LA,C_LA,2016,LCA2016,14811,21775.47377,13.48152103,1.240582978,175646
St. Lucia,LCA,LA,C_LA,2017,LCA2017,15247,22422.59704,13.32959907,1.225149354,176342
St. Lucia,LCA,LA,C_LA,2018,LCA2018,15623,22981.91793,13.16935248,1.079978478,177017
St. Lucia,LCA,LA,C_LA,2019,LCA2019,15461,22738.24711,13.32543677,0.827771216,177661
St. Lucia,LCA,LA,C_LA,2020,LCA2020,11651,17142.04406,13.36705929,1.051908275,178250
St. Lucia,LCA,LA,C_LA,2021,LCA2021,13046,19101.1653,13.29421995,0.880640097,178522
St. Lucia,LCA,LA,C_LA,2022,LCA2022,15100,22962.28181,13.1901636,1.085023114,178781
St. Vincent and the Grenadines,VCT,LA,C_LA,1990,VCT1990,6480,7467.378747,25.93333371,2.425300041,111812
St. Vincent and the Grenadines,VCT,LA,C_LA,1991,VCT1991,6537,7524.584778,25.84166702,2.388300018,112222
St. Vincent and the Grenadines,VCT,LA,C_LA,1992,VCT1992,6926,7984.079597,25.95000045,2.599,112509
St. Vincent and the Grenadines,VCT,LA,C_LA,1993,VCT1993,7195,8306.775271,26.04166714,2.451400024,112735
St. Vincent and the Grenadines,VCT,LA,C_LA,1994,VCT1994,7085,8189.843627,25.71666702,2.38360006,112918
St. Vincent and the Grenadines,VCT,LA,C_LA,1995,VCT1995,7620,8815.848718,26.13333368,2.561000023,113047
St. Vincent and the Grenadines,VCT,LA,C_LA,1996,VCT1996,7711,8923.705555,26.13333384,2.756300091,113119
St. Vincent and the Grenadines,VCT,LA,C_LA,1997,VCT1997,7982,9234.698884,26.28333378,2.159400032,113141
St. Vincent and the Grenadines,VCT,LA,C_LA,1998,VCT1998,8317,9609.103786,26.69166692,2.998400059,113180
St. Vincent and the Grenadines,VCT,LA,C_LA,1999,VCT1999,8555,9853.347366,26.19166692,2.496700039,113366
St. Vincent and the Grenadines,VCT,LA,C_LA,2000,VCT2000,8709,9999.058792,26.07500045,2.554500046,113545
St. Vincent and the Grenadines,VCT,LA,C_LA,2001,VCT2001,8874,10177.80946,26.4500006,2.087700016,113501
St. Vincent and the Grenadines,VCT,LA,C_LA,2002,VCT2002,9364,10736.08787,26.40000025,2.199500015,113347
St. Vincent and the Grenadines,VCT,LA,C_LA,2003,VCT2003,10021,11475.33124,26.50000032,2.38560004,113141
St. Vincent and the Grenadines,VCT,LA,C_LA,2004,VCT2004,10480,11979.90729,26.24166695,3.170699997,112835
St. Vincent and the Grenadines,VCT,LA,C_LA,2005,VCT2005,10795,12320.071,26.55833356,2.952200096,112450
St. Vincent and the Grenadines,VCT,LA,C_LA,2006,VCT2006,11614,13233.40689,26.26666705,2.456400017,112014
St. Vincent and the Grenadines,VCT,LA,C_LA,2007,VCT2007,12065,13732.36226,26.22500054,2.300000019,111531
St. Vincent and the Grenadines,VCT,LA,C_LA,2008,VCT2008,12170,13850.39368,25.98333375,2.567800026,111028
St. Vincent and the Grenadines,VCT,LA,C_LA,2009,VCT2009,12054,13723.78383,26.35000038,2.161100025,110508
St. Vincent and the Grenadines,VCT,LA,C_LA,2010,VCT2010,11571,13175.72302,26.72500022,3.044200041,109959
St. Vincent and the Grenadines,VCT,LA,C_LA,2011,VCT2011,11565,13168.89643,26.19166708,3.151300072,109349
St. Vincent and the Grenadines,VCT,LA,C_LA,2012,VCT2012,11767,13397.9633,26.27500025,2.504600067,108736
St. Vincent and the Grenadines,VCT,LA,C_LA,2013,VCT2013,12128,13804.1838,26.30833356,2.386100029,108135
St. Vincent and the Grenadines,VCT,LA,C_LA,2014,VCT2014,12329,14054.7557,26.23333343,2.225700027,107535
St. Vincent and the Grenadines,VCT,LA,C_LA,2015,VCT2015,12723,14523.5812,26.50833384,1.805300056,106960
St. Vincent and the Grenadines,VCT,LA,C_LA,2016,VCT2016,13316,15212.61976,26.60000054,2.643500072,106349
St. Vincent and the Grenadines,VCT,LA,C_LA,2017,VCT2017,13575,15533.22128,26.28333378,2.769400055,105663
St. Vincent and the Grenadines,VCT,LA,C_LA,2018,VCT2018,14042,16139.06611,25.95833397,2.424200012,104926
St. Vincent and the Grenadines,VCT,LA,C_LA,2019,VCT2019,14183,16365.32558,26.25833368,1.924900021,104167
St. Vincent and the Grenadines,VCT,LA,C_LA,2020,VCT2020,13691,15763.70544,26.3250006,2.374400063,103526
St. Vincent and the Grenadines,VCT,LA,C_LA,2021,VCT2021,13839,16200.89946,26.15833394,2.250800079,102841
St. Vincent and the Grenadines,VCT,LA,C_LA,2022,VCT2022,14573,16835.02351,25.97500038,2.601,102046
Sudan,SDN,MENA,_ME,1990,SDN1990,2757,2460.188721,27.70378304,0.15845951,22021481
Sudan,SDN,MENA,_ME,1991,SDN1991,2910,2591.869141,27.43727336,0.237059393,22470676
Sudan,SDN,MENA,_ME,1992,SDN1992,3053,2709.790039,26.68038137,0.236277898,22927355
Sudan,SDN,MENA,_ME,1993,SDN1993,3140,2777.274902,27.65217209,0.24024626,23445592
Sudan,SDN,MENA,_ME,1994,SDN1994,3096,2736.471924,27.17060433,0.296309837,24043948
Sudan,SDN,MENA,_ME,1995,SDN1995,3196,2824.63208,27.19059972,0.252090382,24672143
Sudan,SDN,MENA,_ME,1996,SDN1996,3304,2924.290771,27.70796529,0.217987738,25231528
Sudan,SDN,MENA,_ME,1997,SDN1997,3812,3380.186768,27.76542759,0.232870366,25799821
Sudan,SDN,MENA,_ME,1998,SDN1998,3887,3441.179199,27.89343991,0.285560863,26458999
Sudan,SDN,MENA,_ME,1999,SDN1999,3912,3459.22998,27.92751005,0.309582139,27130613
Sudan,SDN,MENA,_ME,2000,SDN2000,4041,3575.852051,27.66260094,0.242308748,27816745
Sudan,SDN,MENA,_ME,2001,SDN2001,4183,3701.548828,27.76085189,0.231746866,28516770
Sudan,SDN,MENA,_ME,2002,SDN2002,4316,3814.313232,27.96696257,0.223395924,29228727
Sudan,SDN,MENA,_ME,2003,SDN2003,4467,3946.922607,27.98418731,0.274020221,29896035
Sudan,SDN,MENA,_ME,2004,SDN2004,4571,4041.057129,28.13102535,0.201140045,30556637
Sudan,SDN,MENA,_ME,2005,SDN2005,4692,4152.322754,28.34202875,0.260139737,31262444
Sudan,SDN,MENA,_ME,2006,SDN2006,4848,4299.974121,27.99031485,0.265067291,31992435
Sudan,SDN,MENA,_ME,2007,SDN2007,4964,4415.785156,27.8604302,0.315049326,32764135
Sudan,SDN,MENA,_ME,2008,SDN2008,4994,4446.409668,28.16767153,0.235669741,33623980
Sudan,SDN,MENA,_ME,2009,SDN2009,4707,4188.054688,28.63088987,0.199409104,34569113
Sudan,SDN,MENA,_ME,2010,SDN2010,4745,4219.836914,29.17267331,0.261782178,35414399
Sudan,SDN,MENA,_ME,2011,SDN2011,5047,4467.625977,27.92514927,0.226432833,36140806
Sudan,SDN,MENA,_ME,2012,SDN2012,4711,4145.931641,28.14599798,0.276413454,36923178
Sudan,SDN,MENA,_ME,2013,SDN2013,4692,4130.48584,28.47141633,0.255791507,37785849
Sudan,SDN,MENA,_ME,2014,SDN2014,4777,4207.500488,28.21808123,0.296375698,38823318
Sudan,SDN,MENA,_ME,2015,SDN2015,4719,4159.194336,28.39040159,0.232241894,40024431
Sudan,SDN,MENA,_ME,2016,SDN2016,4733,4174.561035,28.6573384,0.281558087,41259892
Sudan,SDN,MENA,_ME,2017,SDN2017,4614,4061.018311,28.22457526,0.244242912,42714306
Sudan,SDN,MENA,_ME,2018,SDN2018,4349,3816.659912,28.23843711,0.314846457,44230596
Sudan,SDN,MENA,_ME,2019,SDN2019,4133,3625.523193,28.05763797,0.313079293,45548175
Sudan,SDN,MENA,_ME,2020,SDN2020,3875,3401.249756,27.45985965,0.289927277,46789231
Sudan,SDN,MENA,_ME,2021,SDN2021,3701,3248.975586,28.17787527,0.266872882,48066924
Sudan,SDN,MENA,_ME,2022,SDN2022,3571,3132.077148,27.54224141,0.318257575,49383346
Suriname,SUR,LA,SA_LA,1990,SUR1990,13634,17137.65097,26.45115871,2.919051591,412493
Suriname,SUR,LA,SA_LA,1991,SUR1991,13893,17493.49623,26.21107528,2.212985566,415013
Suriname,SUR,LA,SA_LA,1992,SUR1992,13831,17455.12565,25.96062755,1.973680728,417589
Suriname,SUR,LA,SA_LA,1993,SUR1993,12817,16217.16603,26.01300101,2.41138153,419352
Suriname,SUR,LA,SA_LA,1994,SUR1994,13123,16648.53453,26.16319243,2.408579931,422375
Suriname,SUR,LA,SA_LA,1995,SUR1995,12883,16368.31136,26.70221078,2.000277358,429606
Suriname,SUR,LA,SA_LA,1996,SUR1996,12738,16184.49993,26.39859154,2.691431386,438830
Suriname,SUR,LA,SA_LA,1997,SUR1997,13195,16754.35114,26.79668311,2.100764977,448067
Suriname,SUR,LA,SA_LA,1998,SUR1998,13240,16789.7549,27.07754644,2.026350116,457406
Suriname,SUR,LA,SA_LA,1999,SUR1999,12813,16217.5173,26.4317225,2.299896053,466916
Suriname,SUR,LA,SA_LA,2000,SUR2000,12848,16220.17906,26.50568784,2.66936243,476643
Suriname,SUR,LA,SA_LA,2001,SUR2001,13157,16556.94406,26.57378444,1.947829173,486560
Suriname,SUR,LA,SA_LA,2002,SUR2002,13300,16678.07187,26.41793531,2.262936171,496551
Suriname,SUR,LA,SA_LA,2003,SUR2003,13910,17383.50155,26.88954482,1.92795366,506414
Suriname,SUR,LA,SA_LA,2004,SUR2004,14892,18585.51709,26.49779125,2.214434861,513923
Suriname,SUR,LA,SA_LA,2005,SUR2005,15392,19220.28397,26.74170464,2.5695099,519313
Suriname,SUR,LA,SA_LA,2006,SUR2006,16103,20113.67075,26.64148472,2.328796959,524997
Suriname,SUR,LA,SA_LA,2007,SUR2007,16736,20902.13916,26.57797527,2.650617285,531016
Suriname,SUR,LA,SA_LA,2008,SUR2008,17234,21515.81196,26.41911118,2.499032021,537245
Suriname,SUR,LA,SA_LA,2009,SUR2009,17554,21906.41054,26.59933014,2.05398122,543568
Suriname,SUR,LA,SA_LA,2010,SUR2010,18255,22772.47545,26.88630681,2.287878765,549923
Suriname,SUR,LA,SA_LA,2011,SUR2011,19111,23829.53329,26.48219184,2.39003397,556269
Suriname,SUR,LA,SA_LA,2012,SUR2012,19415,24193.84124,26.31677619,2.264616672,562633
Suriname,SUR,LA,SA_LA,2013,SUR2013,19778,24624.02199,26.40029251,2.603391002,569020
Suriname,SUR,LA,SA_LA,2014,SUR2014,19629,24414.35548,26.52679678,2.114561282,575373
Suriname,SUR,LA,SA_LA,2015,SUR2015,18769,23327.52525,26.94275361,2.437036404,581627
Suriname,SUR,LA,SA_LA,2016,SUR2016,17662,21950.41221,26.89659065,2.212773752,587757
Suriname,SUR,LA,SA_LA,2017,SUR2017,17753,22070.51376,26.760119,2.334057015,593713
Suriname,SUR,LA,SA_LA,2018,SUR2018,18438,22938.53537,26.54432755,2.358592783,599513
Suriname,SUR,LA,SA_LA,2019,SUR2019,18449,22966.7406,26.81690413,1.943139909,605768
Suriname,SUR,LA,SA_LA,2020,SUR2020,15329,19091.36172,26.92420085,2.10000916,612317
Suriname,SUR,LA,SA_LA,2021,SUR2021,14811,18458.235,26.63718866,2.902915788,617896
Suriname,SUR,LA,SA_LA,2022,SUR2022,15048,18742.58738,26.55808703,2.7752496,623164
Sweden,SWE,E,NE_E,1990,SWE1990,34048.78113,40205.39407,3.903044938,0.666311079,8558835
Sweden,SWE,E,NE_E,1991,SWE1991,33416.956,39474.65492,2.919577753,0.594674474,8617375
Sweden,SWE,E,NE_E,1992,SWE1992,32844.0884,38789.12609,3.430573547,0.663976533,8668067
Sweden,SWE,E,NE_E,1993,SWE1993,31934.96676,37767.8827,2.418165116,0.661857191,8718561
Sweden,SWE,E,NE_E,1994,SWE1994,32974.22922,39006.30317,2.484961567,0.574818188,8780745
Sweden,SWE,E,NE_E,1995,SWE1995,34061.4029,40390.8306,2.621655634,0.62840034,8826939
Sweden,SWE,E,NE_E,1996,SWE1996,34520.99366,41014.09738,1.873970128,0.567675271,8840998
Sweden,SWE,E,NE_E,1997,SWE1997,35516.34576,42246.92816,3.151207611,0.585273752,8846062
Sweden,SWE,E,NE_E,1998,SWE1998,37003.74577,44016.17561,2.327186153,0.769232803,8850974
Sweden,SWE,E,NE_E,1999,SWE1999,38497.87696,45829.59993,3.089673247,0.685269315,8857874
Sweden,SWE,E,NE_E,2000,SWE2000,40292.47067,47875.08447,3.945452929,0.816670851,8872109
Sweden,SWE,E,NE_E,2001,SWE2001,40498.59051,48396.44801,2.6314895,0.71005333,8895960
Sweden,SWE,E,NE_E,2002,SWE2002,41252.73536,49337.93397,3.192943549,0.590313912,8924958
Sweden,SWE,E,NE_E,2003,SWE2003,41961.47656,50079.26441,3.105501085,0.574983808,8958229
Sweden,SWE,E,NE_E,2004,SWE2004,43617.21772,51967.55218,3.167425956,0.648916248,8993531
Sweden,SWE,E,NE_E,2005,SWE2005,44641.08338,53205.87867,3.477127379,0.62814796,9029572
Sweden,SWE,E,NE_E,2006,SWE2006,46352.1206,55381.39568,3.753979334,0.649199082,9080505
Sweden,SWE,E,NE_E,2007,SWE2007,47492.09203,56745.03826,3.619056312,0.679652155,9148092
Sweden,SWE,E,NE_E,2008,SWE2008,46879.64209,55784.93135,3.83794875,0.692809589,9219637
Sweden,SWE,E,NE_E,2009,SWE2009,44293.19986,52957.88474,3.122147544,0.658500311,9298515
Sweden,SWE,E,NE_E,2010,SWE2010,46657.64542,55527.93981,1.261157982,0.642378458,9378126
Sweden,SWE,E,NE_E,2011,SWE2011,47682.74476,56853.83716,3.932179508,0.678802654,9449213
Sweden,SWE,E,NE_E,2012,SWE2012,47015.2157,56200.90226,2.567265523,0.732686726,9519374
Sweden,SWE,E,NE_E,2013,SWE2013,47028.56081,56360.70842,3.352327296,0.582860378,9600379
Sweden,SWE,E,NE_E,2014,SWE2014,47631.71534,57085.38536,4.199997801,0.632039753,9696110
Sweden,SWE,E,NE_E,2015,SWE2015,49070.66287,58975.97789,3.973345318,0.686189615,9799186
Sweden,SWE,E,NE_E,2016,SWE2016,49379.55812,59608.08746,3.481654595,0.621404339,9923085
Sweden,SWE,E,NE_E,2017,SWE2017,49935.74903,59883.66776,3.181153503,0.674772043,10057698
Sweden,SWE,E,NE_E,2018,SWE2018,50321.4123,60318.46072,3.690913705,0.536499768,10175214
Sweden,SWE,E,NE_E,2019,SWE2019,50688.17534,61232.48485,3.484218314,0.678243013,10278887
Sweden,SWE,E,NE_E,2020,SWE2020,49037.2048,59572.47476,4.605427158,0.664626682,10353442
Sweden,SWE,E,NE_E,2021,SWE2021,51674.41061,62731.70062,3.052273434,0.604382409,10415811
Sweden,SWE,E,NE_E,2022,SWE2022,52752.82879,63215.4363,3.862120199,0.602467758,10486941
Switzerland,CHE,E,WE_E,1990,CHE1990,56231.39862,64010.75855,6.368504103,1.29673701,6715519
Switzerland,CHE,E,WE_E,1991,CHE1991,54894.96498,62636.77411,5.442292914,1.081071558,6799978
Switzerland,CHE,E,WE_E,1992,CHE1992,54065.48621,61922.89084,6.263879535,1.273331933,6875364
Switzerland,CHE,E,WE_E,1993,CHE1993,53676.41778,61284.20426,5.699412406,1.297535343,6938265
Switzerland,CHE,E,WE_E,1994,CHE1994,53559.99102,61569.59654,6.974223156,1.328774994,6993795
Switzerland,CHE,E,WE_E,1995,CHE1995,53422.22779,61453.6297,5.934291979,1.396255389,7040687
Switzerland,CHE,E,WE_E,1996,CHE1996,53540.69998,61471.16896,4.909485623,1.240081951,7071850
Switzerland,CHE,E,WE_E,1997,CHE1997,54726.16118,62709.98712,6.23034655,1.146260367,7088906
Switzerland,CHE,E,WE_E,1998,CHE1998,56327.51981,64418.38576,6.059868911,1.178881348,7110001
Switzerland,CHE,E,WE_E,1999,CHE1999,57086.72036,65177.8822,6.196364943,1.56168176,7143991
Switzerland,CHE,E,WE_E,2000,CHE2000,59426.66889,67378.39015,6.866308304,1.327147424,7184250
Switzerland,CHE,E,WE_E,2001,CHE2001,60031.72821,68008.34419,6.067535877,1.41650982,7229854
Switzerland,CHE,E,WE_E,2002,CHE2002,59284.90776,67446.40443,6.71036407,1.498420753,7284753
Switzerland,CHE,E,WE_E,2003,CHE2003,58510.32938,66926.16798,6.460939397,0.957049433,7339001
Switzerland,CHE,E,WE_E,2004,CHE2004,59848.03856,68263.44114,6.001314425,1.157401898,7389625
Switzerland,CHE,E,WE_E,2005,CHE2005,61071.94889,69692.59548,5.806551201,1.055106643,7437115
Switzerland,CHE,E,WE_E,2006,CHE2006,61923.47366,72077.85985,6.479914541,1.272511201,7483934
Switzerland,CHE,E,WE_E,2007,CHE2007,62506.15672,74234.3011,6.555684011,1.351078929,7551117
Switzerland,CHE,E,WE_E,2008,CHE2008,62166.33921,75355.20249,6.231872479,1.312889864,7647675
Switzerland,CHE,E,WE_E,2009,CHE2009,59862.69757,72709.81383,6.391514116,1.181076721,7743831
Switzerland,CHE,E,WE_E,2010,CHE2010,61012.73971,74290.26196,5.29784521,1.21484578,7824909
Switzerland,CHE,E,WE_E,2011,CHE2011,61575.06874,74800.88864,6.998782255,1.070618537,7912398
Switzerland,CHE,E,WE_E,2012,CHE2012,61680.98468,74883.61589,6.358775757,1.352225419,7996861
Switzerland,CHE,E,WE_E,2013,CHE2013,62082.56394,75354.15505,5.802705997,1.317660374,8089346
Switzerland,CHE,E,WE_E,2014,CHE2014,63192.66471,76189.60184,7.294021712,1.262560694,8188649
Switzerland,CHE,E,WE_E,2015,CHE2015,63381.10506,76566.07725,7.142577175,1.029125797,8282396
Switzerland,CHE,E,WE_E,2016,CHE2016,63734.59453,77301.21243,6.541960838,1.333777573,8373338
Switzerland,CHE,E,WE_E,2017,CHE2017,64135.45136,77626.90274,6.655436661,1.257122824,8451840
Switzerland,CHE,E,WE_E,2018,CHE2018,65677.43633,79261.35636,7.486871342,1.042805911,8514329
Switzerland,CHE,E,WE_E,2019,CHE2019,65790.78161,79596.70295,7.176495083,1.269783526,8575280
Switzerland,CHE,E,WE_E,2020,CHE2020,63652.40648,77324.88709,7.558303158,1.114879425,8638167
Switzerland,CHE,E,WE_E,2021,CHE2021,66576.92923,81001.41112,6.183293889,1.313311292,8704546
Switzerland,CHE,E,WE_E,2022,CHE2022,67737.05597,82777.29358,7.904896662,1.052013196,8777088
Syrian Arab Republic,SYR,MENA,WA_ME,1990,SYR1990,1433,5828.405516,18.10111192,0.206732087,12579208
Syrian Arab Republic,SYR,MENA,WA_ME,1991,SYR1991,970,6081.089071,18.01620585,0.34311808,12980821
Syrian Arab Republic,SYR,MENA,WA_ME,1992,SYR1992,710,6662.243142,16.56677016,0.358851588,13385571
Syrian Arab Republic,SYR,MENA,WA_ME,1993,SYR1993,636,6861.795047,17.61648095,0.29081099,13795686
Syrian Arab Republic,SYR,MENA,WA_ME,1994,SYR1994,863,7142.953801,18.68433459,0.392532266,14208583
Syrian Arab Republic,SYR,MENA,WA_ME,1995,SYR1995,1117,7431.35421,18.10922016,0.228324501,14616801
Syrian Arab Republic,SYR,MENA,WA_ME,1996,SYR1996,1347,7943.440605,18.62037248,0.367309891,15018104
Syrian Arab Republic,SYR,MENA,WA_ME,1997,SYR1997,1778,8126.365776,17.6044877,0.319628215,15417542
Syrian Arab Republic,SYR,MENA,WA_ME,1998,SYR1998,2170,8456.782875,19.03400818,0.266516657,15820413
Syrian Arab Republic,SYR,MENA,WA_ME,1999,SYR1999,2500,7951.390147,18.98205807,0.18781362,16228061
Syrian Arab Republic,SYR,MENA,WA_ME,2000,SYR2000,3100,7807.929955,18.34573637,0.295950604,16637888
Syrian Arab Republic,SYR,MENA,WA_ME,2001,SYR2001,3200,7698.396937,19.10966439,0.337377998,17051338
Syrian Arab Republic,SYR,MENA,WA_ME,2002,SYR2002,3500,7811.816019,18.45153279,0.318398905,17468332
Syrian Arab Republic,SYR,MENA,WA_ME,2003,SYR2003,3300,8177.545069,18.54695472,0.381313513,17889296
Syrian Arab Republic,SYR,MENA,WA_ME,2004,SYR2004,3400,8528.656046,18.41536921,0.301444286,18336875
Syrian Arab Republic,SYR,MENA,WA_ME,2005,SYR2005,3900,8828.945905,18.42735174,0.262180432,18814091
Syrian Arab Republic,SYR,MENA,WA_ME,2006,SYR2006,4100,8885.805396,18.35460152,0.291686583,19637022
Syrian Arab Republic,SYR,MENA,WA_ME,2007,SYR2007,4700,8829.309064,18.58410601,0.264370336,20884125
Syrian Arab Republic,SYR,MENA,WA_ME,2008,SYR2008,5000,8903.772253,18.74703506,0.188594734,21636564
Syrian Arab Republic,SYR,MENA,WA_ME,2009,SYR2009,4600,9284.101621,18.63649443,0.297735437,21976969
Syrian Arab Republic,SYR,MENA,WA_ME,2010,SYR2010,4800,9546.560488,20.22602964,0.228647394,22482421
Syrian Arab Republic,SYR,MENA,WA_ME,2011,SYR2011,5100,9648.824267,18.1073732,0.312402385,22878098
Syrian Arab Republic,SYR,MENA,WA_ME,2012,SYR2012,4550,7144.37245,18.97395259,0.366635225,22759763
Syrian Arab Republic,SYR,MENA,WA_ME,2013,SYR2013,4000,5530.974728,18.7227266,0.288587875,21666917
Syrian Arab Republic,SYR,MENA,WA_ME,2014,SYR2014,3450,5301.625353,19.25302466,0.268378535,20273659
Syrian Arab Republic,SYR,MENA,WA_ME,2015,SYR2015,2900,5302.074137,18.98828795,0.289033829,19424618
Syrian Arab Republic,SYR,MENA,WA_ME,2016,SYR2016,3076,5022.112718,19.14738328,0.305882539,19193834
Syrian Arab Republic,SYR,MENA,WA_ME,2017,SYR2017,3288,4977.792101,19.01484613,0.200168462,19224668
Syrian Arab Republic,SYR,MENA,WA_ME,2018,SYR2018,3363,4956.092965,19.88113279,0.377043249,19577845
Syrian Arab Republic,SYR,MENA,WA_ME,2019,SYR2019,3446,4825.406021,19.19486156,0.387030351,20353534
Syrian Arab Republic,SYR,MENA,WA_ME,2020,SYR2020,3257,4633.349518,19.32924408,0.336788573,21049429
Syrian Arab Republic,SYR,MENA,WA_ME,2021,SYR2021,3451,4592.838601,19.60254359,0.245199127,21628839
Syrian Arab Republic,SYR,MENA,WA_ME,2022,SYR2022,3553,4454.853733,19.09455227,0.284603365,22462173
Tajikistan,TJK,CEA,CA_CEA,1990,TJK1990,3991,4173.04608,3.670688767,0.641410155,5398768
Tajikistan,TJK,CEA,CA_CEA,1991,TJK1991,3615,3777.107506,3.172785046,0.80474261,5541205
Tajikistan,TJK,CEA,CA_CEA,1992,TJK1992,2521,2630.386581,3.077421718,0.671271004,5649400
Tajikistan,TJK,CEA,CA_CEA,1993,TJK1993,2085,2169.967474,2.494915365,0.844539265,5724993
Tajikistan,TJK,CEA,CA_CEA,1994,TJK1994,1617,1678.338517,3.100323697,0.637181424,5825368
Tajikistan,TJK,CEA,CA_CEA,1995,TJK1995,1389,1439.502776,3.830114473,0.523502077,5948584
Tajikistan,TJK,CEA,CA_CEA,1996,TJK1996,1134,1175.794072,2.842695614,0.626956883,6066523
Tajikistan,TJK,CEA,CA_CEA,1997,TJK1997,1138,1181.281101,3.835463262,0.595374846,6139829
Tajikistan,TJK,CEA,CA_CEA,1998,TJK1998,1191,1236.675529,3.574945336,0.923203934,6176397
Tajikistan,TJK,CEA,CA_CEA,1999,TJK1999,1228,1275.82249,4.169626439,0.779023004,6208370
Tajikistan,TJK,CEA,CA_CEA,2000,TJK2000,1313,1365.233274,4.113933173,0.581250038,6284735
Tajikistan,TJK,CEA,CA_CEA,2001,TJK2001,1408,1467.398825,4.305067704,0.575036128,6407377
Tajikistan,TJK,CEA,CA_CEA,2002,TJK2002,1528,1594.938905,4.101063532,0.765053401,6531669
Tajikistan,TJK,CEA,CA_CEA,2003,TJK2003,1663,1736.640397,3.54560589,0.855647906,6658575
Tajikistan,TJK,CEA,CA_CEA,2004,TJK2004,1800,1878.286962,4.573214862,0.756991067,6790547
Tajikistan,TJK,CEA,CA_CEA,2005,TJK2005,1885,1965.300205,4.076214233,0.689951884,6924720
Tajikistan,TJK,CEA,CA_CEA,2006,TJK2006,1980,2063.288508,4.226030111,0.669046313,7057566
Tajikistan,TJK,CEA,CA_CEA,2007,TJK2007,2096,2181.897981,4.202219794,0.622881421,7194477
Tajikistan,TJK,CEA,CA_CEA,2008,TJK2008,2219,2308.0943,3.77605627,0.575466595,7338403
Tajikistan,TJK,CEA,CA_CEA,2009,TJK2009,2261,2349.500303,4.023529793,0.762670887,7490230
Tajikistan,TJK,CEA,CA_CEA,2010,TJK2010,2360,2449.273587,4.515700796,0.72634634,7652141
Tajikistan,TJK,CEA,CA_CEA,2011,TJK2011,2482,2572.480749,3.750218207,0.672009955,7824785
Tajikistan,TJK,CEA,CA_CEA,2012,TJK2012,2610,2700.09546,3.391995869,0.685305918,8014084
Tajikistan,TJK,CEA,CA_CEA,2013,TJK2013,2741,2828.385421,4.498947803,0.678843272,8216724
Tajikistan,TJK,CEA,CA_CEA,2014,TJK2014,2858,2943.088679,3.407247217,0.647776742,8425552
Tajikistan,TJK,CEA,CA_CEA,2015,TJK2015,2960,3041.444796,4.423234507,0.769122883,8643840
Tajikistan,TJK,CEA,CA_CEA,2016,TJK2016,3091,3169.966782,4.839629057,0.760229438,8865631
Tajikistan,TJK,CEA,CA_CEA,2017,TJK2017,3236,3312.712022,4.115553906,0.655909814,9085946
Tajikistan,TJK,CEA,CA_CEA,2018,TJK2018,3405,3479.69236,4.30004065,0.578590183,9307333
Tajikistan,TJK,CEA,CA_CEA,2019,TJK2019,3575,3649.883755,4.580689184,0.732544029,9529966
Tajikistan,TJK,CEA,CA_CEA,2020,TJK2020,3652,3724.748959,3.783387132,0.690272602,9749310
Tajikistan,TJK,CEA,CA_CEA,2021,TJK2021,3910,3985.912476,4.826016629,0.527915737,9966908
Tajikistan,TJK,CEA,CA_CEA,2022,TJK2022,4137,4213.756184,5.177072109,0.749416594,10182222
Tanzania,TZA,SSA,EA_SSA,1990,TZA1990,1509.319654,1794.20459,22.72158551,0.957626757,26110207
Tanzania,TZA,SSA,EA_SSA,1991,TZA1991,1496.36782,1785.66394,22.65657066,1.008667199,26780436
Tanzania,TZA,SSA,EA_SSA,1992,TZA1992,1462.741327,1751.918457,22.73978175,0.915196163,27457588
Tanzania,TZA,SSA,EA_SSA,1993,TZA1993,1430.006171,1718.393066,22.5902644,0.836635692,28332692
Tanzania,TZA,SSA,EA_SSA,1994,TZA1994,1393.479311,1679.662354,22.76931841,0.968144173,29442356
Tanzania,TZA,SSA,EA_SSA,1995,TZA1995,1385.591083,1685.851074,22.93348248,0.917452502,30383497
Tanzania,TZA,SSA,EA_SSA,1996,TZA1996,1407.515266,1730.554565,22.67527607,0.936431686,30945762
Tanzania,TZA,SSA,EA_SSA,1997,TZA1997,1414.090549,1755.803711,22.83580015,1.094809534,31578089
Tanzania,TZA,SSA,EA_SSA,1998,TZA1998,1415.592346,1773.724243,23.04559913,0.986847789,32420458
Tanzania,TZA,SSA,EA_SSA,1999,TZA1999,1432.966229,1810.971558,22.7035724,0.948114445,33300330
Tanzania,TZA,SSA,EA_SSA,2000,TZA2000,1443.450393,1839.936646,22.76848269,0.868307004,34260139
Tanzania,TZA,SSA,EA_SSA,2001,TZA2001,1457.608474,1899.745361,22.8964785,0.905910271,35198299
Tanzania,TZA,SSA,EA_SSA,2002,TZA2002,1538.82044,1982.644287,23.02337046,1.096420423,36121304
Tanzania,TZA,SSA,EA_SSA,2003,TZA2003,1617.895808,2059.837402,23.24430942,0.765077446,37089555
Tanzania,TZA,SSA,EA_SSA,2004,TZA2004,1660.434196,2155.241455,22.81435491,0.984420144,38109668
Tanzania,TZA,SSA,EA_SSA,2005,TZA2005,1727.595363,2253.093262,23.08636082,0.76073083,39182076
Tanzania,TZA,SSA,EA_SSA,2006,TZA2006,1784.351312,2334.104492,22.78014641,1.138675322,40294902
Tanzania,TZA,SSA,EA_SSA,2007,TZA2007,1838.087361,2423.615967,22.7885737,0.918922517,41435512
Tanzania,TZA,SSA,EA_SSA,2008,TZA2008,1886.125169,2493.259277,22.6116494,0.91467242,42570728
Tanzania,TZA,SSA,EA_SSA,2009,TZA2009,1923.477803,2560.811035,22.95077508,0.917234634,43633982
Tanzania,TZA,SSA,EA_SSA,2010,TZA2010,1994.8772,2654.803467,23.16609285,0.863017171,44758488
Tanzania,TZA,SSA,EA_SSA,2011,TZA2011,2081.957567,2779.707764,22.77407629,0.98128436,46029367
Tanzania,TZA,SSA,EA_SSA,2012,TZA2012,2118.142681,2822.485352,22.76117647,0.792122897,47374260
Tanzania,TZA,SSA,EA_SSA,2013,TZA2013,2184.650131,2924.863281,22.9203516,0.949808288,48824128
Tanzania,TZA,SSA,EA_SSA,2014,TZA2014,2260.266774,3027.569092,22.86088143,0.92675088,50351512
Tanzania,TZA,SSA,EA_SSA,2015,TZA2015,2296.473665,3111.44458,23.00339567,0.956506403,52020962
Tanzania,TZA,SSA,EA_SSA,2016,TZA2016,2372.425526,3214.246826,23.15190068,1.079672255,53824013
Tanzania,TZA,SSA,EA_SSA,2017,TZA2017,2449.747281,3319.376709,23.19930429,0.9431231,55652890
Tanzania,TZA,SSA,EA_SSA,2018,TZA2018,2502.075653,3392.688721,22.80359417,1.036738604,57437145
Tanzania,TZA,SSA,EA_SSA,2019,TZA2019,2584.895205,3484.632568,23.12359351,1.149314122,59174891
Tanzania,TZA,SSA,EA_SSA,2020,TZA2020,2556.124175,3449.821533,23.0252647,1.236518995,60972798
Tanzania,TZA,SSA,EA_SSA,2021,TZA2021,2584.154261,3493.083008,22.98844597,0.959863168,62830412
Tanzania,TZA,SSA,EA_SSA,2022,TZA2022,2619.744583,3546.980957,22.88968209,0.994942362,64711821
Thailand,THA,SEA,SEA_SEA,1990,THA1990,8055.217849,8701.954361,27.10272147,1.52070224,54738329
Thailand,THA,SEA,SEA_SEA,1991,THA1991,8530.917268,9294.031063,27.13328967,1.418499527,55637434
Thailand,THA,SEA,SEA_SEA,1992,THA1992,9115.644887,9886.899829,26.80003453,1.367116228,56528834
Thailand,THA,SEA,SEA_SEA,1993,THA1993,9696.374413,10538.81639,26.76787673,1.316457104,57408198
Thailand,THA,SEA,SEA_SEA,1994,THA1994,10145.85464,11215.03666,26.85666452,1.640838179,58260854
Thailand,THA,SEA,SEA_SEA,1995,THA1995,10928.88105,11953.92038,26.72447014,1.660592629,59098232
Thailand,THA,SEA,SEA_SEA,1996,THA1996,10912.26662,12456.32909,26.33795099,1.745205656,59920064
Thailand,THA,SEA,SEA_SEA,1997,THA1997,10365.28043,11952.84912,26.86863876,1.377159061,60724584
Thailand,THA,SEA,SEA_SEA,1998,THA1998,9352.493614,10897.15338,27.50769965,1.507314763,61522630
Thailand,THA,SEA,SEA_SEA,1999,THA1999,9372.702946,11253.3875,26.27941067,1.756513605,62299043
Thailand,THA,SEA,SEA_SEA,2000,THA2000,9543.095095,11622.52503,26.51919539,1.746649578,63007815
Thailand,THA,SEA,SEA_SEA,2001,THA2001,9620.124181,11901.31821,26.68595659,1.582513256,63651141
Thailand,THA,SEA,SEA_SEA,2002,THA2002,9935.68788,12512.18313,26.82397603,1.640659026,64266437
Thailand,THA,SEA,SEA_SEA,2003,THA2003,10353.08581,13287.3049,26.76161235,1.527182646,64868166
Thailand,THA,SEA,SEA_SEA,2004,THA2004,10780.76606,13997.00139,26.66066955,1.430511623,65452047
Thailand,THA,SEA,SEA_SEA,2005,THA2005,10986.07141,14458.25518,26.85257272,1.57505201,66017420
Thailand,THA,SEA,SEA_SEA,2006,THA2006,11142.08972,15051.06067,26.76603283,1.702287659,66567687
Thailand,THA,SEA,SEA_SEA,2007,THA2007,11305.37602,15742.65529,26.65910953,1.648957021,67102394
Thailand,THA,SEA,SEA_SEA,2008,THA2008,11183.69831,15891.78234,26.28540968,1.703498018,67619830
Thailand,THA,SEA,SEA_SEA,2009,THA2009,10875.9592,15665.90312,26.68313709,1.626396835,68121080
Thailand,THA,SEA,SEA_SEA,2010,THA2010,11980.68856,16730.36979,27.30988729,1.632772139,68579447
Thailand,THA,SEA,SEA_SEA,2011,THA2011,12465.90619,16766.34771,26.26258455,1.978717554,69007208
Thailand,THA,SEA,SEA_SEA,2012,THA2012,13183.53752,17869.63766,27.14517251,1.527651732,69436098
Thailand,THA,SEA,SEA_SEA,2013,THA2013,13476.22601,18242.42567,26.77478171,1.712053881,69845114
Thailand,THA,SEA,SEA_SEA,2014,THA2014,13512.17376,18324.61447,26.88371976,1.457211187,70216367
Thailand,THA,SEA,SEA_SEA,2015,THA2015,13778.89994,18811.99751,27.29796407,1.407061172,70540795
Thailand,THA,SEA,SEA_SEA,2016,THA2016,14077.25948,19370.60878,27.41992058,1.587160336,70859841
Thailand,THA,SEA,SEA_SEA,2017,THA2017,14474.80518,20094.67788,26.89585272,1.970267902,71160187
Thailand,THA,SEA,SEA_SEA,2018,THA2018,14817.79752,20879.90278,26.88950832,1.563791109,71376079
Thailand,THA,SEA,SEA_SEA,2019,THA2019,14937.619,21277.83927,27.48589166,1.293518048,71522271
Thailand,THA,SEA,SEA_SEA,2020,THA2020,13856.77724,19957.25714,27.39287744,1.526683693,71641484
Thailand,THA,SEA,SEA_SEA,2021,THA2021,13940.36911,20242.77,26.85887627,1.612406953,71727332
Thailand,THA,SEA,SEA_SEA,2022,THA2022,14184.02715,20762.79526,26.73543297,2.051835314,71735329
Timor-Leste,TLS,SEA,SEA_SEA,1990,TLS1990,2528,2144.816877,24.65412037,1.176703206,760345
Timor-Leste,TLS,SEA,SEA_SEA,1991,TLS1991,2474,2319.902862,24.49718585,1.286047461,778278
Timor-Leste,TLS,SEA,SEA_SEA,1992,TLS1992,2603,2495.100894,24.80134135,1.41127136,799318
Timor-Leste,TLS,SEA,SEA_SEA,1993,TLS1993,2712,2675.677822,24.67912781,1.109583974,821437
Timor-Leste,TLS,SEA,SEA_SEA,1994,TLS1994,2825,2788.008522,24.11663528,1.500919435,844493
Timor-Leste,TLS,SEA,SEA_SEA,1995,TLS1995,3012,2893.247177,24.38190312,1.836430885,868146
Timor-Leste,TLS,SEA,SEA_SEA,1996,TLS1996,2644,3039.682937,24.42911288,1.602997985,892282
Timor-Leste,TLS,SEA,SEA_SEA,1997,TLS1997,2425,3075.440023,24.23606402,1.414337473,917184
Timor-Leste,TLS,SEA,SEA_SEA,1998,TLS1998,2366,2932.882352,24.9916167,1.392466252,942530
Timor-Leste,TLS,SEA,SEA_SEA,1999,TLS1999,2304,2137.670977,24.05550803,1.31405188,834697
Timor-Leste,TLS,SEA,SEA_SEA,2000,TLS2000,2320,3785.592311,24.13607339,1.377620052,745088
Timor-Leste,TLS,SEA,SEA_SEA,2001,TLS2001,2655,4040.394456,24.39580369,1.158797017,812249
Timor-Leste,TLS,SEA,SEA_SEA,2002,TLS2002,2431,3482.652722,24.64441046,1.251238531,879159
Timor-Leste,TLS,SEA,SEA_SEA,2003,TLS2003,2335,3266.507432,24.77914277,1.424472784,916878
Timor-Leste,TLS,SEA,SEA_SEA,2004,TLS2004,2296,3236.522469,24.43330004,1.380656405,929074
Timor-Leste,TLS,SEA,SEA_SEA,2005,TLS2005,2308,3265.504942,24.69302853,1.121678093,948311
Timor-Leste,TLS,SEA,SEA_SEA,2006,TLS2006,2157,3040.405231,23.91936199,1.305681966,976597
Timor-Leste,TLS,SEA,SEA_SEA,2007,TLS2007,2320,3258.126757,24.15409791,1.245695969,1004889
Timor-Leste,TLS,SEA,SEA_SEA,2008,TLS2008,2526,3532.570279,24.21521771,1.335392896,1032429
Timor-Leste,TLS,SEA,SEA_SEA,2009,TLS2009,2723,3794.171431,24.38883565,1.235048057,1058782
Timor-Leste,TLS,SEA,SEA_SEA,2010,TLS2010,2915,4049.185008,24.48189552,1.462535582,1084679
Timor-Leste,TLS,SEA,SEA_SEA,2011,TLS2011,3020,4191.802915,24.05270462,1.65917841,1110207
Timor-Leste,TLS,SEA,SEA_SEA,2012,TLS2012,3099,4299.969644,24.28883761,1.409002944,1134885
Timor-Leste,TLS,SEA,SEA_SEA,2013,TLS2013,3129,4342.353469,24.70137301,1.642835368,1158695
Timor-Leste,TLS,SEA,SEA_SEA,2014,TLS2014,3205,4447.484581,24.57217834,1.388780465,1181903
Timor-Leste,TLS,SEA,SEA_SEA,2015,TLS2015,3237,4469.936113,24.58051731,1.302969208,1205131
Timor-Leste,TLS,SEA,SEA_SEA,2016,TLS2016,3295,4517.581269,25.08194416,1.256604022,1228312
Timor-Leste,TLS,SEA,SEA_SEA,2017,TLS2017,3143,4292.078142,24.67914465,1.424905332,1251703
Timor-Leste,TLS,SEA,SEA_SEA,2018,TLS2018,3076,4210.490503,24.63054715,0.978381253,1275959
Timor-Leste,TLS,SEA,SEA_SEA,2019,TLS2019,3740,5096.451711,24.69303217,0.840474207,1300945
Timor-Leste,TLS,SEA,SEA_SEA,2020,TLS2020,4862,6598.034599,24.87499671,0.914293824,1326053
Timor-Leste,TLS,SEA,SEA_SEA,2021,TLS2021,5039,6824.792339,24.78610892,0.829375534,1350139
Timor-Leste,TLS,SEA,SEA_SEA,2022,TLS2022,3943,5347.00759,24.74165403,1.095670241,1369295
Togo,TGO,SSA,WA_SSA,1990,TGO1990,1800,2171.196057,27.00914648,1.055233017,3998761
Togo,TGO,SSA,WA_SSA,1991,TGO1991,1737,2094.811466,26.7731373,1.400317452,4115560
Togo,TGO,SSA,WA_SSA,1992,TGO1992,1620,1955.333805,26.6121465,1.020031296,4233617
Togo,TGO,SSA,WA_SSA,1993,TGO1993,1385,1670.483674,26.79815443,1.104140459,4207453
Togo,TGO,SSA,WA_SSA,1994,TGO1994,1587,1913.718351,26.71769683,1.187299217,4222940
Togo,TGO,SSA,WA_SSA,1995,TGO1995,1637,1975.949233,26.93993183,1.337982533,4410832
Togo,TGO,SSA,WA_SSA,1996,TGO1996,1715,2072.08329,26.96289471,1.181856004,4577860
Togo,TGO,SSA,WA_SSA,1997,TGO1997,1899,2296.176564,26.9346593,1.186092547,4725030
Togo,TGO,SSA,WA_SSA,1998,TGO1998,1802,2180.655768,27.48710209,1.177887266,4860913
Togo,TGO,SSA,WA_SSA,1999,TGO1999,1794,2172.491735,26.92728214,1.424774279,5000269
Togo,TGO,SSA,WA_SSA,2000,TGO2000,1730,2096.859098,27.11028363,1.149469387,5140037
Togo,TGO,SSA,WA_SSA,2001,TGO2001,1697,2059.10488,27.2786872,0.952948034,5277382
Togo,TGO,SSA,WA_SSA,2002,TGO2002,1717,2084.230352,27.34861058,1.211526732,5413274
Togo,TGO,SSA,WA_SSA,2003,TGO2003,1785,2168.651264,27.39817186,1.393052091,5552167
Togo,TGO,SSA,WA_SSA,2004,TGO2004,1722,2093.014824,27.22580334,1.25639382,5696508
Togo,TGO,SSA,WA_SSA,2005,TGO2005,1599,1944.779511,27.5494467,1.159498985,5844631
Togo,TGO,SSA,WA_SSA,2006,TGO2006,1596,1941.17299,27.44030384,1.154711401,6010668
Togo,TGO,SSA,WA_SSA,2007,TGO2007,1532,1863.283022,27.37962629,1.367421029,6188344
Togo,TGO,SSA,WA_SSA,2008,TGO2008,1549,1883.549379,27.11869541,1.41045169,6368812
Togo,TGO,SSA,WA_SSA,2009,TGO2009,1589,1930.780179,27.48401165,1.334693006,6551865
Togo,TGO,SSA,WA_SSA,2010,TGO2010,1638,1988.952105,27.73190379,1.421142829,6732590
Togo,TGO,SSA,WA_SSA,2011,TGO2011,1688,2048.815489,27.46093029,1.20673855,6916474
Togo,TGO,SSA,WA_SSA,2012,TGO2012,1748,2121.429032,27.17304899,1.222916579,7100736
Togo,TGO,SSA,WA_SSA,2013,TGO2013,1803,2188.070108,27.31387189,1.108075529,7285442
Togo,TGO,SSA,WA_SSA,2014,TGO2014,1857,2253.485262,27.46608574,1.348537982,7472450
Togo,TGO,SSA,WA_SSA,2015,TGO2015,1910,2317.547811,27.55460136,1.111231722,7663195
Togo,TGO,SSA,WA_SSA,2016,TGO2016,1942,2355.268266,27.80377242,1.164855963,7858289
Togo,TGO,SSA,WA_SSA,2017,TGO2017,1970,2389.212448,27.65469215,1.153624291,8057140
Togo,TGO,SSA,WA_SSA,2018,TGO2018,2015,2442.646939,27.55591112,1.315501718,8258778
Togo,TGO,SSA,WA_SSA,2019,TGO2019,2064,2501.030875,27.50139199,1.502643869,8463068
Togo,TGO,SSA,WA_SSA,2020,TGO2020,2059,2490.052938,27.69492461,1.199112121,8669720
Togo,TGO,SSA,WA_SSA,2021,TGO2021,2131,2577.201963,27.88134679,1.209307719,8878379
Togo,TGO,SSA,WA_SSA,2022,TGO2022,2203,2662.259171,27.32729071,1.239836468,9089738
Tonga,TON,O,P_O,1990,TON1990,3625,4487.819219,11.17317406,0.740663557,99700
Tonga,TON,O,P_O,1991,TON1991,3847,4766.388313,11.0771397,0.720252119,99895
Tonga,TON,O,P_O,1992,TON1992,3847,4772.331112,11.07257094,0.632549731,100022
Tonga,TON,O,P_O,1993,TON1993,3982,4946.717662,10.98099193,0.690964171,100103
Tonga,TON,O,P_O,1994,TON1994,4169,5188.439552,11.06791827,0.719126978,100166
Tonga,TON,O,P_O,1995,TON1995,4465,5508.339346,11.19183311,0.595121596,100225
Tonga,TON,O,P_O,1996,TON1996,4536,5510.708426,11.23623495,0.843185934,100275
Tonga,TON,O,P_O,1997,TON1997,4570,5455.905176,11.1476042,0.779644117,100674
Tonga,TON,O,P_O,1998,TON1998,4651,5541.683258,11.27314834,0.53841248,101388
Tonga,TON,O,P_O,1999,TON1999,4793,5632.722524,11.1686383,1.018135897,102046
Tonga,TON,O,P_O,2000,TON2000,4806,5808.265091,11.25564845,1.108870566,102677
Tonga,TON,O,P_O,2001,TON2001,4957,5860.080778,11.35474788,0.81995411,103288
Tonga,TON,O,P_O,2002,TON2002,5168,6085.113232,11.24228676,0.805858055,103874
Tonga,TON,O,P_O,2003,TON2003,5256,6053.879866,11.2372871,0.779836056,104464
Tonga,TON,O,P_O,2004,TON2004,5099,5900.457413,11.21683347,0.788992929,105071
Tonga,TON,O,P_O,2005,TON2005,5074,5828.370544,11.28280718,0.782301357,105671
Tonga,TON,O,P_O,2006,TON2006,5040,5670.914184,11.18647205,0.786866213,106253
Tonga,TON,O,P_O,2007,TON2007,5033,5506.651778,11.31079879,0.789957116,106726
Tonga,TON,O,P_O,2008,TON2008,5257,5758.568287,11.19945808,0.792102049,107020
Tonga,TON,O,P_O,2009,TON2009,4974,5453.875145,11.17072498,0.788494162,107203
Tonga,TON,O,P_O,2010,TON2010,5003,5488.750403,11.22727347,0.79107908,107400
Tonga,TON,O,P_O,2011,TON2011,5332,5847.443894,11.20801179,0.80180375,107570
Tonga,TON,O,P_O,2012,TON2012,5382,5907.267116,11.14651551,0.787801184,107460
Tonga,TON,O,P_O,2013,TON2013,5419,5951.694321,11.22995725,0.764144256,107078
Tonga,TON,O,P_O,2014,TON2014,5553,6096.869234,11.18249475,0.789396134,106609
Tonga,TON,O,P_O,2015,TON2015,5645,6194.639316,11.1391451,0.78348932,106095
Tonga,TON,O,P_O,2016,TON2016,6039,6639.136532,11.33703863,0.794609975,105524
Tonga,TON,O,P_O,2017,TON2017,6257,6862.668659,11.31014227,0.787856183,105356
Tonga,TON,O,P_O,2018,TON2018,6288,6896.041763,11.212389,0.789957116,105567
Tonga,TON,O,P_O,2019,TON2019,6344,6875.025384,11.29666915,0.790529099,105669
Tonga,TON,O,P_O,2020,TON2020,6357,6995.317295,11.33983487,0.795401947,105704
Tonga,TON,O,P_O,2021,TON2021,6143,7034.92497,11.25939102,0.788428166,105490
Tonga,TON,O,P_O,2022,TON2022,6369,6901.738373,11.24463881,0.793751998,105042
Trinidad and Tobago,TTO,LA,C_LA,1990,TTO1990,9861,11884.75737,26.29592245,2.228530285,1252208
Trinidad and Tobago,TTO,LA,C_LA,1991,TTO1991,10091,12157.92682,26.26678514,1.984704275,1262171
Trinidad and Tobago,TTO,LA,C_LA,1992,TTO1992,11029,13284.99991,26.35838627,2.023149979,1271674
Trinidad and Tobago,TTO,LA,C_LA,1993,TTO1993,10884,13105.50024,26.62102089,2.228462358,1280466
Trinidad and Tobago,TTO,LA,C_LA,1994,TTO1994,11208,13490.03199,26.17937367,2.092030929,1288341
Trinidad and Tobago,TTO,LA,C_LA,1995,TTO1995,11577,13930.16287,26.57513174,1.926990501,1295169
Trinidad and Tobago,TTO,LA,C_LA,1996,TTO1996,12350,14857.94101,26.37498703,2.165564005,1300928
Trinidad and Tobago,TTO,LA,C_LA,1997,TTO1997,13232,15915.63752,26.49161459,1.98129531,1305836
Trinidad and Tobago,TTO,LA,C_LA,1998,TTO1998,14259,17151.06782,27.06671288,2.467740159,1310225
Trinidad and Tobago,TTO,LA,C_LA,1999,TTO1999,15351,18464.23344,26.61259554,2.466979674,1314708
Trinidad and Tobago,TTO,LA,C_LA,2000,TTO2000,16348,19662.74958,26.45004624,2.3198811,1319774
Trinidad and Tobago,TTO,LA,C_LA,2001,TTO2001,16948,20392.88374,26.93339928,1.580790746,1325567
Trinidad and Tobago,TTO,LA,C_LA,2002,TTO2002,18193,21904.92097,26.76670636,2.050357604,1332011
Trinidad and Tobago,TTO,LA,C_LA,2003,TTO2003,20703,24942.78386,27.01263511,1.815444187,1338709
Trinidad and Tobago,TTO,LA,C_LA,2004,TTO2004,22224,26792.23804,26.71262171,2.34685655,1345380
Trinidad and Tobago,TTO,LA,C_LA,2005,TTO2005,23467,29574.33475,27.09179839,2.369504545,1294494
Trinidad and Tobago,TTO,LA,C_LA,2006,TTO2006,26416,33391.53729,26.82519731,2.169698603,1297944
Trinidad and Tobago,TTO,LA,C_LA,2007,TTO2007,27513,34838.2861,26.72514489,1.963987118,1303188
Trinidad and Tobago,TTO,LA,C_LA,2008,TTO2008,28284,35871.29736,26.52929503,2.023264627,1308587
Trinidad and Tobago,TTO,LA,C_LA,2009,TTO2009,26880,34256.16275,26.92098794,1.760469204,1310106
Trinidad and Tobago,TTO,LA,C_LA,2010,TTO2010,27594,35190.21666,27.27096159,2.448612591,1317714
Trinidad and Tobago,TTO,LA,C_LA,2011,TTO2011,27324,34814.37173,26.79189692,2.451508337,1328019
Trinidad and Tobago,TTO,LA,C_LA,2012,TTO2012,29146,36950.80796,26.78344538,1.888923921,1335194
Trinidad and Tobago,TTO,LA,C_LA,2013,TTO2013,29959,38033.89842,26.93353707,2.065572115,1340557
Trinidad and Tobago,TTO,LA,C_LA,2014,TTO2014,30900,39299.08591,26.8710273,1.898226589,1345343
Trinidad and Tobago,TTO,LA,C_LA,2015,TTO2015,30460,38951.92457,27.07934758,1.493318834,1349667
Trinidad and Tobago,TTO,LA,C_LA,2016,TTO2016,27992,35955.50195,27.15008584,2.137644011,1353895
Trinidad and Tobago,TTO,LA,C_LA,2017,TTO2017,26481,34153.88426,26.75843216,2.226839593,1356633
Trinidad and Tobago,TTO,LA,C_LA,2018,TTO2018,25865,33753.5953,26.38344537,1.943014852,1359193
Trinidad and Tobago,TTO,LA,C_LA,2019,TTO2019,25698,33793.70547,26.69593544,1.600237127,1363985
Trinidad and Tobago,TTO,LA,C_LA,2020,TTO2020,23393,30723.40355,26.7917721,1.936898926,1366725
Trinidad and Tobago,TTO,LA,C_LA,2021,TTO2021,23036,30424.66489,26.53760214,2.402229961,1367558
Trinidad and Tobago,TTO,LA,C_LA,2022,TTO2022,23296,30793.39983,26.42510547,2.587918618,1365805
Tunisia,TUN,MENA,_ME,1990,TUN1990,5660,6742.576859,20.2248852,0.384049533,8324509
Tunisia,TUN,MENA,_ME,1991,TUN1991,5757,6859.726738,19.32068563,0.273843528,8501827
Tunisia,TUN,MENA,_ME,1992,TUN1992,6079,7241.283106,19.49851409,0.321173601,8682512
Tunisia,TUN,MENA,_ME,1993,TUN1993,6092,7253.32818,19.78818945,0.204616376,8857910
Tunisia,TUN,MENA,_ME,1994,TUN1994,6171,7350.647932,20.79992961,0.25700522,9018448
Tunisia,TUN,MENA,_ME,1995,TUN1995,6214,7406.230875,20.16754726,0.325607765,9161258
Tunisia,TUN,MENA,_ME,1996,TUN1996,6561,7821.783601,19.83156035,0.316402538,9294432
Tunisia,TUN,MENA,_ME,1997,TUN1997,6826,8136.328675,20.59699097,0.32698805,9421270
Tunisia,TUN,MENA,_ME,1998,TUN1998,7065,8417.975687,20.07629324,0.243713303,9541667
Tunisia,TUN,MENA,_ME,1999,TUN1999,7407,8821.978224,20.7673588,0.287369562,9655963
Tunisia,TUN,MENA,_ME,2000,TUN2000,7674,9134.405031,20.51046034,0.198365163,9764935
Tunisia,TUN,MENA,_ME,2001,TUN2001,7884,9380.552874,20.78231314,0.228618245,9869677
Tunisia,TUN,MENA,_ME,2002,TUN2002,7909,9407.546435,20.52927368,0.240146675,9971515
Tunisia,TUN,MENA,_ME,2003,TUN2003,8201,9752.013713,20.79780336,0.410092512,10071632
Tunisia,TUN,MENA,_ME,2004,TUN2004,8629,10263.79427,20.25382432,0.274111568,10166163
Tunisia,TUN,MENA,_ME,2005,TUN2005,8847,10529.14833,19.9990306,0.267955777,10255472
Tunisia,TUN,MENA,_ME,2006,TUN2006,9226,10983.91013,20.68855616,0.321840635,10346410
Tunisia,TUN,MENA,_ME,2007,TUN2007,9755,11613.912,20.5872149,0.307649065,10441702
Tunisia,TUN,MENA,_ME,2008,TUN2008,10074,11990.18307,20.59535389,0.193608651,10542635
Tunisia,TUN,MENA,_ME,2009,TUN2009,10280,12229.76182,20.51945257,0.327758214,10650681
Tunisia,TUN,MENA,_ME,2010,TUN2010,10478,12458.25735,20.65859888,0.270509562,10765980
Tunisia,TUN,MENA,_ME,2011,TUN2011,10136,12068.70037,20.41816583,0.32212406,10886035
Tunisia,TUN,MENA,_ME,2012,TUN2012,10429,12436.38215,20.85528401,0.219050613,11009647
Tunisia,TUN,MENA,_ME,2013,TUN2013,10563,12587.98124,20.50050807,0.284038146,11141361
Tunisia,TUN,MENA,_ME,2014,TUN2014,10767,12823.98881,21.03683497,0.237012622,11274288
Tunisia,TUN,MENA,_ME,2015,TUN2015,10750,12802.76104,20.78111471,0.28495575,11402264
Tunisia,TUN,MENA,_ME,2016,TUN2016,10751,12803.87361,21.06666629,0.25598125,11528674
Tunisia,TUN,MENA,_ME,2017,TUN2017,10875,12953.52321,20.69411853,0.266708209,11650498
Tunisia,TUN,MENA,_ME,2018,TUN2018,11047,13163.59059,20.73916145,0.290838855,11765514
Tunisia,TUN,MENA,_ME,2019,TUN2019,11114,13249.22409,20.70076211,0.319692572,11875081
Tunisia,TUN,MENA,_ME,2020,TUN2020,10040,11955.56592,20.89968727,0.254269833,11974057
Tunisia,TUN,MENA,_ME,2021,TUN2021,10396,12444.3264,21.2483472,0.146690457,12048622
Tunisia,TUN,MENA,_ME,2022,TUN2022,10569,12702.45358,21.42730071,0.137897583,12119334
Turkiye,TUR,MENA,WA_ME,1990,TUR1990,12005.04869,12010.24848,11.02696615,0.482105237,56015628
Turkiye,TUR,MENA,WA_ME,1991,TUR1991,11875.2635,11885.78697,10.73055346,0.616248482,57009887
Turkiye,TUR,MENA,WA_ME,1992,TUR1992,12257.71357,12273.28431,9.677114394,0.560730469,57990118
Turkiye,TUR,MENA,WA_ME,1993,TUR1993,12968.34558,12986.37817,10.4230587,0.523489659,58999167
Turkiye,TUR,MENA,WA_ME,1994,TUR1994,12149.81136,12166.78585,11.6480078,0.608953636,60033836
Turkiye,TUR,MENA,WA_ME,1995,TUR1995,12888.91372,12912.24233,11.15447595,0.586410308,61024503
Turkiye,TUR,MENA,WA_ME,1996,TUR1996,13617.4923,13657.73562,11.34452787,0.635616609,61951134
Turkiye,TUR,MENA,WA_ME,1997,TUR1997,14418.59365,14481.85829,10.54478715,0.623761732,62852966
Turkiye,TUR,MENA,WA_ME,1998,TUR1998,14540.68421,14624.93156,11.79586451,0.655212119,63734383
Turkiye,TUR,MENA,WA_ME,1999,TUR1999,13860.13885,13959.86675,12.05153706,0.517664747,64591923
Turkiye,TUR,MENA,WA_ME,2000,TUR2000,14610.71427,14737.44174,11.31198547,0.55774266,65425961
Turkiye,TUR,MENA,WA_ME,2001,TUR2001,13521.38942,13718.27791,12.23355514,0.607127472,66245128
Turkiye,TUR,MENA,WA_ME,2002,TUR2002,14146.21576,14427.76086,11.31963213,0.610306496,67048795
Turkiye,TUR,MENA,WA_ME,2003,TUR2003,14717.40604,15083.13528,11.29648808,0.636845378,67831730
Turkiye,TUR,MENA,WA_ME,2004,TUR2004,15890.6157,16376.96474,11.34084889,0.555102066,68592617
Turkiye,TUR,MENA,WA_ME,2005,TUR2005,17027.48318,17659.89832,11.43127313,0.590583749,69329557
Turkiye,TUR,MENA,WA_ME,2006,TUR2006,17910.34502,18693.90104,11.32111904,0.582054692,70045349
Turkiye,TUR,MENA,WA_ME,2007,TUR2007,18622.01111,19605.1679,11.80911439,0.549922923,70158112
Turkiye,TUR,MENA,WA_ME,2008,TUR2008,18521.0755,19516.38518,11.69715189,0.451275431,71051678
Turkiye,TUR,MENA,WA_ME,2009,TUR2009,17420.2817,18320.44892,11.75728769,0.718253697,72039206
Turkiye,TUR,MENA,WA_ME,2010,TUR2010,18623.98273,19564.7889,13.05173638,0.64823857,73142150
Turkiye,TUR,MENA,WA_ME,2011,TUR2011,20389.80822,21439.06906,10.99101742,0.6246356,74223629
Turkiye,TUR,MENA,WA_ME,2012,TUR2012,21093.66062,22181.12078,11.96664565,0.709701651,75175827
Turkiye,TUR,MENA,WA_ME,2013,TUR2013,22428.54406,23756.27304,11.80086968,0.526318216,76147624
Turkiye,TUR,MENA,WA_ME,2014,TUR2014,23280.20454,24595.69906,12.3717962,0.630201188,77181884
Turkiye,TUR,MENA,WA_ME,2015,TUR2015,24434.9262,25746.43245,11.73194439,0.648741388,78218479
Turkiye,TUR,MENA,WA_ME,2016,TUR2016,24968.93061,26246.49471,12.09835837,0.644728076,79277962
Turkiye,TUR,MENA,WA_ME,2017,TUR2017,26388.35433,27851.982,11.84409146,0.532812019,80312698
Turkiye,TUR,MENA,WA_ME,2018,TUR2018,26731.47741,28305.46125,12.96791209,0.695818523,81407204
Turkiye,TUR,MENA,WA_ME,2019,TUR2019,26630.48008,28132.05357,12.40734733,0.599015984,82579440
Turkiye,TUR,MENA,WA_ME,2020,TUR2020,27061.99489,28378.55208,12.58161015,0.549433571,83384680
Turkiye,TUR,MENA,WA_ME,2021,TUR2021,29893.35395,31338.26652,12.48371255,0.554439096,84147318
Turkiye,TUR,MENA,WA_ME,2022,TUR2022,31245.79786,32748.3189,12.17421844,0.531384503,84979913
Turkmenistan,TKM,CEA,CA_CEA,1990,TKM1990,7138,7925.498035,16.23392094,0.142082989,3760562
Turkmenistan,TKM,CEA,CA_CEA,1991,TKM1991,6628,7373.584192,15.94288116,0.167003136,3855894
Turkmenistan,TKM,CEA,CA_CEA,1992,TKM1992,5486,6128.915561,15.3910102,0.195823406,3944689
Turkmenistan,TKM,CEA,CA_CEA,1993,TKM1993,5423,6085.52555,15.09482186,0.171282722,4032407
Turkmenistan,TKM,CEA,CA_CEA,1994,TKM1994,4375,4929.733951,15.6307652,0.148652873,4116662
Turkmenistan,TKM,CEA,CA_CEA,1995,TKM1995,3970,4493.427933,16.84764074,0.10878198,4191203
Turkmenistan,TKM,CEA,CA_CEA,1996,TKM1996,4162,4712.833578,15.69661673,0.106454192,4263819
Turkmenistan,TKM,CEA,CA_CEA,1997,TKM1997,3635,4105.369023,16.54380029,0.13703494,4336730
Turkmenistan,TKM,CEA,CA_CEA,1998,TKM1998,3834,4323.301682,16.34944299,0.159146843,4410507
Turkmenistan,TKM,CEA,CA_CEA,1999,TKM1999,4397,4945.08542,17.01594236,0.124623443,4492170
Turkmenistan,TKM,CEA,CA_CEA,2000,TKM2000,4568,5112.529481,16.78262051,0.112012868,4582677
Turkmenistan,TKM,CEA,CA_CEA,2001,TKM2001,4699,5228.803293,16.87368297,0.123519392,4675409
Turkmenistan,TKM,CEA,CA_CEA,2002,TKM2002,4647,5138.871178,16.75142895,0.173703783,4769465
Turkmenistan,TKM,CEA,CA_CEA,2003,TKM2003,4738,5203.854381,15.96335198,0.191620207,4863865
Turkmenistan,TKM,CEA,CA_CEA,2004,TKM2004,4913,5360.224299,17.03410024,0.171887569,4958093
Turkmenistan,TKM,CEA,CA_CEA,2005,TKM2005,5478,5945.952398,16.71037024,0.158138025,5052257
Turkmenistan,TKM,CEA,CA_CEA,2006,TKM2006,5995,6476.828057,16.71034807,0.143928431,5147105
Turkmenistan,TKM,CEA,CA_CEA,2007,TKM2007,6565,7060.14845,16.6255771,0.156180901,5244046
Turkmenistan,TKM,CEA,CA_CEA,2008,TKM2008,7418,7944.995901,16.19167886,0.089994954,5345029
Turkmenistan,TKM,CEA,CA_CEA,2009,TKM2009,7748,8264.865343,16.63510184,0.1769124,5451592
Turkmenistan,TKM,CEA,CA_CEA,2010,TKM2010,8321,8842.332836,17.40526663,0.12424864,5564356
Turkmenistan,TKM,CEA,CA_CEA,2011,TKM2011,9379,9929.689346,16.07507484,0.150500975,5683417
Turkmenistan,TKM,CEA,CA_CEA,2012,TKM2012,10233,10794.23352,16.27531863,0.155528932,5808546
Turkmenistan,TKM,CEA,CA_CEA,2013,TKM2013,11072,11633.2906,17.23355982,0.137494339,5939341
Turkmenistan,TKM,CEA,CA_CEA,2014,TKM2014,11990,12544.39835,16.06802967,0.13486351,6075283
Turkmenistan,TKM,CEA,CA_CEA,2015,TKM2015,12540,13057.83033,16.97625574,0.175583907,6215770
Turkmenistan,TKM,CEA,CA_CEA,2016,TKM2016,13086,13552.84771,17.21603056,0.167089452,6360041
Turkmenistan,TKM,CEA,CA_CEA,2017,TKM2017,13704,14107.66712,16.75202478,0.142864085,6507061
Turkmenistan,TKM,CEA,CA_CEA,2018,TKM2018,14321,14648.13535,16.96450531,0.132900794,6655524
Turkmenistan,TKM,CEA,CA_CEA,2019,TKM2019,14993,15231.30562,17.22507205,0.189713904,6803944
Turkmenistan,TKM,CEA,CA_CEA,2020,TKM2020,14270,15791.17759,16.33052161,0.16458684,6949912
Turkmenistan,TKM,CEA,CA_CEA,2021,TKM2021,14697,16434.13991,17.53767513,0.08732283,7092043
Turkmenistan,TKM,CEA,CA_CEA,2022,TKM2022,14740,17119.57449,17.59205592,0.142514024,7230193
Turks and Caicos Islands,TCA,LA,C_LA,2007,TCA2007,23079,21878.8206,10.46924793,0.395148367,26270
Turks and Caicos Islands,TCA,LA,C_LA,2008,TCA2008,23641,22689.31601,10.38436214,0.289949901,27427
Turks and Caicos Islands,TCA,LA,C_LA,2009,TCA2009,23464,17512.19778,10.42430835,0.314257196,28588
Turks and Caicos Islands,TCA,LA,C_LA,2010,TCA2010,24899,17000.22278,10.27617439,0.349310039,29739
Turks and Caicos Islands,TCA,LA,C_LA,2011,TCA2011,25731,17147.42476,10.36605349,0.30610816,30846
Turks and Caicos Islands,TCA,LA,C_LA,2012,TCA2012,24476,16024.69157,10.48422774,0.283378744,32127
Turks and Caicos Islands,TCA,LA,C_LA,2013,TCA2013,23624,15461.87351,10.57244244,0.21964449,33653
Turks and Caicos Islands,TCA,LA,C_LA,2014,TCA2014,24661,16138.84876,10.63569073,0.315155985,35050
Turks and Caicos Islands,TCA,LA,C_LA,2015,TCA2015,26285,17201.77203,10.69727449,0.260589404,36605
Turks and Caicos Islands,TCA,LA,C_LA,2016,TCA2016,26932,17625.72028,10.55746263,0.460919879,38315
Turks and Caicos Islands,TCA,LA,C_LA,2017,TCA2017,25208,16498.69129,10.62570416,0.310881742,39913
Turks and Caicos Islands,TCA,LA,C_LA,2018,TCA2018,25568,30286.11961,10.56911364,0.266062039,41559
Turks and Caicos Islands,TCA,LA,C_LA,2019,TCA2019,25934,30611.21302,10.7222409,0.293425224,43166
Turks and Caicos Islands,TCA,LA,C_LA,2020,TCA2020,18475,19702.53682,10.72057656,0.292067053,44386
Turks and Caicos Islands,TCA,LA,C_LA,2021,TCA2021,19764,25056.48805,10.56412027,0.258951609,45243
Turks and Caicos Islands,TCA,LA,C_LA,2022,TCA2022,20718,28209.62425,10.59574445,0.25258018,45847
Tuvalu,TUV,O,P_O,1990,TUV1990,2703,2984.285551,22.20671789,2.477556321,8798
Tuvalu,TUV,O,P_O,1991,TUV1991,2749,3046.971576,22.28456353,2.354752962,8928
Tuvalu,TUV,O,P_O,1992,TUV1992,2793,3093.826794,22.03336952,2.674189715,9038
Tuvalu,TUV,O,P_O,1993,TUV1993,2892,3189.949088,21.94628472,2.853322317,9126
Tuvalu,TUV,O,P_O,1994,TUV1994,3175,3487.033571,22.19467707,2.238888718,9207
Tuvalu,TUV,O,P_O,1995,TUV1995,3008,3286.469058,22.18916286,2.437148988,9280
Tuvalu,TUV,O,P_O,1996,TUV1996,2821,3070.039422,22.09834108,1.875499996,9342
Tuvalu,TUV,O,P_O,1997,TUV1997,3097,3356.30706,22.18086037,2.843241328,9400
Tuvalu,TUV,O,P_O,1998,TUV1998,3576,3855.654814,22.1103555,2.755045919,9451
Tuvalu,TUV,O,P_O,1999,TUV1999,3518,3777.371772,22.12698406,1.440512508,9496
Tuvalu,TUV,O,P_O,2000,TUV2000,3484,3721.899479,22.2289299,1.289213072,9544
Tuvalu,TUV,O,P_O,2001,TUV2001,3490,3705.592387,22.25879976,1.823620002,9586
Tuvalu,TUV,O,P_O,2002,TUV2002,3828,4042.901176,22.35325031,2.290676169,9623
Tuvalu,TUV,O,P_O,2003,TUV2003,3639,3838.403643,22.27068555,2.453504361,9695
Tuvalu,TUV,O,P_O,2004,TUV2004,3512,3704.927259,22.33830086,2.196781416,9816
Tuvalu,TUV,O,P_O,2005,TUV2005,3307,3488.536346,22.43188245,2.257821873,9940
Tuvalu,TUV,O,P_O,2006,TUV2006,3348,3532.399426,22.27998718,2.197489636,10056
Tuvalu,TUV,O,P_O,2007,TUV2007,3545,3737.878675,22.39675508,2.06266121,10182
Tuvalu,TUV,O,P_O,2008,TUV2008,3736,3933.373967,22.19572769,1.697554324,10321
Tuvalu,TUV,O,P_O,2009,TUV2009,3457,3638.187618,22.25683782,2.216556619,10461
Tuvalu,TUV,O,P_O,2010,TUV2010,3335,3506.060234,22.31976792,2.166154081,10614
Tuvalu,TUV,O,P_O,2011,TUV2011,3512,3687.439273,22.11689198,2.274029334,10780
Tuvalu,TUV,O,P_O,2012,TUV2012,3389,3558.15237,22.07791836,2.274029334,10934
Tuvalu,TUV,O,P_O,2013,TUV2013,3515,3690.242043,22.08431286,2.274029334,11001
Tuvalu,TUV,O,P_O,2014,TUV2014,3521,3695.953452,22.0853508,2.274029334,10984
Tuvalu,TUV,O,P_O,2015,TUV2015,3896,4088.765799,22.13262567,2.476301172,10963
Tuvalu,TUV,O,P_O,2016,TUV2016,4126,4333.248994,22.20293327,2.349051822,10930
Tuvalu,TUV,O,P_O,2017,TUV2017,4236,4464.258846,22.169612,2.274029334,10869
Tuvalu,TUV,O,P_O,2018,TUV2018,4281,4575.869005,22.15391575,2.274029334,10751
Tuvalu,TUV,O,P_O,2019,TUV2019,4832,5292.03026,22.20578853,2.274029334,10581
Tuvalu,TUV,O,P_O,2020,TUV2020,4578,5154.459578,22.27441135,2.274029334,10399
Tuvalu,TUV,O,P_O,2021,TUV2021,4604,5352.978625,22.16506445,2.274029334,10194
Tuvalu,TUV,O,P_O,2022,TUV2022,4591,5498.184554,22.15578084,2.274029334,9992
Uganda,UGA,SSA,EA_SSA,1990,UGA1990,902,1080.03831,23.07522718,1.16467732,17569897
Uganda,UGA,SSA,EA_SSA,1991,UGA1991,921,1103.228973,22.7845236,1.236515938,18155901
Uganda,UGA,SSA,EA_SSA,1992,UGA1992,921,1102.729921,22.72001308,1.115890207,18785032
Uganda,UGA,SSA,EA_SSA,1993,UGA1993,963,1153.993691,22.87182373,1.055891485,19445161
Uganda,UGA,SSA,EA_SSA,1994,UGA1994,991,1187.367805,22.74196027,1.29541976,20108801
Uganda,UGA,SSA,EA_SSA,1995,UGA1995,1076,1288.508867,23.14750994,1.215990266,20665667
Uganda,UGA,SSA,EA_SSA,1996,UGA1996,1142,1367.945738,22.820892,1.319359956,21231550
Uganda,UGA,SSA,EA_SSA,1997,UGA1997,1166,1396.631069,22.89620064,1.309960849,21856046
Uganda,UGA,SSA,EA_SSA,1998,UGA1998,1187,1422.207892,23.03380143,1.218791535,22515806
Uganda,UGA,SSA,EA_SSA,1999,UGA1999,1242,1487.757962,22.84912696,1.265965363,23257281
Uganda,UGA,SSA,EA_SSA,2000,UGA2000,1242,1487.004989,23.26073825,1.132389984,24000150
Uganda,UGA,SSA,EA_SSA,2001,UGA2001,1267,1516.964238,23.4667293,1.232577728,24745676
Uganda,UGA,SSA,EA_SSA,2002,UGA2002,1335,1598.582838,23.76851334,1.24313835,25532870
Uganda,UGA,SSA,EA_SSA,2003,UGA2003,1378,1649.14826,23.64509507,1.206703051,26352124
Uganda,UGA,SSA,EA_SSA,2004,UGA2004,1429,1709.361592,23.70745174,1.155180293,27154515
Uganda,UGA,SSA,EA_SSA,2005,UGA2005,1476,1765.037885,23.69302903,1.059748782,27963289
Uganda,UGA,SSA,EA_SSA,2006,UGA2006,1588,1898.979153,23.5872788,1.288399378,28794003
Uganda,UGA,SSA,EA_SSA,2007,UGA2007,1672,1999.06249,23.62849347,1.423760014,29653430
Uganda,UGA,SSA,EA_SSA,2008,UGA2008,1765,2110.100493,23.56101174,1.234108271,30539553
Uganda,UGA,SSA,EA_SSA,2009,UGA2009,1831,2188.299162,24.08529956,1.1750744,31451151
Uganda,UGA,SSA,EA_SSA,2010,UGA2010,1879,2244.605952,23.8604997,1.369906947,32390802
Uganda,UGA,SSA,EA_SSA,2011,UGA2011,1996,2384.465327,23.44152766,1.33659951,33354543
Uganda,UGA,SSA,EA_SSA,2012,UGA2012,2014,2405.094559,23.02056056,1.372222822,34337438
Uganda,UGA,SSA,EA_SSA,2013,UGA2013,2027,2420.888081,23.14200709,1.427166321,35337042
Uganda,UGA,SSA,EA_SSA,2014,UGA2014,2068,2470.503809,23.07026042,1.174231049,36395539
Uganda,UGA,SSA,EA_SSA,2015,UGA2015,2109,2520.020103,23.10926079,1.316958436,37531446
Uganda,UGA,SSA,EA_SSA,2016,UGA2016,2137,2554.227691,23.3413044,1.278580204,38799152
Uganda,UGA,SSA,EA_SSA,2017,UGA2017,2128,2543.847544,23.23410271,1.395209294,40177388
Uganda,UGA,SSA,EA_SSA,2018,UGA2018,2187,2613.879764,23.0061605,1.284859673,41565831
Uganda,UGA,SSA,EA_SSA,2019,UGA2019,2250,2689.410091,23.22458011,1.591774289,42999637
Uganda,UGA,SSA,EA_SSA,2020,UGA2020,2240,2678.009072,23.23247996,1.468525918,44457152
Uganda,UGA,SSA,EA_SSA,2021,UGA2021,2246,2684.920359,23.17089739,1.367579355,45910930
Uganda,UGA,SSA,EA_SSA,2022,UGA2022,2280,2724.906096,23.20341839,1.396777906,47312719
Ukraine,UKR,E,EE_E,1990,UKR1990,16464.94795,22815.79883,9.52422193,0.523398224,52054092
Ukraine,UKR,E,EE_E,1991,UKR1991,15010.42253,20784.16016,8.5756041,0.519826165,52170961
Ukraine,UKR,E,EE_E,1992,UKR1992,13494.78349,18671.87305,8.744822717,0.53590791,52323671
Ukraine,UKR,E,EE_E,1993,UKR1993,11580.85409,16012.37207,7.909129571,0.524217785,52350126
Ukraine,UKR,E,EE_E,1994,UKR1994,8980.615882,12410.52539,8.948097591,0.487036178,52075998
Ukraine,UKR,E,EE_E,1995,UKR1995,7954.387346,10983.00879,8.876553819,0.597693824,51665539
Ukraine,UKR,E,EE_E,1996,UKR1996,7225.333114,9969.500977,7.670566509,0.568614296,51226109
Ukraine,UKR,E,EE_E,1997,UKR1997,7074.987942,9754.049805,7.816707653,0.659786644,50786885
Ukraine,UKR,E,EE_E,1998,UKR1998,7004.675912,9646.054688,8.594922278,0.597492608,50379731
Ukraine,UKR,E,EE_E,1999,UKR1999,7058.552811,9704.445313,9.560788449,0.545251908,49976446
Ukraine,UKR,E,EE_E,2000,UKR2000,7552.114795,10364.0625,9.577927962,0.519164032,49556660
Ukraine,UKR,E,EE_E,2001,UKR2001,8299.743876,11379.38574,8.973798874,0.627291113,49106855
Ukraine,UKR,E,EE_E,2002,UKR2002,8820.977002,12092.78906,9.47329095,0.541775373,48677281
Ukraine,UKR,E,EE_E,2003,UKR2003,9731.381853,13342.87988,8.374552537,0.518341042,48315136
Ukraine,UKR,E,EE_E,2004,UKR2004,10951.81732,15021.06641,8.903936055,0.641009371,47979507
Ukraine,UKR,E,EE_E,2005,UKR2005,11348.10647,15610.57324,8.942642715,0.596353543,47585556
Ukraine,UKR,E,EE_E,2006,UKR2006,12267.10346,16901.50781,8.670570852,0.553443132,47278694
Ukraine,UKR,E,EE_E,2007,UKR2007,13325.21819,18374.01367,10.08286325,0.53075859,47062798
Ukraine,UKR,E,EE_E,2008,UKR2008,13673.80777,18883.98633,9.794133312,0.547607047,46819175
Ukraine,UKR,E,EE_E,2009,UKR2009,11633.94806,16092.7959,9.510424361,0.563535802,46623731
Ukraine,UKR,E,EE_E,2010,UKR2010,12142.16459,16811.79492,9.258002263,0.663534477,46456003
Ukraine,UKR,E,EE_E,2011,UKR2011,12831.98848,17783.95703,9.069981515,0.454804947,46307853
Ukraine,UKR,E,EE_E,2012,UKR2012,12845.27961,17848.74023,9.380195923,0.561056895,46210056
Ukraine,UKR,E,EE_E,2013,UKR2013,12867.46977,17889.0918,9.674691403,0.568209368,46126770
Ukraine,UKR,E,EE_E,2014,UKR2014,12185.41295,16978.8125,9.713827023,0.519331216,45972380
Ukraine,UKR,E,EE_E,2015,UKR2015,11024.36098,15403.70996,10.32518495,0.491852252,45784896
Ukraine,UKR,E,EE_E,2016,UKR2016,11320.44897,15856.8125,9.744640612,0.636908164,45616832
Ukraine,UKR,E,EE_E,2017,UKR2017,11623.11685,16310.36035,9.739945215,0.526065136,45436041
Ukraine,UKR,E,EE_E,2018,UKR2018,12060.48498,16978.98438,9.831815451,0.547959494,45208907
Ukraine,UKR,E,EE_E,2019,UKR2019,12497.90751,17636.55469,10.64067599,0.459754025,44957458
Ukraine,UKR,E,EE_E,2020,UKR2020,12090.61549,17092.53906,10.81278963,0.494260513,44680014
Ukraine,UKR,E,EE_E,2021,UKR2021,12607.54723,17846.4082,9.323720582,0.625269832,44298640
Ukraine,UKR,E,EE_E,2022,UKR2022,10438.88288,13787.12109,9.992837083,0.555751225,41048766
United Arab Emirates,ARE,MENA,WA_ME,1990,ARE1990,122473.3357,108057.0425,27.75109916,0.055125264,1898220
United Arab Emirates,ARE,MENA,WA_ME,1991,ARE1991,111138.2759,103098.5371,27.48426235,0.059828149,2006626
United Arab Emirates,ARE,MENA,WA_ME,1992,ARE1992,109752.3333,101100.4875,26.68739687,0.070840358,2114730
United Arab Emirates,ARE,MENA,WA_ME,1993,ARE1993,106438.6131,97429.16392,27.6350811,0.082056508,2222093
United Arab Emirates,ARE,MENA,WA_ME,1994,ARE1994,109218.9566,99402.02194,28.01611991,0.039924896,2328188
United Arab Emirates,ARE,MENA,WA_ME,1995,ARE1995,112060.7635,101412.0821,27.61291717,0.066278432,2434662
United Arab Emirates,ARE,MENA,WA_ME,1996,ARE1996,112771.5932,100563.6983,27.97319719,0.078701134,2597564
United Arab Emirates,ARE,MENA,WA_ME,1997,ARE1997,114837.8935,100310.4462,27.56207267,0.090502264,2817410
United Arab Emirates,ARE,MENA,WA_ME,1998,ARE1998,108711.9946,93224.21996,28.64970905,0.057016284,3040421
United Arab Emirates,ARE,MENA,WA_ME,1999,ARE1999,105870.1169,89303.7759,28.87157942,0.055615294,3266009
United Arab Emirates,ARE,MENA,WA_ME,2000,ARE2000,111338.2486,92547.22903,28.35458083,0.048546937,3493575
United Arab Emirates,ARE,MENA,WA_ME,2001,ARE2001,107613.7619,88045.19751,28.40735517,0.030299867,3723590
United Arab Emirates,ARE,MENA,WA_ME,2002,ARE2002,105180.181,84871.60275,28.31026382,0.041876372,3956826
United Arab Emirates,ARE,MENA,WA_ME,2003,ARE2003,109414.7067,87150.88338,28.3740598,0.045082784,4192457
United Arab Emirates,ARE,MENA,WA_ME,2004,ARE2004,115007.1336,90388.98377,28.50935947,0.045002997,4428967
United Arab Emirates,ARE,MENA,WA_ME,2005,ARE2005,112396.9304,89986.13112,28.04801243,0.051389474,4664790
United Arab Emirates,ARE,MENA,WA_ME,2006,ARE2006,103984.4889,92044.51261,28.51016321,0.060627484,5009100
United Arab Emirates,ARE,MENA,WA_ME,2007,ARE2007,88025.50429,84581.86581,28.57929553,0.049371385,5624635
United Arab Emirates,ARE,MENA,WA_ME,2008,ARE2008,73748.9857,77891.9886,28.34062921,0.036780854,6302664
United Arab Emirates,ARE,MENA,WA_ME,2009,ARE2009,60016.57164,69357.99743,28.58977601,0.077120778,6707058
United Arab Emirates,ARE,MENA,WA_ME,2010,ARE2010,56751.31083,68799.93085,29.16708715,0.039185502,6869838
United Arab Emirates,ARE,MENA,WA_ME,2011,ARE2011,60598.36413,70662.51595,28.49272924,0.041038194,7104538
United Arab Emirates,ARE,MENA,WA_ME,2012,ARE2012,62051.92328,69158.82664,28.69205843,0.040351456,7391448
United Arab Emirates,ARE,MENA,WA_ME,2013,ARE2013,65633.84776,69806.95598,28.61488283,0.05050844,7693031
United Arab Emirates,ARE,MENA,WA_ME,2014,ARE2014,68768.06631,69409.03704,28.31193311,0.074528149,8059440
United Arab Emirates,ARE,MENA,WA_ME,2015,ARE2015,73885.02139,70234.73175,28.60065982,0.052717059,8505237
United Arab Emirates,ARE,MENA,WA_ME,2016,ARE2016,78119.78816,70573.99271,28.73194668,0.058295434,8935095
United Arab Emirates,ARE,MENA,WA_ME,2017,ARE2017,78848.5013,68871.84958,28.54070573,0.063724837,9223225
United Arab Emirates,ARE,MENA,WA_ME,2018,ARE2018,80057.92445,68854.9699,28.85108021,0.052414854,9346701
United Arab Emirates,ARE,MENA,WA_ME,2019,ARE2019,81122.37711,68887.84541,28.39151035,0.06593788,9445785
United Arab Emirates,ARE,MENA,WA_ME,2020,ARE2020,77232.91467,65784.67694,28.24123536,0.06557669,9401038
United Arab Emirates,ARE,MENA,WA_ME,2021,ARE2021,80143.18823,67401.12129,29.02388243,0.04811927,9575152
United Arab Emirates,ARE,MENA,WA_ME,2022,ARE2022,85967.99437,68867.82593,28.66916831,0.056319097,10074977
United Kingdom,GBR,E,NE_E,1990,GBR1990,33981.41123,34307.93892,9.480633383,1.259315711,57247586
United Kingdom,GBR,E,NE_E,1991,GBR1991,33490.19811,33824.71647,8.695122829,1.051115035,57424897
United Kingdom,GBR,E,NE_E,1992,GBR1992,33521.31314,33868.66596,8.870756302,1.256852345,57580402
United Kingdom,GBR,E,NE_E,1993,GBR1993,34261.09272,34628.81787,8.476559677,1.218528717,57718614
United Kingdom,GBR,E,NE_E,1994,GBR1994,35475.22358,35869.21088,9.006949615,1.279291664,57865745
United Kingdom,GBR,E,NE_E,1995,GBR1995,36264.09851,36680.13611,9.385472789,1.116453601,58019030
United Kingdom,GBR,E,NE_E,1996,GBR1996,37089.52712,37531.52803,8.39154331,0.985033213,58166950
United Kingdom,GBR,E,NE_E,1997,GBR1997,38799.14929,39278.53024,9.549553871,1.093379231,58316954
United Kingdom,GBR,E,NE_E,1998,GBR1998,39989.87414,40496.86195,9.302198226,1.332987319,58487141
United Kingdom,GBR,E,NE_E,1999,GBR1999,41148.86561,41596.47038,9.483254662,1.28446694,58682466
United Kingdom,GBR,E,NE_E,2000,GBR2000,43089.71297,43247.63638,9.228264931,1.382911073,58892514
United Kingdom,GBR,E,NE_E,2001,GBR2001,43803.37666,44189.85491,8.99134308,1.09210007,59119673
United Kingdom,GBR,E,NE_E,2002,GBR2002,44227.48487,44793.32608,9.554344057,1.384726193,59370479
United Kingdom,GBR,E,NE_E,2003,GBR2003,45286.27133,45990.71589,9.581431838,0.93363152,59647577
United Kingdom,GBR,E,NE_E,2004,GBR2004,46209.26617,46853.79255,9.466976278,1.186877346,59987905
United Kingdom,GBR,E,NE_E,2005,GBR2005,47385.9792,47804.78527,9.456260489,1.09658671,60401206
United Kingdom,GBR,E,NE_E,2006,GBR2006,48185.90548,48584.43597,9.690214342,1.153417482,60846820
United Kingdom,GBR,E,NE_E,2007,GBR2007,49501.84324,49472.98598,9.710828152,1.183274249,61322463
United Kingdom,GBR,E,NE_E,2008,GBR2008,48768.22577,48963.02316,9.232500677,1.30222453,61806995
United Kingdom,GBR,E,NE_E,2009,GBR2009,45807.6468,46348.75343,9.316407865,1.265034977,62276270
United Kingdom,GBR,E,NE_E,2010,GBR2010,46267.4702,47013.88241,8.191631919,1.042070419,62766365
United Kingdom,GBR,E,NE_E,2011,GBR2011,46743.74611,47178.91992,9.539713438,1.13813754,63258810
United Kingdom,GBR,E,NE_E,2012,GBR2012,46934.78434,47550.94285,8.960471394,1.367620499,63711000
United Kingdom,GBR,E,NE_E,2013,GBR2013,47263.04722,48083.80343,8.900488604,1.129050006,64139000
United Kingdom,GBR,E,NE_E,2014,GBR2014,48467.97719,49250.55999,9.953329892,1.368712031,64620000
United Kingdom,GBR,E,NE_E,2015,GBR2015,49011.31118,49983.34859,9.217455871,1.269050639,65088000
United Kingdom,GBR,E,NE_E,2016,GBR2016,49390.52471,50540.87977,9.384331334,1.171646469,65607000
United Kingdom,GBR,E,NE_E,2017,GBR2017,50096.30311,51601.14044,9.638562299,1.165837938,65966000
United Kingdom,GBR,E,NE_E,2018,GBR2018,50181.11559,52071.26966,9.508120243,1.117332634,66289000
United Kingdom,GBR,E,NE_E,2019,GBR2019,50210.08135,52645.5442,9.614410983,1.269857915,66631000
United Kingdom,GBR,E,NE_E,2020,GBR2020,44707.18979,47144.72215,9.724109614,1.323723381,66744000
United Kingdom,GBR,E,NE_E,2021,GBR2021,48590.81137,51004.42717,9.422813863,1.15095918,66984000
United Kingdom,GBR,E,NE_E,2022,GBR2022,50708.56489,52982.17492,10.12146882,1.136086287,67604000
United States,USA,NA,NA_NA,1990,USA1990,40366.75205,44378.52403,9.28302336,0.775113537,249623000
United States,USA,NA,NA_NA,1991,USA1991,39789.82481,43742.02612,9.287862842,0.766425151,252981000
United States,USA,NA,NA_NA,1992,USA1992,40626.25253,44659.15146,8.84749238,0.752828052,256514000
United States,USA,NA,NA_NA,1993,USA1993,41199.65422,45286.93551,8.577736048,0.778464889,259919000
United States,USA,NA,NA_NA,1994,USA1994,42339.48907,46537.35715,9.126977784,0.734089842,263126000
United States,USA,NA,NA_NA,1995,USA1995,42963.87066,47220.95796,9.130881607,0.752255325,266278000
United States,USA,NA,NA_NA,1996,USA1996,44058.79644,48435.7001,8.437990559,0.776998496,269394000
United States,USA,NA,NA_NA,1997,USA1997,45457.37535,49984.26965,8.661518396,0.744067655,272657000
United States,USA,NA,NA_NA,1998,USA1998,46934.1238,51619.86984,9.73519202,0.786574401,275854000
United States,USA,NA,NA_NA,1999,USA1999,48613.01282,53474.04543,9.155975744,0.688138826,279040000
United States,USA,NA,NA_NA,2000,USA2000,50025.62696,55038.6225,9.148650108,0.689223403,282162411
United States,USA,NA,NA_NA,2001,USA2001,50020.26758,55017.30498,9.348189482,0.702131677,284968955
United States,USA,NA,NA_NA,2002,USA2002,50419.76733,55436.11698,9.340482552,0.696105206,287625193
United States,USA,NA,NA_NA,2003,USA2003,51391.22222,56498.20783,9.292941993,0.724256468,290107933
United States,USA,NA,NA_NA,2004,USA2004,52877.40351,58131.63368,9.31040236,0.775522052,292805298
United States,USA,NA,NA_NA,2005,USA2005,54211.0563,59604.75364,9.587706864,0.720957583,295516599
United States,USA,NA,NA_NA,2006,USA2006,55169.76358,60676.56557,9.708949808,0.711041508,298379912
United States,USA,NA,NA_NA,2007,USA2007,55762.84261,61306.59694,9.525707555,0.688679515,301231207
United States,USA,NA,NA_NA,2008,USA2008,55323.72496,60798.43384,8.704600425,0.73448818,304093966
United States,USA,NA,NA_NA,2009,USA2009,53496.75726,58714.97369,8.826183486,0.750067148,306771529
United States,USA,NA,NA_NA,2010,USA2010,54540.84628,59789.41291,9.242148792,0.73209804,309378227
United States,USA,NA,NA_NA,2011,USA2011,54998.07783,60245.4844,9.249214988,0.734002178,311839461
United States,USA,NA,NA_NA,2012,USA2012,55873.44925,61134.53061,10.00727039,0.684984854,314339099
United States,USA,NA,NA_NA,2013,USA2013,56495.40754,61958.72344,8.983224263,0.772613503,316726282
United States,USA,NA,NA_NA,2014,USA2014,57380.24737,63018.80339,9.28928004,0.744869048,319257560
United States,USA,NA,NA_NA,2015,USA2015,58527.28535,64359.47259,10.11137126,0.830436417,321815121
United States,USA,NA,NA_NA,2016,USA2016,59104.49308,65017.65496,10.57481933,0.754346682,324353340
United States,USA,NA,NA_NA,2017,USA2017,60045.7003,66155.55557,10.11744981,0.78315034,326608609
United States,USA,NA,NA_NA,2018,USA2018,61505.92103,67719.76564,9.770604546,0.825779306,328529577
United States,USA,NA,NA_NA,2019,USA2019,62650.92893,69112.60269,9.600945623,0.842976784,330226227
United States,USA,NA,NA_NA,2020,USA2020,60258.04118,67342.07093,9.917035018,0.746125649,331577720
United States,USA,NA,NA_NA,2021,USA2021,63752.47062,71307.40173,9.890456103,0.756303153,332099760
United States,USA,NA,NA_NA,2022,USA2022,64753.43574,72679.25754,9.608813791,0.713436685,334017321
Uruguay,URY,LA,SA_LA,1990,URY1990,11526.27298,14060.84548,17.64462936,1.477363218,3104403
Uruguay,URY,LA,SA_LA,1991,URY1991,11879.2144,14474.73271,18.12708836,1.306721772,3122354
Uruguay,URY,LA,SA_LA,1992,URY1992,12712.87092,15536.48721,17.5956291,1.295399777,3139702
Uruguay,URY,LA,SA_LA,1993,URY1993,13027.83582,15865.27752,17.73472742,1.430225391,3156345
Uruguay,URY,LA,SA_LA,1994,URY1994,13972.49658,16932.02846,18.24383858,1.158724264,3172834
Uruguay,URY,LA,SA_LA,1995,URY1995,13704.85894,16600.03919,17.62641489,1.084259214,3189440
Uruguay,URY,LA,SA_LA,1996,URY1996,14437.566,17433.69329,17.74946621,1.075311111,3206324
Uruguay,URY,LA,SA_LA,1997,URY1997,15654.85799,18823.94192,18.32770008,1.306524593,3223345
Uruguay,URY,LA,SA_LA,1998,URY1998,16331.34066,19577.78997,17.46391075,1.39149994,3239280
Uruguay,URY,LA,SA_LA,1999,URY1999,16076.26766,19192.71757,17.54890666,1.041952632,3254015
Uruguay,URY,LA,SA_LA,2000,URY2000,15735.299,18752.05781,17.54684709,1.451068573,3266206
Uruguay,URY,LA,SA_LA,2001,URY2001,15156.84935,17986.90076,18.48737771,1.583594829,3274251
Uruguay,URY,LA,SA_LA,2002,URY2002,13896.35776,16572.78818,18.04192912,1.869101662,3278867
Uruguay,URY,LA,SA_LA,2003,URY2003,14001.64913,16694.43892,17.66842881,1.515068764,3281186
Uruguay,URY,LA,SA_LA,2004,URY2004,14695.79229,17519.37963,17.9611437,1.074905003,3283148
Uruguay,URY,LA,SA_LA,2005,URY2005,15783.22021,18811.3196,18.01599323,1.348928227,3285771
Uruguay,URY,LA,SA_LA,2006,URY2006,16404.67904,19560.08176,18.33636115,1.182876173,3289506
Uruguay,URY,LA,SA_LA,2007,URY2007,17442.22858,20803.89318,17.47767339,1.417891357,3295153
Uruguay,URY,LA,SA_LA,2008,URY2008,18650.08847,22249.38352,18.12998035,0.876826779,3302177
Uruguay,URY,LA,SA_LA,2009,URY2009,19392.61946,23138.08207,17.95507582,1.230821665,3310091
Uruguay,URY,LA,SA_LA,2010,URY2010,20850.36781,24879.83502,17.87837083,1.247724285,3318580
Uruguay,URY,LA,SA_LA,2011,URY2011,21870.27549,26099.32153,17.79466959,1.111675006,3326825
Uruguay,URY,LA,SA_LA,2012,URY2012,22581.11793,26953.28111,18.50906598,1.35293845,3335401
Uruguay,URY,LA,SA_LA,2013,URY2013,23554.65194,28119.48333,17.73232706,1.118263496,3345337
Uruguay,URY,LA,SA_LA,2014,URY2014,24238.2163,28935.09744,18.39093706,1.689073503,3356334
Uruguay,URY,LA,SA_LA,2015,URY2015,24243.69088,28941.62941,18.44449673,1.268262149,3368017
Uruguay,URY,LA,SA_LA,2016,URY2016,24578.59581,29332.56726,17.68698287,1.207289286,3379283
Uruguay,URY,LA,SA_LA,2017,URY2017,24947.23579,29762.43332,18.74810717,1.407909789,3388438
Uruguay,URY,LA,SA_LA,2018,URY2018,24951.11338,29757.93885,18.27937392,1.336771648,3394534
Uruguay,URY,LA,SA_LA,2019,URY2019,25125.24292,30010.57426,18.25356169,1.370604921,3397206
Uruguay,URY,LA,SA_LA,2020,URY2020,23563.07209,27788.1855,18.2548487,0.887959166,3398968
Uruguay,URY,LA,SA_LA,2021,URY2021,24840.48548,29431.88501,18.10674937,1.059290511,3396695
Uruguay,URY,LA,SA_LA,2022,URY2022,26103.8947,30804.70328,17.83100183,0.986504886,3390913
Uzbekistan,UZB,CEA,CA_CEA,1990,UZB1990,3736.020464,4214.583997,13.59261515,0.210474749,20464956
Uzbekistan,UZB,CEA,CA_CEA,1991,UZB1991,3639.92864,4094.227366,13.23572373,0.238402571,20962910
Uzbekistan,UZB,CEA,CA_CEA,1992,UZB1992,3157.917528,3547.311404,12.68434644,0.246823484,21485090
Uzbekistan,UZB,CEA,CA_CEA,1993,UZB1993,3016.800209,3386.462077,12.15288819,0.278395203,21987955
Uzbekistan,UZB,CEA,CA_CEA,1994,UZB1994,2804.677143,3142.43288,12.51813655,0.227439746,22463291
Uzbekistan,UZB,CEA,CA_CEA,1995,UZB1995,2730.16976,3052.418811,14.19626862,0.140876504,22917589
Uzbekistan,UZB,CEA,CA_CEA,1996,UZB1996,2737.842166,3046.563763,12.51394903,0.148899616,23351981
Uzbekistan,UZB,CEA,CA_CEA,1997,UZB1997,2863.452759,3150.085301,13.76255025,0.217172885,23758960
Uzbekistan,UZB,CEA,CA_CEA,1998,UZB1998,2971.556533,3234.357514,13.32921614,0.272166642,24134929
Uzbekistan,UZB,CEA,CA_CEA,1999,UZB1999,3059.079389,3326.425268,14.19048614,0.214474449,24476008
Uzbekistan,UZB,CEA,CA_CEA,2000,UZB2000,3087.463648,3410.65045,14.09474294,0.174349285,24787054
Uzbekistan,UZB,CEA,CA_CEA,2001,UZB2001,3195.441134,3509.728638,14.11103077,0.175376255,25090283
Uzbekistan,UZB,CEA,CA_CEA,2002,UZB2002,3275.490448,3604.693462,14.07011094,0.258070473,25399980
Uzbekistan,UZB,CEA,CA_CEA,2003,UZB2003,3392.943413,3711.778531,13.23389936,0.292166443,25711259
Uzbekistan,UZB,CEA,CA_CEA,2004,UZB2004,3621.015438,3939.530398,14.5934575,0.24146556,26029350
Uzbekistan,UZB,CEA,CA_CEA,2005,UZB2005,3812.449047,4160.95513,14.16660244,0.212532985,26356975
Uzbekistan,UZB,CEA,CA_CEA,2006,UZB2006,4087.571825,4413.722812,13.96269101,0.206586367,26699043
Uzbekistan,UZB,CEA,CA_CEA,2007,UZB2007,4462.733251,4764.563914,14.07187512,0.201900547,27076008
Uzbekistan,UZB,CEA,CA_CEA,2008,UZB2008,4806.046693,5115.643915,13.59344787,0.169109712,27494774
Uzbekistan,UZB,CEA,CA_CEA,2009,UZB2009,5114.726037,5439.550681,13.8342696,0.245325223,27939328
Uzbekistan,UZB,CEA,CA_CEA,2010,UZB2010,5283.070545,5760.80512,14.53714203,0.18472151,28385506
Uzbekistan,UZB,CEA,CA_CEA,2011,UZB2011,5523.229173,6100.25101,13.20701589,0.205631472,28823196
Uzbekistan,UZB,CEA,CA_CEA,2012,UZB2012,5852.05692,6435.564672,13.37082506,0.200792515,29261903
Uzbekistan,UZB,CEA,CA_CEA,2013,UZB2013,6196.947418,6797.774948,14.61501527,0.230294653,29724065
Uzbekistan,UZB,CEA,CA_CEA,2014,UZB2014,6538.618592,7145.109807,13.0524894,0.217123869,30222994
Uzbekistan,UZB,CEA,CA_CEA,2015,UZB2015,6922.689514,7529.763643,14.3643596,0.251974275,30749346
Uzbekistan,UZB,CEA,CA_CEA,2016,UZB2016,7277.510199,7839.978201,14.79949597,0.265193718,31284568
Uzbekistan,UZB,CEA,CA_CEA,2017,UZB2017,7508.814365,8047.053755,14.04496047,0.202019909,31819178
Uzbekistan,UZB,CEA,CA_CEA,2018,UZB2018,7846.30745,8348.960579,13.85501024,0.181816203,32373490
Uzbekistan,UZB,CEA,CA_CEA,2019,UZB2019,8216.542809,8755.12594,14.63390102,0.232110022,32964701
Uzbekistan,UZB,CEA,CA_CEA,2020,UZB2020,8225.552575,8727.411049,13.94322427,0.19364991,33586372
Uzbekistan,UZB,CEA,CA_CEA,2021,UZB2021,8668.024018,9247.643827,14.83629016,0.141234156,34243696
Uzbekistan,UZB,CEA,CA_CEA,2022,UZB2022,8977.74775,9607.561673,14.91472745,0.231118754,34938955
Vanuatu,VUT,O,Me_O,1990,VUT1990,2774,3101.680551,24.12605283,2.187921259,148063
Vanuatu,VUT,O,Me_O,1991,VUT1991,2791,3120.693789,23.87813585,2.554472018,151793
Vanuatu,VUT,O,Me_O,1992,VUT1992,2793,3122.889334,23.74468463,1.986378095,155608
Vanuatu,VUT,O,Me_O,1993,VUT1993,2745,3069.805834,23.64055545,1.473517816,159463
Vanuatu,VUT,O,Me_O,1994,VUT1994,2922,3269.628331,23.6301004,1.974330862,163314
Vanuatu,VUT,O,Me_O,1995,VUT1995,2881,3226.915091,24.35527497,1.989400829,167137
Vanuatu,VUT,O,Me_O,1996,VUT1996,2879,3229.102202,24.26153218,2.181124606,170911
Vanuatu,VUT,O,Me_O,1997,VUT1997,2950,3315.481372,23.91111856,2.200696195,174626
Vanuatu,VUT,O,Me_O,1998,VUT1998,2916,3285.138352,24.81768881,2.565184708,178313
Vanuatu,VUT,O,Me_O,1999,VUT1999,2858,3228.591805,24.44085093,2.830235024,182048
Vanuatu,VUT,O,Me_O,2000,VUT2000,2954,3342.167266,24.29695059,2.658499285,186281
Vanuatu,VUT,O,Me_O,2001,VUT2001,2782,3148.33464,24.16547531,2.809664227,191031
Vanuatu,VUT,O,Me_O,2002,VUT2002,2571,2911.041347,24.19677542,2.561561768,195863
Vanuatu,VUT,O,Me_O,2003,VUT2003,2615,2962.031073,24.11552655,2.657979168,200746
Vanuatu,VUT,O,Me_O,2004,VUT2004,2653,3005.797264,24.25111525,1.937282872,205711
Vanuatu,VUT,O,Me_O,2005,VUT2005,2727,3089.43704,24.31133311,2.77222353,210760
Vanuatu,VUT,O,Me_O,2006,VUT2006,2887,3270.702375,24.07387805,2.778001832,215923
Vanuatu,VUT,O,Me_O,2007,VUT2007,2900,3283.365533,24.38199917,2.945846156,221276
Vanuatu,VUT,O,Me_O,2008,VUT2008,2989,3381.385644,24.15104352,2.726454786,226896
Vanuatu,VUT,O,Me_O,2009,VUT2009,3006,3396.735995,24.25941225,2.337408721,232731
Vanuatu,VUT,O,Me_O,2010,VUT2010,2972,3359.849545,24.65532048,2.521608816,238248
Vanuatu,VUT,O,Me_O,2011,VUT2011,2994,3390.961039,24.0884866,2.820818409,243474
Vanuatu,VUT,O,Me_O,2012,VUT2012,2954,3350.77089,23.89060807,2.771348615,248883
Vanuatu,VUT,O,Me_O,2013,VUT2013,2898,3292.234246,23.92993067,2.720870693,254482
Vanuatu,VUT,O,Me_O,2014,VUT2014,2918,3302.291779,23.91967251,2.656925014,260240
Vanuatu,VUT,O,Me_O,2015,VUT2015,2859,3357.638885,23.96347468,2.727221571,266101
Vanuatu,VUT,O,Me_O,2016,VUT2016,2922,3397.767304,24.43005752,2.727221571,272087
Vanuatu,VUT,O,Me_O,2017,VUT2017,3031,3465.919686,24.36962127,2.727221571,278507
Vanuatu,VUT,O,Me_O,2018,VUT2018,3045,3482.022725,24.03217911,2.727221571,285259
Vanuatu,VUT,O,Me_O,2019,VUT2019,3070,3512.071973,24.07975284,2.727221571,291985
Vanuatu,VUT,O,Me_O,2020,VUT2020,2849,3259.995438,24.41084721,2.727221571,298858
Vanuatu,VUT,O,Me_O,2021,VUT2021,2800,3135.836649,24.3589891,2.727221571,305868
Vanuatu,VUT,O,Me_O,2022,VUT2022,2786,3222.835955,24.45708551,2.727221571,313046
Viet Nam,VNM,SEA,SEA_SEA,1990,VNM1990,2083.755935,2467.964601,24.76620982,1.879480262,65504552
Viet Nam,VNM,SEA,SEA_SEA,1991,VNM1991,2150.43196,2560.843835,24.79116595,1.691054036,66891775
Viet Nam,VNM,SEA,SEA_SEA,1992,VNM1992,2278.081367,2726.473737,24.39302573,1.632679792,68260337
Viet Nam,VNM,SEA,SEA_SEA,1993,VNM1993,2403.932167,2890.424317,24.44917949,1.586189064,69586384
Viet Nam,VNM,SEA,SEA_SEA,1994,VNM1994,2559.042823,3089.609337,24.66364487,1.956081778,70854391
Viet Nam,VNM,SEA,SEA_SEA,1995,VNM1995,2745.787686,3328.21486,24.42481339,1.755691981,72049940
Viet Nam,VNM,SEA,SEA_SEA,1996,VNM1996,2934.170175,3584.028983,24.16986284,1.876241225,73156447
Viet Nam,VNM,SEA,SEA_SEA,1997,VNM1997,3105.352667,3820.302495,24.57628073,1.800487115,74226889
Viet Nam,VNM,SEA,SEA_SEA,1998,VNM1998,3216.395235,3982.95806,25.23276535,1.736537727,75299660
Viet Nam,VNM,SEA,SEA_SEA,1999,VNM1999,3304.116642,4119.053672,24.42834517,1.969453003,76287452
Viet Nam,VNM,SEA,SEA_SEA,2000,VNM2000,3465.100288,4349.223488,24.41233036,1.728970903,77154011
Viet Nam,VNM,SEA,SEA_SEA,2001,VNM2001,3616.684384,4570.268466,24.61346857,1.938995243,77969361
Viet Nam,VNM,SEA,SEA_SEA,2002,VNM2002,3779.945727,4809.621511,24.72084621,1.903178209,78772224
Viet Nam,VNM,SEA,SEA_SEA,2003,VNM2003,3972.502281,5090.289909,24.7686126,1.631939443,79563777
Viet Nam,VNM,SEA,SEA_SEA,2004,VNM2004,4200.441893,5421.097028,24.52915781,1.62928129,80338971
Viet Nam,VNM,SEA,SEA_SEA,2005,VNM2005,4442.94971,5776.363045,24.70111256,1.828608521,81088313
Viet Nam,VNM,SEA,SEA_SEA,2006,VNM2006,4671.182648,6098.244954,24.83117112,1.76519939,82167897
Viet Nam,VNM,SEA,SEA_SEA,2007,VNM2007,5112.546911,6418.543814,24.58714901,1.809132637,83633375
Viet Nam,VNM,SEA,SEA_SEA,2008,VNM2008,5528.070665,6659.135614,24.12989029,1.975211219,85175788
Viet Nam,VNM,SEA,SEA_SEA,2009,VNM2009,5633.665609,6914.338636,24.72879077,1.635924804,86460018
Viet Nam,VNM,SEA,SEA_SEA,2010,VNM2010,5782.629192,7274.733107,24.94942447,1.630133273,87455152
Viet Nam,VNM,SEA,SEA_SEA,2011,VNM2011,5916.293008,7652.618957,24.08149558,1.879795462,88468314
Viet Nam,VNM,SEA,SEA_SEA,2012,VNM2012,6135.605081,7979.868289,24.82523182,1.937257527,89510356
Viet Nam,VNM,SEA,SEA_SEA,2013,VNM2013,6376.587966,8324.198713,24.60324476,1.921673114,90573104
Viet Nam,VNM,SEA,SEA_SEA,2014,VNM2014,6718.425753,8751.882806,24.77180925,1.679397931,91679578
Viet Nam,VNM,SEA,SEA_SEA,2015,VNM2015,7118.735744,9248.023961,25.16575122,1.746051641,92823254
Viet Nam,VNM,SEA,SEA_SEA,2016,VNM2016,7586.46333,9743.188223,25.06762616,1.805778851,94000117
Viet Nam,VNM,SEA,SEA_SEA,2017,VNM2017,8002.316496,10290.54871,24.71421392,1.897265353,95176977
Viet Nam,VNM,SEA,SEA_SEA,2018,VNM2018,8485.97452,10936.89379,24.69704146,1.796975013,96237319
Viet Nam,VNM,SEA,SEA_SEA,2019,VNM2019,8993.48342,11628.61391,25.28998543,1.644413711,97173776
Viet Nam,VNM,SEA,SEA_SEA,2020,VNM2020,9133.02589,11851.39657,25.11220301,1.693962222,98079191
Viet Nam,VNM,SEA,SEA_SEA,2021,VNM2021,9251.683505,12048.90199,24.91211624,1.809333348,98935098
Viet Nam,VNM,SEA,SEA_SEA,2022,VNM2022,9882.021806,12979.7639,24.61724974,1.79104382,99680655
Virgin Islands (U.S.),VIR,LA,C_LA,2002,VIR2002,17200,54299.22987,27.50000048,1.050200027,108509
Virgin Islands (U.S.),VIR,LA,C_LA,2003,VIR2003,15850,54086.15479,27.48333375,1.38680003,108505
Virgin Islands (U.S.),VIR,LA,C_LA,2004,VIR2004,14500,55883.45455,27.07500045,1.36680003,108466
Virgin Islands (U.S.),VIR,LA,C_LA,2005,VIR2005,16900,57838.09771,27.33333349,1.477800019,108453
Virgin Islands (U.S.),VIR,LA,C_LA,2006,VIR2006,19300,59911.72245,27.17500035,1.503200008,108369
Virgin Islands (U.S.),VIR,LA,C_LA,2007,VIR2007,21700,62332.94454,27.13333384,1.151000027,108337
Virgin Islands (U.S.),VIR,LA,C_LA,2008,VIR2008,24100,63057.62631,26.76666689,1.368300034,108397
Virgin Islands (U.S.),VIR,LA,C_LA,2009,VIR2009,26500,58895.30569,27.11666711,1.180300018,108404
Virgin Islands (U.S.),VIR,LA,C_LA,2010,VIR2010,28900,59272.24569,27.41666714,1.547900019,108357
Virgin Islands (U.S.),VIR,LA,C_LA,2011,VIR2011,31300,54443.06869,27.07500045,1.398400024,108290
Virgin Islands (U.S.),VIR,LA,C_LA,2012,VIR2012,33700,46422.41512,27.16666714,0.979400018,108188
Virgin Islands (U.S.),VIR,LA,C_LA,2013,VIR2013,36100,43563.88649,27.33333349,1.436200027,108041
Virgin Islands (U.S.),VIR,LA,C_LA,2014,VIR2014,36325,42853.89866,27.34166686,1.390600033,107882
Virgin Islands (U.S.),VIR,LA,C_LA,2015,VIR2015,36550,42739.0835,27.58333365,0.799800003,107712
Virgin Islands (U.S.),VIR,LA,C_LA,2016,VIR2016,36775,43502.43369,27.51666689,1.288800007,107516
Virgin Islands (U.S.),VIR,LA,C_LA,2017,VIR2017,37000,43277.15465,27.31666692,1.301600033,107281
Virgin Islands (U.S.),VIR,LA,C_LA,2018,VIR2018,37532,44205.40713,27.07500045,1.073100014,107001
Virgin Islands (U.S.),VIR,LA,C_LA,2019,VIR2019,36597,45632.63647,27.41666698,1.090500017,106669
Virgin Islands (U.S.),VIR,LA,C_LA,2020,VIR2020,33303,45055.78293,27.45000045,1.208800018,106290
Virgin Islands (U.S.),VIR,LA,C_LA,2021,VIR2021,35114,46893.5497,27.32500045,0.995100025,105870
Virgin Islands (U.S.),VIR,LA,C_LA,2022,VIR2022,36483,46479.29967,27.21666718,1.04670002,105413
West Bank and Gaza,PSE,MENA,WA_ME,1994,PSE1994,3951,3966.688751,19.79123491,0.625583544,2366298
West Bank and Gaza,PSE,MENA,WA_ME,1995,PSE1995,4047,4062.962903,19.40806326,0.243921107,2474666
West Bank and Gaza,PSE,MENA,WA_ME,1996,PSE1996,3917,3932.226947,19.92755211,0.360788027,2587997
West Bank and Gaza,PSE,MENA,WA_ME,1997,PSE1997,4295,4311.538767,19.18578266,0.485469592,2706518
West Bank and Gaza,PSE,MENA,WA_ME,1998,PSE1998,4786,4805.191569,20.33566523,0.309318497,2776568
West Bank and Gaza,PSE,MENA,WA_ME,1999,PSE1999,5052,5071.821217,20.16363445,0.199477808,2848431
West Bank and Gaza,PSE,MENA,WA_ME,2000,PSE2000,4503,4520.889925,19.61629415,0.399592371,2922153
West Bank and Gaza,PSE,MENA,WA_ME,2001,PSE2001,3981,3996.50878,20.3079325,0.354211433,2997784
West Bank and Gaza,PSE,MENA,WA_ME,2002,PSE2002,3396,3409.172874,20.24408762,0.457233541,3075373
West Bank and Gaza,PSE,MENA,WA_ME,2003,PSE2003,3774,3788.926527,20.19411693,0.506236767,3154969
West Bank and Gaza,PSE,MENA,WA_ME,2004,PSE2004,4486,4503.080341,20.01916108,0.355021663,3236626
West Bank and Gaza,PSE,MENA,WA_ME,2005,PSE2005,4866,4885.072522,19.83863491,0.313578522,3320396
West Bank and Gaza,PSE,MENA,WA_ME,2006,PSE2006,4696,4714.373318,19.74430849,0.324462657,3406334
West Bank and Gaza,PSE,MENA,WA_ME,2007,PSE2007,4751,4769.523281,19.99980483,0.302709505,3494496
West Bank and Gaza,PSE,MENA,WA_ME,2008,PSE2008,4965,4984.805799,20.26078427,0.274913605,3591977
West Bank and Gaza,PSE,MENA,WA_ME,2009,PSE2009,5250,5270.663316,20.15524315,0.297585519,3689099
West Bank and Gaza,PSE,MENA,WA_ME,2010,PSE2010,5411,5432.243631,21.68293247,0.354690757,3786161
West Bank and Gaza,PSE,MENA,WA_ME,2011,PSE2011,5783,5805.321153,19.66085726,0.351358475,3882986
West Bank and Gaza,PSE,MENA,WA_ME,2012,PSE2012,5986,6009.109258,20.44139913,0.412588874,3979998
West Bank and Gaza,PSE,MENA,WA_ME,2013,PSE2013,6118,6142.202043,20.16935297,0.443567652,4076708
West Bank and Gaza,PSE,MENA,WA_ME,2014,PSE2014,5967,5990.426615,20.3442038,0.37620291,4173398
West Bank and Gaza,PSE,MENA,WA_ME,2015,PSE2015,6049,6072.650318,20.22750833,0.397098334,4270092
West Bank and Gaza,PSE,MENA,WA_ME,2016,PSE2016,6439,6464.133525,20.60801976,0.359816925,4367088
West Bank and Gaza,PSE,MENA,WA_ME,2017,PSE2017,6402,6426.795216,20.20794624,0.174532564,4454805
West Bank and Gaza,PSE,MENA,WA_ME,2018,PSE2018,6318,6342.93748,20.90537443,0.456436032,4569087
West Bank and Gaza,PSE,MENA,WA_ME,2019,PSE2019,6245,6269.891345,20.24147102,0.409013929,4685306
West Bank and Gaza,PSE,MENA,WA_ME,2020,PSE2020,5403,5423.682547,20.34133863,0.53715155,4803269
West Bank and Gaza,PSE,MENA,WA_ME,2021,PSE2021,5641,5663.121607,20.61926314,0.364348432,4922749
West Bank and Gaza,PSE,MENA,WA_ME,2022,PSE2022,5722,5753.083959,20.03587062,0.507089628,5043612
Zambia,ZMB,SSA,EA_SSA,1990,ZMB1990,2290,2425.111287,22.16821213,0.89523548,7786169
Zambia,ZMB,SSA,EA_SSA,1991,ZMB1991,2233,2364.86234,21.88892888,0.973062589,7981650
Zambia,ZMB,SSA,EA_SSA,1992,ZMB1992,2142,2268.498122,22.55852853,0.777764166,8176680
Zambia,ZMB,SSA,EA_SSA,1993,ZMB1993,2233,2365.629536,21.96158598,0.987914153,8373921
Zambia,ZMB,SSA,EA_SSA,1994,ZMB1994,1991,2110.583256,22.16113764,0.785795293,8576269
Zambia,ZMB,SSA,EA_SSA,1995,ZMB1995,1999,2119.956429,22.6832639,0.783809266,8785763
Zambia,ZMB,SSA,EA_SSA,1996,ZMB1996,2072,2197.195649,22.14429835,0.93719012,9004053
Zambia,ZMB,SSA,EA_SSA,1997,ZMB1997,2096,2223.457454,22.25432717,1.049672143,9237063
Zambia,ZMB,SSA,EA_SSA,1998,ZMB1998,2035,2157.573393,22.5184645,0.949581561,9482408
Zambia,ZMB,SSA,EA_SSA,1999,ZMB1999,2074,2198.18913,21.79387033,0.875278877,9740005
Zambia,ZMB,SSA,EA_SSA,2000,ZMB2000,2096,2220.565371,21.91169763,1.072205283,10017631
Zambia,ZMB,SSA,EA_SSA,2001,ZMB2001,2143,2268.969656,22.15294539,1.087741504,10325185
Zambia,ZMB,SSA,EA_SSA,2002,ZMB2002,2172,2299.332892,22.40235322,0.910041245,10647949
Zambia,ZMB,SSA,EA_SSA,2003,ZMB2003,2252,2383.876117,22.49349276,1.015362376,10983595
Zambia,ZMB,SSA,EA_SSA,2004,ZMB2004,2335,2471.720733,22.23224839,1.113652044,11338198
Zambia,ZMB,SSA,EA_SSA,2005,ZMB2005,2422,2564.47561,23.1379437,0.861251194,11718819
Zambia,ZMB,SSA,EA_SSA,2006,ZMB2006,2525,2673.461519,22.03104754,1.035815083,12129553
Zambia,ZMB,SSA,EA_SSA,2007,ZMB2007,2641,2796.352933,22.11630689,0.975658094,12565085
Zambia,ZMB,SSA,EA_SSA,2008,ZMB2008,2746,2908.143625,21.96129369,1.023690859,13021324
Zambia,ZMB,SSA,EA_SSA,2009,ZMB2009,2895,3065.844201,22.06989809,1.042939066,13490389
Zambia,ZMB,SSA,EA_SSA,2010,ZMB2010,3083,3266.507493,22.58406112,1.052932797,13965594
Zambia,ZMB,SSA,EA_SSA,2011,ZMB2011,3147,3335.643395,21.9681883,0.979262354,14437796
Zambia,ZMB,SSA,EA_SSA,2012,ZMB2012,3276,3474.552528,22.0848629,1.12184446,14913629
Zambia,ZMB,SSA,EA_SSA,2013,ZMB2013,3331,3535.22449,21.89390023,1.024973121,15398997
Zambia,ZMB,SSA,EA_SSA,2014,ZMB2014,3376,3585.577485,21.92366426,1.030862479,15895315
Zambia,ZMB,SSA,EA_SSA,2015,ZMB2015,3365,3576.925448,22.33396954,0.916173379,16399089
Zambia,ZMB,SSA,EA_SSA,2016,ZMB2016,3384,3598.17166,22.43983698,0.903774237,16914423
Zambia,ZMB,SSA,EA_SSA,2017,ZMB2017,3395,3612.505977,22.20619961,1.185523013,17441320
Zambia,ZMB,SSA,EA_SSA,2018,ZMB2018,3426,3646.959665,21.96171693,1.028641847,17973569
Zambia,ZMB,SSA,EA_SSA,2019,ZMB2019,3372,3591.564189,22.2859204,1.001956529,18513839
Zambia,ZMB,SSA,EA_SSA,2020,ZMB2020,3184,3391.595412,22.07033334,1.0356673,19059395
Zambia,ZMB,SSA,EA_SSA,2021,ZMB2021,3287,3503.034914,22.08724196,1.001139045,19603607
Zambia,ZMB,SSA,EA_SSA,2022,ZMB2022,3366,3585.123791,21.88445147,1.031245335,20152938
Zimbabwe,ZWE,SSA,EA_SSA,1990,ZWE1990,2705,4013.295898,21.5961667,0.673953998,10137281
Zimbabwe,ZWE,SSA,EA_SSA,1991,ZWE1991,2782,4126.401997,21.62711492,0.548639272,10404816
Zimbabwe,ZWE,SSA,EA_SSA,1992,ZWE1992,2468,3649.889072,22.37025605,0.482222288,10702700
Zimbabwe,ZWE,SSA,EA_SSA,1993,ZWE1993,2459,3634.747632,21.7807161,0.7072441,10860288
Zimbabwe,ZWE,SSA,EA_SSA,1994,ZWE1994,2670,3965.727862,21.31825458,0.4933114,10873148
Zimbabwe,ZWE,SSA,EA_SSA,1995,ZWE1995,2641,3935.276958,22.13156405,0.478311783,10974599
Zimbabwe,ZWE,SSA,EA_SSA,1996,ZWE1996,2867,4271.476566,21.50619113,0.749851231,11158360
Zimbabwe,ZWE,SSA,EA_SSA,1997,ZWE1997,2896,4304.402881,21.60648064,0.849507083,11369827
Zimbabwe,ZWE,SSA,EA_SSA,1998,ZWE1998,2932,4342.854756,22.16522423,0.706340647,11594297
Zimbabwe,ZWE,SSA,EA_SSA,1999,ZWE1999,2866,4238.19186,21.4922272,0.72749863,11783458
Zimbabwe,ZWE,SSA,EA_SSA,2000,ZWE2000,2751,4071.018795,21.29841501,0.921495489,11892055
Zimbabwe,ZWE,SSA,EA_SSA,2001,ZWE2001,2772,4102.083474,21.65758062,0.9037029,11971901
Zimbabwe,ZWE,SSA,EA_SSA,2002,ZWE2002,2510,3701.455163,21.92432326,0.450671495,12087653
Zimbabwe,ZWE,SSA,EA_SSA,2003,ZWE2003,2068,3036.053357,22.02799545,0.625304609,12232323
Zimbabwe,ZWE,SSA,EA_SSA,2004,ZWE2004,1934,2828.843352,22.03567619,0.787668814,12365896
Zimbabwe,ZWE,SSA,EA_SSA,2005,ZWE2005,1814,2642.172286,22.81617371,0.612234695,12483432
Zimbabwe,ZWE,SSA,EA_SSA,2006,ZWE2006,1736,2519.827374,21.88897462,0.761322002,12636445
Zimbabwe,ZWE,SSA,EA_SSA,2007,ZWE2007,1657,2395.988843,22.00478636,0.71469107,12804058
Zimbabwe,ZWE,SSA,EA_SSA,2008,ZWE2008,1353,1949.034894,21.94473942,0.600005668,12959149
Zimbabwe,ZWE,SSA,EA_SSA,2009,ZWE2009,1500,2176.864511,22.07482945,0.685667486,13142790
Zimbabwe,ZWE,SSA,EA_SSA,2010,ZWE2010,1800,2563.478351,22.27515536,0.72143472,13356548
Zimbabwe,ZWE,SSA,EA_SSA,2011,ZWE2011,2033,2875.902061,21.74566284,0.77013648,13595424
Zimbabwe,ZWE,SSA,EA_SSA,2012,ZWE2012,2311,3301.166232,21.93084567,0.616661064,13817887
Zimbabwe,ZWE,SSA,EA_SSA,2013,ZWE2013,2334,3319.772086,21.58679919,0.675234603,14013808
Zimbabwe,ZWE,SSA,EA_SSA,2014,ZWE2014,2317,3352.381349,21.76833038,0.644269826,14207359
Zimbabwe,ZWE,SSA,EA_SSA,2015,ZWE2015,2314,3366.633713,22.35326145,0.442616226,14399013
Zimbabwe,ZWE,SSA,EA_SSA,2016,ZWE2016,2287,3345.315023,22.27034683,0.564830035,14600294
Zimbabwe,ZWE,SSA,EA_SSA,2017,ZWE2017,2332,3453.505739,21.8156343,0.957268239,14812482
Zimbabwe,ZWE,SSA,EA_SSA,2018,ZWE2018,2400,3572.98134,22.11397915,0.639443799,15034452
Zimbabwe,ZWE,SSA,EA_SSA,2019,ZWE2019,2203,3294.803892,22.43959211,0.736313352,15271368
Zimbabwe,ZWE,SSA,EA_SSA,2020,ZWE2020,1990,2987.268413,21.97621722,0.707367901,15526888
Zimbabwe,ZWE,SSA,EA_SSA,2021,ZWE2021,2115,3184.784602,21.92467725,0.639269971,15797210
Zimbabwe,ZWE,SSA,EA_SSA,2022,ZWE2022,2208,3323.118318,21.85793055,0.728107541,16069056
